image,culture_id,maladie_id,etat_id
100maize_train_healthy.JPG,1,0,0
101maize_train_healthy.JPG,1,0,0
102maize_train_healthy.JPG,1,0,0
103maize_train_healthy.JPG,1,0,0
104maize_train_healthy.JPG,1,0,0
105maize_train_healthy.JPG,1,0,0
106maize_train_healthy.JPG,1,0,0
107maize_train_healthy.JPG,1,0,0
108maize_train_healthy.JPG,1,0,0
109maize_train_healthy.JPG,1,0,0
110maize_train_healthy.JPG,1,0,0
111maize_train_healthy.JPG,1,0,0
112maize_train_healthy.JPG,1,0,0
112maize_valid_healthy.JPG,1,0,0
113maize_train_healthy.JPG,1,0,0
113maize_valid_healthy.JPG,1,0,0
114maize_train_healthy.JPG,1,0,0
115maize_train_healthy.JPG,1,0,0
116maize_train_healthy.JPG,1,0,0
116maize_valid_healthy.JPG,1,0,0
117maize_train_healthy.JPG,1,0,0
117maize_valid_healthy.JPG,1,0,0
118maize_train_healthy.JPG,1,0,0
119maize_train_healthy.JPG,1,0,0
120maize_train_healthy.JPG,1,0,0
120maize_valid_healthy.JPG,1,0,0
121maize_train_healthy.JPG,1,0,0
121maize_valid_healthy.JPG,1,0,0
122maize_train_healthy.JPG,1,0,0
123maize_train_healthy.JPG,1,0,0
124maize_train_healthy.JPG,1,0,0
125maize_train_healthy.JPG,1,0,0
126maize_train_healthy.JPG,1,0,0
127maize_train_healthy.JPG,1,0,0
128maize_train_healthy.JPG,1,0,0
129maize_train_healthy.JPG,1,0,0
130maize_train_healthy.JPG,1,0,0
131maize_train_healthy.JPG,1,0,0
132maize_train_healthy.JPG,1,0,0
133maize_train_healthy.JPG,1,0,0
134maize_train_healthy.JPG,1,0,0
135maize_train_healthy.JPG,1,0,0
136maize_train_healthy.JPG,1,0,0
137maize_train_healthy.JPG,1,0,0
138maize_train_healthy.JPG,1,0,0
139maize_train_healthy.JPG,1,0,0
140maize_train_healthy.JPG,1,0,0
141maize_train_healthy.JPG,1,0,0
142maize_train_healthy.JPG,1,0,0
143maize_train_healthy.JPG,1,0,0
144maize_train_healthy.JPG,1,0,0
145maize_train_healthy.JPG,1,0,0
146maize_train_healthy.JPG,1,0,0
147maize_train_healthy.JPG,1,0,0
148maize_train_healthy.JPG,1,0,0
149maize_train_healthy.JPG,1,0,0
150maize_train_healthy.JPG,1,0,0
151maize_train_healthy.JPG,1,0,0
152maize_train_healthy.JPG,1,0,0
153maize_train_healthy.JPG,1,0,0
154maize_train_healthy.JPG,1,0,0
155maize_train_healthy.JPG,1,0,0
156maize_train_healthy.JPG,1,0,0
157maize_train_healthy.JPG,1,0,0
158maize_train_healthy.JPG,1,0,0
159maize_train_healthy.JPG,1,0,0
160maize_train_healthy.JPG,1,0,0
161maize_train_healthy.JPG,1,0,0
162maize_train_healthy.JPG,1,0,0
163maize_train_healthy.JPG,1,0,0
164maize_train_healthy.JPG,1,0,0
165maize_train_healthy.JPG,1,0,0
166maize_train_healthy.JPG,1,0,0
167maize_train_healthy.JPG,1,0,0
168maize_train_healthy.JPG,1,0,0
169maize_train_healthy.JPG,1,0,0
16maize_train_healthy.JPG,1,0,0
170maize_train_healthy.JPG,1,0,0
171maize_train_healthy.JPG,1,0,0
172maize_train_healthy.JPG,1,0,0
173maize_train_healthy.JPG,1,0,0
174maize_train_healthy.JPG,1,0,0
175maize_train_healthy.JPG,1,0,0
176maize_train_healthy.JPG,1,0,0
177maize_train_healthy.JPG,1,0,0
178maize_train_healthy.JPG,1,0,0
179maize_train_healthy.JPG,1,0,0
17maize_train_healthy.JPG,1,0,0
180maize_train_healthy.JPG,1,0,0
181maize_train_healthy.JPG,1,0,0
182maize_train_healthy.JPG,1,0,0
183maize_train_healthy.JPG,1,0,0
184maize_train_healthy.JPG,1,0,0
185maize_train_healthy.JPG,1,0,0
186maize_train_healthy.JPG,1,0,0
187maize_train_healthy.JPG,1,0,0
188maize_train_healthy.JPG,1,0,0
189maize_train_healthy.JPG,1,0,0
18maize_train_healthy.JPG,1,0,0
190maize_train_healthy.JPG,1,0,0
191maize_train_healthy.JPG,1,0,0
192maize_train_healthy.JPG,1,0,0
193maize_train_healthy.JPG,1,0,0
194maize_train_healthy.JPG,1,0,0
195maize_train_healthy.JPG,1,0,0
196maize_train_healthy.JPG,1,0,0
197maize_train_healthy.JPG,1,0,0
197maize_valid_healthy.JPG,1,0,0
198maize_train_healthy.JPG,1,0,0
198maize_valid_healthy.JPG,1,0,0
199maize_train_healthy.JPG,1,0,0
199maize_valid_healthy.JPG,1,0,0
19maize_train_healthy.JPG,1,0,0
200maize_train_healthy.JPG,1,0,0
200maize_valid_healthy.JPG,1,0,0
201maize_train_healthy.JPG,1,0,0
201maize_valid_healthy.JPG,1,0,0
202maize_train_healthy.JPG,1,0,0
202maize_valid_healthy.JPG,1,0,0
203maize_train_healthy.JPG,1,0,0
203maize_valid_healthy.JPG,1,0,0
204maize_valid_healthy.JPG,1,0,0
205maize_valid_healthy.JPG,1,0,0
206maize_valid_healthy.JPG,1,0,0
207maize_valid_healthy.JPG,1,0,0
208maize_train_healthy.JPG,1,0,0
208maize_valid_healthy.JPG,1,0,0
209maize_train_healthy.JPG,1,0,0
209maize_valid_healthy.JPG,1,0,0
20maize_train_healthy.JPG,1,0,0
210maize_train_healthy.JPG,1,0,0
210maize_valid_healthy.JPG,1,0,0
211maize_train_healthy.JPG,1,0,0
212maize_train_healthy.JPG,1,0,0
213maize_train_healthy.JPG,1,0,0
214maize_train_healthy.JPG,1,0,0
215maize_train_healthy.JPG,1,0,0
216maize_train_healthy.JPG,1,0,0
217maize_train_healthy.JPG,1,0,0
218maize_train_healthy.JPG,1,0,0
219maize_train_healthy.JPG,1,0,0
21maize_train_healthy.JPG,1,0,0
220maize_train_healthy.JPG,1,0,0
221maize_train_healthy.JPG,1,0,0
222maize_train_healthy.JPG,1,0,0
223maize_train_healthy.JPG,1,0,0
224maize_train_healthy.JPG,1,0,0
225maize_train_healthy.JPG,1,0,0
226maize_train_healthy.JPG,1,0,0
227maize_train_healthy.JPG,1,0,0
228maize_train_healthy.JPG,1,0,0
229maize_train_healthy.JPG,1,0,0
22maize_train_healthy.JPG,1,0,0
230maize_train_healthy.JPG,1,0,0
231maize_train_healthy.JPG,1,0,0
232maize_train_healthy.JPG,1,0,0
233maize_train_healthy.JPG,1,0,0
234maize_train_healthy.JPG,1,0,0
235maize_train_healthy.JPG,1,0,0
236maize_train_healthy.JPG,1,0,0
237maize_train_healthy.JPG,1,0,0
238maize_train_healthy.JPG,1,0,0
239maize_train_healthy.JPG,1,0,0
23maize_train_healthy.JPG,1,0,0
240maize_train_healthy.JPG,1,0,0
241maize_train_healthy.JPG,1,0,0
242maize_train_healthy.JPG,1,0,0
243maize_train_healthy.JPG,1,0,0
244maize_train_healthy.JPG,1,0,0
245maize_train_healthy.JPG,1,0,0
246maize_train_healthy.JPG,1,0,0
247maize_train_healthy.JPG,1,0,0
248maize_train_healthy.JPG,1,0,0
249maize_train_healthy.JPG,1,0,0
24maize_train_healthy.JPG,1,0,0
250maize_train_healthy.JPG,1,0,0
251maize_train_healthy.JPG,1,0,0
252maize_train_healthy.JPG,1,0,0
253maize_train_healthy.JPG,1,0,0
254maize_train_healthy.JPG,1,0,0
255maize_train_healthy.JPG,1,0,0
256maize_train_healthy.JPG,1,0,0
257maize_train_healthy.JPG,1,0,0
258maize_train_healthy.JPG,1,0,0
259maize_train_healthy.JPG,1,0,0
25maize_train_healthy.JPG,1,0,0
260maize_train_healthy.JPG,1,0,0
261maize_train_healthy.JPG,1,0,0
262maize_train_healthy.JPG,1,0,0
263maize_train_healthy.JPG,1,0,0
26maize_train_healthy.JPG,1,0,0
27maize_train_healthy.JPG,1,0,0
28maize_train_healthy.JPG,1,0,0
29maize_train_healthy.JPG,1,0,0
30maize_train_healthy.JPG,1,0,0
31maize_train_healthy.JPG,1,0,0
32maize_train_healthy.JPG,1,0,0
33maize_train_healthy.JPG,1,0,0
34maize_train_healthy.JPG,1,0,0
35maize_train_healthy.JPG,1,0,0
36maize_train_healthy.JPG,1,0,0
37maize_train_healthy.JPG,1,0,0
38maize_train_healthy.JPG,1,0,0
39maize_train_healthy.JPG,1,0,0
40maize_train_healthy.JPG,1,0,0
41maize_train_healthy.JPG,1,0,0
42maize_train_healthy.JPG,1,0,0
43maize_train_healthy.JPG,1,0,0
44maize_train_healthy.JPG,1,0,0
45maize_train_healthy.JPG,1,0,0
46maize_train_healthy.JPG,1,0,0
47maize_train_healthy.JPG,1,0,0
48maize_train_healthy.JPG,1,0,0
49maize_train_healthy.JPG,1,0,0
50maize_train_healthy.JPG,1,0,0
51maize_train_healthy.JPG,1,0,0
52maize_train_healthy.JPG,1,0,0
53maize_train_healthy.JPG,1,0,0
54maize_train_healthy.JPG,1,0,0
55maize_train_healthy.JPG,1,0,0
56maize_train_healthy.JPG,1,0,0
57maize_train_healthy.JPG,1,0,0
58maize_train_healthy.JPG,1,0,0
59maize_train_healthy.JPG,1,0,0
60maize_train_healthy.JPG,1,0,0
61maize_train_healthy.JPG,1,0,0
62maize_train_healthy.JPG,1,0,0
63maize_train_healthy.JPG,1,0,0
64maize_train_healthy.JPG,1,0,0
65maize_train_healthy.JPG,1,0,0
66maize_train_healthy.JPG,1,0,0
67maize_train_healthy.JPG,1,0,0
68maize_train_healthy.JPG,1,0,0
69maize_train_healthy.JPG,1,0,0
70maize_train_healthy.JPG,1,0,0
71maize_train_healthy.JPG,1,0,0
72maize_train_healthy.JPG,1,0,0
73maize_train_healthy.JPG,1,0,0
74maize_train_healthy.JPG,1,0,0
75maize_train_healthy.JPG,1,0,0
76maize_train_healthy.JPG,1,0,0
77maize_train_healthy.JPG,1,0,0
78maize_train_healthy.JPG,1,0,0
79maize_train_healthy.JPG,1,0,0
80maize_train_healthy.JPG,1,0,0
81maize_train_healthy.JPG,1,0,0
82maize_train_healthy.JPG,1,0,0
83maize_train_healthy.JPG,1,0,0
84maize_train_healthy.JPG,1,0,0
85maize_train_healthy.JPG,1,0,0
86maize_train_healthy.JPG,1,0,0
87maize_train_healthy.JPG,1,0,0
88maize_train_healthy.JPG,1,0,0
89maize_train_healthy.JPG,1,0,0
90maize_train_healthy.JPG,1,0,0
91maize_train_healthy.JPG,1,0,0
92maize_train_healthy.JPG,1,0,0
93maize_train_healthy.JPG,1,0,0
94maize_train_healthy.JPG,1,0,0
95maize_train_healthy.JPG,1,0,0
96maize_train_healthy.JPG,1,0,0
97maize_train_healthy.JPG,1,0,0
98maize_train_healthy.JPG,1,0,0
99maize_train_healthy.JPG,1,0,0
AUG_002394c9.jpg,1,0,0
AUG_004a0f99.jpg,1,0,0
AUG_00baa6b3.jpg,1,0,0
AUG_01037a38.jpg,1,0,0
AUG_018ac938.jpg,1,0,0
AUG_020048db.jpg,1,0,0
AUG_0236c5dd.jpg,1,0,0
AUG_031e9ae2.jpg,1,0,0
AUG_03316dd2.jpg,1,0,0
AUG_035348e9.jpg,1,0,0
AUG_036b316a.jpg,1,0,0
AUG_038031d3.jpg,1,0,0
AUG_03c3c74c.jpg,1,0,0
AUG_04827c99.jpg,1,0,0
AUG_04a1ddf3.jpg,1,0,0
AUG_04ed8cf4.jpg,1,0,0
AUG_04f13f5a.jpg,1,0,0
AUG_05048827.jpg,1,0,0
AUG_057099ab.jpg,1,0,0
AUG_0590428c.jpg,1,0,0
AUG_05a9dfed.jpg,1,0,0
AUG_05bb2fda.jpg,1,0,0
AUG_05bd4500.jpg,1,0,0
AUG_05fe26f6.jpg,1,0,0
AUG_06595296.jpg,1,0,0
AUG_070e300f.jpg,1,0,0
AUG_0720083d.jpg,1,0,0
AUG_0734776d.jpg,1,0,0
AUG_0778da38.jpg,1,0,0
AUG_08127af2.jpg,1,0,0
AUG_08383824.jpg,1,0,0
AUG_086e17a3.jpg,1,0,0
AUG_099492d8.jpg,1,0,0
AUG_09fd4a7d.jpg,1,0,0
AUG_0a7c2d6d.jpg,1,0,0
AUG_0ad27979.jpg,1,0,0
AUG_0b1389da.jpg,1,0,0
AUG_0b139f40.jpg,1,0,0
AUG_0b14fbb4.jpg,1,0,0
AUG_0b3adc3d.jpg,1,0,0
AUG_0b9028be.jpg,1,0,0
AUG_0bce51bf.jpg,1,0,0
AUG_0bfa986e.jpg,1,0,0
AUG_0c4abde9.jpg,1,0,0
AUG_0c5d2851.jpg,1,0,0
AUG_0c734d07.jpg,1,0,0
AUG_0c7753cd.jpg,1,0,0
AUG_0c966b6e.jpg,1,0,0
AUG_0d09b48f.jpg,1,0,0
AUG_0d1b033d.jpg,1,0,0
AUG_0d3d55f6.jpg,1,0,0
AUG_0d4d5b97.jpg,1,0,0
AUG_0d566344.jpg,1,0,0
AUG_0da8f2fd.jpg,1,0,0
AUG_0e0421d0.jpg,1,0,0
AUG_0e736b7e.jpg,1,0,0
AUG_0e9a7ae0.jpg,1,0,0
AUG_0ea0ee6f.jpg,1,0,0
AUG_0ebd3be6.jpg,1,0,0
AUG_0ec8982f.jpg,1,0,0
AUG_0ed069b5.jpg,1,0,0
AUG_0ef6d9a6.jpg,1,0,0
AUG_0f45c2ab.jpg,1,0,0
AUG_0f63e7ad.jpg,1,0,0
AUG_0f6c1791.jpg,1,0,0
AUG_0f703298.jpg,1,0,0
AUG_0f807bdd.jpg,1,0,0
AUG_0f8ba5a3.jpg,1,0,0
AUG_0fa4a894.jpg,1,0,0
AUG_0fc763f9.jpg,1,0,0
AUG_10370b9d.jpg,1,0,0
AUG_104bb17b.jpg,1,0,0
AUG_10f9f371.jpg,1,0,0
AUG_1123a038.jpg,1,0,0
AUG_1130d20d.jpg,1,0,0
AUG_1199bfef.jpg,1,0,0
AUG_1202f2fe.jpg,1,0,0
AUG_12260e10.jpg,1,0,0
AUG_1266df49.jpg,1,0,0
AUG_1272ed88.jpg,1,0,0
AUG_12890fab.jpg,1,0,0
AUG_12d34e44.jpg,1,0,0
AUG_12fb4fe2.jpg,1,0,0
AUG_1349a979.jpg,1,0,0
AUG_134fe2c6.jpg,1,0,0
AUG_138b3b26.jpg,1,0,0
AUG_1391824a.jpg,1,0,0
AUG_14499270.jpg,1,0,0
AUG_1494cd95.jpg,1,0,0
AUG_14aaab9b.jpg,1,0,0
AUG_14cc0a78.jpg,1,0,0
AUG_1519ead0.jpg,1,0,0
AUG_153ab52d.jpg,1,0,0
AUG_159b8e28.jpg,1,0,0
AUG_16125c25.jpg,1,0,0
AUG_165b4407.jpg,1,0,0
AUG_172077ca.jpg,1,0,0
AUG_17415abc.jpg,1,0,0
AUG_1794e917.jpg,1,0,0
AUG_187f5890.jpg,1,0,0
AUG_1896c86b.jpg,1,0,0
AUG_192b0788.jpg,1,0,0
AUG_19326278.jpg,1,0,0
AUG_193a9ef5.jpg,1,0,0
AUG_195fb458.jpg,1,0,0
AUG_1999fdde.jpg,1,0,0
AUG_1a1a7343.jpg,1,0,0
AUG_1a51b7a1.jpg,1,0,0
AUG_1a6d9cf6.jpg,1,0,0
AUG_1a9c13b4.jpg,1,0,0
AUG_1acafcbc.jpg,1,0,0
AUG_1aea1a3f.jpg,1,0,0
AUG_1b60295a.jpg,1,0,0
AUG_1b633022.jpg,1,0,0
AUG_1b66b1a1.jpg,1,0,0
AUG_1b700976.jpg,1,0,0
AUG_1c008a28.jpg,1,0,0
AUG_1c021fba.jpg,1,0,0
AUG_1c31f6aa.jpg,1,0,0
AUG_1c797d72.jpg,1,0,0
AUG_1c81c07a.jpg,1,0,0
AUG_1c91d9ab.jpg,1,0,0
AUG_1d08155f.jpg,1,0,0
AUG_1d174fc0.jpg,1,0,0
AUG_1d267691.jpg,1,0,0
AUG_1d4b662d.jpg,1,0,0
AUG_1dc29395.jpg,1,0,0
AUG_1dca1f22.jpg,1,0,0
AUG_1e747a8f.jpg,1,0,0
AUG_1e7ee2fe.jpg,1,0,0
AUG_1ec45313.jpg,1,0,0
AUG_1efcd826.jpg,1,0,0
AUG_1f0fd190.jpg,1,0,0
AUG_1f168e79.jpg,1,0,0
AUG_1f19d451.jpg,1,0,0
AUG_1f525207.jpg,1,0,0
AUG_2027ad39.jpg,1,0,0
AUG_20dbfde3.jpg,1,0,0
AUG_214516fb.jpg,1,0,0
AUG_2149f28c.jpg,1,0,0
AUG_214eac79.jpg,1,0,0
AUG_21848486.jpg,1,0,0
AUG_21a647cd.jpg,1,0,0
AUG_21b1929d.jpg,1,0,0
AUG_21bba7da.jpg,1,0,0
AUG_21e39376.jpg,1,0,0
AUG_2216efbc.jpg,1,0,0
AUG_224206ba.jpg,1,0,0
AUG_22a7c30f.jpg,1,0,0
AUG_231429d0.jpg,1,0,0
AUG_231fa4c4.jpg,1,0,0
AUG_23217f5b.jpg,1,0,0
AUG_232b108f.jpg,1,0,0
AUG_23748a86.jpg,1,0,0
AUG_2394cf31.jpg,1,0,0
AUG_23a527ae.jpg,1,0,0
AUG_23f07894.jpg,1,0,0
AUG_23f1402a.jpg,1,0,0
AUG_259488f6.jpg,1,0,0
AUG_25a9fc98.jpg,1,0,0
AUG_25ad895b.jpg,1,0,0
AUG_25d0b51c.jpg,1,0,0
AUG_25dd67a6.jpg,1,0,0
AUG_2607745d.jpg,1,0,0
AUG_26223140.jpg,1,0,0
AUG_26c82eac.jpg,1,0,0
AUG_26d074df.jpg,1,0,0
AUG_27272dd6.jpg,1,0,0
AUG_27716410.jpg,1,0,0
AUG_27ae2ef2.jpg,1,0,0
AUG_27e6d19a.jpg,1,0,0
AUG_27ec6ee7.jpg,1,0,0
AUG_288f42ad.jpg,1,0,0
AUG_28bcae9d.jpg,1,0,0
AUG_28d05b33.jpg,1,0,0
AUG_28d63b96.jpg,1,0,0
AUG_29274377.jpg,1,0,0
AUG_29aba380.jpg,1,0,0
AUG_29dbffc0.jpg,1,0,0
AUG_2a573eb8.jpg,1,0,0
AUG_2b33b658.jpg,1,0,0
AUG_2b3cedaa.jpg,1,0,0
AUG_2ba10ff0.jpg,1,0,0
AUG_2babb3dc.jpg,1,0,0
AUG_2bd014f9.jpg,1,0,0
AUG_2c22d406.jpg,1,0,0
AUG_2c5d97a5.jpg,1,0,0
AUG_2c69e224.jpg,1,0,0
AUG_2c972026.jpg,1,0,0
AUG_2c9f62c1.jpg,1,0,0
AUG_2d0b20c8.jpg,1,0,0
AUG_2d3cbbd0.jpg,1,0,0
AUG_2d812126.jpg,1,0,0
AUG_2dc5ddf7.jpg,1,0,0
AUG_2dd0e9bc.jpg,1,0,0
AUG_2ddf3448.jpg,1,0,0
AUG_2e49b3e4.jpg,1,0,0
AUG_2ec1460b.jpg,1,0,0
AUG_2ecbd0f7.jpg,1,0,0
AUG_2f2ceb48.jpg,1,0,0
AUG_2f38f5a5.jpg,1,0,0
AUG_2f416ddc.jpg,1,0,0
AUG_2f8e3701.jpg,1,0,0
AUG_2fa61135.jpg,1,0,0
AUG_2fbf688d.jpg,1,0,0
AUG_2fc54d6d.jpg,1,0,0
AUG_3052e26c.jpg,1,0,0
AUG_30be07a2.jpg,1,0,0
AUG_30c6d8e5.jpg,1,0,0
AUG_312d742f.jpg,1,0,0
AUG_3174c752.jpg,1,0,0
AUG_31db5d95.jpg,1,0,0
AUG_32185fd8.jpg,1,0,0
AUG_32382b9f.jpg,1,0,0
AUG_32646921.jpg,1,0,0
AUG_3275ea66.jpg,1,0,0
AUG_32a18198.jpg,1,0,0
AUG_32b20b91.jpg,1,0,0
AUG_32cb9c59.jpg,1,0,0
AUG_331a5d62.jpg,1,0,0
AUG_333bc318.jpg,1,0,0
AUG_33411bdd.jpg,1,0,0
AUG_33700d75.jpg,1,0,0
AUG_33b2a8f6.jpg,1,0,0
AUG_33d891f8.jpg,1,0,0
AUG_33e392d8.jpg,1,0,0
AUG_341ea719.jpg,1,0,0
AUG_34433562.jpg,1,0,0
AUG_34f31074.jpg,1,0,0
AUG_34fc97d6.jpg,1,0,0
AUG_3507e52a.jpg,1,0,0
AUG_351c1236.jpg,1,0,0
AUG_3557936e.jpg,1,0,0
AUG_3584f241.jpg,1,0,0
AUG_35fad609.jpg,1,0,0
AUG_3638432e.jpg,1,0,0
AUG_363d30f8.jpg,1,0,0
AUG_3647ab4b.jpg,1,0,0
AUG_36d02cd5.jpg,1,0,0
AUG_36da4657.jpg,1,0,0
AUG_3759a00e.jpg,1,0,0
AUG_376c3c4b.jpg,1,0,0
AUG_37805892.jpg,1,0,0
AUG_37a375ed.jpg,1,0,0
AUG_37b6660c.jpg,1,0,0
AUG_385caef6.jpg,1,0,0
AUG_38b204ef.jpg,1,0,0
AUG_38e91b8d.jpg,1,0,0
AUG_390bd5e3.jpg,1,0,0
AUG_3920d797.jpg,1,0,0
AUG_3921ee8f.jpg,1,0,0
AUG_39251922.jpg,1,0,0
AUG_393b7d8e.jpg,1,0,0
AUG_3962e92a.jpg,1,0,0
AUG_39e253cb.jpg,1,0,0
AUG_3a640f11.jpg,1,0,0
AUG_3a957b62.jpg,1,0,0
AUG_3aab1282.jpg,1,0,0
AUG_3b01a9e0.jpg,1,0,0
AUG_3b5fff01.jpg,1,0,0
AUG_3bccb58a.jpg,1,0,0
AUG_3bd7b25f.jpg,1,0,0
AUG_3c200cd9.jpg,1,0,0
AUG_3c52d568.jpg,1,0,0
AUG_3c6b0993.jpg,1,0,0
AUG_3cf7a67b.jpg,1,0,0
AUG_3da2fa7a.jpg,1,0,0
AUG_3e5c1056.jpg,1,0,0
AUG_3e5c636f.jpg,1,0,0
AUG_3e96621b.jpg,1,0,0
AUG_3eaaa2d6.jpg,1,0,0
AUG_3eb09d63.jpg,1,0,0
AUG_3ecfbb5b.jpg,1,0,0
AUG_3eff20ec.jpg,1,0,0
AUG_3f18d837.jpg,1,0,0
AUG_3f2f76bd.jpg,1,0,0
AUG_3f37b578.jpg,1,0,0
AUG_3f6e50b6.jpg,1,0,0
AUG_3f948921.jpg,1,0,0
AUG_3fb3442c.jpg,1,0,0
AUG_3fca9f60.jpg,1,0,0
AUG_3fd5e189.jpg,1,0,0
AUG_40199897.jpg,1,0,0
AUG_40e66611.jpg,1,0,0
AUG_4198a33e.jpg,1,0,0
AUG_42300a3d.jpg,1,0,0
AUG_425aa96b.jpg,1,0,0
AUG_43f0c530.jpg,1,0,0
AUG_4416d9ab.jpg,1,0,0
AUG_44a85db0.jpg,1,0,0
AUG_44bc3edd.jpg,1,0,0
AUG_44c976fe.jpg,1,0,0
AUG_452058ad.jpg,1,0,0
AUG_4552e96c.jpg,1,0,0
AUG_45b007fd.jpg,1,0,0
AUG_465db314.jpg,1,0,0
AUG_46a929f9.jpg,1,0,0
AUG_46de4ac7.jpg,1,0,0
AUG_4706ffff.jpg,1,0,0
AUG_473e52ca.jpg,1,0,0
AUG_47b95a3f.jpg,1,0,0
AUG_47d4cda0.jpg,1,0,0
AUG_47dfbb1c.jpg,1,0,0
AUG_47fe4c12.jpg,1,0,0
AUG_480883f7.jpg,1,0,0
AUG_4898a8d2.jpg,1,0,0
AUG_48ab6298.jpg,1,0,0
AUG_48b92688.jpg,1,0,0
AUG_48bbee19.jpg,1,0,0
AUG_490f22fe.jpg,1,0,0
AUG_49122a5f.jpg,1,0,0
AUG_4950bdc0.jpg,1,0,0
AUG_49893581.jpg,1,0,0
AUG_49d6bc89.jpg,1,0,0
AUG_4a5593ef.jpg,1,0,0
AUG_4aa10717.jpg,1,0,0
AUG_4ac42c96.jpg,1,0,0
AUG_4acabff9.jpg,1,0,0
AUG_4ad59f6d.jpg,1,0,0
AUG_4b1168f6.jpg,1,0,0
AUG_4b51047d.jpg,1,0,0
AUG_4b9134be.jpg,1,0,0
AUG_4c280fa0.jpg,1,0,0
AUG_4c85c7c9.jpg,1,0,0
AUG_4cdbdd18.jpg,1,0,0
AUG_4d2bd11a.jpg,1,0,0
AUG_4d2cad46.jpg,1,0,0
AUG_4d6802d4.jpg,1,0,0
AUG_4d6ab7d7.jpg,1,0,0
AUG_4de247ca.jpg,1,0,0
AUG_4de3c1d2.jpg,1,0,0
AUG_4e222d9e.jpg,1,0,0
AUG_4e30c14e.jpg,1,0,0
AUG_4e5edf30.jpg,1,0,0
AUG_4ed65391.jpg,1,0,0
AUG_4ee0b4ab.jpg,1,0,0
AUG_4f5b89b2.jpg,1,0,0
AUG_4fa24861.jpg,1,0,0
AUG_4fc26a50.jpg,1,0,0
AUG_4fd4e7b5.jpg,1,0,0
AUG_4fe01bea.jpg,1,0,0
AUG_5011e186.jpg,1,0,0
AUG_5016c0c9.jpg,1,0,0
AUG_5023ea0b.jpg,1,0,0
AUG_509de60f.jpg,1,0,0
AUG_50c9b294.jpg,1,0,0
AUG_51e4e5a8.jpg,1,0,0
AUG_523002ac.jpg,1,0,0
AUG_527f5a54.jpg,1,0,0
AUG_52d0e025.jpg,1,0,0
AUG_5350f731.jpg,1,0,0
AUG_5379ea80.jpg,1,0,0
AUG_538318f1.jpg,1,0,0
AUG_5406f629.jpg,1,0,0
AUG_540869eb.jpg,1,0,0
AUG_54f49e28.jpg,1,0,0
AUG_55168cb8.jpg,1,0,0
AUG_551ce3dc.jpg,1,0,0
AUG_552e1983.jpg,1,0,0
AUG_554621d0.jpg,1,0,0
AUG_55c184ca.jpg,1,0,0
AUG_55c2cf36.jpg,1,0,0
AUG_55c87a86.jpg,1,0,0
AUG_5615dcb4.jpg,1,0,0
AUG_5629dfe8.jpg,1,0,0
AUG_565e0c98.jpg,1,0,0
AUG_5672b27c.jpg,1,0,0
AUG_568c2bf0.jpg,1,0,0
AUG_5705a4ff.jpg,1,0,0
AUG_5751acda.jpg,1,0,0
AUG_5760cee8.jpg,1,0,0
AUG_57639f69.jpg,1,0,0
AUG_57c2f17c.jpg,1,0,0
AUG_57d3d145.jpg,1,0,0
AUG_57f2c617.jpg,1,0,0
AUG_58048751.jpg,1,0,0
AUG_5848ab2e.jpg,1,0,0
AUG_588e5a0a.jpg,1,0,0
AUG_59278b7c.jpg,1,0,0
AUG_5975f60c.jpg,1,0,0
AUG_59975dd5.jpg,1,0,0
AUG_59e22448.jpg,1,0,0
AUG_59f49eef.jpg,1,0,0
AUG_5a09d7ef.jpg,1,0,0
AUG_5a7417e5.jpg,1,0,0
AUG_5a909e05.jpg,1,0,0
AUG_5acbd1cf.jpg,1,0,0
AUG_5af47d19.jpg,1,0,0
AUG_5b6e3354.jpg,1,0,0
AUG_5b7a583b.jpg,1,0,0
AUG_5c053f2f.jpg,1,0,0
AUG_5c64141a.jpg,1,0,0
AUG_5c915a5e.jpg,1,0,0
AUG_5ca86a8b.jpg,1,0,0
AUG_5d28b241.jpg,1,0,0
AUG_5d477c20.jpg,1,0,0
AUG_5d74a582.jpg,1,0,0
AUG_5d9903a2.jpg,1,0,0
AUG_5dcb5979.jpg,1,0,0
AUG_5dd74ef5.jpg,1,0,0
AUG_5ecb2782.jpg,1,0,0
AUG_5eedef00.jpg,1,0,0
AUG_5ef80486.jpg,1,0,0
AUG_5f760663.jpg,1,0,0
AUG_602a5c02.jpg,1,0,0
AUG_609ea7a6.jpg,1,0,0
AUG_61195c49.jpg,1,0,0
AUG_611a45e2.jpg,1,0,0
AUG_611cf4a5.jpg,1,0,0
AUG_61944ffa.jpg,1,0,0
AUG_61ada8a3.jpg,1,0,0
AUG_61b6c82c.jpg,1,0,0
AUG_61f62975.jpg,1,0,0
AUG_6225854b.jpg,1,0,0
AUG_625a844c.jpg,1,0,0
AUG_625bbc52.jpg,1,0,0
AUG_628ca20b.jpg,1,0,0
AUG_628f5528.jpg,1,0,0
AUG_629e8abe.jpg,1,0,0
AUG_62daf2f5.jpg,1,0,0
AUG_62fffc07.jpg,1,0,0
AUG_630b9f54.jpg,1,0,0
AUG_63264f5c.jpg,1,0,0
AUG_6354778e.jpg,1,0,0
AUG_635b56a5.jpg,1,0,0
AUG_6385b2a6.jpg,1,0,0
AUG_6498002c.jpg,1,0,0
AUG_64b87d26.jpg,1,0,0
AUG_64d532e4.jpg,1,0,0
AUG_64f19fd6.jpg,1,0,0
AUG_6545e6f8.jpg,1,0,0
AUG_65830e2b.jpg,1,0,0
AUG_65afe697.jpg,1,0,0
AUG_65d511ca.jpg,1,0,0
AUG_65ef8538.jpg,1,0,0
AUG_66933499.jpg,1,0,0
AUG_66951b2f.jpg,1,0,0
AUG_669566e3.jpg,1,0,0
AUG_66a6d50c.jpg,1,0,0
AUG_66b98bac.jpg,1,0,0
AUG_66e17c55.jpg,1,0,0
AUG_67960185.jpg,1,0,0
AUG_67b08e14.jpg,1,0,0
AUG_681e81b9.jpg,1,0,0
AUG_682d4694.jpg,1,0,0
AUG_69001b9d.jpg,1,0,0
AUG_69046ac0.jpg,1,0,0
AUG_69c481aa.jpg,1,0,0
AUG_6a049ab0.jpg,1,0,0
AUG_6a1b99e4.jpg,1,0,0
AUG_6a2b8f59.jpg,1,0,0
AUG_6aa05f02.jpg,1,0,0
AUG_6ab40a3f.jpg,1,0,0
AUG_6ab7f98c.jpg,1,0,0
AUG_6ab886cf.jpg,1,0,0
AUG_6aeaeed1.jpg,1,0,0
AUG_6b355f1e.jpg,1,0,0
AUG_6b38426f.jpg,1,0,0
AUG_6b9009cf.jpg,1,0,0
AUG_6c6ec979.jpg,1,0,0
AUG_6caf81f8.jpg,1,0,0
AUG_6cc3612c.jpg,1,0,0
AUG_6d48e4e5.jpg,1,0,0
AUG_6d4df8fa.jpg,1,0,0
AUG_6dd001df.jpg,1,0,0
AUG_6dd02d0b.jpg,1,0,0
AUG_6dd1f0af.jpg,1,0,0
AUG_6e087f25.jpg,1,0,0
AUG_6e432d22.jpg,1,0,0
AUG_6e745a58.jpg,1,0,0
AUG_6e91531c.jpg,1,0,0
AUG_6eb9bcb3.jpg,1,0,0
AUG_6ebc238d.jpg,1,0,0
AUG_6fb2a1e0.jpg,1,0,0
AUG_70de3078.jpg,1,0,0
AUG_71162d4d.jpg,1,0,0
AUG_71617738.jpg,1,0,0
AUG_71822d4e.jpg,1,0,0
AUG_72300b7f.jpg,1,0,0
AUG_72bf8ed6.jpg,1,0,0
AUG_730a0a0e.jpg,1,0,0
AUG_73320ec2.jpg,1,0,0
AUG_73c13c4b.jpg,1,0,0
AUG_740abae4.jpg,1,0,0
AUG_74196151.jpg,1,0,0
AUG_7427f90c.jpg,1,0,0
AUG_744783d1.jpg,1,0,0
AUG_74549acc.jpg,1,0,0
AUG_74762871.jpg,1,0,0
AUG_74e2e0fc.jpg,1,0,0
AUG_74fe6c65.jpg,1,0,0
AUG_7501b725.jpg,1,0,0
AUG_750f127a.jpg,1,0,0
AUG_758cdb3f.jpg,1,0,0
AUG_760391a4.jpg,1,0,0
AUG_762df705.jpg,1,0,0
AUG_76334bff.jpg,1,0,0
AUG_76593dc7.jpg,1,0,0
AUG_76b52e90.jpg,1,0,0
AUG_76c3ba67.jpg,1,0,0
AUG_76e859ff.jpg,1,0,0
AUG_774edbc5.jpg,1,0,0
AUG_77c79343.jpg,1,0,0
AUG_77e143b4.jpg,1,0,0
AUG_77e48b18.jpg,1,0,0
AUG_77ee4f02.jpg,1,0,0
AUG_7865670c.jpg,1,0,0
AUG_78aa4998.jpg,1,0,0
AUG_78b7dbb9.jpg,1,0,0
AUG_78fa6c94.jpg,1,0,0
AUG_790b1135.jpg,1,0,0
AUG_79774d00.jpg,1,0,0
AUG_7986f358.jpg,1,0,0
AUG_798a10dc.jpg,1,0,0
AUG_79964edf.jpg,1,0,0
AUG_79a8698c.jpg,1,0,0
AUG_79aec795.jpg,1,0,0
AUG_7a099fb6.jpg,1,0,0
AUG_7a3af2ee.jpg,1,0,0
AUG_7a86ac95.jpg,1,0,0
AUG_7af2be33.jpg,1,0,0
AUG_7b0cc4fc.jpg,1,0,0
AUG_7b1f00c7.jpg,1,0,0
AUG_7b4de5ed.jpg,1,0,0
AUG_7b5010c1.jpg,1,0,0
AUG_7bb89ea0.jpg,1,0,0
AUG_7bd502d7.jpg,1,0,0
AUG_7c013306.jpg,1,0,0
AUG_7c19c3fa.jpg,1,0,0
AUG_7c3b1950.jpg,1,0,0
AUG_7c8456fb.jpg,1,0,0
AUG_7c991bd1.jpg,1,0,0
AUG_7d0f7247.jpg,1,0,0
AUG_7d2e5066.jpg,1,0,0
AUG_7d350f12.jpg,1,0,0
AUG_7d4be323.jpg,1,0,0
AUG_7df1c8f5.jpg,1,0,0
AUG_7eb10c85.jpg,1,0,0
AUG_7ec60701.jpg,1,0,0
AUG_7f3cc055.jpg,1,0,0
AUG_7ff57f17.jpg,1,0,0
AUG_80167bf4.jpg,1,0,0
AUG_8045ed94.jpg,1,0,0
AUG_804639a4.jpg,1,0,0
AUG_80cefc0d.jpg,1,0,0
AUG_80d791cf.jpg,1,0,0
AUG_80f25e17.jpg,1,0,0
AUG_810d5579.jpg,1,0,0
AUG_8128c96b.jpg,1,0,0
AUG_812cd9fb.jpg,1,0,0
AUG_8167fd66.jpg,1,0,0
AUG_82820181.jpg,1,0,0
AUG_82d2faf0.jpg,1,0,0
AUG_8309cfa1.jpg,1,0,0
AUG_833ab6ed.jpg,1,0,0
AUG_8396bf67.jpg,1,0,0
AUG_83b99981.jpg,1,0,0
AUG_842fad2d.jpg,1,0,0
AUG_8498c1e1.jpg,1,0,0
AUG_851728fb.jpg,1,0,0
AUG_8534dc02.jpg,1,0,0
AUG_859a5a24.jpg,1,0,0
AUG_862335c3.jpg,1,0,0
AUG_86d33fe5.jpg,1,0,0
AUG_86fa3055.jpg,1,0,0
AUG_87332c99.jpg,1,0,0
AUG_87b02bcf.jpg,1,0,0
AUG_881089c9.jpg,1,0,0
AUG_881505f8.jpg,1,0,0
AUG_8835368f.jpg,1,0,0
AUG_884ad2e5.jpg,1,0,0
AUG_88872102.jpg,1,0,0
AUG_888b0892.jpg,1,0,0
AUG_8896f04b.jpg,1,0,0
AUG_89b5f8f9.jpg,1,0,0
AUG_89f87a66.jpg,1,0,0
AUG_8a1eb25f.jpg,1,0,0
AUG_8a2b490b.jpg,1,0,0
AUG_8a58bd80.jpg,1,0,0
AUG_8a58cddc.jpg,1,0,0
AUG_8a5b4eb7.jpg,1,0,0
AUG_8a5d1024.jpg,1,0,0
AUG_8ab6fe4f.jpg,1,0,0
AUG_8b2dce75.jpg,1,0,0
AUG_8b3dc3ef.jpg,1,0,0
AUG_8b9dcc6a.jpg,1,0,0
AUG_8c1ad557.jpg,1,0,0
AUG_8c34707d.jpg,1,0,0
AUG_8c37282e.jpg,1,0,0
AUG_8c3dfd60.jpg,1,0,0
AUG_8c626dfb.jpg,1,0,0
AUG_8c83b8b4.jpg,1,0,0
AUG_8cb13431.jpg,1,0,0
AUG_8d5ac02a.jpg,1,0,0
AUG_8d719a93.jpg,1,0,0
AUG_8d7297c9.jpg,1,0,0
AUG_8d86907d.jpg,1,0,0
AUG_8d8ff130.jpg,1,0,0
AUG_8db2528b.jpg,1,0,0
AUG_8df3afb7.jpg,1,0,0
AUG_8e16c923.jpg,1,0,0
AUG_8e6183f1.jpg,1,0,0
AUG_8f7b6497.jpg,1,0,0
AUG_8f8656ff.jpg,1,0,0
AUG_8ffcac16.jpg,1,0,0
AUG_9006816b.jpg,1,0,0
AUG_904b3a05.jpg,1,0,0
AUG_905e23d0.jpg,1,0,0
AUG_90757093.jpg,1,0,0
AUG_90dc822f.jpg,1,0,0
AUG_9124423d.jpg,1,0,0
AUG_918aa534.jpg,1,0,0
AUG_91946e07.jpg,1,0,0
AUG_91aa7eb8.jpg,1,0,0
AUG_91be18ce.jpg,1,0,0
AUG_921d3606.jpg,1,0,0
AUG_9241bd27.jpg,1,0,0
AUG_9280dd3e.jpg,1,0,0
AUG_92909066.jpg,1,0,0
AUG_92d6c1ae.jpg,1,0,0
AUG_92dc7dda.jpg,1,0,0
AUG_92f48c90.jpg,1,0,0
AUG_93bea636.jpg,1,0,0
AUG_93d3cd76.jpg,1,0,0
AUG_940133f9.jpg,1,0,0
AUG_940e0612.jpg,1,0,0
AUG_9428e407.jpg,1,0,0
AUG_943a21a2.jpg,1,0,0
AUG_944317f3.jpg,1,0,0
AUG_9460ef20.jpg,1,0,0
AUG_94bfce9b.jpg,1,0,0
AUG_9533213b.jpg,1,0,0
AUG_9581422d.jpg,1,0,0
AUG_959adfd3.jpg,1,0,0
AUG_95bea4b7.jpg,1,0,0
AUG_95dade8e.jpg,1,0,0
AUG_9628c754.jpg,1,0,0
AUG_9661ff43.jpg,1,0,0
AUG_9664ccfa.jpg,1,0,0
AUG_96f494d3.jpg,1,0,0
AUG_97145491.jpg,1,0,0
AUG_97385969.jpg,1,0,0
AUG_97a904b8.jpg,1,0,0
AUG_97e91f04.jpg,1,0,0
AUG_980c4004.jpg,1,0,0
AUG_981e9719.jpg,1,0,0
AUG_98205990.jpg,1,0,0
AUG_98500397.jpg,1,0,0
AUG_9874d4a1.jpg,1,0,0
AUG_98cd381e.jpg,1,0,0
AUG_993d4134.jpg,1,0,0
AUG_994a3992.jpg,1,0,0
AUG_9997502a.jpg,1,0,0
AUG_99e78265.jpg,1,0,0
AUG_9a06a547.jpg,1,0,0
AUG_9a8790ff.jpg,1,0,0
AUG_9a9259c2.jpg,1,0,0
AUG_9b39af06.jpg,1,0,0
AUG_9b3ea640.jpg,1,0,0
AUG_9b66d084.jpg,1,0,0
AUG_9b69188d.jpg,1,0,0
AUG_9b6fa04f.jpg,1,0,0
AUG_9b943fde.jpg,1,0,0
AUG_9bf9e161.jpg,1,0,0
AUG_9cbd39bd.jpg,1,0,0
AUG_9d5c1003.jpg,1,0,0
AUG_9d9279f8.jpg,1,0,0
AUG_9d9ea7c8.jpg,1,0,0
AUG_9de589ae.jpg,1,0,0
AUG_9de9d282.jpg,1,0,0
AUG_9eddf3b2.jpg,1,0,0
AUG_9edebb8d.jpg,1,0,0
AUG_9f16b1dd.jpg,1,0,0
AUG_9f231ea0.jpg,1,0,0
AUG_9f50ca2f.jpg,1,0,0
AUG_9fca216f.jpg,1,0,0
AUG_a03e0185.jpg,1,0,0
AUG_a069e784.jpg,1,0,0
AUG_a091f22e.jpg,1,0,0
AUG_a15ec013.jpg,1,0,0
AUG_a18a57fc.jpg,1,0,0
AUG_a2003046.jpg,1,0,0
AUG_a224dc9f.jpg,1,0,0
AUG_a2a3964a.jpg,1,0,0
AUG_a2e1b652.jpg,1,0,0
AUG_a31af4ed.jpg,1,0,0
AUG_a3602ba1.jpg,1,0,0
AUG_a38aa24d.jpg,1,0,0
AUG_a40dc110.jpg,1,0,0
AUG_a460f770.jpg,1,0,0
AUG_a47517fe.jpg,1,0,0
AUG_a4aff6af.jpg,1,0,0
AUG_a525289a.jpg,1,0,0
AUG_a53f5ec0.jpg,1,0,0
AUG_a55a021b.jpg,1,0,0
AUG_a568894d.jpg,1,0,0
AUG_a5c2e25f.jpg,1,0,0
AUG_a607e082.jpg,1,0,0
AUG_a699bfae.jpg,1,0,0
AUG_a69b5952.jpg,1,0,0
AUG_a739311b.jpg,1,0,0
AUG_a76027f9.jpg,1,0,0
AUG_a793dbb9.jpg,1,0,0
AUG_a7c69ad1.jpg,1,0,0
AUG_a7d2dbcd.jpg,1,0,0
AUG_a7e0a3fb.jpg,1,0,0
AUG_a8366856.jpg,1,0,0
AUG_a84c9bdd.jpg,1,0,0
AUG_a8642d9e.jpg,1,0,0
AUG_a8652165.jpg,1,0,0
AUG_a8cf4772.jpg,1,0,0
AUG_a9c63c3f.jpg,1,0,0
AUG_aa0b70a8.jpg,1,0,0
AUG_aa1e6e66.jpg,1,0,0
AUG_aa931db5.jpg,1,0,0
AUG_aaa28ea5.jpg,1,0,0
AUG_ab1357c9.jpg,1,0,0
AUG_ab3482e3.jpg,1,0,0
AUG_ab76d9c2.jpg,1,0,0
AUG_ab84131a.jpg,1,0,0
AUG_ab9c99de.jpg,1,0,0
AUG_abc66aad.jpg,1,0,0
AUG_abeec51a.jpg,1,0,0
AUG_ac6b909e.jpg,1,0,0
AUG_ac7305ae.jpg,1,0,0
AUG_acc9043f.jpg,1,0,0
AUG_ad694355.jpg,1,0,0
AUG_adbed949.jpg,1,0,0
AUG_ae1b7204.jpg,1,0,0
AUG_ae4c71ec.jpg,1,0,0
AUG_ae6ea341.jpg,1,0,0
AUG_aea1e6ea.jpg,1,0,0
AUG_aefad43c.jpg,1,0,0
AUG_aeff59ff.jpg,1,0,0
AUG_af873a46.jpg,1,0,0
AUG_afc34539.jpg,1,0,0
AUG_afd86ad3.jpg,1,0,0
AUG_afda9618.jpg,1,0,0
AUG_b0268192.jpg,1,0,0
AUG_b041d4f5.jpg,1,0,0
AUG_b04f779a.jpg,1,0,0
AUG_b083e782.jpg,1,0,0
AUG_b0b5fe79.jpg,1,0,0
AUG_b1028e26.jpg,1,0,0
AUG_b155d2a1.jpg,1,0,0
AUG_b1e7c944.jpg,1,0,0
AUG_b2bdde2f.jpg,1,0,0
AUG_b2d86ecc.jpg,1,0,0
AUG_b30d1720.jpg,1,0,0
AUG_b37cbcad.jpg,1,0,0
AUG_b472dcc2.jpg,1,0,0
AUG_b591af13.jpg,1,0,0
AUG_b5c89906.jpg,1,0,0
AUG_b5d0fe75.jpg,1,0,0
AUG_b66dee85.jpg,1,0,0
AUG_b70f34c7.jpg,1,0,0
AUG_b713d76d.jpg,1,0,0
AUG_b744051d.jpg,1,0,0
AUG_b7c483ea.jpg,1,0,0
AUG_b816a72d.jpg,1,0,0
AUG_b837c69a.jpg,1,0,0
AUG_b8767bd0.jpg,1,0,0
AUG_b87771a7.jpg,1,0,0
AUG_b87c41d5.jpg,1,0,0
AUG_b8ef389b.jpg,1,0,0
AUG_b8f8a655.jpg,1,0,0
AUG_b8fd669c.jpg,1,0,0
AUG_b91a3c99.jpg,1,0,0
AUG_b93d91e3.jpg,1,0,0
AUG_b97c5537.jpg,1,0,0
AUG_b9ea0caf.jpg,1,0,0
AUG_ba232940.jpg,1,0,0
AUG_ba78576c.jpg,1,0,0
AUG_ba7a52e1.jpg,1,0,0
AUG_baa05b32.jpg,1,0,0
AUG_bb5b06d3.jpg,1,0,0
AUG_bbcc6219.jpg,1,0,0
AUG_bbe9a53a.jpg,1,0,0
AUG_bbed5283.jpg,1,0,0
AUG_bc2f2ccb.jpg,1,0,0
AUG_bc2fb997.jpg,1,0,0
AUG_bc4ff477.jpg,1,0,0
AUG_bc6b4d37.jpg,1,0,0
AUG_bc70651d.jpg,1,0,0
AUG_bc791f13.jpg,1,0,0
AUG_bd277718.jpg,1,0,0
AUG_bd537a1f.jpg,1,0,0
AUG_bdcdc99d.jpg,1,0,0
AUG_bdd614e9.jpg,1,0,0
AUG_bde93fac.jpg,1,0,0
AUG_bdf46e7d.jpg,1,0,0
AUG_be8b3646.jpg,1,0,0
AUG_befc965d.jpg,1,0,0
AUG_bf07dca3.jpg,1,0,0
AUG_bfdaba8c.jpg,1,0,0
AUG_c0a984f7.jpg,1,0,0
AUG_c10c4274.jpg,1,0,0
AUG_c1fb9fa2.jpg,1,0,0
AUG_c2229cb4.jpg,1,0,0
AUG_c24caf9c.jpg,1,0,0
AUG_c2777d12.jpg,1,0,0
AUG_c28b84a9.jpg,1,0,0
AUG_c2cf2460.jpg,1,0,0
AUG_c3561c6d.jpg,1,0,0
AUG_c3c796f7.jpg,1,0,0
AUG_c3c88a41.jpg,1,0,0
AUG_c421357a.jpg,1,0,0
AUG_c432ea50.jpg,1,0,0
AUG_c4cd8aa8.jpg,1,0,0
AUG_c4e1fb58.jpg,1,0,0
AUG_c5307a2a.jpg,1,0,0
AUG_c5d806ce.jpg,1,0,0
AUG_c628ea8a.jpg,1,0,0
AUG_c6519730.jpg,1,0,0
AUG_c6c952d2.jpg,1,0,0
AUG_c749f9d3.jpg,1,0,0
AUG_c78f1c2e.jpg,1,0,0
AUG_c7947a00.jpg,1,0,0
AUG_c8f3396d.jpg,1,0,0
AUG_c9ecdc3b.jpg,1,0,0
AUG_cb035b77.jpg,1,0,0
AUG_cb9cc8a6.jpg,1,0,0
AUG_cbbfdbf0.jpg,1,0,0
AUG_cbd56d7b.jpg,1,0,0
AUG_cc231a45.jpg,1,0,0
AUG_cc34674d.jpg,1,0,0
AUG_cd09f02e.jpg,1,0,0
AUG_cd30a9d8.jpg,1,0,0
AUG_cd79dc83.jpg,1,0,0
AUG_cd7b01b2.jpg,1,0,0
AUG_cdefc9ed.jpg,1,0,0
AUG_ce11d0fe.jpg,1,0,0
AUG_ce1a0649.jpg,1,0,0
AUG_cf48bfca.jpg,1,0,0
AUG_cfb23c41.jpg,1,0,0
AUG_cfd7ffbf.jpg,1,0,0
AUG_cfe3b357.jpg,1,0,0
AUG_d01b34de.jpg,1,0,0
AUG_d0395955.jpg,1,0,0
AUG_d10898cb.jpg,1,0,0
AUG_d11a71e2.jpg,1,0,0
AUG_d13485ee.jpg,1,0,0
AUG_d155e71c.jpg,1,0,0
AUG_d180b6f6.jpg,1,0,0
AUG_d3dd7171.jpg,1,0,0
AUG_d3e7573d.jpg,1,0,0
AUG_d44bea66.jpg,1,0,0
AUG_d4878fbd.jpg,1,0,0
AUG_d4ecf268.jpg,1,0,0
AUG_d53cc836.jpg,1,0,0
AUG_d5a3dec0.jpg,1,0,0
AUG_d5bcde96.jpg,1,0,0
AUG_d756571e.jpg,1,0,0
AUG_d78f683e.jpg,1,0,0
AUG_d7ebcaeb.jpg,1,0,0
AUG_d818e553.jpg,1,0,0
AUG_d82e1af3.jpg,1,0,0
AUG_d831b957.jpg,1,0,0
AUG_d89b40c1.jpg,1,0,0
AUG_d8e3bc9a.jpg,1,0,0
AUG_d9295738.jpg,1,0,0
AUG_d99e5202.jpg,1,0,0
AUG_d9ad285c.jpg,1,0,0
AUG_da28cc34.jpg,1,0,0
AUG_dad374e1.jpg,1,0,0
AUG_dae148b5.jpg,1,0,0
AUG_db969a8c.jpg,1,0,0
AUG_dbfc30f8.jpg,1,0,0
AUG_dc12d266.jpg,1,0,0
AUG_dc4392c9.jpg,1,0,0
AUG_dcc109a6.jpg,1,0,0
AUG_dcd2cfab.jpg,1,0,0
AUG_dd07c171.jpg,1,0,0
AUG_dd3f3226.jpg,1,0,0
AUG_dd6c28ea.jpg,1,0,0
AUG_ddd8abe4.jpg,1,0,0
AUG_ddfebc72.jpg,1,0,0
AUG_de1bf2a5.jpg,1,0,0
AUG_de2e1f95.jpg,1,0,0
AUG_de718ecd.jpg,1,0,0
AUG_de7fb640.jpg,1,0,0
AUG_ded14136.jpg,1,0,0
AUG_df35d6db.jpg,1,0,0
AUG_df60a23f.jpg,1,0,0
AUG_df8378a0.jpg,1,0,0
AUG_df992813.jpg,1,0,0
AUG_dfbd93ca.jpg,1,0,0
AUG_dfc50896.jpg,1,0,0
AUG_e0357652.jpg,1,0,0
AUG_e151f7ff.jpg,1,0,0
AUG_e1b2aad4.jpg,1,0,0
AUG_e1cebd03.jpg,1,0,0
AUG_e20b8762.jpg,1,0,0
AUG_e23b35bc.jpg,1,0,0
AUG_e2694efd.jpg,1,0,0
AUG_e270a4bb.jpg,1,0,0
AUG_e290df08.jpg,1,0,0
AUG_e29932cd.jpg,1,0,0
AUG_e2d7c54a.jpg,1,0,0
AUG_e2e0a24e.jpg,1,0,0
AUG_e2f4f3eb.jpg,1,0,0
AUG_e30b5cc7.jpg,1,0,0
AUG_e33e8d17.jpg,1,0,0
AUG_e3406199.jpg,1,0,0
AUG_e38760ee.jpg,1,0,0
AUG_e44aef2d.jpg,1,0,0
AUG_e47a2ba0.jpg,1,0,0
AUG_e4fa3f76.jpg,1,0,0
AUG_e508c9f7.jpg,1,0,0
AUG_e55a08fa.jpg,1,0,0
AUG_e587a3f0.jpg,1,0,0
AUG_e59b494a.jpg,1,0,0
AUG_e5fdcd72.jpg,1,0,0
AUG_e6640b9f.jpg,1,0,0
AUG_e6e7ba6d.jpg,1,0,0
AUG_e6efdc66.jpg,1,0,0
AUG_e730cb50.jpg,1,0,0
AUG_e7e4eea3.jpg,1,0,0
AUG_e818a97b.jpg,1,0,0
AUG_e81bc839.jpg,1,0,0
AUG_e894767a.jpg,1,0,0
AUG_e93a385e.jpg,1,0,0
AUG_e9d0fde5.jpg,1,0,0
AUG_e9d803e0.jpg,1,0,0
AUG_ea085945.jpg,1,0,0
AUG_ea0ec6db.jpg,1,0,0
AUG_ea25ee72.jpg,1,0,0
AUG_ea30cc29.jpg,1,0,0
AUG_eae42198.jpg,1,0,0
AUG_eb47e978.jpg,1,0,0
AUG_eb4fc52f.jpg,1,0,0
AUG_eb7816b0.jpg,1,0,0
AUG_eb824e2d.jpg,1,0,0
AUG_ebb05121.jpg,1,0,0
AUG_ebcd2da1.jpg,1,0,0
AUG_ebe1bedd.jpg,1,0,0
AUG_ec09fffb.jpg,1,0,0
AUG_ec3904c4.jpg,1,0,0
AUG_ec3de415.jpg,1,0,0
AUG_ec403e4f.jpg,1,0,0
AUG_ec6f85cf.jpg,1,0,0
AUG_edafc859.jpg,1,0,0
AUG_edb4c0d9.jpg,1,0,0
AUG_edb89917.jpg,1,0,0
AUG_edd06c77.jpg,1,0,0
AUG_eddc8c27.jpg,1,0,0
AUG_ede5222e.jpg,1,0,0
AUG_ee8aaeeb.jpg,1,0,0
AUG_ee93866f.jpg,1,0,0
AUG_eeba189f.jpg,1,0,0
AUG_eefd8122.jpg,1,0,0
AUG_ef3c62b5.jpg,1,0,0
AUG_ef421d4e.jpg,1,0,0
AUG_f03cb800.jpg,1,0,0
AUG_f0563c9e.jpg,1,0,0
AUG_f0d511e3.jpg,1,0,0
AUG_f0dd9564.jpg,1,0,0
AUG_f0dec7e8.jpg,1,0,0
AUG_f0f8617f.jpg,1,0,0
AUG_f135d542.jpg,1,0,0
AUG_f1abf1af.jpg,1,0,0
AUG_f1d8525f.jpg,1,0,0
AUG_f1d8803a.jpg,1,0,0
AUG_f1eaa009.jpg,1,0,0
AUG_f23104b0.jpg,1,0,0
AUG_f23df15a.jpg,1,0,0
AUG_f2de801d.jpg,1,0,0
AUG_f31c0f6a.jpg,1,0,0
AUG_f323fcdc.jpg,1,0,0
AUG_f391c9e4.jpg,1,0,0
AUG_f39377f7.jpg,1,0,0
AUG_f395c05e.jpg,1,0,0
AUG_f39c6007.jpg,1,0,0
AUG_f417c0a6.jpg,1,0,0
AUG_f42d803a.jpg,1,0,0
AUG_f49f66e2.jpg,1,0,0
AUG_f4beea87.jpg,1,0,0
AUG_f51c4393.jpg,1,0,0
AUG_f5efc5ec.jpg,1,0,0
AUG_f63a43e4.jpg,1,0,0
AUG_f65f14b3.jpg,1,0,0
AUG_f74c3787.jpg,1,0,0
AUG_f75c5cb0.jpg,1,0,0
AUG_f7611666.jpg,1,0,0
AUG_f76bb883.jpg,1,0,0
AUG_f7aa2ed4.jpg,1,0,0
AUG_f7b9ecee.jpg,1,0,0
AUG_f7dc1e56.jpg,1,0,0
AUG_f7fddc4d.jpg,1,0,0
AUG_f822a57c.jpg,1,0,0
AUG_f8552144.jpg,1,0,0
AUG_f8567585.jpg,1,0,0
AUG_f8569344.jpg,1,0,0
AUG_f887f373.jpg,1,0,0
AUG_f8bc736b.jpg,1,0,0
AUG_f9037648.jpg,1,0,0
AUG_f91034f3.jpg,1,0,0
AUG_f921e5f1.jpg,1,0,0
AUG_f9220366.jpg,1,0,0
AUG_f975689e.jpg,1,0,0
AUG_f9795b6e.jpg,1,0,0
AUG_f9aff5e5.jpg,1,0,0
AUG_f9d9272c.jpg,1,0,0
AUG_f9e82c47.jpg,1,0,0
AUG_f9f37d6d.jpg,1,0,0
AUG_fa84cdfd.jpg,1,0,0
AUG_fa9d8ee7.jpg,1,0,0
AUG_faecd0de.jpg,1,0,0
AUG_fb23048c.jpg,1,0,0
AUG_fb56e7b2.jpg,1,0,0
AUG_fb5a9cf6.jpg,1,0,0
AUG_fb863845.jpg,1,0,0
AUG_fba907eb.jpg,1,0,0
AUG_fbb4de9a.jpg,1,0,0
AUG_fbe6995f.jpg,1,0,0
AUG_fbed440c.jpg,1,0,0
AUG_fbf4abba.jpg,1,0,0
AUG_fbf70562.jpg,1,0,0
AUG_fc2a223f.jpg,1,0,0
AUG_fc448321.jpg,1,0,0
AUG_fc52860d.jpg,1,0,0
AUG_fc682df8.jpg,1,0,0
AUG_fcd7e24c.jpg,1,0,0
AUG_fd94a27f.jpg,1,0,0
AUG_fda92b2c.jpg,1,0,0
AUG_fdf8e046.jpg,1,0,0
AUG_fe2b3ee6.jpg,1,0,0
AUG_ff1ca4d7.jpg,1,0,0
AUG_ff7df116.jpg,1,0,0
AUG_ffa77459.jpg,1,0,0
AUG_ffd48257.jpg,1,0,0
healthy100_.jpg,1,0,0
healthy101_.jpg,1,0,0
healthy102_.jpg,1,0,0
healthy103_.jpg,1,0,0
healthy104_.jpg,1,0,0
healthy105_.jpg,1,0,0
healthy106_.jpg,1,0,0
healthy107_.jpg,1,0,0
healthy108_.jpg,1,0,0
healthy109_.jpg,1,0,0
healthy10_.jpg,1,0,0
healthy110_.jpg,1,0,0
healthy111_.jpg,1,0,0
healthy112_.jpg,1,0,0
healthy113_.jpg,1,0,0
healthy114_.jpg,1,0,0
healthy115_.jpg,1,0,0
healthy116_.jpg,1,0,0
healthy117_.jpg,1,0,0
healthy118_.jpg,1,0,0
healthy119_.jpg,1,0,0
healthy11_.jpg,1,0,0
healthy120_.jpg,1,0,0
healthy121_.jpg,1,0,0
healthy122_.jpg,1,0,0
healthy123_.jpg,1,0,0
healthy124_.jpg,1,0,0
healthy125_.jpg,1,0,0
healthy126_.jpg,1,0,0
healthy127_.jpg,1,0,0
healthy128_.jpg,1,0,0
healthy129_.jpg,1,0,0
healthy12_.jpg,1,0,0
healthy130_.jpg,1,0,0
healthy131_.jpg,1,0,0
healthy132_.jpg,1,0,0
healthy133_.jpg,1,0,0
healthy134_.jpg,1,0,0
healthy135_.jpg,1,0,0
healthy136_.jpg,1,0,0
healthy137_.jpg,1,0,0
healthy138_.jpg,1,0,0
healthy139_.jpg,1,0,0
healthy13_.jpg,1,0,0
healthy140_.jpg,1,0,0
healthy141_.jpg,1,0,0
healthy142_.jpg,1,0,0
healthy143_.jpg,1,0,0
healthy144_.jpg,1,0,0
healthy145_.jpg,1,0,0
healthy146_.jpg,1,0,0
healthy147_.jpg,1,0,0
healthy148_.jpg,1,0,0
healthy149_.jpg,1,0,0
healthy14_.jpg,1,0,0
healthy150_.jpg,1,0,0
healthy151_.jpg,1,0,0
healthy152_.jpg,1,0,0
healthy153_.jpg,1,0,0
healthy154_.jpg,1,0,0
healthy155_.jpg,1,0,0
healthy156_.jpg,1,0,0
healthy157_.jpg,1,0,0
healthy158_.jpg,1,0,0
healthy159_.jpg,1,0,0
healthy15_.jpg,1,0,0
healthy160_.jpg,1,0,0
healthy161_.jpg,1,0,0
healthy162_.jpg,1,0,0
healthy163_.jpg,1,0,0
healthy164_.jpg,1,0,0
healthy165_.jpg,1,0,0
healthy166_.jpg,1,0,0
healthy167_.jpg,1,0,0
healthy168_.jpg,1,0,0
healthy169_.jpg,1,0,0
healthy16_.jpg,1,0,0
healthy170_.jpg,1,0,0
healthy171_.jpg,1,0,0
healthy172_.jpg,1,0,0
healthy173_.jpg,1,0,0
healthy174_.jpg,1,0,0
healthy175_.jpg,1,0,0
healthy176_.jpg,1,0,0
healthy177_.jpg,1,0,0
healthy178_.jpg,1,0,0
healthy179_.jpg,1,0,0
healthy17_.jpg,1,0,0
healthy180_.jpg,1,0,0
healthy181_.jpg,1,0,0
healthy182_.jpg,1,0,0
healthy183_.jpg,1,0,0
healthy184_.jpg,1,0,0
healthy185_.jpg,1,0,0
healthy186_.jpg,1,0,0
healthy187_.jpg,1,0,0
healthy188_.jpg,1,0,0
healthy189_.jpg,1,0,0
healthy190_.jpg,1,0,0
healthy191_.jpg,1,0,0
healthy192_.jpg,1,0,0
healthy193_.jpg,1,0,0
healthy194_.jpg,1,0,0
healthy195_.jpg,1,0,0
healthy196_.jpg,1,0,0
healthy197_.jpg,1,0,0
healthy198_.jpg,1,0,0
healthy199_.jpg,1,0,0
healthy19_.jpg,1,0,0
healthy200_.jpg,1,0,0
healthy201_.jpg,1,0,0
healthy202_.jpg,1,0,0
healthy203_.jpg,1,0,0
healthy204_.jpg,1,0,0
healthy205_.jpg,1,0,0
healthy206_.jpg,1,0,0
healthy207_.jpg,1,0,0
healthy208_.jpg,1,0,0
healthy209_.jpg,1,0,0
healthy20_.jpg,1,0,0
healthy21_.jpg,1,0,0
healthy22_.jpg,1,0,0
healthy23_.jpg,1,0,0
healthy24_.jpg,1,0,0
healthy25_.jpg,1,0,0
healthy26_.jpg,1,0,0
healthy27_.jpg,1,0,0
healthy28_.jpg,1,0,0
healthy29_.jpg,1,0,0
healthy2_.jpg,1,0,0
healthy30_.jpg,1,0,0
healthy31_.jpg,1,0,0
healthy32_.jpg,1,0,0
healthy33_.jpg,1,0,0
healthy34_.jpg,1,0,0
healthy35_.jpg,1,0,0
healthy36_.jpg,1,0,0
healthy37_.jpg,1,0,0
healthy38_.jpg,1,0,0
healthy39_.jpg,1,0,0
healthy3_.jpg,1,0,0
healthy40_.jpg,1,0,0
healthy41_.jpg,1,0,0
healthy42_.jpg,1,0,0
healthy43_.jpg,1,0,0
healthy44_.jpg,1,0,0
healthy45_.jpg,1,0,0
healthy46_.jpg,1,0,0
healthy47_.jpg,1,0,0
healthy48_.jpg,1,0,0
healthy49_.jpg,1,0,0
healthy4_.jpg,1,0,0
healthy50_.jpg,1,0,0
healthy51_.jpg,1,0,0
healthy52_.jpg,1,0,0
healthy53_.jpg,1,0,0
healthy54_.jpg,1,0,0
healthy55_.jpg,1,0,0
healthy56_.jpg,1,0,0
healthy57_.jpg,1,0,0
healthy58_.jpg,1,0,0
healthy59_.jpg,1,0,0
healthy5_.jpg,1,0,0
healthy60_.jpg,1,0,0
healthy61_.jpg,1,0,0
healthy62_.jpg,1,0,0
healthy63_.jpg,1,0,0
healthy64_.jpg,1,0,0
healthy65_.jpg,1,0,0
healthy66_.jpg,1,0,0
healthy67_.jpg,1,0,0
healthy68_.jpg,1,0,0
healthy69_.jpg,1,0,0
healthy6_.jpg,1,0,0
healthy70_.jpg,1,0,0
healthy71_.jpg,1,0,0
healthy72_.jpg,1,0,0
healthy73_.jpg,1,0,0
healthy74_.jpg,1,0,0
healthy75_.jpg,1,0,0
healthy76_.jpg,1,0,0
healthy77_.jpg,1,0,0
healthy78_.jpg,1,0,0
healthy79_.jpg,1,0,0
healthy7_.jpg,1,0,0
healthy80_.jpg,1,0,0
healthy81_.jpg,1,0,0
healthy82_.jpg,1,0,0
healthy83_.jpg,1,0,0
healthy84_.jpg,1,0,0
healthy85_.jpg,1,0,0
healthy86_.jpg,1,0,0
healthy89_.jpg,1,0,0
healthy8_.jpg,1,0,0
healthy90_.jpg,1,0,0
healthy91_.jpg,1,0,0
healthy92_.jpg,1,0,0
healthy93_.jpg,1,0,0
healthy94_.jpg,1,0,0
healthy95_.jpg,1,0,0
healthy96_.jpg,1,0,0
healthy97_.jpg,1,0,0
healthy98_.jpg,1,0,0
healthy99_.jpg,1,0,0
healthy9_.jpg,1,0,0
1000maize_valid_streak virus.JPG,1,1,1
1001maize_valid_streak virus.JPG,1,1,1
1002maize_valid_streak virus.JPG,1,1,1
1003maize_valid_streak virus.JPG,1,1,1
102maize_valid_streak virus.JPG,1,1,1
103maize_valid_streak virus.JPG,1,1,1
106maize_valid_streak virus.JPG,1,1,1
107maize_valid_streak virus.JPG,1,1,1
10maize_valid_streak virus.JPG,1,1,1
11maize_valid_streak virus.JPG,1,1,1
130maize_valid_streak virus.JPG,1,1,1
131maize_valid_streak virus.JPG,1,1,1
134maize_valid_streak virus.JPG,1,1,1
135maize_valid_streak virus.JPG,1,1,1
138maize_valid_streak virus.JPG,1,1,1
139maize_valid_streak virus.JPG,1,1,1
13maize_valid_streak virus.JPG,1,1,1
142maize_valid_streak virus.JPG,1,1,1
143maize_valid_streak virus.JPG,1,1,1
146maize_valid_streak virus.JPG,1,1,1
147maize_valid_streak virus.JPG,1,1,1
14maize_valid_streak virus.JPG,1,1,1
150maize_valid_streak virus.JPG,1,1,1
151maize_valid_streak virus.JPG,1,1,1
154maize_valid_streak virus.JPG,1,1,1
155maize_valid_streak virus.JPG,1,1,1
15maize_valid_streak virus.JPG,1,1,1
160maize_train_streak virus.JPG,1,1,1
160maize_valid_streak virus.JPG,1,1,1
161maize_train_streak virus.JPG,1,1,1
161maize_valid_streak virus.JPG,1,1,1
162maize_train_streak virus.JPG,1,1,1
163maize_train_streak virus.JPG,1,1,1
164maize_train_streak virus.JPG,1,1,1
164maize_valid_streak virus.JPG,1,1,1
165maize_train_streak virus.JPG,1,1,1
165maize_valid_streak virus.JPG,1,1,1
166maize_train_streak virus.JPG,1,1,1
167maize_train_streak virus.JPG,1,1,1
168maize_valid_streak virus.JPG,1,1,1
169maize_valid_streak virus.JPG,1,1,1
172maize_valid_streak virus.JPG,1,1,1
173maize_valid_streak virus.JPG,1,1,1
176maize_train_streak virus.JPG,1,1,1
177maize_train_streak virus.JPG,1,1,1
178maize_train_streak virus.JPG,1,1,1
179maize_train_streak virus.JPG,1,1,1
17maize_valid_streak virus.JPG,1,1,1
180maize_train_streak virus.JPG,1,1,1
181maize_train_streak virus.JPG,1,1,1
182maize_train_streak virus.JPG,1,1,1
183maize_train_streak virus.JPG,1,1,1
189maize_valid_streak virus.JPG,1,1,1
18maize_valid_streak virus.JPG,1,1,1
190maize_valid_streak virus.JPG,1,1,1
191maize_valid_streak virus.JPG,1,1,1
196maize_train_streak virus.JPG,1,1,1
197maize_train_streak virus.JPG,1,1,1
198maize_train_streak virus.JPG,1,1,1
199maize_train_streak virus.JPG,1,1,1
19maize_valid_streak virus.JPG,1,1,1
1maize_valid_streak virus.JPG,1,1,1
200maize_train_streak virus.JPG,1,1,1
200maize_valid_streak virus.JPG,1,1,1
201maize_train_streak virus.JPG,1,1,1
201maize_valid_streak virus.JPG,1,1,1
202maize_train_streak virus.JPG,1,1,1
203maize_train_streak virus.JPG,1,1,1
204maize_train_streak virus.JPG,1,1,1
204maize_valid_streak virus.JPG,1,1,1
205maize_train_streak virus.JPG,1,1,1
205maize_valid_streak virus.JPG,1,1,1
206maize_train_streak virus.JPG,1,1,1
207maize_train_streak virus.JPG,1,1,1
208maize_train_streak virus.JPG,1,1,1
208maize_valid_streak virus.JPG,1,1,1
209maize_train_streak virus.JPG,1,1,1
209maize_valid_streak virus.JPG,1,1,1
210maize_train_streak virus.JPG,1,1,1
211maize_train_streak virus.JPG,1,1,1
212maize_train_streak virus.JPG,1,1,1
212maize_valid_streak virus.JPG,1,1,1
213maize_train_streak virus.JPG,1,1,1
213maize_valid_streak virus.JPG,1,1,1
214maize_train_streak virus.JPG,1,1,1
215maize_train_streak virus.JPG,1,1,1
216maize_train_streak virus.JPG,1,1,1
216maize_valid_streak virus.JPG,1,1,1
217maize_train_streak virus.JPG,1,1,1
217maize_valid_streak virus.JPG,1,1,1
218maize_train_streak virus.JPG,1,1,1
219maize_train_streak virus.JPG,1,1,1
220maize_train_streak virus.JPG,1,1,1
220maize_valid_streak virus.JPG,1,1,1
221maize_train_streak virus.JPG,1,1,1
221maize_valid_streak virus.JPG,1,1,1
222maize_train_streak virus.JPG,1,1,1
223maize_train_streak virus.JPG,1,1,1
248maize_valid_streak virus.JPG,1,1,1
249maize_valid_streak virus.JPG,1,1,1
24maize_valid_streak virus.JPG,1,1,1
250maize_valid_streak virus.JPG,1,1,1
251maize_valid_streak virus.JPG,1,1,1
252maize_train_streak virus.JPG,1,1,1
252maize_valid_streak virus.JPG,1,1,1
253maize_train_streak virus.JPG,1,1,1
253maize_valid_streak virus.JPG,1,1,1
254maize_train_streak virus.JPG,1,1,1
254maize_valid_streak virus.JPG,1,1,1
255maize_train_streak virus.JPG,1,1,1
255maize_valid_streak virus.JPG,1,1,1
256maize_train_streak virus.JPG,1,1,1
256maize_valid_streak virus.JPG,1,1,1
257maize_train_streak virus.JPG,1,1,1
257maize_valid_streak virus.JPG,1,1,1
258maize_train_streak virus.JPG,1,1,1
258maize_valid_streak virus.JPG,1,1,1
259maize_train_streak virus.JPG,1,1,1
259maize_valid_streak virus.JPG,1,1,1
25maize_valid_streak virus.JPG,1,1,1
260maize_train_streak virus.JPG,1,1,1
260maize_valid_streak virus.JPG,1,1,1
261maize_train_streak virus.JPG,1,1,1
261maize_valid_streak virus.JPG,1,1,1
262maize_train_streak virus.JPG,1,1,1
262maize_valid_streak virus.JPG,1,1,1
263maize_train_streak virus.JPG,1,1,1
263maize_valid_streak virus.JPG,1,1,1
264maize_train_streak virus.JPG,1,1,1
264maize_valid_streak virus.JPG,1,1,1
265maize_train_streak virus.JPG,1,1,1
265maize_valid_streak virus.JPG,1,1,1
266maize_train_streak virus.JPG,1,1,1
266maize_valid_streak virus.JPG,1,1,1
267maize_train_streak virus.JPG,1,1,1
267maize_valid_streak virus.JPG,1,1,1
268maize_valid_streak virus.JPG,1,1,1
269maize_valid_streak virus.JPG,1,1,1
270maize_valid_streak virus.JPG,1,1,1
271maize_valid_streak virus.JPG,1,1,1
272maize_valid_streak virus.JPG,1,1,1
273maize_valid_streak virus.JPG,1,1,1
274maize_valid_streak virus.JPG,1,1,1
275maize_valid_streak virus.JPG,1,1,1
276maize_valid_streak virus.JPG,1,1,1
277maize_valid_streak virus.JPG,1,1,1
278maize_valid_streak virus.JPG,1,1,1
279maize_valid_streak virus.JPG,1,1,1
280maize_valid_streak virus.JPG,1,1,1
281maize_valid_streak virus.JPG,1,1,1
282maize_valid_streak virus.JPG,1,1,1
283maize_valid_streak virus.JPG,1,1,1
284maize_train_streak virus.JPG,1,1,1
284maize_valid_streak virus.JPG,1,1,1
285maize_train_streak virus.JPG,1,1,1
285maize_valid_streak virus.JPG,1,1,1
286maize_train_streak virus.JPG,1,1,1
286maize_valid_streak virus.JPG,1,1,1
287maize_train_streak virus.JPG,1,1,1
287maize_valid_streak virus.JPG,1,1,1
288maize_train_streak virus.JPG,1,1,1
288maize_valid_streak virus.JPG,1,1,1
289maize_train_streak virus.JPG,1,1,1
289maize_valid_streak virus.JPG,1,1,1
28maize_valid_streak virus.JPG,1,1,1
290maize_train_streak virus.JPG,1,1,1
290maize_valid_streak virus.JPG,1,1,1
291maize_train_streak virus.JPG,1,1,1
291maize_valid_streak virus.JPG,1,1,1
292maize_train_streak virus.JPG,1,1,1
293maize_train_streak virus.JPG,1,1,1
294maize_train_streak virus.JPG,1,1,1
295maize_train_streak virus.JPG,1,1,1
296maize_train_streak virus.JPG,1,1,1
297maize_train_streak virus.JPG,1,1,1
298maize_train_streak virus.JPG,1,1,1
299maize_train_streak virus.JPG,1,1,1
29maize_valid_streak virus.JPG,1,1,1
2maize_valid_streak virus.JPG,1,1,1
300maize_train_streak virus.JPG,1,1,1
301maize_train_streak virus.JPG,1,1,1
302maize_train_streak virus.JPG,1,1,1
303maize_train_streak virus.JPG,1,1,1
304maize_train_streak virus.JPG,1,1,1
305maize_train_streak virus.JPG,1,1,1
306maize_train_streak virus.JPG,1,1,1
307maize_train_streak virus.JPG,1,1,1
308maize_train_streak virus.JPG,1,1,1
309maize_train_streak virus.JPG,1,1,1
310maize_train_streak virus.JPG,1,1,1
311maize_train_streak virus.JPG,1,1,1
312maize_train_streak virus.JPG,1,1,1
313maize_train_streak virus.JPG,1,1,1
314maize_train_streak virus.JPG,1,1,1
315maize_train_streak virus.JPG,1,1,1
316maize_train_streak virus.JPG,1,1,1
317maize_train_streak virus.JPG,1,1,1
318maize_train_streak virus.JPG,1,1,1
319maize_train_streak virus.JPG,1,1,1
320maize_train_streak virus.JPG,1,1,1
321maize_train_streak virus.JPG,1,1,1
322maize_train_streak virus.JPG,1,1,1
323maize_train_streak virus.JPG,1,1,1
324maize_train_streak virus.JPG,1,1,1
325maize_train_streak virus.JPG,1,1,1
326maize_train_streak virus.JPG,1,1,1
327maize_train_streak virus.JPG,1,1,1
328maize_train_streak virus.JPG,1,1,1
329maize_train_streak virus.JPG,1,1,1
32maize_valid_streak virus.JPG,1,1,1
330maize_train_streak virus.JPG,1,1,1
331maize_train_streak virus.JPG,1,1,1
332maize_train_streak virus.JPG,1,1,1
332maize_valid_streak virus.JPG,1,1,1
333maize_train_streak virus.JPG,1,1,1
333maize_valid_streak virus.JPG,1,1,1
334maize_train_streak virus.JPG,1,1,1
334maize_valid_streak virus.JPG,1,1,1
335maize_train_streak virus.JPG,1,1,1
335maize_valid_streak virus.JPG,1,1,1
336maize_train_streak virus.JPG,1,1,1
336maize_valid_streak virus.JPG,1,1,1
337maize_train_streak virus.JPG,1,1,1
337maize_valid_streak virus.JPG,1,1,1
338maize_train_streak virus.JPG,1,1,1
338maize_valid_streak virus.JPG,1,1,1
339maize_train_streak virus.JPG,1,1,1
339maize_valid_streak virus.JPG,1,1,1
33maize_valid_streak virus.JPG,1,1,1
344maize_valid_streak virus.JPG,1,1,1
345maize_valid_streak virus.JPG,1,1,1
346maize_valid_streak virus.JPG,1,1,1
347maize_valid_streak virus.JPG,1,1,1
348maize_valid_streak virus.JPG,1,1,1
349maize_valid_streak virus.JPG,1,1,1
350maize_valid_streak virus.JPG,1,1,1
351maize_valid_streak virus.JPG,1,1,1
352maize_valid_streak virus.JPG,1,1,1
353maize_valid_streak virus.JPG,1,1,1
354maize_valid_streak virus.JPG,1,1,1
355maize_valid_streak virus.JPG,1,1,1
356maize_valid_streak virus.JPG,1,1,1
357maize_valid_streak virus.JPG,1,1,1
358maize_valid_streak virus.JPG,1,1,1
359maize_valid_streak virus.JPG,1,1,1
360maize_valid_streak virus.JPG,1,1,1
361maize_valid_streak virus.JPG,1,1,1
362maize_valid_streak virus.JPG,1,1,1
363maize_valid_streak virus.JPG,1,1,1
364maize_valid_streak virus.JPG,1,1,1
365maize_valid_streak virus.JPG,1,1,1
366maize_valid_streak virus.JPG,1,1,1
367maize_valid_streak virus.JPG,1,1,1
368maize_valid_streak virus.JPG,1,1,1
369maize_valid_streak virus.JPG,1,1,1
36maize_valid_streak virus.JPG,1,1,1
370maize_valid_streak virus.JPG,1,1,1
371maize_valid_streak virus.JPG,1,1,1
372maize_valid_streak virus.JPG,1,1,1
373maize_valid_streak virus.JPG,1,1,1
374maize_valid_streak virus.JPG,1,1,1
375maize_valid_streak virus.JPG,1,1,1
376maize_valid_streak virus.JPG,1,1,1
377maize_valid_streak virus.JPG,1,1,1
378maize_valid_streak virus.JPG,1,1,1
379maize_valid_streak virus.JPG,1,1,1
37maize_valid_streak virus.JPG,1,1,1
380maize_valid_streak virus.JPG,1,1,1
381maize_valid_streak virus.JPG,1,1,1
382maize_valid_streak virus.JPG,1,1,1
383maize_valid_streak virus.JPG,1,1,1
384maize_valid_streak virus.JPG,1,1,1
385maize_valid_streak virus.JPG,1,1,1
386maize_valid_streak virus.JPG,1,1,1
387maize_valid_streak virus.JPG,1,1,1
388maize_valid_streak virus.JPG,1,1,1
389maize_valid_streak virus.JPG,1,1,1
392maize_valid_streak virus.JPG,1,1,1
393maize_valid_streak virus.JPG,1,1,1
394maize_valid_streak virus.JPG,1,1,1
395maize_valid_streak virus.JPG,1,1,1
396maize_valid_streak virus.JPG,1,1,1
397maize_valid_streak virus.JPG,1,1,1
398maize_valid_streak virus.JPG,1,1,1
399maize_valid_streak virus.JPG,1,1,1
3maize_valid_streak virus.JPG,1,1,1
400maize_valid_streak virus.JPG,1,1,1
401maize_valid_streak virus.JPG,1,1,1
402maize_valid_streak virus.JPG,1,1,1
403maize_valid_streak virus.JPG,1,1,1
40maize_valid_streak virus.JPG,1,1,1
41maize_valid_streak virus.JPG,1,1,1
468maize_train_streak virus.JPG,1,1,1
469maize_train_streak virus.JPG,1,1,1
470maize_train_streak virus.JPG,1,1,1
471maize_train_streak virus.JPG,1,1,1
472maize_train_streak virus.JPG,1,1,1
473maize_train_streak virus.JPG,1,1,1
474maize_train_streak virus.JPG,1,1,1
475maize_train_streak virus.JPG,1,1,1
476maize_train_streak virus.JPG,1,1,1
477maize_train_streak virus.JPG,1,1,1
478maize_train_streak virus.JPG,1,1,1
479maize_train_streak virus.JPG,1,1,1
480maize_train_streak virus.JPG,1,1,1
480maize_valid_streak virus.JPG,1,1,1
481maize_train_streak virus.JPG,1,1,1
481maize_valid_streak virus.JPG,1,1,1
482maize_train_streak virus.JPG,1,1,1
482maize_valid_streak virus.JPG,1,1,1
483maize_train_streak virus.JPG,1,1,1
483maize_valid_streak virus.JPG,1,1,1
484maize_train_streak virus.JPG,1,1,1
484maize_valid_streak virus.JPG,1,1,1
485maize_train_streak virus.JPG,1,1,1
485maize_valid_streak virus.JPG,1,1,1
486maize_train_streak virus.JPG,1,1,1
486maize_valid_streak virus.JPG,1,1,1
487maize_train_streak virus.JPG,1,1,1
487maize_valid_streak virus.JPG,1,1,1
488maize_train_streak virus.JPG,1,1,1
488maize_valid_streak virus.JPG,1,1,1
489maize_train_streak virus.JPG,1,1,1
489maize_valid_streak virus.JPG,1,1,1
490maize_train_streak virus.JPG,1,1,1
490maize_valid_streak virus.JPG,1,1,1
491maize_train_streak virus.JPG,1,1,1
491maize_valid_streak virus.JPG,1,1,1
492maize_train_streak virus.JPG,1,1,1
492maize_valid_streak virus.JPG,1,1,1
493maize_train_streak virus.JPG,1,1,1
493maize_valid_streak virus.JPG,1,1,1
494maize_train_streak virus.JPG,1,1,1
494maize_valid_streak virus.JPG,1,1,1
495maize_train_streak virus.JPG,1,1,1
495maize_valid_streak virus.JPG,1,1,1
496maize_train_streak virus.JPG,1,1,1
496maize_valid_streak virus.JPG,1,1,1
497maize_train_streak virus.JPG,1,1,1
497maize_valid_streak virus.JPG,1,1,1
498maize_train_streak virus.JPG,1,1,1
498maize_valid_streak virus.JPG,1,1,1
499maize_train_streak virus.JPG,1,1,1
499maize_valid_streak virus.JPG,1,1,1
500maize_train_streak virus.JPG,1,1,1
501maize_train_streak virus.JPG,1,1,1
502maize_train_streak virus.JPG,1,1,1
503maize_train_streak virus.JPG,1,1,1
504maize_train_streak virus.JPG,1,1,1
505maize_train_streak virus.JPG,1,1,1
506maize_train_streak virus.JPG,1,1,1
507maize_train_streak virus.JPG,1,1,1
508maize_train_streak virus.JPG,1,1,1
509maize_train_streak virus.JPG,1,1,1
510maize_train_streak virus.JPG,1,1,1
511maize_train_streak virus.JPG,1,1,1
512maize_train_streak virus.JPG,1,1,1
513maize_train_streak virus.JPG,1,1,1
514maize_train_streak virus.JPG,1,1,1
515maize_train_streak virus.JPG,1,1,1
516maize_train_streak virus.JPG,1,1,1
517maize_train_streak virus.JPG,1,1,1
518maize_train_streak virus.JPG,1,1,1
519maize_train_streak virus.JPG,1,1,1
520maize_train_streak virus.JPG,1,1,1
521maize_train_streak virus.JPG,1,1,1
522maize_train_streak virus.JPG,1,1,1
523maize_train_streak virus.JPG,1,1,1
524maize_train_streak virus.JPG,1,1,1
525maize_train_streak virus.JPG,1,1,1
526maize_train_streak virus.JPG,1,1,1
527maize_train_streak virus.JPG,1,1,1
528maize_train_streak virus.JPG,1,1,1
529maize_train_streak virus.JPG,1,1,1
530maize_train_streak virus.JPG,1,1,1
531maize_train_streak virus.JPG,1,1,1
532maize_train_streak virus.JPG,1,1,1
533maize_train_streak virus.JPG,1,1,1
534maize_train_streak virus.JPG,1,1,1
535maize_train_streak virus.JPG,1,1,1
536maize_train_streak virus.JPG,1,1,1
537maize_train_streak virus.JPG,1,1,1
538maize_train_streak virus.JPG,1,1,1
539maize_train_streak virus.JPG,1,1,1
540maize_train_streak virus.JPG,1,1,1
541maize_train_streak virus.JPG,1,1,1
542maize_train_streak virus.JPG,1,1,1
543maize_train_streak virus.JPG,1,1,1
544maize_train_streak virus.JPG,1,1,1
545maize_train_streak virus.JPG,1,1,1
546maize_train_streak virus.JPG,1,1,1
547maize_train_streak virus.JPG,1,1,1
548maize_train_streak virus.JPG,1,1,1
549maize_train_streak virus.JPG,1,1,1
54maize_valid_streak virus.JPG,1,1,1
550maize_train_streak virus.JPG,1,1,1
551maize_train_streak virus.JPG,1,1,1
552maize_train_streak virus.JPG,1,1,1
553maize_train_streak virus.JPG,1,1,1
554maize_train_streak virus.JPG,1,1,1
555maize_train_streak virus.JPG,1,1,1
556maize_train_streak virus.JPG,1,1,1
556maize_valid_streak virus.JPG,1,1,1
557maize_train_streak virus.JPG,1,1,1
557maize_valid_streak virus.JPG,1,1,1
558maize_train_streak virus.JPG,1,1,1
558maize_valid_streak virus.JPG,1,1,1
559maize_train_streak virus.JPG,1,1,1
559maize_valid_streak virus.JPG,1,1,1
55maize_valid_streak virus.JPG,1,1,1
560maize_train_streak virus.JPG,1,1,1
560maize_valid_streak virus.JPG,1,1,1
561maize_train_streak virus.JPG,1,1,1
561maize_valid_streak virus.JPG,1,1,1
562maize_train_streak virus.JPG,1,1,1
562maize_valid_streak virus.JPG,1,1,1
563maize_train_streak virus.JPG,1,1,1
563maize_valid_streak virus.JPG,1,1,1
564maize_train_streak virus.JPG,1,1,1
564maize_valid_streak virus.JPG,1,1,1
565maize_train_streak virus.JPG,1,1,1
565maize_valid_streak virus.JPG,1,1,1
566maize_train_streak virus.JPG,1,1,1
566maize_valid_streak virus.JPG,1,1,1
567maize_train_streak virus.JPG,1,1,1
567maize_valid_streak virus.JPG,1,1,1
568maize_train_streak virus.JPG,1,1,1
568maize_valid_streak virus.JPG,1,1,1
569maize_train_streak virus.JPG,1,1,1
569maize_valid_streak virus.JPG,1,1,1
56maize_train_streak virus.JPG,1,1,1
570maize_train_streak virus.JPG,1,1,1
570maize_valid_streak virus.JPG,1,1,1
571maize_train_streak virus.JPG,1,1,1
571maize_valid_streak virus.JPG,1,1,1
572maize_train_streak virus.JPG,1,1,1
572maize_valid_streak virus.JPG,1,1,1
573maize_train_streak virus.JPG,1,1,1
573maize_valid_streak virus.JPG,1,1,1
574maize_train_streak virus.JPG,1,1,1
574maize_valid_streak virus.JPG,1,1,1
575maize_train_streak virus.JPG,1,1,1
575maize_valid_streak virus.JPG,1,1,1
576maize_train_streak virus.JPG,1,1,1
576maize_valid_streak virus.JPG,1,1,1
577maize_train_streak virus.JPG,1,1,1
577maize_valid_streak virus.JPG,1,1,1
578maize_train_streak virus.JPG,1,1,1
578maize_valid_streak virus.JPG,1,1,1
579maize_train_streak virus.JPG,1,1,1
579maize_valid_streak virus.JPG,1,1,1
57maize_train_streak virus.JPG,1,1,1
57maize_valid_streak virus.JPG,1,1,1
580maize_train_streak virus.JPG,1,1,1
580maize_valid_streak virus.JPG,1,1,1
581maize_train_streak virus.JPG,1,1,1
581maize_valid_streak virus.JPG,1,1,1
582maize_train_streak virus.JPG,1,1,1
582maize_valid_streak virus.JPG,1,1,1
583maize_train_streak virus.JPG,1,1,1
583maize_valid_streak virus.JPG,1,1,1
584maize_train_streak virus.JPG,1,1,1
584maize_valid_streak virus.JPG,1,1,1
585maize_train_streak virus.JPG,1,1,1
585maize_valid_streak virus.JPG,1,1,1
586maize_train_streak virus.JPG,1,1,1
586maize_valid_streak virus.JPG,1,1,1
587maize_train_streak virus.JPG,1,1,1
587maize_valid_streak virus.JPG,1,1,1
588maize_train_streak virus.JPG,1,1,1
588maize_valid_streak virus.JPG,1,1,1
589maize_train_streak virus.JPG,1,1,1
589maize_valid_streak virus.JPG,1,1,1
58maize_train_streak virus.JPG,1,1,1
58maize_valid_streak virus.JPG,1,1,1
590maize_train_streak virus.JPG,1,1,1
590maize_valid_streak virus.JPG,1,1,1
591maize_train_streak virus.JPG,1,1,1
591maize_valid_streak virus.JPG,1,1,1
592maize_train_streak virus.JPG,1,1,1
592maize_valid_streak virus.JPG,1,1,1
593maize_train_streak virus.JPG,1,1,1
593maize_valid_streak virus.JPG,1,1,1
594maize_train_streak virus.JPG,1,1,1
594maize_valid_streak virus.JPG,1,1,1
595maize_train_streak virus.JPG,1,1,1
595maize_valid_streak virus.JPG,1,1,1
596maize_train_streak virus.JPG,1,1,1
596maize_valid_streak virus.JPG,1,1,1
597maize_train_streak virus.JPG,1,1,1
597maize_valid_streak virus.JPG,1,1,1
598maize_train_streak virus.JPG,1,1,1
598maize_valid_streak virus.JPG,1,1,1
599maize_train_streak virus.JPG,1,1,1
599maize_valid_streak virus.JPG,1,1,1
59maize_train_streak virus.JPG,1,1,1
59maize_valid_streak virus.JPG,1,1,1
5maize_valid_streak virus.JPG,1,1,1
600maize_train_streak virus.JPG,1,1,1
600maize_valid_streak virus.JPG,1,1,1
601maize_train_streak virus.JPG,1,1,1
601maize_valid_streak virus.JPG,1,1,1
602maize_train_streak virus.JPG,1,1,1
602maize_valid_streak virus.JPG,1,1,1
603maize_train_streak virus.JPG,1,1,1
603maize_valid_streak virus.JPG,1,1,1
604maize_train_streak virus.JPG,1,1,1
604maize_valid_streak virus.JPG,1,1,1
605maize_train_streak virus.JPG,1,1,1
605maize_valid_streak virus.JPG,1,1,1
606maize_train_streak virus.JPG,1,1,1
606maize_valid_streak virus.JPG,1,1,1
607maize_train_streak virus.JPG,1,1,1
607maize_valid_streak virus.JPG,1,1,1
608maize_train_streak virus.JPG,1,1,1
609maize_train_streak virus.JPG,1,1,1
60maize_train_streak virus.JPG,1,1,1
610maize_train_streak virus.JPG,1,1,1
611maize_train_streak virus.JPG,1,1,1
61maize_train_streak virus.JPG,1,1,1
61maize_valid_streak virus.JPG,1,1,1
62maize_train_streak virus.JPG,1,1,1
62maize_valid_streak virus.JPG,1,1,1
63maize_train_streak virus.JPG,1,1,1
63maize_valid_streak virus.JPG,1,1,1
64maize_train_streak virus.JPG,1,1,1
64maize_valid_streak virus.JPG,1,1,1
656maize_valid_streak virus.JPG,1,1,1
657maize_valid_streak virus.JPG,1,1,1
658maize_valid_streak virus.JPG,1,1,1
659maize_valid_streak virus.JPG,1,1,1
65maize_train_streak virus.JPG,1,1,1
65maize_valid_streak virus.JPG,1,1,1
660maize_valid_streak virus.JPG,1,1,1
661maize_valid_streak virus.JPG,1,1,1
662maize_valid_streak virus.JPG,1,1,1
663maize_valid_streak virus.JPG,1,1,1
664maize_valid_streak virus.JPG,1,1,1
665maize_valid_streak virus.JPG,1,1,1
666maize_valid_streak virus.JPG,1,1,1
667maize_valid_streak virus.JPG,1,1,1
668maize_valid_streak virus.JPG,1,1,1
669maize_valid_streak virus.JPG,1,1,1
66maize_train_streak virus.JPG,1,1,1
670maize_valid_streak virus.JPG,1,1,1
671maize_valid_streak virus.JPG,1,1,1
672maize_valid_streak virus.JPG,1,1,1
673maize_valid_streak virus.JPG,1,1,1
674maize_valid_streak virus.JPG,1,1,1
675maize_valid_streak virus.JPG,1,1,1
676maize_valid_streak virus.JPG,1,1,1
677maize_valid_streak virus.JPG,1,1,1
678maize_valid_streak virus.JPG,1,1,1
679maize_valid_streak virus.JPG,1,1,1
67maize_train_streak virus.JPG,1,1,1
680maize_valid_streak virus.JPG,1,1,1
681maize_valid_streak virus.JPG,1,1,1
682maize_valid_streak virus.JPG,1,1,1
683maize_valid_streak virus.JPG,1,1,1
684maize_valid_streak virus.JPG,1,1,1
685maize_valid_streak virus.JPG,1,1,1
686maize_valid_streak virus.JPG,1,1,1
687maize_valid_streak virus.JPG,1,1,1
688maize_train_streak virus.JPG,1,1,1
688maize_valid_streak virus.JPG,1,1,1
689maize_train_streak virus.JPG,1,1,1
689maize_valid_streak virus.JPG,1,1,1
68maize_train_streak virus.JPG,1,1,1
68maize_valid_streak virus.JPG,1,1,1
690maize_train_streak virus.JPG,1,1,1
690maize_valid_streak virus.JPG,1,1,1
691maize_train_streak virus.JPG,1,1,1
691maize_valid_streak virus.JPG,1,1,1
692maize_train_streak virus.JPG,1,1,1
692maize_valid_streak virus.JPG,1,1,1
693maize_train_streak virus.JPG,1,1,1
693maize_valid_streak virus.JPG,1,1,1
694maize_train_streak virus.JPG,1,1,1
694maize_valid_streak virus.JPG,1,1,1
695maize_train_streak virus.JPG,1,1,1
695maize_valid_streak virus.JPG,1,1,1
696maize_train_streak virus.JPG,1,1,1
696maize_valid_streak virus.JPG,1,1,1
697maize_train_streak virus.JPG,1,1,1
697maize_valid_streak virus.JPG,1,1,1
698maize_train_streak virus.JPG,1,1,1
698maize_valid_streak virus.JPG,1,1,1
699maize_train_streak virus.JPG,1,1,1
699maize_valid_streak virus.JPG,1,1,1
69maize_train_streak virus.JPG,1,1,1
69maize_valid_streak virus.JPG,1,1,1
6maize_valid_streak virus.JPG,1,1,1
700maize_train_streak virus.JPG,1,1,1
700maize_valid_streak virus.JPG,1,1,1
701maize_train_streak virus.JPG,1,1,1
701maize_valid_streak virus.JPG,1,1,1
702maize_train_streak virus.JPG,1,1,1
702maize_valid_streak virus.JPG,1,1,1
703maize_train_streak virus.JPG,1,1,1
703maize_valid_streak virus.JPG,1,1,1
704maize_train_streak virus.JPG,1,1,1
704maize_valid_streak virus.JPG,1,1,1
705maize_train_streak virus.JPG,1,1,1
705maize_valid_streak virus.JPG,1,1,1
706maize_train_streak virus.JPG,1,1,1
706maize_valid_streak virus.JPG,1,1,1
707maize_train_streak virus.JPG,1,1,1
707maize_valid_streak virus.JPG,1,1,1
708maize_train_streak virus.JPG,1,1,1
708maize_valid_streak virus.JPG,1,1,1
709maize_train_streak virus.JPG,1,1,1
709maize_valid_streak virus.JPG,1,1,1
70maize_train_streak virus.JPG,1,1,1
710maize_train_streak virus.JPG,1,1,1
710maize_valid_streak virus.JPG,1,1,1
711maize_train_streak virus.JPG,1,1,1
711maize_valid_streak virus.JPG,1,1,1
712maize_train_streak virus.JPG,1,1,1
712maize_valid_streak virus.JPG,1,1,1
713maize_train_streak virus.JPG,1,1,1
713maize_valid_streak virus.JPG,1,1,1
714maize_train_streak virus.JPG,1,1,1
714maize_valid_streak virus.JPG,1,1,1
715maize_train_streak virus.JPG,1,1,1
715maize_valid_streak virus.JPG,1,1,1
716maize_train_streak virus.JPG,1,1,1
716maize_valid_streak virus.JPG,1,1,1
717maize_train_streak virus.JPG,1,1,1
717maize_valid_streak virus.JPG,1,1,1
718maize_train_streak virus.JPG,1,1,1
718maize_valid_streak virus.JPG,1,1,1
719maize_train_streak virus.JPG,1,1,1
719maize_valid_streak virus.JPG,1,1,1
71maize_train_streak virus.JPG,1,1,1
720maize_train_streak virus.JPG,1,1,1
720maize_valid_streak virus.JPG,1,1,1
721maize_train_streak virus.JPG,1,1,1
721maize_valid_streak virus.JPG,1,1,1
722maize_train_streak virus.JPG,1,1,1
722maize_valid_streak virus.JPG,1,1,1
723maize_train_streak virus.JPG,1,1,1
723maize_valid_streak virus.JPG,1,1,1
724maize_train_streak virus.JPG,1,1,1
725maize_train_streak virus.JPG,1,1,1
726maize_train_streak virus.JPG,1,1,1
727maize_train_streak virus.JPG,1,1,1
728maize_train_streak virus.JPG,1,1,1
729maize_train_streak virus.JPG,1,1,1
72maize_train_streak virus.JPG,1,1,1
72maize_valid_streak virus.JPG,1,1,1
730maize_train_streak virus.JPG,1,1,1
731maize_train_streak virus.JPG,1,1,1
732maize_train_streak virus.JPG,1,1,1
733maize_train_streak virus.JPG,1,1,1
734maize_train_streak virus.JPG,1,1,1
735maize_train_streak virus.JPG,1,1,1
736maize_train_streak virus.JPG,1,1,1
737maize_train_streak virus.JPG,1,1,1
738maize_train_streak virus.JPG,1,1,1
739maize_train_streak virus.JPG,1,1,1
73maize_train_streak virus.JPG,1,1,1
73maize_valid_streak virus.JPG,1,1,1
740maize_train_streak virus.JPG,1,1,1
741maize_train_streak virus.JPG,1,1,1
742maize_train_streak virus.JPG,1,1,1
743maize_train_streak virus.JPG,1,1,1
744maize_train_streak virus.JPG,1,1,1
745maize_train_streak virus.JPG,1,1,1
746maize_train_streak virus.JPG,1,1,1
747maize_train_streak virus.JPG,1,1,1
748maize_train_streak virus.JPG,1,1,1
749maize_train_streak virus.JPG,1,1,1
74maize_train_streak virus.JPG,1,1,1
750maize_train_streak virus.JPG,1,1,1
751maize_train_streak virus.JPG,1,1,1
752maize_train_streak virus.JPG,1,1,1
753maize_train_streak virus.JPG,1,1,1
754maize_train_streak virus.JPG,1,1,1
755maize_train_streak virus.JPG,1,1,1
756maize_train_streak virus.JPG,1,1,1
757maize_train_streak virus.JPG,1,1,1
758maize_train_streak virus.JPG,1,1,1
759maize_train_streak virus.JPG,1,1,1
75maize_train_streak virus.JPG,1,1,1
760maize_train_streak virus.JPG,1,1,1
761maize_train_streak virus.JPG,1,1,1
762maize_train_streak virus.JPG,1,1,1
763maize_train_streak virus.JPG,1,1,1
764maize_train_streak virus.JPG,1,1,1
765maize_train_streak virus.JPG,1,1,1
766maize_train_streak virus.JPG,1,1,1
767maize_train_streak virus.JPG,1,1,1
768maize_train_streak virus.JPG,1,1,1
769maize_train_streak virus.JPG,1,1,1
76maize_train_streak virus.JPG,1,1,1
76maize_valid_streak virus.JPG,1,1,1
770maize_train_streak virus.JPG,1,1,1
771maize_train_streak virus.JPG,1,1,1
772maize_train_streak virus.JPG,1,1,1
773maize_train_streak virus.JPG,1,1,1
774maize_train_streak virus.JPG,1,1,1
775maize_train_streak virus.JPG,1,1,1
776maize_train_streak virus.JPG,1,1,1
777maize_train_streak virus.JPG,1,1,1
778maize_train_streak virus.JPG,1,1,1
779maize_train_streak virus.JPG,1,1,1
77maize_train_streak virus.JPG,1,1,1
77maize_valid_streak virus.JPG,1,1,1
780maize_train_streak virus.JPG,1,1,1
781maize_train_streak virus.JPG,1,1,1
782maize_train_streak virus.JPG,1,1,1
783maize_train_streak virus.JPG,1,1,1
784maize_train_streak virus.JPG,1,1,1
784maize_valid_streak virus.JPG,1,1,1
785maize_train_streak virus.JPG,1,1,1
785maize_valid_streak virus.JPG,1,1,1
786maize_train_streak virus.JPG,1,1,1
786maize_valid_streak virus.JPG,1,1,1
787maize_train_streak virus.JPG,1,1,1
787maize_valid_streak virus.JPG,1,1,1
788maize_train_streak virus.JPG,1,1,1
788maize_valid_streak virus.JPG,1,1,1
789maize_train_streak virus.JPG,1,1,1
789maize_valid_streak virus.JPG,1,1,1
78maize_train_streak virus.JPG,1,1,1
790maize_train_streak virus.JPG,1,1,1
790maize_valid_streak virus.JPG,1,1,1
791maize_train_streak virus.JPG,1,1,1
791maize_valid_streak virus.JPG,1,1,1
792maize_train_streak virus.JPG,1,1,1
792maize_valid_streak virus.JPG,1,1,1
793maize_train_streak virus.JPG,1,1,1
793maize_valid_streak virus.JPG,1,1,1
794maize_train_streak virus.JPG,1,1,1
794maize_valid_streak virus.JPG,1,1,1
795maize_train_streak virus.JPG,1,1,1
795maize_valid_streak virus.JPG,1,1,1
796maize_train_streak virus.JPG,1,1,1
796maize_valid_streak virus.JPG,1,1,1
797maize_train_streak virus.JPG,1,1,1
797maize_valid_streak virus.JPG,1,1,1
798maize_train_streak virus.JPG,1,1,1
798maize_valid_streak virus.JPG,1,1,1
799maize_train_streak virus.JPG,1,1,1
799maize_valid_streak virus.JPG,1,1,1
79maize_train_streak virus.JPG,1,1,1
7maize_valid_streak virus.JPG,1,1,1
800maize_valid_streak virus.JPG,1,1,1
801maize_valid_streak virus.JPG,1,1,1
802maize_valid_streak virus.JPG,1,1,1
803maize_valid_streak virus.JPG,1,1,1
804maize_valid_streak virus.JPG,1,1,1
805maize_valid_streak virus.JPG,1,1,1
806maize_valid_streak virus.JPG,1,1,1
807maize_valid_streak virus.JPG,1,1,1
808maize_valid_streak virus.JPG,1,1,1
809maize_valid_streak virus.JPG,1,1,1
80maize_train_streak virus.JPG,1,1,1
80maize_valid_streak virus.JPG,1,1,1
810maize_valid_streak virus.JPG,1,1,1
811maize_valid_streak virus.JPG,1,1,1
812maize_valid_streak virus.JPG,1,1,1
813maize_valid_streak virus.JPG,1,1,1
814maize_valid_streak virus.JPG,1,1,1
815maize_valid_streak virus.JPG,1,1,1
816maize_valid_streak virus.JPG,1,1,1
817maize_valid_streak virus.JPG,1,1,1
818maize_valid_streak virus.JPG,1,1,1
819maize_valid_streak virus.JPG,1,1,1
81maize_train_streak virus.JPG,1,1,1
81maize_valid_streak virus.JPG,1,1,1
820maize_valid_streak virus.JPG,1,1,1
821maize_valid_streak virus.JPG,1,1,1
822maize_valid_streak virus.JPG,1,1,1
823maize_valid_streak virus.JPG,1,1,1
824maize_valid_streak virus.JPG,1,1,1
825maize_valid_streak virus.JPG,1,1,1
826maize_valid_streak virus.JPG,1,1,1
827maize_valid_streak virus.JPG,1,1,1
828maize_valid_streak virus.JPG,1,1,1
829maize_valid_streak virus.JPG,1,1,1
82maize_train_streak virus.JPG,1,1,1
830maize_valid_streak virus.JPG,1,1,1
831maize_valid_streak virus.JPG,1,1,1
832maize_valid_streak virus.JPG,1,1,1
833maize_valid_streak virus.JPG,1,1,1
834maize_valid_streak virus.JPG,1,1,1
835maize_valid_streak virus.JPG,1,1,1
836maize_valid_streak virus.JPG,1,1,1
837maize_valid_streak virus.JPG,1,1,1
838maize_valid_streak virus.JPG,1,1,1
839maize_valid_streak virus.JPG,1,1,1
83maize_train_streak virus.JPG,1,1,1
840maize_valid_streak virus.JPG,1,1,1
841maize_valid_streak virus.JPG,1,1,1
842maize_valid_streak virus.JPG,1,1,1
843maize_valid_streak virus.JPG,1,1,1
844maize_valid_streak virus.JPG,1,1,1
845maize_valid_streak virus.JPG,1,1,1
846maize_valid_streak virus.JPG,1,1,1
847maize_valid_streak virus.JPG,1,1,1
848maize_valid_streak virus.JPG,1,1,1
849maize_valid_streak virus.JPG,1,1,1
84maize_train_streak virus.JPG,1,1,1
84maize_valid_streak virus.JPG,1,1,1
850maize_valid_streak virus.JPG,1,1,1
851maize_valid_streak virus.JPG,1,1,1
852maize_valid_streak virus.JPG,1,1,1
853maize_valid_streak virus.JPG,1,1,1
854maize_valid_streak virus.JPG,1,1,1
855maize_valid_streak virus.JPG,1,1,1
856maize_valid_streak virus.JPG,1,1,1
857maize_valid_streak virus.JPG,1,1,1
858maize_valid_streak virus.JPG,1,1,1
859maize_valid_streak virus.JPG,1,1,1
85maize_train_streak virus.JPG,1,1,1
85maize_valid_streak virus.JPG,1,1,1
860maize_valid_streak virus.JPG,1,1,1
861maize_valid_streak virus.JPG,1,1,1
862maize_valid_streak virus.JPG,1,1,1
863maize_valid_streak virus.JPG,1,1,1
864maize_valid_streak virus.JPG,1,1,1
865maize_valid_streak virus.JPG,1,1,1
866maize_valid_streak virus.JPG,1,1,1
867maize_valid_streak virus.JPG,1,1,1
868maize_valid_streak virus.JPG,1,1,1
869maize_valid_streak virus.JPG,1,1,1
86maize_train_streak virus.JPG,1,1,1
86maize_valid_streak virus.JPG,1,1,1
870maize_valid_streak virus.JPG,1,1,1
871maize_valid_streak virus.JPG,1,1,1
872maize_valid_streak virus.JPG,1,1,1
873maize_valid_streak virus.JPG,1,1,1
874maize_valid_streak virus.JPG,1,1,1
875maize_valid_streak virus.JPG,1,1,1
87maize_train_streak virus.JPG,1,1,1
87maize_valid_streak virus.JPG,1,1,1
90maize_valid_streak virus.JPG,1,1,1
91maize_valid_streak virus.JPG,1,1,1
94maize_valid_streak virus.JPG,1,1,1
95maize_valid_streak virus.JPG,1,1,1
964maize_valid_streak virus.JPG,1,1,1
965maize_valid_streak virus.JPG,1,1,1
966maize_valid_streak virus.JPG,1,1,1
967maize_valid_streak virus.JPG,1,1,1
968maize_valid_streak virus.JPG,1,1,1
969maize_valid_streak virus.JPG,1,1,1
970maize_valid_streak virus.JPG,1,1,1
971maize_valid_streak virus.JPG,1,1,1
972maize_valid_streak virus.JPG,1,1,1
973maize_valid_streak virus.JPG,1,1,1
974maize_valid_streak virus.JPG,1,1,1
975maize_valid_streak virus.JPG,1,1,1
976maize_valid_streak virus.JPG,1,1,1
977maize_valid_streak virus.JPG,1,1,1
978maize_valid_streak virus.JPG,1,1,1
979maize_valid_streak virus.JPG,1,1,1
980maize_valid_streak virus.JPG,1,1,1
981maize_valid_streak virus.JPG,1,1,1
982maize_valid_streak virus.JPG,1,1,1
983maize_valid_streak virus.JPG,1,1,1
984maize_valid_streak virus.JPG,1,1,1
985maize_valid_streak virus.JPG,1,1,1
986maize_valid_streak virus.JPG,1,1,1
987maize_valid_streak virus.JPG,1,1,1
988maize_valid_streak virus.JPG,1,1,1
989maize_valid_streak virus.JPG,1,1,1
98maize_valid_streak virus.JPG,1,1,1
990maize_valid_streak virus.JPG,1,1,1
991maize_valid_streak virus.JPG,1,1,1
992maize_valid_streak virus.JPG,1,1,1
993maize_valid_streak virus.JPG,1,1,1
994maize_valid_streak virus.JPG,1,1,1
995maize_valid_streak virus.JPG,1,1,1
996maize_valid_streak virus.JPG,1,1,1
997maize_valid_streak virus.JPG,1,1,1
998maize_valid_streak virus.JPG,1,1,1
999maize_valid_streak virus.JPG,1,1,1
99maize_valid_streak virus.JPG,1,1,1
9maize_valid_streak virus.JPG,1,1,1
streak virus1000_.jpg,1,1,1
streak virus1001_.jpg,1,1,1
streak virus1002_.jpg,1,1,1
streak virus1003_.jpg,1,1,1
streak virus1004_.jpg,1,1,1
streak virus1005_.jpg,1,1,1
streak virus1006_.jpg,1,1,1
streak virus1007_.jpg,1,1,1
streak virus1008_.jpg,1,1,1
streak virus1009_.jpg,1,1,1
streak virus100_.jpg,1,1,1
streak virus1010_.jpg,1,1,1
streak virus1011_.jpg,1,1,1
streak virus101_.jpg,1,1,1
streak virus102_.jpg,1,1,1
streak virus103_.jpg,1,1,1
streak virus104_.jpg,1,1,1
streak virus105_.jpg,1,1,1
streak virus106_.jpg,1,1,1
streak virus107_.jpg,1,1,1
streak virus108_.jpg,1,1,1
streak virus109_.jpg,1,1,1
streak virus10_.jpg,1,1,1
streak virus110_.jpg,1,1,1
streak virus111_.jpg,1,1,1
streak virus112_.jpg,1,1,1
streak virus113_.jpg,1,1,1
streak virus114_.jpg,1,1,1
streak virus115_.jpg,1,1,1
streak virus116_.jpg,1,1,1
streak virus117_.jpg,1,1,1
streak virus118_.jpg,1,1,1
streak virus11_.jpg,1,1,1
streak virus120_.jpg,1,1,1
streak virus121_.jpg,1,1,1
streak virus122_.jpg,1,1,1
streak virus123_.jpg,1,1,1
streak virus124_.jpg,1,1,1
streak virus125_.jpg,1,1,1
streak virus126_.jpg,1,1,1
streak virus127_.jpg,1,1,1
streak virus128_.jpg,1,1,1
streak virus129_.jpg,1,1,1
streak virus12_.jpg,1,1,1
streak virus131_.jpg,1,1,1
streak virus132_.jpg,1,1,1
streak virus133_.jpg,1,1,1
streak virus134_.jpg,1,1,1
streak virus135_.jpg,1,1,1
streak virus136_.jpg,1,1,1
streak virus137_.jpg,1,1,1
streak virus138_.jpg,1,1,1
streak virus139_.jpg,1,1,1
streak virus13_.jpg,1,1,1
streak virus140_.jpg,1,1,1
streak virus141_.jpg,1,1,1
streak virus142_.jpg,1,1,1
streak virus143_.jpg,1,1,1
streak virus144_.jpg,1,1,1
streak virus145_.jpg,1,1,1
streak virus146_.jpg,1,1,1
streak virus147_.jpg,1,1,1
streak virus148_.jpg,1,1,1
streak virus149_.jpg,1,1,1
streak virus14_.jpg,1,1,1
streak virus150_.jpg,1,1,1
streak virus151_.jpg,1,1,1
streak virus152_.jpg,1,1,1
streak virus153_.jpg,1,1,1
streak virus154_.jpg,1,1,1
streak virus155_.jpg,1,1,1
streak virus156_.jpg,1,1,1
streak virus157_.jpg,1,1,1
streak virus158_.jpg,1,1,1
streak virus159_.jpg,1,1,1
streak virus15_.jpg,1,1,1
streak virus160_.jpg,1,1,1
streak virus161_.jpg,1,1,1
streak virus162_.jpg,1,1,1
streak virus163_.jpg,1,1,1
streak virus164_.jpg,1,1,1
streak virus165_.jpg,1,1,1
streak virus166_.jpg,1,1,1
streak virus167_.jpg,1,1,1
streak virus168_.jpg,1,1,1
streak virus169_.jpg,1,1,1
streak virus16_.jpg,1,1,1
streak virus170_.jpg,1,1,1
streak virus171_.jpg,1,1,1
streak virus172_.jpg,1,1,1
streak virus173_.jpg,1,1,1
streak virus174_.jpg,1,1,1
streak virus175_.jpg,1,1,1
streak virus176_.jpg,1,1,1
streak virus177_.jpg,1,1,1
streak virus178_.jpg,1,1,1
streak virus179_.jpg,1,1,1
streak virus17_.jpg,1,1,1
streak virus180_.jpg,1,1,1
streak virus183_.jpg,1,1,1
streak virus184_.jpg,1,1,1
streak virus185_.jpg,1,1,1
streak virus186_.jpg,1,1,1
streak virus187_.jpg,1,1,1
streak virus188_.jpg,1,1,1
streak virus189_.jpg,1,1,1
streak virus18_.jpg,1,1,1
streak virus190_.jpg,1,1,1
streak virus191_.jpg,1,1,1
streak virus192_.jpg,1,1,1
streak virus193_.jpg,1,1,1
streak virus194_.jpg,1,1,1
streak virus195_.jpg,1,1,1
streak virus196_.jpg,1,1,1
streak virus197_.jpg,1,1,1
streak virus198_.jpg,1,1,1
streak virus199_.jpg,1,1,1
streak virus19_.jpg,1,1,1
streak virus200_.jpg,1,1,1
streak virus201_.jpg,1,1,1
streak virus20_.jpg,1,1,1
streak virus218_.jpg,1,1,1
streak virus220_.jpg,1,1,1
streak virus221_.jpg,1,1,1
streak virus222_.jpg,1,1,1
streak virus223_.jpg,1,1,1
streak virus224_.jpg,1,1,1
streak virus225_.jpg,1,1,1
streak virus226_.jpg,1,1,1
streak virus227_.jpg,1,1,1
streak virus228_.jpg,1,1,1
streak virus229_.jpg,1,1,1
streak virus22_.jpg,1,1,1
streak virus230_.jpg,1,1,1
streak virus231_.jpg,1,1,1
streak virus257_.jpg,1,1,1
streak virus258_.jpg,1,1,1
streak virus259_.jpg,1,1,1
streak virus25_.jpg,1,1,1
streak virus260_.jpg,1,1,1
streak virus265_.jpg,1,1,1
streak virus266_.jpg,1,1,1
streak virus267_.jpg,1,1,1
streak virus268_.jpg,1,1,1
streak virus269_.jpg,1,1,1
streak virus26_.jpg,1,1,1
streak virus270_.jpg,1,1,1
streak virus271_.jpg,1,1,1
streak virus272_.jpg,1,1,1
streak virus273_.jpg,1,1,1
streak virus274_.jpg,1,1,1
streak virus275_.jpg,1,1,1
streak virus276_.jpg,1,1,1
streak virus277_.jpg,1,1,1
streak virus278_.jpg,1,1,1
streak virus279_.jpg,1,1,1
streak virus27_.jpg,1,1,1
streak virus280_.jpg,1,1,1
streak virus281_.jpg,1,1,1
streak virus282_.jpg,1,1,1
streak virus283_.jpg,1,1,1
streak virus284_.jpg,1,1,1
streak virus285_.jpg,1,1,1
streak virus286_.jpg,1,1,1
streak virus287_.jpg,1,1,1
streak virus288_.jpg,1,1,1
streak virus289_.jpg,1,1,1
streak virus28_.jpg,1,1,1
streak virus290_.jpg,1,1,1
streak virus291_.jpg,1,1,1
streak virus292_.jpg,1,1,1
streak virus293_.jpg,1,1,1
streak virus294_.jpg,1,1,1
streak virus295_.jpg,1,1,1
streak virus296_.jpg,1,1,1
streak virus297_.jpg,1,1,1
streak virus298_.jpg,1,1,1
streak virus299_.jpg,1,1,1
streak virus29_.jpg,1,1,1
streak virus2_.jpg,1,1,1
streak virus300_.jpg,1,1,1
streak virus301_.jpg,1,1,1
streak virus302_.jpg,1,1,1
streak virus303_.jpg,1,1,1
streak virus304_.jpg,1,1,1
streak virus305_.jpg,1,1,1
streak virus306_.jpg,1,1,1
streak virus307_.jpg,1,1,1
streak virus308_.jpg,1,1,1
streak virus309_.jpg,1,1,1
streak virus30_.jpg,1,1,1
streak virus310_.jpg,1,1,1
streak virus311_.jpg,1,1,1
streak virus312_.jpg,1,1,1
streak virus313_.jpg,1,1,1
streak virus314_.jpg,1,1,1
streak virus315_.jpg,1,1,1
streak virus316_.jpg,1,1,1
streak virus317_.jpg,1,1,1
streak virus318_.jpg,1,1,1
streak virus319_.jpg,1,1,1
streak virus31_.jpg,1,1,1
streak virus320_.jpg,1,1,1
streak virus321_.jpg,1,1,1
streak virus322_.jpg,1,1,1
streak virus323_.jpg,1,1,1
streak virus324_.jpg,1,1,1
streak virus325_.jpg,1,1,1
streak virus326_.jpg,1,1,1
streak virus327_.jpg,1,1,1
streak virus328_.jpg,1,1,1
streak virus329_.jpg,1,1,1
streak virus32_.jpg,1,1,1
streak virus330_.jpg,1,1,1
streak virus331_.jpg,1,1,1
streak virus332_.jpg,1,1,1
streak virus333_.jpg,1,1,1
streak virus334_.jpg,1,1,1
streak virus335_.jpg,1,1,1
streak virus336_.jpg,1,1,1
streak virus337_.jpg,1,1,1
streak virus338_.jpg,1,1,1
streak virus339_.jpg,1,1,1
streak virus33_.jpg,1,1,1
streak virus340_.jpg,1,1,1
streak virus341_.jpg,1,1,1
streak virus342_.jpg,1,1,1
streak virus343_.jpg,1,1,1
streak virus344_.jpg,1,1,1
streak virus345_.jpg,1,1,1
streak virus346_.jpg,1,1,1
streak virus347_.jpg,1,1,1
streak virus348_.jpg,1,1,1
streak virus349_.jpg,1,1,1
streak virus34_.jpg,1,1,1
streak virus350_.jpg,1,1,1
streak virus351_.jpg,1,1,1
streak virus352_.jpg,1,1,1
streak virus353_.jpg,1,1,1
streak virus354_.jpg,1,1,1
streak virus355_.jpg,1,1,1
streak virus356_.jpg,1,1,1
streak virus357_.jpg,1,1,1
streak virus358_.jpg,1,1,1
streak virus359_.jpg,1,1,1
streak virus35_.jpg,1,1,1
streak virus360_.jpg,1,1,1
streak virus361_.jpg,1,1,1
streak virus362_.jpg,1,1,1
streak virus363_.jpg,1,1,1
streak virus364_.jpg,1,1,1
streak virus365_.jpg,1,1,1
streak virus366_.jpg,1,1,1
streak virus367_.jpg,1,1,1
streak virus368_.jpg,1,1,1
streak virus369_.jpg,1,1,1
streak virus36_.jpg,1,1,1
streak virus370_.jpg,1,1,1
streak virus371_.jpg,1,1,1
streak virus372_.jpg,1,1,1
streak virus373_.jpg,1,1,1
streak virus374_.jpg,1,1,1
streak virus375_.jpg,1,1,1
streak virus376_.jpg,1,1,1
streak virus377_.jpg,1,1,1
streak virus378_.jpg,1,1,1
streak virus379_.jpg,1,1,1
streak virus37_.jpg,1,1,1
streak virus380_.jpg,1,1,1
streak virus381_.jpg,1,1,1
streak virus382_.jpg,1,1,1
streak virus383_.jpg,1,1,1
streak virus384_.jpg,1,1,1
streak virus385_.jpg,1,1,1
streak virus386_.jpg,1,1,1
streak virus387_.jpg,1,1,1
streak virus388_.jpg,1,1,1
streak virus389_.jpg,1,1,1
streak virus38_.jpg,1,1,1
streak virus390_.jpg,1,1,1
streak virus391_.jpg,1,1,1
streak virus392_.jpg,1,1,1
streak virus393_.jpg,1,1,1
streak virus394_.jpg,1,1,1
streak virus395_.jpg,1,1,1
streak virus396_.jpg,1,1,1
streak virus397_.jpg,1,1,1
streak virus398_.jpg,1,1,1
streak virus399_.jpg,1,1,1
streak virus39_.jpg,1,1,1
streak virus3_.jpg,1,1,1
streak virus400_.jpg,1,1,1
streak virus401_.jpg,1,1,1
streak virus402_.jpg,1,1,1
streak virus403_.jpg,1,1,1
streak virus404_.jpg,1,1,1
streak virus405_.jpg,1,1,1
streak virus406_.jpg,1,1,1
streak virus407_.jpg,1,1,1
streak virus408_.jpg,1,1,1
streak virus409_.jpg,1,1,1
streak virus40_.jpg,1,1,1
streak virus410_.jpg,1,1,1
streak virus411_.jpg,1,1,1
streak virus412_.jpg,1,1,1
streak virus413_.jpg,1,1,1
streak virus414_.jpg,1,1,1
streak virus415_.jpg,1,1,1
streak virus416_.jpg,1,1,1
streak virus417_.jpg,1,1,1
streak virus418_.jpg,1,1,1
streak virus419_.jpg,1,1,1
streak virus41_.jpg,1,1,1
streak virus420_.jpg,1,1,1
streak virus421_.jpg,1,1,1
streak virus423_.jpg,1,1,1
streak virus424_.jpg,1,1,1
streak virus425_.jpg,1,1,1
streak virus426_.jpg,1,1,1
streak virus427_.jpg,1,1,1
streak virus428_.jpg,1,1,1
streak virus429_.jpg,1,1,1
streak virus42_.jpg,1,1,1
streak virus430_.jpg,1,1,1
streak virus431_.jpg,1,1,1
streak virus432_.jpg,1,1,1
streak virus433_.jpg,1,1,1
streak virus434_.jpg,1,1,1
streak virus435_.jpg,1,1,1
streak virus436_.jpg,1,1,1
streak virus437_.jpg,1,1,1
streak virus438_.jpg,1,1,1
streak virus439_.jpg,1,1,1
streak virus43_.jpg,1,1,1
streak virus440_.jpg,1,1,1
streak virus441_.jpg,1,1,1
streak virus442_.jpg,1,1,1
streak virus443_.jpg,1,1,1
streak virus444_.jpg,1,1,1
streak virus445_.jpg,1,1,1
streak virus446_.jpg,1,1,1
streak virus447_.jpg,1,1,1
streak virus448_.jpg,1,1,1
streak virus449_.jpg,1,1,1
streak virus44_.jpg,1,1,1
streak virus450_.jpg,1,1,1
streak virus451_.jpg,1,1,1
streak virus452_.jpg,1,1,1
streak virus453_.jpg,1,1,1
streak virus454_.jpg,1,1,1
streak virus455_.jpg,1,1,1
streak virus456_.jpg,1,1,1
streak virus457_.jpg,1,1,1
streak virus458_.jpg,1,1,1
streak virus459_.jpg,1,1,1
streak virus45_.jpg,1,1,1
streak virus460_.jpg,1,1,1
streak virus461_.jpg,1,1,1
streak virus462_.jpg,1,1,1
streak virus463_.jpg,1,1,1
streak virus464_.jpg,1,1,1
streak virus465_.jpg,1,1,1
streak virus466_.jpg,1,1,1
streak virus467_.jpg,1,1,1
streak virus468_.jpg,1,1,1
streak virus469_.jpg,1,1,1
streak virus46_.jpg,1,1,1
streak virus470_.jpg,1,1,1
streak virus471_.jpg,1,1,1
streak virus472_.jpg,1,1,1
streak virus473_.jpg,1,1,1
streak virus474_.jpg,1,1,1
streak virus475_.jpg,1,1,1
streak virus476_.jpg,1,1,1
streak virus477_.jpg,1,1,1
streak virus478_.jpg,1,1,1
streak virus479_.jpg,1,1,1
streak virus47_.jpg,1,1,1
streak virus480_.jpg,1,1,1
streak virus481_.jpg,1,1,1
streak virus482_.jpg,1,1,1
streak virus483_.jpg,1,1,1
streak virus484_.jpg,1,1,1
streak virus487_.jpg,1,1,1
streak virus488_.jpg,1,1,1
streak virus489_.jpg,1,1,1
streak virus48_.jpg,1,1,1
streak virus490_.jpg,1,1,1
streak virus491_.jpg,1,1,1
streak virus492_.jpg,1,1,1
streak virus493_.jpg,1,1,1
streak virus494_.jpg,1,1,1
streak virus495_.jpg,1,1,1
streak virus496_.jpg,1,1,1
streak virus497_.jpg,1,1,1
streak virus498_.jpg,1,1,1
streak virus499_.jpg,1,1,1
streak virus49_.jpg,1,1,1
streak virus4_.jpg,1,1,1
streak virus500_.jpg,1,1,1
streak virus501_.jpg,1,1,1
streak virus502_.jpg,1,1,1
streak virus503_.jpg,1,1,1
streak virus504_.jpg,1,1,1
streak virus505_.jpg,1,1,1
streak virus506_.jpg,1,1,1
streak virus507_.jpg,1,1,1
streak virus508_.jpg,1,1,1
streak virus509_.jpg,1,1,1
streak virus50_.jpg,1,1,1
streak virus510_.jpg,1,1,1
streak virus511_.jpg,1,1,1
streak virus512_.jpg,1,1,1
streak virus513_.jpg,1,1,1
streak virus514_.jpg,1,1,1
streak virus515_.jpg,1,1,1
streak virus516_.jpg,1,1,1
streak virus517_.jpg,1,1,1
streak virus518_.jpg,1,1,1
streak virus519_.jpg,1,1,1
streak virus51_.jpg,1,1,1
streak virus520_.jpg,1,1,1
streak virus521_.jpg,1,1,1
streak virus522_.jpg,1,1,1
streak virus523_.jpg,1,1,1
streak virus524_.jpg,1,1,1
streak virus525_.jpg,1,1,1
streak virus526_.jpg,1,1,1
streak virus527_.jpg,1,1,1
streak virus528_.jpg,1,1,1
streak virus529_.jpg,1,1,1
streak virus52_.jpg,1,1,1
streak virus530_.jpg,1,1,1
streak virus531_.jpg,1,1,1
streak virus532_.jpg,1,1,1
streak virus533_.jpg,1,1,1
streak virus534_.jpg,1,1,1
streak virus535_.jpg,1,1,1
streak virus536_.jpg,1,1,1
streak virus537_.jpg,1,1,1
streak virus538_.jpg,1,1,1
streak virus539_.jpg,1,1,1
streak virus53_.jpg,1,1,1
streak virus540_.jpg,1,1,1
streak virus541_.jpg,1,1,1
streak virus542_.jpg,1,1,1
streak virus543_.jpg,1,1,1
streak virus544_.jpg,1,1,1
streak virus545_.jpg,1,1,1
streak virus546_.jpg,1,1,1
streak virus547_.jpg,1,1,1
streak virus548_.jpg,1,1,1
streak virus549_.jpg,1,1,1
streak virus54_.jpg,1,1,1
streak virus550_.jpg,1,1,1
streak virus551_.jpg,1,1,1
streak virus552_.jpg,1,1,1
streak virus553_.jpg,1,1,1
streak virus555_.jpg,1,1,1
streak virus556_.jpg,1,1,1
streak virus557_.jpg,1,1,1
streak virus558_.jpg,1,1,1
streak virus559_.jpg,1,1,1
streak virus55_.jpg,1,1,1
streak virus560_.jpg,1,1,1
streak virus561_.jpg,1,1,1
streak virus562_.jpg,1,1,1
streak virus563_.jpg,1,1,1
streak virus564_.jpg,1,1,1
streak virus565_.jpg,1,1,1
streak virus566_.jpg,1,1,1
streak virus567_.jpg,1,1,1
streak virus568_.jpg,1,1,1
streak virus569_.jpg,1,1,1
streak virus56_.jpg,1,1,1
streak virus570_.jpg,1,1,1
streak virus571_.jpg,1,1,1
streak virus572_.jpg,1,1,1
streak virus573_.jpg,1,1,1
streak virus574_.jpg,1,1,1
streak virus575_.jpg,1,1,1
streak virus576_.jpg,1,1,1
streak virus577_.jpg,1,1,1
streak virus578_.jpg,1,1,1
streak virus579_.jpg,1,1,1
streak virus57_.jpg,1,1,1
streak virus580_.jpg,1,1,1
streak virus581_.jpg,1,1,1
streak virus582_.jpg,1,1,1
streak virus583_.jpg,1,1,1
streak virus584_.jpg,1,1,1
streak virus585_.jpg,1,1,1
streak virus586_.jpg,1,1,1
streak virus587_.jpg,1,1,1
streak virus588_.jpg,1,1,1
streak virus589_.jpg,1,1,1
streak virus58_.jpg,1,1,1
streak virus590_.jpg,1,1,1
streak virus591_.jpg,1,1,1
streak virus592_.jpg,1,1,1
streak virus593_.jpg,1,1,1
streak virus594_.jpg,1,1,1
streak virus595_.jpg,1,1,1
streak virus596_.jpg,1,1,1
streak virus597_.jpg,1,1,1
streak virus598_.jpg,1,1,1
streak virus599_.jpg,1,1,1
streak virus59_.jpg,1,1,1
streak virus5_.jpg,1,1,1
streak virus600_.jpg,1,1,1
streak virus601_.jpg,1,1,1
streak virus602_.jpg,1,1,1
streak virus603_.jpg,1,1,1
streak virus604_.jpg,1,1,1
streak virus605_.jpg,1,1,1
streak virus606_.jpg,1,1,1
streak virus607_.jpg,1,1,1
streak virus608_.jpg,1,1,1
streak virus609_.jpg,1,1,1
streak virus60_.jpg,1,1,1
streak virus610_.jpg,1,1,1
streak virus611_.jpg,1,1,1
streak virus612_.jpg,1,1,1
streak virus613_.jpg,1,1,1
streak virus614_.jpg,1,1,1
streak virus615_.jpg,1,1,1
streak virus616_.jpg,1,1,1
streak virus617_.jpg,1,1,1
streak virus618_.jpg,1,1,1
streak virus619_.jpg,1,1,1
streak virus61_.jpg,1,1,1
streak virus620_.jpg,1,1,1
streak virus621_.jpg,1,1,1
streak virus622_.jpg,1,1,1
streak virus623_.jpg,1,1,1
streak virus624_.jpg,1,1,1
streak virus625_.jpg,1,1,1
streak virus628_.jpg,1,1,1
streak virus629_.jpg,1,1,1
streak virus62_.jpg,1,1,1
streak virus630_.jpg,1,1,1
streak virus631_.jpg,1,1,1
streak virus632_.jpg,1,1,1
streak virus633_.jpg,1,1,1
streak virus634_.jpg,1,1,1
streak virus635_.jpg,1,1,1
streak virus636_.jpg,1,1,1
streak virus637_.jpg,1,1,1
streak virus638_.jpg,1,1,1
streak virus639_.jpg,1,1,1
streak virus63_.jpg,1,1,1
streak virus640_.jpg,1,1,1
streak virus641_.jpg,1,1,1
streak virus642_.jpg,1,1,1
streak virus643_.jpg,1,1,1
streak virus644_.jpg,1,1,1
streak virus645_.jpg,1,1,1
streak virus646_.jpg,1,1,1
streak virus647_.jpg,1,1,1
streak virus648_.jpg,1,1,1
streak virus649_.jpg,1,1,1
streak virus650_.jpg,1,1,1
streak virus651_.jpg,1,1,1
streak virus652_.jpg,1,1,1
streak virus653_.jpg,1,1,1
streak virus654_.jpg,1,1,1
streak virus655_.jpg,1,1,1
streak virus656_.jpg,1,1,1
streak virus657_.jpg,1,1,1
streak virus658_.jpg,1,1,1
streak virus659_.jpg,1,1,1
streak virus660_.jpg,1,1,1
streak virus661_.jpg,1,1,1
streak virus662_.jpg,1,1,1
streak virus663_.jpg,1,1,1
streak virus664_.jpg,1,1,1
streak virus665_.jpg,1,1,1
streak virus666_.jpg,1,1,1
streak virus667_.jpg,1,1,1
streak virus668_.jpg,1,1,1
streak virus669_.jpg,1,1,1
streak virus670_.jpg,1,1,1
streak virus671_.jpg,1,1,1
streak virus672_.jpg,1,1,1
streak virus673_.jpg,1,1,1
streak virus674_.jpg,1,1,1
streak virus675_.jpg,1,1,1
streak virus676_.jpg,1,1,1
streak virus677_.jpg,1,1,1
streak virus678_.jpg,1,1,1
streak virus679_.jpg,1,1,1
streak virus680_.jpg,1,1,1
streak virus681_.jpg,1,1,1
streak virus682_.jpg,1,1,1
streak virus683_.jpg,1,1,1
streak virus684_.jpg,1,1,1
streak virus685_.jpg,1,1,1
streak virus686_.jpg,1,1,1
streak virus687_.jpg,1,1,1
streak virus688_.jpg,1,1,1
streak virus689_.jpg,1,1,1
streak virus690_.jpg,1,1,1
streak virus691_.jpg,1,1,1
streak virus692_.jpg,1,1,1
streak virus693_.jpg,1,1,1
streak virus694_.jpg,1,1,1
streak virus695_.jpg,1,1,1
streak virus696_.jpg,1,1,1
streak virus697_.jpg,1,1,1
streak virus698_.jpg,1,1,1
streak virus699_.jpg,1,1,1
streak virus6_.jpg,1,1,1
streak virus700_.jpg,1,1,1
streak virus702_.jpg,1,1,1
streak virus703_.jpg,1,1,1
streak virus704_.jpg,1,1,1
streak virus705_.jpg,1,1,1
streak virus706_.jpg,1,1,1
streak virus707_.jpg,1,1,1
streak virus708_.jpg,1,1,1
streak virus709_.jpg,1,1,1
streak virus710_.jpg,1,1,1
streak virus711_.jpg,1,1,1
streak virus712_.jpg,1,1,1
streak virus713_.jpg,1,1,1
streak virus714_.jpg,1,1,1
streak virus715_.jpg,1,1,1
streak virus716_.jpg,1,1,1
streak virus717_.jpg,1,1,1
streak virus718_.jpg,1,1,1
streak virus719_.jpg,1,1,1
streak virus71_.jpg,1,1,1
streak virus720_.jpg,1,1,1
streak virus721_.jpg,1,1,1
streak virus722_.jpg,1,1,1
streak virus723_.jpg,1,1,1
streak virus724_.jpg,1,1,1
streak virus725_.jpg,1,1,1
streak virus726_.jpg,1,1,1
streak virus727_.jpg,1,1,1
streak virus728_.jpg,1,1,1
streak virus729_.jpg,1,1,1
streak virus72_.jpg,1,1,1
streak virus730_.jpg,1,1,1
streak virus731_.jpg,1,1,1
streak virus732_.jpg,1,1,1
streak virus733_.jpg,1,1,1
streak virus734_.jpg,1,1,1
streak virus735_.jpg,1,1,1
streak virus736_.jpg,1,1,1
streak virus737_.jpg,1,1,1
streak virus738_.jpg,1,1,1
streak virus739_.jpg,1,1,1
streak virus73_.jpg,1,1,1
streak virus740_.jpg,1,1,1
streak virus741_.jpg,1,1,1
streak virus742_.jpg,1,1,1
streak virus743_.jpg,1,1,1
streak virus744_.jpg,1,1,1
streak virus745_.jpg,1,1,1
streak virus746_.jpg,1,1,1
streak virus747_.jpg,1,1,1
streak virus748_.jpg,1,1,1
streak virus749_.jpg,1,1,1
streak virus74_.jpg,1,1,1
streak virus750_.jpg,1,1,1
streak virus751_.jpg,1,1,1
streak virus752_.jpg,1,1,1
streak virus753_.jpg,1,1,1
streak virus754_.jpg,1,1,1
streak virus755_.jpg,1,1,1
streak virus756_.jpg,1,1,1
streak virus757_.jpg,1,1,1
streak virus758_.jpg,1,1,1
streak virus759_.jpg,1,1,1
streak virus75_.jpg,1,1,1
streak virus760_.jpg,1,1,1
streak virus761_.jpg,1,1,1
streak virus762_.jpg,1,1,1
streak virus763_.jpg,1,1,1
streak virus764_.jpg,1,1,1
streak virus765_.jpg,1,1,1
streak virus766_.jpg,1,1,1
streak virus767_.jpg,1,1,1
streak virus768_.jpg,1,1,1
streak virus769_.jpg,1,1,1
streak virus76_.jpg,1,1,1
streak virus770_.jpg,1,1,1
streak virus771_.jpg,1,1,1
streak virus772_.jpg,1,1,1
streak virus775_.jpg,1,1,1
streak virus776_.jpg,1,1,1
streak virus777_.jpg,1,1,1
streak virus778_.jpg,1,1,1
streak virus779_.jpg,1,1,1
streak virus77_.jpg,1,1,1
streak virus781_.jpg,1,1,1
streak virus782_.jpg,1,1,1
streak virus783_.jpg,1,1,1
streak virus784_.jpg,1,1,1
streak virus785_.jpg,1,1,1
streak virus786_.jpg,1,1,1
streak virus787_.jpg,1,1,1
streak virus788_.jpg,1,1,1
streak virus789_.jpg,1,1,1
streak virus78_.jpg,1,1,1
streak virus790_.jpg,1,1,1
streak virus791_.jpg,1,1,1
streak virus792_.jpg,1,1,1
streak virus793_.jpg,1,1,1
streak virus794_.jpg,1,1,1
streak virus795_.jpg,1,1,1
streak virus796_.jpg,1,1,1
streak virus797_.jpg,1,1,1
streak virus798_.jpg,1,1,1
streak virus799_.jpg,1,1,1
streak virus79_.jpg,1,1,1
streak virus7_.jpg,1,1,1
streak virus800_.jpg,1,1,1
streak virus801_.jpg,1,1,1
streak virus802_.jpg,1,1,1
streak virus803_.jpg,1,1,1
streak virus804_.jpg,1,1,1
streak virus805_.jpg,1,1,1
streak virus806_.jpg,1,1,1
streak virus807_.jpg,1,1,1
streak virus808_.jpg,1,1,1
streak virus809_.jpg,1,1,1
streak virus80_.jpg,1,1,1
streak virus810_.jpg,1,1,1
streak virus811_.jpg,1,1,1
streak virus812_.jpg,1,1,1
streak virus815_.jpg,1,1,1
streak virus816_.jpg,1,1,1
streak virus817_.jpg,1,1,1
streak virus818_.jpg,1,1,1
streak virus819_.jpg,1,1,1
streak virus81_.jpg,1,1,1
streak virus820_.jpg,1,1,1
streak virus821_.jpg,1,1,1
streak virus822_.jpg,1,1,1
streak virus823_.jpg,1,1,1
streak virus824_.jpg,1,1,1
streak virus826_.jpg,1,1,1
streak virus827_.jpg,1,1,1
streak virus828_.jpg,1,1,1
streak virus829_.jpg,1,1,1
streak virus82_.jpg,1,1,1
streak virus830_.jpg,1,1,1
streak virus831_.jpg,1,1,1
streak virus832_.jpg,1,1,1
streak virus833_.jpg,1,1,1
streak virus834_.jpg,1,1,1
streak virus835_.jpg,1,1,1
streak virus836_.jpg,1,1,1
streak virus837_.jpg,1,1,1
streak virus838_.jpg,1,1,1
streak virus839_.jpg,1,1,1
streak virus83_.jpg,1,1,1
streak virus840_.jpg,1,1,1
streak virus841_.jpg,1,1,1
streak virus842_.jpg,1,1,1
streak virus843_.jpg,1,1,1
streak virus844_.jpg,1,1,1
streak virus845_.jpg,1,1,1
streak virus846_.jpg,1,1,1
streak virus847_.jpg,1,1,1
streak virus848_.jpg,1,1,1
streak virus849_.jpg,1,1,1
streak virus84_.jpg,1,1,1
streak virus850_.jpg,1,1,1
streak virus851_.jpg,1,1,1
streak virus852_.jpg,1,1,1
streak virus853_.jpg,1,1,1
streak virus854_.jpg,1,1,1
streak virus855_.jpg,1,1,1
streak virus856_.jpg,1,1,1
streak virus857_.jpg,1,1,1
streak virus858_.jpg,1,1,1
streak virus859_.jpg,1,1,1
streak virus85_.jpg,1,1,1
streak virus860_.jpg,1,1,1
streak virus861_.jpg,1,1,1
streak virus862_.jpg,1,1,1
streak virus863_.jpg,1,1,1
streak virus864_.jpg,1,1,1
streak virus865_.jpg,1,1,1
streak virus866_.jpg,1,1,1
streak virus867_.jpg,1,1,1
streak virus868_.jpg,1,1,1
streak virus869_.jpg,1,1,1
streak virus86_.jpg,1,1,1
streak virus870_.jpg,1,1,1
streak virus871_.jpg,1,1,1
streak virus872_.jpg,1,1,1
streak virus873_.jpg,1,1,1
streak virus874_.jpg,1,1,1
streak virus875_.jpg,1,1,1
streak virus876_.jpg,1,1,1
streak virus877_.jpg,1,1,1
streak virus878_.jpg,1,1,1
streak virus879_.jpg,1,1,1
streak virus87_.jpg,1,1,1
streak virus880_.jpg,1,1,1
streak virus881_.jpg,1,1,1
streak virus882_.jpg,1,1,1
streak virus883_.jpg,1,1,1
streak virus884_.jpg,1,1,1
streak virus885_.jpg,1,1,1
streak virus886_.jpg,1,1,1
streak virus887_.jpg,1,1,1
streak virus888_.jpg,1,1,1
streak virus889_.jpg,1,1,1
streak virus88_.jpg,1,1,1
streak virus890_.jpg,1,1,1
streak virus891_.jpg,1,1,1
streak virus892_.jpg,1,1,1
streak virus893_.jpg,1,1,1
streak virus894_.jpg,1,1,1
streak virus895_.jpg,1,1,1
streak virus896_.jpg,1,1,1
streak virus897_.jpg,1,1,1
streak virus898_.jpg,1,1,1
streak virus899_.jpg,1,1,1
streak virus89_.jpg,1,1,1
streak virus8_.jpg,1,1,1
streak virus900_.jpg,1,1,1
streak virus901_.jpg,1,1,1
streak virus902_.jpg,1,1,1
streak virus903_.jpg,1,1,1
streak virus904_.jpg,1,1,1
streak virus905_.jpg,1,1,1
streak virus906_.jpg,1,1,1
streak virus907_.jpg,1,1,1
streak virus908_.jpg,1,1,1
streak virus909_.jpg,1,1,1
streak virus90_.jpg,1,1,1
streak virus910_.jpg,1,1,1
streak virus911_.jpg,1,1,1
streak virus912_.jpg,1,1,1
streak virus913_.jpg,1,1,1
streak virus914_.jpg,1,1,1
streak virus915_.jpg,1,1,1
streak virus916_.jpg,1,1,1
streak virus917_.jpg,1,1,1
streak virus918_.jpg,1,1,1
streak virus919_.jpg,1,1,1
streak virus91_.jpg,1,1,1
streak virus920_.jpg,1,1,1
streak virus921_.jpg,1,1,1
streak virus922_.jpg,1,1,1
streak virus923_.jpg,1,1,1
streak virus924_.jpg,1,1,1
streak virus925_.jpg,1,1,1
streak virus926_.jpg,1,1,1
streak virus927_.jpg,1,1,1
streak virus928_.jpg,1,1,1
streak virus929_.jpg,1,1,1
streak virus92_.jpg,1,1,1
streak virus930_.jpg,1,1,1
streak virus931_.jpg,1,1,1
streak virus932_.jpg,1,1,1
streak virus933_.jpg,1,1,1
streak virus934_.jpg,1,1,1
streak virus935_.jpg,1,1,1
streak virus936_.jpg,1,1,1
streak virus937_.jpg,1,1,1
streak virus938_.jpg,1,1,1
streak virus939_.jpg,1,1,1
streak virus93_.jpg,1,1,1
streak virus940_.jpg,1,1,1
streak virus941_.jpg,1,1,1
streak virus942_.jpg,1,1,1
streak virus943_.jpg,1,1,1
streak virus944_.jpg,1,1,1
streak virus945_.jpg,1,1,1
streak virus946_.jpg,1,1,1
streak virus947_.jpg,1,1,1
streak virus948_.jpg,1,1,1
streak virus949_.jpg,1,1,1
streak virus94_.jpg,1,1,1
streak virus950_.jpg,1,1,1
streak virus951_.jpg,1,1,1
streak virus952_.jpg,1,1,1
streak virus953_.jpg,1,1,1
streak virus954_.jpg,1,1,1
streak virus955_.jpg,1,1,1
streak virus956_.jpg,1,1,1
streak virus957_.jpg,1,1,1
streak virus958_.jpg,1,1,1
streak virus959_.jpg,1,1,1
streak virus95_.jpg,1,1,1
streak virus960_.jpg,1,1,1
streak virus961_.jpg,1,1,1
streak virus962_.jpg,1,1,1
streak virus963_.jpg,1,1,1
streak virus964_.jpg,1,1,1
streak virus965_.jpg,1,1,1
streak virus966_.jpg,1,1,1
streak virus967_.jpg,1,1,1
streak virus968_.jpg,1,1,1
streak virus969_.jpg,1,1,1
streak virus96_.jpg,1,1,1
streak virus970_.jpg,1,1,1
streak virus971_.jpg,1,1,1
streak virus972_.jpg,1,1,1
streak virus973_.jpg,1,1,1
streak virus974_.jpg,1,1,1
streak virus975_.jpg,1,1,1
streak virus976_.jpg,1,1,1
streak virus977_.jpg,1,1,1
streak virus978_.jpg,1,1,1
streak virus979_.jpg,1,1,1
streak virus97_.jpg,1,1,1
streak virus980_.jpg,1,1,1
streak virus981_.jpg,1,1,1
streak virus982_.jpg,1,1,1
streak virus983_.jpg,1,1,1
streak virus984_.jpg,1,1,1
streak virus985_.jpg,1,1,1
streak virus986_.jpg,1,1,1
streak virus988_.jpg,1,1,1
streak virus989_.jpg,1,1,1
streak virus98_.jpg,1,1,1
streak virus990_.jpg,1,1,1
streak virus991_.jpg,1,1,1
streak virus992_.jpg,1,1,1
streak virus993_.jpg,1,1,1
streak virus994_.jpg,1,1,1
streak virus995_.jpg,1,1,1
streak virus996_.jpg,1,1,1
streak virus999_.jpg,1,1,1
streak virus99_.jpg,1,1,1
streak virus9_.jpg,1,1,1
0maize_train_leaf blight.JPG,1,2,1
0maize_valid_leaf blight.JPG,1,2,1
1000maize_valid_leaf blight.JPG,1,2,1
1001maize_valid_leaf blight.JPG,1,2,1
1002maize_valid_leaf blight.JPG,1,2,1
1003maize_valid_leaf blight.JPG,1,2,1
100maize_train_leaf blight.JPG,1,2,1
100maize_valid_leaf blight.JPG,1,2,1
101maize_train_leaf blight.JPG,1,2,1
101maize_valid_leaf blight.JPG,1,2,1
102maize_train_leaf blight.JPG,1,2,1
102maize_valid_leaf blight.JPG,1,2,1
103maize_train_leaf blight.JPG,1,2,1
103maize_valid_leaf blight.JPG,1,2,1
104maize_train_leaf blight.JPG,1,2,1
104maize_valid_leaf blight.JPG,1,2,1
105maize_train_leaf blight.JPG,1,2,1
105maize_valid_leaf blight.JPG,1,2,1
106maize_train_leaf blight.JPG,1,2,1
106maize_valid_leaf blight.JPG,1,2,1
107maize_train_leaf blight.JPG,1,2,1
107maize_valid_leaf blight.JPG,1,2,1
10maize_train_leaf blight.JPG,1,2,1
10maize_valid_leaf blight.JPG,1,2,1
11maize_train_leaf blight.JPG,1,2,1
11maize_valid_leaf blight.JPG,1,2,1
12maize_train_leaf blight.JPG,1,2,1
12maize_valid_leaf blight.JPG,1,2,1
1324maize_train_leaf blight.JPG,1,2,1
1325maize_train_leaf blight.JPG,1,2,1
1326maize_train_leaf blight.JPG,1,2,1
1327maize_train_leaf blight.JPG,1,2,1
13maize_train_leaf blight.JPG,1,2,1
13maize_valid_leaf blight.JPG,1,2,1
140maize_valid_leaf blight.JPG,1,2,1
141maize_valid_leaf blight.JPG,1,2,1
142maize_valid_leaf blight.JPG,1,2,1
143maize_valid_leaf blight.JPG,1,2,1
144maize_valid_leaf blight.JPG,1,2,1
145maize_valid_leaf blight.JPG,1,2,1
146maize_valid_leaf blight.JPG,1,2,1
147maize_valid_leaf blight.JPG,1,2,1
148maize_valid_leaf blight.JPG,1,2,1
149maize_valid_leaf blight.JPG,1,2,1
14maize_train_leaf blight.JPG,1,2,1
14maize_valid_leaf blight.JPG,1,2,1
150maize_valid_leaf blight.JPG,1,2,1
151maize_valid_leaf blight.JPG,1,2,1
154maize_valid_leaf blight.JPG,1,2,1
155maize_valid_leaf blight.JPG,1,2,1
158maize_valid_leaf blight.JPG,1,2,1
159maize_valid_leaf blight.JPG,1,2,1
15maize_train_leaf blight.JPG,1,2,1
15maize_valid_leaf blight.JPG,1,2,1
160maize_valid_leaf blight.JPG,1,2,1
161maize_valid_leaf blight.JPG,1,2,1
168maize_train_leaf blight.JPG,1,2,1
169maize_train_leaf blight.JPG,1,2,1
16maize_train_leaf blight.JPG,1,2,1
16maize_valid_leaf blight.JPG,1,2,1
170maize_train_leaf blight.JPG,1,2,1
171maize_train_leaf blight.JPG,1,2,1
172maize_train_leaf blight.JPG,1,2,1
173maize_train_leaf blight.JPG,1,2,1
174maize_train_leaf blight.JPG,1,2,1
174maize_valid_leaf blight.JPG,1,2,1
175maize_train_leaf blight.JPG,1,2,1
175maize_valid_leaf blight.JPG,1,2,1
176maize_train_leaf blight.JPG,1,2,1
176maize_valid_leaf blight.JPG,1,2,1
177maize_train_leaf blight.JPG,1,2,1
177maize_valid_leaf blight.JPG,1,2,1
178maize_train_leaf blight.JPG,1,2,1
179maize_train_leaf blight.JPG,1,2,1
17maize_train_leaf blight.JPG,1,2,1
17maize_valid_leaf blight.JPG,1,2,1
180maize_train_leaf blight.JPG,1,2,1
181maize_train_leaf blight.JPG,1,2,1
182maize_train_leaf blight.JPG,1,2,1
183maize_train_leaf blight.JPG,1,2,1
184maize_train_leaf blight.JPG,1,2,1
185maize_train_leaf blight.JPG,1,2,1
186maize_train_leaf blight.JPG,1,2,1
187maize_train_leaf blight.JPG,1,2,1
188maize_train_leaf blight.JPG,1,2,1
189maize_train_leaf blight.JPG,1,2,1
18maize_train_leaf blight.JPG,1,2,1
18maize_valid_leaf blight.JPG,1,2,1
190maize_train_leaf blight.JPG,1,2,1
191maize_train_leaf blight.JPG,1,2,1
192maize_train_leaf blight.JPG,1,2,1
193maize_train_leaf blight.JPG,1,2,1
194maize_train_leaf blight.JPG,1,2,1
194maize_valid_leaf blight.JPG,1,2,1
195maize_train_leaf blight.JPG,1,2,1
195maize_valid_leaf blight.JPG,1,2,1
196maize_train_leaf blight.JPG,1,2,1
196maize_valid_leaf blight.JPG,1,2,1
197maize_train_leaf blight.JPG,1,2,1
197maize_valid_leaf blight.JPG,1,2,1
198maize_train_leaf blight.JPG,1,2,1
198maize_valid_leaf blight.JPG,1,2,1
199maize_train_leaf blight.JPG,1,2,1
199maize_valid_leaf blight.JPG,1,2,1
19maize_train_leaf blight.JPG,1,2,1
19maize_valid_leaf blight.JPG,1,2,1
1maize_train_leaf blight.JPG,1,2,1
1maize_valid_leaf blight.JPG,1,2,1
200maize_valid_leaf blight.JPG,1,2,1
201maize_valid_leaf blight.JPG,1,2,1
202maize_valid_leaf blight.JPG,1,2,1
203maize_valid_leaf blight.JPG,1,2,1
204maize_valid_leaf blight.JPG,1,2,1
2056maize_train_leaf blight.JPG,1,2,1
2057maize_train_leaf blight.JPG,1,2,1
2058maize_train_leaf blight.JPG,1,2,1
2059maize_train_leaf blight.JPG,1,2,1
205maize_valid_leaf blight.JPG,1,2,1
2060maize_train_leaf blight.JPG,1,2,1
2061maize_train_leaf blight.JPG,1,2,1
2062maize_train_leaf blight.JPG,1,2,1
2063maize_train_leaf blight.JPG,1,2,1
2064maize_train_leaf blight.JPG,1,2,1
2065maize_train_leaf blight.JPG,1,2,1
2066maize_train_leaf blight.JPG,1,2,1
2067maize_train_leaf blight.JPG,1,2,1
2068maize_train_leaf blight.JPG,1,2,1
2069maize_train_leaf blight.JPG,1,2,1
2070maize_train_leaf blight.JPG,1,2,1
2071maize_train_leaf blight.JPG,1,2,1
2072maize_train_leaf blight.JPG,1,2,1
2073maize_train_leaf blight.JPG,1,2,1
2074maize_train_leaf blight.JPG,1,2,1
2075maize_train_leaf blight.JPG,1,2,1
2076maize_train_leaf blight.JPG,1,2,1
2077maize_train_leaf blight.JPG,1,2,1
2078maize_train_leaf blight.JPG,1,2,1
2079maize_train_leaf blight.JPG,1,2,1
2080maize_train_leaf blight.JPG,1,2,1
2081maize_train_leaf blight.JPG,1,2,1
2082maize_train_leaf blight.JPG,1,2,1
2083maize_train_leaf blight.JPG,1,2,1
2084maize_train_leaf blight.JPG,1,2,1
2085maize_train_leaf blight.JPG,1,2,1
2086maize_train_leaf blight.JPG,1,2,1
2087maize_train_leaf blight.JPG,1,2,1
2088maize_train_leaf blight.JPG,1,2,1
2089maize_train_leaf blight.JPG,1,2,1
208maize_valid_leaf blight.JPG,1,2,1
2090maize_train_leaf blight.JPG,1,2,1
2091maize_train_leaf blight.JPG,1,2,1
2092maize_train_leaf blight.JPG,1,2,1
2093maize_train_leaf blight.JPG,1,2,1
2094maize_train_leaf blight.JPG,1,2,1
2095maize_train_leaf blight.JPG,1,2,1
2096maize_train_leaf blight.JPG,1,2,1
2097maize_train_leaf blight.JPG,1,2,1
2098maize_train_leaf blight.JPG,1,2,1
2099maize_train_leaf blight.JPG,1,2,1
209maize_valid_leaf blight.JPG,1,2,1
20maize_train_leaf blight.JPG,1,2,1
20maize_valid_leaf blight.JPG,1,2,1
2100maize_train_leaf blight.JPG,1,2,1
2101maize_train_leaf blight.JPG,1,2,1
2102maize_train_leaf blight.JPG,1,2,1
2103maize_train_leaf blight.JPG,1,2,1
2104maize_train_leaf blight.JPG,1,2,1
2105maize_train_leaf blight.JPG,1,2,1
2106maize_train_leaf blight.JPG,1,2,1
2107maize_train_leaf blight.JPG,1,2,1
2108maize_train_leaf blight.JPG,1,2,1
2109maize_train_leaf blight.JPG,1,2,1
2110maize_train_leaf blight.JPG,1,2,1
2111maize_train_leaf blight.JPG,1,2,1
2112maize_train_leaf blight.JPG,1,2,1
2113maize_train_leaf blight.JPG,1,2,1
2114maize_train_leaf blight.JPG,1,2,1
2115maize_train_leaf blight.JPG,1,2,1
2116maize_train_leaf blight.JPG,1,2,1
2118maize_train_leaf blight.JPG,1,2,1
2119maize_train_leaf blight.JPG,1,2,1
212maize_valid_leaf blight.JPG,1,2,1
213maize_valid_leaf blight.JPG,1,2,1
2168maize_train_leaf blight.JPG,1,2,1
2169maize_train_leaf blight.JPG,1,2,1
216maize_valid_leaf blight.JPG,1,2,1
2170maize_train_leaf blight.JPG,1,2,1
2171maize_train_leaf blight.JPG,1,2,1
2172maize_train_leaf blight.JPG,1,2,1
2173maize_train_leaf blight.JPG,1,2,1
2174maize_train_leaf blight.JPG,1,2,1
2175maize_train_leaf blight.JPG,1,2,1
2176maize_train_leaf blight.JPG,1,2,1
2177maize_train_leaf blight.JPG,1,2,1
2178maize_train_leaf blight.JPG,1,2,1
2179maize_train_leaf blight.JPG,1,2,1
217maize_valid_leaf blight.JPG,1,2,1
2180maize_train_leaf blight.JPG,1,2,1
2181maize_train_leaf blight.JPG,1,2,1
2182maize_train_leaf blight.JPG,1,2,1
2183maize_train_leaf blight.JPG,1,2,1
2184maize_train_leaf blight.JPG,1,2,1
2185maize_train_leaf blight.JPG,1,2,1
2186maize_train_leaf blight.JPG,1,2,1
2187maize_train_leaf blight.JPG,1,2,1
2188maize_train_leaf blight.JPG,1,2,1
2189maize_train_leaf blight.JPG,1,2,1
2190maize_train_leaf blight.JPG,1,2,1
2191maize_train_leaf blight.JPG,1,2,1
2192maize_train_leaf blight.JPG,1,2,1
2193maize_train_leaf blight.JPG,1,2,1
2194maize_train_leaf blight.JPG,1,2,1
2195maize_train_leaf blight.JPG,1,2,1
2196maize_train_leaf blight.JPG,1,2,1
2197maize_train_leaf blight.JPG,1,2,1
2198maize_train_leaf blight.JPG,1,2,1
2199maize_train_leaf blight.JPG,1,2,1
21maize_train_leaf blight.JPG,1,2,1
21maize_valid_leaf blight.JPG,1,2,1
2200maize_train_leaf blight.JPG,1,2,1
2201maize_train_leaf blight.JPG,1,2,1
2202maize_train_leaf blight.JPG,1,2,1
2203maize_train_leaf blight.JPG,1,2,1
2204maize_train_leaf blight.JPG,1,2,1
2205maize_train_leaf blight.JPG,1,2,1
2206maize_train_leaf blight.JPG,1,2,1
2207maize_train_leaf blight.JPG,1,2,1
2208maize_train_leaf blight.JPG,1,2,1
2209maize_train_leaf blight.JPG,1,2,1
2210maize_train_leaf blight.JPG,1,2,1
2211maize_train_leaf blight.JPG,1,2,1
2212maize_train_leaf blight.JPG,1,2,1
2213maize_train_leaf blight.JPG,1,2,1
2214maize_train_leaf blight.JPG,1,2,1
2215maize_train_leaf blight.JPG,1,2,1
2216maize_train_leaf blight.JPG,1,2,1
2217maize_train_leaf blight.JPG,1,2,1
2218maize_train_leaf blight.JPG,1,2,1
2219maize_train_leaf blight.JPG,1,2,1
2220maize_train_leaf blight.JPG,1,2,1
2221maize_train_leaf blight.JPG,1,2,1
2222maize_train_leaf blight.JPG,1,2,1
2223maize_train_leaf blight.JPG,1,2,1
2268maize_train_leaf blight.JPG,1,2,1
2269maize_train_leaf blight.JPG,1,2,1
2270maize_train_leaf blight.JPG,1,2,1
2271maize_train_leaf blight.JPG,1,2,1
2272maize_train_leaf blight.JPG,1,2,1
2273maize_train_leaf blight.JPG,1,2,1
2274maize_train_leaf blight.JPG,1,2,1
2275maize_train_leaf blight.JPG,1,2,1
2276maize_train_leaf blight.JPG,1,2,1
2277maize_train_leaf blight.JPG,1,2,1
2278maize_train_leaf blight.JPG,1,2,1
2279maize_train_leaf blight.JPG,1,2,1
2280maize_train_leaf blight.JPG,1,2,1
2281maize_train_leaf blight.JPG,1,2,1
2282maize_train_leaf blight.JPG,1,2,1
2283maize_train_leaf blight.JPG,1,2,1
2284maize_train_leaf blight.JPG,1,2,1
2285maize_train_leaf blight.JPG,1,2,1
2286maize_train_leaf blight.JPG,1,2,1
2287maize_train_leaf blight.JPG,1,2,1
2288maize_train_leaf blight.JPG,1,2,1
2289maize_train_leaf blight.JPG,1,2,1
2290maize_train_leaf blight.JPG,1,2,1
2291maize_train_leaf blight.JPG,1,2,1
2292maize_train_leaf blight.JPG,1,2,1
2293maize_train_leaf blight.JPG,1,2,1
2294maize_train_leaf blight.JPG,1,2,1
2295maize_train_leaf blight.JPG,1,2,1
2296maize_train_leaf blight.JPG,1,2,1
2297maize_train_leaf blight.JPG,1,2,1
2298maize_train_leaf blight.JPG,1,2,1
2299maize_train_leaf blight.JPG,1,2,1
22maize_train_leaf blight.JPG,1,2,1
22maize_valid_leaf blight.JPG,1,2,1
2300maize_train_leaf blight.JPG,1,2,1
2301maize_train_leaf blight.JPG,1,2,1
2302maize_train_leaf blight.JPG,1,2,1
2303maize_train_leaf blight.JPG,1,2,1
2304maize_train_leaf blight.JPG,1,2,1
2305maize_train_leaf blight.JPG,1,2,1
2306maize_train_leaf blight.JPG,1,2,1
2307maize_train_leaf blight.JPG,1,2,1
2308maize_train_leaf blight.JPG,1,2,1
2309maize_train_leaf blight.JPG,1,2,1
2310maize_train_leaf blight.JPG,1,2,1
2311maize_train_leaf blight.JPG,1,2,1
23maize_train_leaf blight.JPG,1,2,1
23maize_valid_leaf blight.JPG,1,2,1
24maize_valid_leaf blight.JPG,1,2,1
25maize_valid_leaf blight.JPG,1,2,1
26maize_valid_leaf blight.JPG,1,2,1
27maize_valid_leaf blight.JPG,1,2,1
280maize_valid_leaf blight.JPG,1,2,1
281maize_valid_leaf blight.JPG,1,2,1
282maize_valid_leaf blight.JPG,1,2,1
283maize_valid_leaf blight.JPG,1,2,1
284maize_valid_leaf blight.JPG,1,2,1
285maize_valid_leaf blight.JPG,1,2,1
286maize_valid_leaf blight.JPG,1,2,1
287maize_valid_leaf blight.JPG,1,2,1
288maize_valid_leaf blight.JPG,1,2,1
289maize_valid_leaf blight.JPG,1,2,1
28maize_valid_leaf blight.JPG,1,2,1
290maize_valid_leaf blight.JPG,1,2,1
291maize_valid_leaf blight.JPG,1,2,1
292maize_valid_leaf blight.JPG,1,2,1
293maize_valid_leaf blight.JPG,1,2,1
294maize_valid_leaf blight.JPG,1,2,1
295maize_valid_leaf blight.JPG,1,2,1
296maize_valid_leaf blight.JPG,1,2,1
297maize_valid_leaf blight.JPG,1,2,1
298maize_valid_leaf blight.JPG,1,2,1
299maize_valid_leaf blight.JPG,1,2,1
29maize_valid_leaf blight.JPG,1,2,1
2maize_train_leaf blight.JPG,1,2,1
2maize_valid_leaf blight.JPG,1,2,1
300maize_valid_leaf blight.JPG,1,2,1
301maize_valid_leaf blight.JPG,1,2,1
302maize_valid_leaf blight.JPG,1,2,1
303maize_valid_leaf blight.JPG,1,2,1
308maize_train_leaf blight.JPG,1,2,1
309maize_train_leaf blight.JPG,1,2,1
30maize_valid_leaf blight.JPG,1,2,1
310maize_train_leaf blight.JPG,1,2,1
311maize_train_leaf blight.JPG,1,2,1
312maize_train_leaf blight.JPG,1,2,1
313maize_train_leaf blight.JPG,1,2,1
314maize_train_leaf blight.JPG,1,2,1
315maize_train_leaf blight.JPG,1,2,1
316maize_train_leaf blight.JPG,1,2,1
317maize_train_leaf blight.JPG,1,2,1
318maize_train_leaf blight.JPG,1,2,1
319maize_train_leaf blight.JPG,1,2,1
31maize_valid_leaf blight.JPG,1,2,1
320maize_train_leaf blight.JPG,1,2,1
321maize_train_leaf blight.JPG,1,2,1
322maize_train_leaf blight.JPG,1,2,1
323maize_train_leaf blight.JPG,1,2,1
32maize_valid_leaf blight.JPG,1,2,1
33maize_valid_leaf blight.JPG,1,2,1
34maize_valid_leaf blight.JPG,1,2,1
356maize_valid_leaf blight.JPG,1,2,1
357maize_valid_leaf blight.JPG,1,2,1
358maize_valid_leaf blight.JPG,1,2,1
359maize_valid_leaf blight.JPG,1,2,1
35maize_valid_leaf blight.JPG,1,2,1
360maize_valid_leaf blight.JPG,1,2,1
361maize_valid_leaf blight.JPG,1,2,1
362maize_valid_leaf blight.JPG,1,2,1
363maize_valid_leaf blight.JPG,1,2,1
364maize_valid_leaf blight.JPG,1,2,1
365maize_valid_leaf blight.JPG,1,2,1
366maize_valid_leaf blight.JPG,1,2,1
367maize_valid_leaf blight.JPG,1,2,1
36maize_valid_leaf blight.JPG,1,2,1
376maize_valid_leaf blight.JPG,1,2,1
377maize_valid_leaf blight.JPG,1,2,1
378maize_valid_leaf blight.JPG,1,2,1
379maize_valid_leaf blight.JPG,1,2,1
37maize_valid_leaf blight.JPG,1,2,1
380maize_valid_leaf blight.JPG,1,2,1
381maize_valid_leaf blight.JPG,1,2,1
382maize_valid_leaf blight.JPG,1,2,1
383maize_valid_leaf blight.JPG,1,2,1
384maize_valid_leaf blight.JPG,1,2,1
385maize_valid_leaf blight.JPG,1,2,1
386maize_valid_leaf blight.JPG,1,2,1
387maize_valid_leaf blight.JPG,1,2,1
38maize_valid_leaf blight.JPG,1,2,1
39maize_valid_leaf blight.JPG,1,2,1
3maize_train_leaf blight.JPG,1,2,1
3maize_valid_leaf blight.JPG,1,2,1
400maize_valid_leaf blight.JPG,1,2,1
401maize_valid_leaf blight.JPG,1,2,1
402maize_valid_leaf blight.JPG,1,2,1
403maize_valid_leaf blight.JPG,1,2,1
404maize_valid_leaf blight.JPG,1,2,1
405maize_valid_leaf blight.JPG,1,2,1
406maize_valid_leaf blight.JPG,1,2,1
407maize_valid_leaf blight.JPG,1,2,1
408maize_valid_leaf blight.JPG,1,2,1
409maize_valid_leaf blight.JPG,1,2,1
40maize_train_leaf blight.JPG,1,2,1
40maize_valid_leaf blight.JPG,1,2,1
410maize_valid_leaf blight.JPG,1,2,1
411maize_valid_leaf blight.JPG,1,2,1
412maize_valid_leaf blight.JPG,1,2,1
413maize_valid_leaf blight.JPG,1,2,1
414maize_valid_leaf blight.JPG,1,2,1
415maize_valid_leaf blight.JPG,1,2,1
416maize_valid_leaf blight.JPG,1,2,1
417maize_valid_leaf blight.JPG,1,2,1
418maize_valid_leaf blight.JPG,1,2,1
419maize_valid_leaf blight.JPG,1,2,1
41maize_train_leaf blight.JPG,1,2,1
41maize_valid_leaf blight.JPG,1,2,1
420maize_valid_leaf blight.JPG,1,2,1
421maize_valid_leaf blight.JPG,1,2,1
422maize_valid_leaf blight.JPG,1,2,1
423maize_valid_leaf blight.JPG,1,2,1
424maize_valid_leaf blight.JPG,1,2,1
425maize_valid_leaf blight.JPG,1,2,1
426maize_valid_leaf blight.JPG,1,2,1
427maize_valid_leaf blight.JPG,1,2,1
428maize_valid_leaf blight.JPG,1,2,1
429maize_valid_leaf blight.JPG,1,2,1
42maize_train_leaf blight.JPG,1,2,1
42maize_valid_leaf blight.JPG,1,2,1
430maize_valid_leaf blight.JPG,1,2,1
431maize_valid_leaf blight.JPG,1,2,1
432maize_valid_leaf blight.JPG,1,2,1
433maize_valid_leaf blight.JPG,1,2,1
434maize_valid_leaf blight.JPG,1,2,1
435maize_valid_leaf blight.JPG,1,2,1
436maize_valid_leaf blight.JPG,1,2,1
437maize_valid_leaf blight.JPG,1,2,1
438maize_valid_leaf blight.JPG,1,2,1
439maize_valid_leaf blight.JPG,1,2,1
43maize_train_leaf blight.JPG,1,2,1
43maize_valid_leaf blight.JPG,1,2,1
440maize_valid_leaf blight.JPG,1,2,1
441maize_valid_leaf blight.JPG,1,2,1
442maize_valid_leaf blight.JPG,1,2,1
443maize_valid_leaf blight.JPG,1,2,1
444maize_valid_leaf blight.JPG,1,2,1
445maize_valid_leaf blight.JPG,1,2,1
446maize_valid_leaf blight.JPG,1,2,1
447maize_valid_leaf blight.JPG,1,2,1
448maize_valid_leaf blight.JPG,1,2,1
449maize_valid_leaf blight.JPG,1,2,1
44maize_train_leaf blight.JPG,1,2,1
450maize_valid_leaf blight.JPG,1,2,1
451maize_valid_leaf blight.JPG,1,2,1
452maize_valid_leaf blight.JPG,1,2,1
453maize_valid_leaf blight.JPG,1,2,1
454maize_valid_leaf blight.JPG,1,2,1
455maize_valid_leaf blight.JPG,1,2,1
456maize_valid_leaf blight.JPG,1,2,1
457maize_valid_leaf blight.JPG,1,2,1
458maize_valid_leaf blight.JPG,1,2,1
459maize_valid_leaf blight.JPG,1,2,1
45maize_train_leaf blight.JPG,1,2,1
460maize_valid_leaf blight.JPG,1,2,1
461maize_valid_leaf blight.JPG,1,2,1
462maize_valid_leaf blight.JPG,1,2,1
463maize_valid_leaf blight.JPG,1,2,1
46maize_train_leaf blight.JPG,1,2,1
47maize_train_leaf blight.JPG,1,2,1
4maize_train_leaf blight.JPG,1,2,1
4maize_valid_leaf blight.JPG,1,2,1
516maize_valid_leaf blight.JPG,1,2,1
517maize_valid_leaf blight.JPG,1,2,1
518maize_valid_leaf blight.JPG,1,2,1
519maize_valid_leaf blight.JPG,1,2,1
56maize_train_leaf blight.JPG,1,2,1
57maize_train_leaf blight.JPG,1,2,1
58maize_train_leaf blight.JPG,1,2,1
59maize_train_leaf blight.JPG,1,2,1
5maize_train_leaf blight.JPG,1,2,1
5maize_valid_leaf blight.JPG,1,2,1
60maize_train_leaf blight.JPG,1,2,1
61maize_train_leaf blight.JPG,1,2,1
62maize_train_leaf blight.JPG,1,2,1
63maize_train_leaf blight.JPG,1,2,1
64maize_train_leaf blight.JPG,1,2,1
652maize_train_leaf blight.JPG,1,2,1
653maize_train_leaf blight.JPG,1,2,1
654maize_train_leaf blight.JPG,1,2,1
655maize_train_leaf blight.JPG,1,2,1
656maize_train_leaf blight.JPG,1,2,1
657maize_train_leaf blight.JPG,1,2,1
658maize_train_leaf blight.JPG,1,2,1
659maize_train_leaf blight.JPG,1,2,1
65maize_train_leaf blight.JPG,1,2,1
660maize_train_leaf blight.JPG,1,2,1
661maize_train_leaf blight.JPG,1,2,1
662maize_train_leaf blight.JPG,1,2,1
663maize_train_leaf blight.JPG,1,2,1
664maize_train_leaf blight.JPG,1,2,1
664maize_valid_leaf blight.JPG,1,2,1
665maize_train_leaf blight.JPG,1,2,1
665maize_valid_leaf blight.JPG,1,2,1
666maize_train_leaf blight.JPG,1,2,1
666maize_valid_leaf blight.JPG,1,2,1
667maize_train_leaf blight.JPG,1,2,1
667maize_valid_leaf blight.JPG,1,2,1
668maize_train_leaf blight.JPG,1,2,1
668maize_valid_leaf blight.JPG,1,2,1
669maize_train_leaf blight.JPG,1,2,1
669maize_valid_leaf blight.JPG,1,2,1
66maize_train_leaf blight.JPG,1,2,1
670maize_train_leaf blight.JPG,1,2,1
670maize_valid_leaf blight.JPG,1,2,1
671maize_train_leaf blight.JPG,1,2,1
671maize_valid_leaf blight.JPG,1,2,1
672maize_train_leaf blight.JPG,1,2,1
672maize_valid_leaf blight.JPG,1,2,1
673maize_train_leaf blight.JPG,1,2,1
674maize_train_leaf blight.JPG,1,2,1
674maize_valid_leaf blight.JPG,1,2,1
675maize_train_leaf blight.JPG,1,2,1
675maize_valid_leaf blight.JPG,1,2,1
676maize_train_leaf blight.JPG,1,2,1
676maize_valid_leaf blight.JPG,1,2,1
677maize_train_leaf blight.JPG,1,2,1
677maize_valid_leaf blight.JPG,1,2,1
678maize_train_leaf blight.JPG,1,2,1
678maize_valid_leaf blight.JPG,1,2,1
679maize_train_leaf blight.JPG,1,2,1
679maize_valid_leaf blight.JPG,1,2,1
67maize_train_leaf blight.JPG,1,2,1
680maize_train_leaf blight.JPG,1,2,1
680maize_valid_leaf blight.JPG,1,2,1
681maize_train_leaf blight.JPG,1,2,1
681maize_valid_leaf blight.JPG,1,2,1
682maize_train_leaf blight.JPG,1,2,1
682maize_valid_leaf blight.JPG,1,2,1
683maize_train_leaf blight.JPG,1,2,1
683maize_valid_leaf blight.JPG,1,2,1
684maize_train_leaf blight.JPG,1,2,1
684maize_valid_leaf blight.JPG,1,2,1
685maize_train_leaf blight.JPG,1,2,1
685maize_valid_leaf blight.JPG,1,2,1
686maize_train_leaf blight.JPG,1,2,1
686maize_valid_leaf blight.JPG,1,2,1
687maize_train_leaf blight.JPG,1,2,1
687maize_valid_leaf blight.JPG,1,2,1
688maize_train_leaf blight.JPG,1,2,1
688maize_valid_leaf blight.JPG,1,2,1
689maize_train_leaf blight.JPG,1,2,1
689maize_valid_leaf blight.JPG,1,2,1
690maize_train_leaf blight.JPG,1,2,1
690maize_valid_leaf blight.JPG,1,2,1
691maize_train_leaf blight.JPG,1,2,1
691maize_valid_leaf blight.JPG,1,2,1
692maize_valid_leaf blight.JPG,1,2,1
693maize_valid_leaf blight.JPG,1,2,1
694maize_valid_leaf blight.JPG,1,2,1
695maize_valid_leaf blight.JPG,1,2,1
696maize_valid_leaf blight.JPG,1,2,1
697maize_valid_leaf blight.JPG,1,2,1
698maize_valid_leaf blight.JPG,1,2,1
699maize_valid_leaf blight.JPG,1,2,1
6maize_train_leaf blight.JPG,1,2,1
6maize_valid_leaf blight.JPG,1,2,1
700maize_valid_leaf blight.JPG,1,2,1
701maize_valid_leaf blight.JPG,1,2,1
702maize_valid_leaf blight.JPG,1,2,1
703maize_valid_leaf blight.JPG,1,2,1
704maize_valid_leaf blight.JPG,1,2,1
705maize_valid_leaf blight.JPG,1,2,1
706maize_valid_leaf blight.JPG,1,2,1
707maize_valid_leaf blight.JPG,1,2,1
708maize_valid_leaf blight.JPG,1,2,1
709maize_valid_leaf blight.JPG,1,2,1
710maize_valid_leaf blight.JPG,1,2,1
711maize_valid_leaf blight.JPG,1,2,1
772maize_valid_leaf blight.JPG,1,2,1
773maize_valid_leaf blight.JPG,1,2,1
774maize_valid_leaf blight.JPG,1,2,1
775maize_valid_leaf blight.JPG,1,2,1
776maize_valid_leaf blight.JPG,1,2,1
777maize_valid_leaf blight.JPG,1,2,1
778maize_valid_leaf blight.JPG,1,2,1
779maize_valid_leaf blight.JPG,1,2,1
796maize_valid_leaf blight.JPG,1,2,1
797maize_valid_leaf blight.JPG,1,2,1
798maize_valid_leaf blight.JPG,1,2,1
799maize_valid_leaf blight.JPG,1,2,1
7maize_train_leaf blight.JPG,1,2,1
7maize_valid_leaf blight.JPG,1,2,1
800maize_valid_leaf blight.JPG,1,2,1
801maize_valid_leaf blight.JPG,1,2,1
802maize_valid_leaf blight.JPG,1,2,1
803maize_valid_leaf blight.JPG,1,2,1
828maize_valid_leaf blight.JPG,1,2,1
829maize_valid_leaf blight.JPG,1,2,1
830maize_valid_leaf blight.JPG,1,2,1
831maize_valid_leaf blight.JPG,1,2,1
832maize_valid_leaf blight.JPG,1,2,1
833maize_valid_leaf blight.JPG,1,2,1
834maize_valid_leaf blight.JPG,1,2,1
835maize_valid_leaf blight.JPG,1,2,1
856maize_valid_leaf blight.JPG,1,2,1
857maize_valid_leaf blight.JPG,1,2,1
858maize_valid_leaf blight.JPG,1,2,1
859maize_valid_leaf blight.JPG,1,2,1
860maize_valid_leaf blight.JPG,1,2,1
861maize_valid_leaf blight.JPG,1,2,1
862maize_valid_leaf blight.JPG,1,2,1
863maize_valid_leaf blight.JPG,1,2,1
872maize_valid_leaf blight.JPG,1,2,1
873maize_valid_leaf blight.JPG,1,2,1
874maize_valid_leaf blight.JPG,1,2,1
875maize_valid_leaf blight.JPG,1,2,1
876maize_valid_leaf blight.JPG,1,2,1
877maize_valid_leaf blight.JPG,1,2,1
878maize_valid_leaf blight.JPG,1,2,1
879maize_valid_leaf blight.JPG,1,2,1
880maize_valid_leaf blight.JPG,1,2,1
881maize_valid_leaf blight.JPG,1,2,1
882maize_valid_leaf blight.JPG,1,2,1
883maize_valid_leaf blight.JPG,1,2,1
884maize_valid_leaf blight.JPG,1,2,1
885maize_valid_leaf blight.JPG,1,2,1
886maize_valid_leaf blight.JPG,1,2,1
887maize_valid_leaf blight.JPG,1,2,1
88maize_valid_leaf blight.JPG,1,2,1
898maize_valid_leaf blight.JPG,1,2,1
899maize_valid_leaf blight.JPG,1,2,1
89maize_valid_leaf blight.JPG,1,2,1
8maize_train_leaf blight.JPG,1,2,1
8maize_valid_leaf blight.JPG,1,2,1
902maize_valid_leaf blight.JPG,1,2,1
903maize_valid_leaf blight.JPG,1,2,1
908maize_valid_leaf blight.JPG,1,2,1
909maize_valid_leaf blight.JPG,1,2,1
90maize_valid_leaf blight.JPG,1,2,1
912maize_valid_leaf blight.JPG,1,2,1
913maize_valid_leaf blight.JPG,1,2,1
916maize_valid_leaf blight.JPG,1,2,1
917maize_valid_leaf blight.JPG,1,2,1
918maize_valid_leaf blight.JPG,1,2,1
919maize_valid_leaf blight.JPG,1,2,1
91maize_valid_leaf blight.JPG,1,2,1
920maize_train_leaf blight.JPG,1,2,1
920maize_valid_leaf blight.JPG,1,2,1
921maize_train_leaf blight.JPG,1,2,1
921maize_valid_leaf blight.JPG,1,2,1
922maize_train_leaf blight.JPG,1,2,1
922maize_valid_leaf blight.JPG,1,2,1
923maize_train_leaf blight.JPG,1,2,1
923maize_valid_leaf blight.JPG,1,2,1
924maize_train_leaf blight.JPG,1,2,1
924maize_valid_leaf blight.JPG,1,2,1
925maize_train_leaf blight.JPG,1,2,1
925maize_valid_leaf blight.JPG,1,2,1
926maize_train_leaf blight.JPG,1,2,1
926maize_valid_leaf blight.JPG,1,2,1
927maize_train_leaf blight.JPG,1,2,1
927maize_valid_leaf blight.JPG,1,2,1
928maize_train_leaf blight.JPG,1,2,1
929maize_train_leaf blight.JPG,1,2,1
92maize_valid_leaf blight.JPG,1,2,1
930maize_train_leaf blight.JPG,1,2,1
931maize_train_leaf blight.JPG,1,2,1
932maize_train_leaf blight.JPG,1,2,1
933maize_train_leaf blight.JPG,1,2,1
934maize_train_leaf blight.JPG,1,2,1
935maize_train_leaf blight.JPG,1,2,1
936maize_train_leaf blight.JPG,1,2,1
937maize_train_leaf blight.JPG,1,2,1
938maize_train_leaf blight.JPG,1,2,1
939maize_train_leaf blight.JPG,1,2,1
93maize_valid_leaf blight.JPG,1,2,1
940maize_train_leaf blight.JPG,1,2,1
941maize_train_leaf blight.JPG,1,2,1
942maize_train_leaf blight.JPG,1,2,1
943maize_train_leaf blight.JPG,1,2,1
944maize_train_leaf blight.JPG,1,2,1
944maize_valid_leaf blight.JPG,1,2,1
945maize_train_leaf blight.JPG,1,2,1
945maize_valid_leaf blight.JPG,1,2,1
946maize_train_leaf blight.JPG,1,2,1
947maize_train_leaf blight.JPG,1,2,1
948maize_train_leaf blight.JPG,1,2,1
948maize_valid_leaf blight.JPG,1,2,1
949maize_train_leaf blight.JPG,1,2,1
949maize_valid_leaf blight.JPG,1,2,1
94maize_valid_leaf blight.JPG,1,2,1
950maize_train_leaf blight.JPG,1,2,1
951maize_train_leaf blight.JPG,1,2,1
952maize_train_leaf blight.JPG,1,2,1
952maize_valid_leaf blight.JPG,1,2,1
953maize_train_leaf blight.JPG,1,2,1
953maize_valid_leaf blight.JPG,1,2,1
954maize_train_leaf blight.JPG,1,2,1
955maize_train_leaf blight.JPG,1,2,1
956maize_train_leaf blight.JPG,1,2,1
957maize_train_leaf blight.JPG,1,2,1
958maize_train_leaf blight.JPG,1,2,1
959maize_train_leaf blight.JPG,1,2,1
95maize_valid_leaf blight.JPG,1,2,1
960maize_train_leaf blight.JPG,1,2,1
961maize_train_leaf blight.JPG,1,2,1
962maize_train_leaf blight.JPG,1,2,1
963maize_train_leaf blight.JPG,1,2,1
96maize_valid_leaf blight.JPG,1,2,1
978maize_valid_leaf blight.JPG,1,2,1
979maize_valid_leaf blight.JPG,1,2,1
97maize_valid_leaf blight.JPG,1,2,1
980maize_valid_leaf blight.JPG,1,2,1
981maize_valid_leaf blight.JPG,1,2,1
98maize_valid_leaf blight.JPG,1,2,1
994maize_valid_leaf blight.JPG,1,2,1
995maize_valid_leaf blight.JPG,1,2,1
996maize_valid_leaf blight.JPG,1,2,1
997maize_valid_leaf blight.JPG,1,2,1
998maize_valid_leaf blight.JPG,1,2,1
999maize_valid_leaf blight.JPG,1,2,1
99maize_valid_leaf blight.JPG,1,2,1
9maize_train_leaf blight.JPG,1,2,1
9maize_valid_leaf blight.JPG,1,2,1
leaf blight1000_.jpg,1,2,1
leaf blight1001_.jpg,1,2,1
leaf blight1002_.jpg,1,2,1
leaf blight1003_.jpg,1,2,1
leaf blight1004_.jpg,1,2,1
leaf blight1005_.jpg,1,2,1
leaf blight1006_.jpg,1,2,1
leaf blight1007_.jpg,1,2,1
leaf blight1008_.jpg,1,2,1
leaf blight1009_.jpg,1,2,1
leaf blight100_.jpg,1,2,1
leaf blight1010_.jpg,1,2,1
leaf blight1011_.jpg,1,2,1
leaf blight1012_.jpg,1,2,1
leaf blight101_.jpg,1,2,1
leaf blight102_.jpg,1,2,1
leaf blight103_.jpg,1,2,1
leaf blight104_.jpg,1,2,1
leaf blight105_.jpg,1,2,1
leaf blight106_.jpg,1,2,1
leaf blight107_.jpg,1,2,1
leaf blight108_.jpg,1,2,1
leaf blight109_.jpg,1,2,1
leaf blight10_.jpg,1,2,1
leaf blight110_.jpg,1,2,1
leaf blight111_.jpg,1,2,1
leaf blight112_.jpg,1,2,1
leaf blight113_.jpg,1,2,1
leaf blight114_.jpg,1,2,1
leaf blight115_.jpg,1,2,1
leaf blight116_.jpg,1,2,1
leaf blight117_.jpg,1,2,1
leaf blight118_.jpg,1,2,1
leaf blight119_.jpg,1,2,1
leaf blight11_.jpg,1,2,1
leaf blight120_.jpg,1,2,1
leaf blight121_.jpg,1,2,1
leaf blight122_.jpg,1,2,1
leaf blight123_.jpg,1,2,1
leaf blight124_.jpg,1,2,1
leaf blight125_.jpg,1,2,1
leaf blight126_.jpg,1,2,1
leaf blight127_.jpg,1,2,1
leaf blight128_.jpg,1,2,1
leaf blight129_.jpg,1,2,1
leaf blight12_.jpg,1,2,1
leaf blight130_.jpg,1,2,1
leaf blight131_.jpg,1,2,1
leaf blight132_.jpg,1,2,1
leaf blight133_.jpg,1,2,1
leaf blight134_.jpg,1,2,1
leaf blight135_.jpg,1,2,1
leaf blight136_.jpg,1,2,1
leaf blight137_.jpg,1,2,1
leaf blight138_.jpg,1,2,1
leaf blight139_.jpg,1,2,1
leaf blight13_.jpg,1,2,1
leaf blight140_.jpg,1,2,1
leaf blight141_.jpg,1,2,1
leaf blight142_.jpg,1,2,1
leaf blight143_.jpg,1,2,1
leaf blight144_.jpg,1,2,1
leaf blight145_.jpg,1,2,1
leaf blight146_.jpg,1,2,1
leaf blight147_.jpg,1,2,1
leaf blight148_.jpg,1,2,1
leaf blight149_.jpg,1,2,1
leaf blight14_.jpg,1,2,1
leaf blight150_.jpg,1,2,1
leaf blight151_.jpg,1,2,1
leaf blight152_.jpg,1,2,1
leaf blight153_.jpg,1,2,1
leaf blight154_.jpg,1,2,1
leaf blight155_.jpg,1,2,1
leaf blight156_.jpg,1,2,1
leaf blight157_.jpg,1,2,1
leaf blight158_.jpg,1,2,1
leaf blight159_.jpg,1,2,1
leaf blight15_.jpg,1,2,1
leaf blight160_.jpg,1,2,1
leaf blight161_.jpg,1,2,1
leaf blight162_.jpg,1,2,1
leaf blight163_.jpg,1,2,1
leaf blight164_.jpg,1,2,1
leaf blight165_.jpg,1,2,1
leaf blight166_.jpg,1,2,1
leaf blight167_.jpg,1,2,1
leaf blight168_.jpg,1,2,1
leaf blight169_.jpg,1,2,1
leaf blight16_.jpg,1,2,1
leaf blight170_.jpg,1,2,1
leaf blight171_.jpg,1,2,1
leaf blight172_.jpg,1,2,1
leaf blight173_.jpg,1,2,1
leaf blight174_.jpg,1,2,1
leaf blight175_.jpg,1,2,1
leaf blight176_.jpg,1,2,1
leaf blight177_.jpg,1,2,1
leaf blight178_.jpg,1,2,1
leaf blight179_.jpg,1,2,1
leaf blight17_.jpg,1,2,1
leaf blight180_.jpg,1,2,1
leaf blight181_.jpg,1,2,1
leaf blight182_.jpg,1,2,1
leaf blight183_.jpg,1,2,1
leaf blight184_.jpg,1,2,1
leaf blight185_.jpg,1,2,1
leaf blight186_.jpg,1,2,1
leaf blight187_.jpg,1,2,1
leaf blight188_.jpg,1,2,1
leaf blight189_.jpg,1,2,1
leaf blight18_.jpg,1,2,1
leaf blight190_.jpg,1,2,1
leaf blight191_.jpg,1,2,1
leaf blight192_.jpg,1,2,1
leaf blight193_.jpg,1,2,1
leaf blight194_.jpg,1,2,1
leaf blight195_.jpg,1,2,1
leaf blight196_.jpg,1,2,1
leaf blight197_.jpg,1,2,1
leaf blight198_.jpg,1,2,1
leaf blight199_.jpg,1,2,1
leaf blight19_.jpg,1,2,1
leaf blight200_.jpg,1,2,1
leaf blight201_.jpg,1,2,1
leaf blight202_.jpg,1,2,1
leaf blight203_.jpg,1,2,1
leaf blight204_.jpg,1,2,1
leaf blight205_.jpg,1,2,1
leaf blight206_.jpg,1,2,1
leaf blight207_.jpg,1,2,1
leaf blight208_.jpg,1,2,1
leaf blight209_.jpg,1,2,1
leaf blight20_.jpg,1,2,1
leaf blight210_.jpg,1,2,1
leaf blight211_.jpg,1,2,1
leaf blight212_.jpg,1,2,1
leaf blight213_.jpg,1,2,1
leaf blight214_.jpg,1,2,1
leaf blight215_.jpg,1,2,1
leaf blight216_.jpg,1,2,1
leaf blight217_.jpg,1,2,1
leaf blight218_.jpg,1,2,1
leaf blight219_.jpg,1,2,1
leaf blight21_.jpg,1,2,1
leaf blight220_.jpg,1,2,1
leaf blight221_.jpg,1,2,1
leaf blight222_.jpg,1,2,1
leaf blight223_.jpg,1,2,1
leaf blight224_.jpg,1,2,1
leaf blight225_.jpg,1,2,1
leaf blight226_.jpg,1,2,1
leaf blight227_.jpg,1,2,1
leaf blight228_.jpg,1,2,1
leaf blight229_.jpg,1,2,1
leaf blight22_.jpg,1,2,1
leaf blight230_.jpg,1,2,1
leaf blight231_.jpg,1,2,1
leaf blight232_.jpg,1,2,1
leaf blight233_.jpg,1,2,1
leaf blight234_.jpg,1,2,1
leaf blight235_.jpg,1,2,1
leaf blight236_.jpg,1,2,1
leaf blight237_.jpg,1,2,1
leaf blight238_.jpg,1,2,1
leaf blight239_.jpg,1,2,1
leaf blight23_.jpg,1,2,1
leaf blight240_.jpg,1,2,1
leaf blight241_.jpg,1,2,1
leaf blight242_.jpg,1,2,1
leaf blight243_.jpg,1,2,1
leaf blight244_.jpg,1,2,1
leaf blight245_.jpg,1,2,1
leaf blight246_.jpg,1,2,1
leaf blight247_.jpg,1,2,1
leaf blight248_.jpg,1,2,1
leaf blight249_.jpg,1,2,1
leaf blight24_.jpg,1,2,1
leaf blight250_.jpg,1,2,1
leaf blight251_.jpg,1,2,1
leaf blight252_.jpg,1,2,1
leaf blight253_.jpg,1,2,1
leaf blight254_.jpg,1,2,1
leaf blight255_.jpg,1,2,1
leaf blight256_.jpg,1,2,1
leaf blight257_.jpg,1,2,1
leaf blight258_.jpg,1,2,1
leaf blight259_.jpg,1,2,1
leaf blight25_.jpg,1,2,1
leaf blight260_.jpg,1,2,1
leaf blight261_.jpg,1,2,1
leaf blight262_.jpg,1,2,1
leaf blight263_.jpg,1,2,1
leaf blight264_.jpg,1,2,1
leaf blight265_.jpg,1,2,1
leaf blight266_.jpg,1,2,1
leaf blight267_.jpg,1,2,1
leaf blight268_.jpg,1,2,1
leaf blight269_.jpg,1,2,1
leaf blight26_.jpg,1,2,1
leaf blight270_.jpg,1,2,1
leaf blight271_.jpg,1,2,1
leaf blight272_.jpg,1,2,1
leaf blight273_.jpg,1,2,1
leaf blight274_.jpg,1,2,1
leaf blight275_.jpg,1,2,1
leaf blight276_.jpg,1,2,1
leaf blight277_.jpg,1,2,1
leaf blight278_.jpg,1,2,1
leaf blight279_.jpg,1,2,1
leaf blight27_.jpg,1,2,1
leaf blight280_.jpg,1,2,1
leaf blight281_.jpg,1,2,1
leaf blight282_.jpg,1,2,1
leaf blight283_.jpg,1,2,1
leaf blight284_.jpg,1,2,1
leaf blight285_.jpg,1,2,1
leaf blight286_.jpg,1,2,1
leaf blight287_.jpg,1,2,1
leaf blight288_.jpg,1,2,1
leaf blight289_.jpg,1,2,1
leaf blight28_.jpg,1,2,1
leaf blight290_.jpg,1,2,1
leaf blight291_.jpg,1,2,1
leaf blight292_.jpg,1,2,1
leaf blight293_.jpg,1,2,1
leaf blight294_.jpg,1,2,1
leaf blight295_.jpg,1,2,1
leaf blight296_.jpg,1,2,1
leaf blight297_.jpg,1,2,1
leaf blight298_.jpg,1,2,1
leaf blight299_.jpg,1,2,1
leaf blight29_.jpg,1,2,1
leaf blight2_.jpg,1,2,1
leaf blight300_.jpg,1,2,1
leaf blight301_.jpg,1,2,1
leaf blight302_.jpg,1,2,1
leaf blight303_.jpg,1,2,1
leaf blight304_.jpg,1,2,1
leaf blight305_.jpg,1,2,1
leaf blight306_.jpg,1,2,1
leaf blight307_.jpg,1,2,1
leaf blight308_.jpg,1,2,1
leaf blight309_.jpg,1,2,1
leaf blight30_.jpg,1,2,1
leaf blight310_.jpg,1,2,1
leaf blight311_.jpg,1,2,1
leaf blight312_.jpg,1,2,1
leaf blight313_.jpg,1,2,1
leaf blight314_.jpg,1,2,1
leaf blight315_.jpg,1,2,1
leaf blight316_.jpg,1,2,1
leaf blight317_.jpg,1,2,1
leaf blight318_.jpg,1,2,1
leaf blight319_.jpg,1,2,1
leaf blight31_.jpg,1,2,1
leaf blight320_.jpg,1,2,1
leaf blight321_.jpg,1,2,1
leaf blight322_.jpg,1,2,1
leaf blight323_.jpg,1,2,1
leaf blight324_.jpg,1,2,1
leaf blight325_.jpg,1,2,1
leaf blight326_.jpg,1,2,1
leaf blight327_.jpg,1,2,1
leaf blight328_.jpg,1,2,1
leaf blight329_.jpg,1,2,1
leaf blight32_.jpg,1,2,1
leaf blight330_.jpg,1,2,1
leaf blight331_.jpg,1,2,1
leaf blight332_.jpg,1,2,1
leaf blight333_.jpg,1,2,1
leaf blight334_.jpg,1,2,1
leaf blight335_.jpg,1,2,1
leaf blight336_.jpg,1,2,1
leaf blight337_.jpg,1,2,1
leaf blight338_.jpg,1,2,1
leaf blight339_.jpg,1,2,1
leaf blight33_.jpg,1,2,1
leaf blight340_.jpg,1,2,1
leaf blight341_.jpg,1,2,1
leaf blight342_.jpg,1,2,1
leaf blight343_.jpg,1,2,1
leaf blight344_.jpg,1,2,1
leaf blight345_.jpg,1,2,1
leaf blight346_.jpg,1,2,1
leaf blight347_.jpg,1,2,1
leaf blight348_.jpg,1,2,1
leaf blight349_.jpg,1,2,1
leaf blight34_.jpg,1,2,1
leaf blight350_.jpg,1,2,1
leaf blight351_.jpg,1,2,1
leaf blight352_.jpg,1,2,1
leaf blight353_.jpg,1,2,1
leaf blight354_.jpg,1,2,1
leaf blight355_.jpg,1,2,1
leaf blight356_.jpg,1,2,1
leaf blight357_.jpg,1,2,1
leaf blight358_.jpg,1,2,1
leaf blight359_.jpg,1,2,1
leaf blight35_.jpg,1,2,1
leaf blight360_.jpg,1,2,1
leaf blight361_.jpg,1,2,1
leaf blight362_.jpg,1,2,1
leaf blight363_.jpg,1,2,1
leaf blight364_.jpg,1,2,1
leaf blight365_.jpg,1,2,1
leaf blight366_.jpg,1,2,1
leaf blight367_.jpg,1,2,1
leaf blight368_.jpg,1,2,1
leaf blight369_.jpg,1,2,1
leaf blight36_.jpg,1,2,1
leaf blight370_.jpg,1,2,1
leaf blight371_.jpg,1,2,1
leaf blight372_.jpg,1,2,1
leaf blight373_.jpg,1,2,1
leaf blight374_.jpg,1,2,1
leaf blight375_.jpg,1,2,1
leaf blight376_.jpg,1,2,1
leaf blight377_.jpg,1,2,1
leaf blight378_.jpg,1,2,1
leaf blight380_.jpg,1,2,1
leaf blight381_.jpg,1,2,1
leaf blight382_.jpg,1,2,1
leaf blight383_.jpg,1,2,1
leaf blight384_.jpg,1,2,1
leaf blight385_.jpg,1,2,1
leaf blight386_.jpg,1,2,1
leaf blight387_.jpg,1,2,1
leaf blight388_.jpg,1,2,1
leaf blight389_.jpg,1,2,1
leaf blight38_.jpg,1,2,1
leaf blight390_.jpg,1,2,1
leaf blight391_.jpg,1,2,1
leaf blight392_.jpg,1,2,1
leaf blight393_.jpg,1,2,1
leaf blight394_.jpg,1,2,1
leaf blight395_.jpg,1,2,1
leaf blight396_.jpg,1,2,1
leaf blight397_.jpg,1,2,1
leaf blight398_.jpg,1,2,1
leaf blight399_.jpg,1,2,1
leaf blight39_.jpg,1,2,1
leaf blight3_.jpg,1,2,1
leaf blight400_.jpg,1,2,1
leaf blight401_.jpg,1,2,1
leaf blight402_.jpg,1,2,1
leaf blight403_.jpg,1,2,1
leaf blight404_.jpg,1,2,1
leaf blight405_.jpg,1,2,1
leaf blight406_.jpg,1,2,1
leaf blight407_.jpg,1,2,1
leaf blight408_.jpg,1,2,1
leaf blight409_.jpg,1,2,1
leaf blight40_.jpg,1,2,1
leaf blight410_.jpg,1,2,1
leaf blight411_.jpg,1,2,1
leaf blight412_.jpg,1,2,1
leaf blight413_.jpg,1,2,1
leaf blight414_.jpg,1,2,1
leaf blight415_.jpg,1,2,1
leaf blight416_.jpg,1,2,1
leaf blight417_.jpg,1,2,1
leaf blight418_.jpg,1,2,1
leaf blight419_.jpg,1,2,1
leaf blight41_.jpg,1,2,1
leaf blight420_.jpg,1,2,1
leaf blight421_.jpg,1,2,1
leaf blight422_.jpg,1,2,1
leaf blight423_.jpg,1,2,1
leaf blight424_.jpg,1,2,1
leaf blight425_.jpg,1,2,1
leaf blight426_.jpg,1,2,1
leaf blight427_.jpg,1,2,1
leaf blight428_.jpg,1,2,1
leaf blight429_.jpg,1,2,1
leaf blight42_.jpg,1,2,1
leaf blight430_.jpg,1,2,1
leaf blight431_.jpg,1,2,1
leaf blight432_.jpg,1,2,1
leaf blight433_.jpg,1,2,1
leaf blight434_.jpg,1,2,1
leaf blight435_.jpg,1,2,1
leaf blight436_.jpg,1,2,1
leaf blight437_.jpg,1,2,1
leaf blight438_.jpg,1,2,1
leaf blight439_.jpg,1,2,1
leaf blight43_.jpg,1,2,1
leaf blight440_.jpg,1,2,1
leaf blight441_.jpg,1,2,1
leaf blight442_.jpg,1,2,1
leaf blight443_.jpg,1,2,1
leaf blight444_.jpg,1,2,1
leaf blight445_.jpg,1,2,1
leaf blight446_.jpg,1,2,1
leaf blight447_.jpg,1,2,1
leaf blight448_.jpg,1,2,1
leaf blight449_.jpg,1,2,1
leaf blight44_.jpg,1,2,1
leaf blight450_.jpg,1,2,1
leaf blight451_.jpg,1,2,1
leaf blight454_.jpg,1,2,1
leaf blight455_.jpg,1,2,1
leaf blight456_.jpg,1,2,1
leaf blight457_.jpg,1,2,1
leaf blight458_.jpg,1,2,1
leaf blight459_.jpg,1,2,1
leaf blight45_.jpg,1,2,1
leaf blight460_.jpg,1,2,1
leaf blight461_.jpg,1,2,1
leaf blight462_.jpg,1,2,1
leaf blight463_.jpg,1,2,1
leaf blight464_.jpg,1,2,1
leaf blight465_.jpg,1,2,1
leaf blight466_.jpg,1,2,1
leaf blight467_.jpg,1,2,1
leaf blight468_.jpg,1,2,1
leaf blight469_.jpg,1,2,1
leaf blight46_.jpg,1,2,1
leaf blight470_.jpg,1,2,1
leaf blight471_.jpg,1,2,1
leaf blight472_.jpg,1,2,1
leaf blight473_.jpg,1,2,1
leaf blight474_.jpg,1,2,1
leaf blight475_.jpg,1,2,1
leaf blight476_.jpg,1,2,1
leaf blight477_.jpg,1,2,1
leaf blight478_.jpg,1,2,1
leaf blight479_.jpg,1,2,1
leaf blight47_.jpg,1,2,1
leaf blight480_.jpg,1,2,1
leaf blight481_.jpg,1,2,1
leaf blight482_.jpg,1,2,1
leaf blight483_.jpg,1,2,1
leaf blight484_.jpg,1,2,1
leaf blight485_.jpg,1,2,1
leaf blight486_.jpg,1,2,1
leaf blight487_.jpg,1,2,1
leaf blight488_.jpg,1,2,1
leaf blight489_.jpg,1,2,1
leaf blight48_.jpg,1,2,1
leaf blight490_.jpg,1,2,1
leaf blight491_.jpg,1,2,1
leaf blight492_.jpg,1,2,1
leaf blight493_.jpg,1,2,1
leaf blight494_.jpg,1,2,1
leaf blight495_.jpg,1,2,1
leaf blight496_.jpg,1,2,1
leaf blight497_.jpg,1,2,1
leaf blight498_.jpg,1,2,1
leaf blight499_.jpg,1,2,1
leaf blight49_.jpg,1,2,1
leaf blight4_.jpg,1,2,1
leaf blight500_.jpg,1,2,1
leaf blight501_.jpg,1,2,1
leaf blight502_.jpg,1,2,1
leaf blight503_.jpg,1,2,1
leaf blight504_.jpg,1,2,1
leaf blight505_.jpg,1,2,1
leaf blight506_.jpg,1,2,1
leaf blight507_.jpg,1,2,1
leaf blight508_.jpg,1,2,1
leaf blight509_.jpg,1,2,1
leaf blight50_.jpg,1,2,1
leaf blight510_.jpg,1,2,1
leaf blight511_.jpg,1,2,1
leaf blight512_.jpg,1,2,1
leaf blight513_.jpg,1,2,1
leaf blight514_.jpg,1,2,1
leaf blight515_.jpg,1,2,1
leaf blight516_.jpg,1,2,1
leaf blight517_.jpg,1,2,1
leaf blight518_.jpg,1,2,1
leaf blight519_.jpg,1,2,1
leaf blight51_.jpg,1,2,1
leaf blight520_.jpg,1,2,1
leaf blight521_.jpg,1,2,1
leaf blight523_.jpg,1,2,1
leaf blight524_.jpg,1,2,1
leaf blight525_.jpg,1,2,1
leaf blight526_.jpg,1,2,1
leaf blight527_.jpg,1,2,1
leaf blight528_.jpg,1,2,1
leaf blight529_.jpg,1,2,1
leaf blight52_.jpg,1,2,1
leaf blight530_.jpg,1,2,1
leaf blight531_.jpg,1,2,1
leaf blight532_.jpg,1,2,1
leaf blight533_.jpg,1,2,1
leaf blight534_.jpg,1,2,1
leaf blight535_.jpg,1,2,1
leaf blight536_.jpg,1,2,1
leaf blight537_.jpg,1,2,1
leaf blight538_.jpg,1,2,1
leaf blight539_.jpg,1,2,1
leaf blight53_.jpg,1,2,1
leaf blight540_.jpg,1,2,1
leaf blight541_.jpg,1,2,1
leaf blight542_.jpg,1,2,1
leaf blight543_.jpg,1,2,1
leaf blight544_.jpg,1,2,1
leaf blight545_.jpg,1,2,1
leaf blight546_.jpg,1,2,1
leaf blight547_.jpg,1,2,1
leaf blight548_.jpg,1,2,1
leaf blight549_.jpg,1,2,1
leaf blight54_.jpg,1,2,1
leaf blight550_.jpg,1,2,1
leaf blight551_.jpg,1,2,1
leaf blight552_.jpg,1,2,1
leaf blight553_.jpg,1,2,1
leaf blight554_.jpg,1,2,1
leaf blight555_.jpg,1,2,1
leaf blight556_.jpg,1,2,1
leaf blight557_.jpg,1,2,1
leaf blight558_.jpg,1,2,1
leaf blight559_.jpg,1,2,1
leaf blight55_.jpg,1,2,1
leaf blight560_.jpg,1,2,1
leaf blight561_.jpg,1,2,1
leaf blight562_.jpg,1,2,1
leaf blight563_.jpg,1,2,1
leaf blight564_.jpg,1,2,1
leaf blight565_.jpg,1,2,1
leaf blight566_.jpg,1,2,1
leaf blight567_.jpg,1,2,1
leaf blight568_.jpg,1,2,1
leaf blight569_.jpg,1,2,1
leaf blight56_.jpg,1,2,1
leaf blight570_.jpg,1,2,1
leaf blight571_.jpg,1,2,1
leaf blight572_.jpg,1,2,1
leaf blight573_.jpg,1,2,1
leaf blight574_.jpg,1,2,1
leaf blight575_.jpg,1,2,1
leaf blight576_.jpg,1,2,1
leaf blight577_.jpg,1,2,1
leaf blight578_.jpg,1,2,1
leaf blight579_.jpg,1,2,1
leaf blight57_.jpg,1,2,1
leaf blight580_.jpg,1,2,1
leaf blight581_.jpg,1,2,1
leaf blight582_.jpg,1,2,1
leaf blight583_.jpg,1,2,1
leaf blight584_.jpg,1,2,1
leaf blight585_.jpg,1,2,1
leaf blight586_.jpg,1,2,1
leaf blight587_.jpg,1,2,1
leaf blight588_.jpg,1,2,1
leaf blight589_.jpg,1,2,1
leaf blight591_.jpg,1,2,1
leaf blight592_.jpg,1,2,1
leaf blight593_.jpg,1,2,1
leaf blight595_.jpg,1,2,1
leaf blight596_.jpg,1,2,1
leaf blight597_.jpg,1,2,1
leaf blight598_.jpg,1,2,1
leaf blight599_.jpg,1,2,1
leaf blight59_.jpg,1,2,1
leaf blight5_.jpg,1,2,1
leaf blight600_.jpg,1,2,1
leaf blight601_.jpg,1,2,1
leaf blight602_.jpg,1,2,1
leaf blight603_.jpg,1,2,1
leaf blight604_.jpg,1,2,1
leaf blight605_.jpg,1,2,1
leaf blight606_.jpg,1,2,1
leaf blight607_.jpg,1,2,1
leaf blight608_.jpg,1,2,1
leaf blight609_.jpg,1,2,1
leaf blight60_.jpg,1,2,1
leaf blight610_.jpg,1,2,1
leaf blight611_.jpg,1,2,1
leaf blight612_.jpg,1,2,1
leaf blight613_.jpg,1,2,1
leaf blight614_.jpg,1,2,1
leaf blight615_.jpg,1,2,1
leaf blight616_.jpg,1,2,1
leaf blight617_.jpg,1,2,1
leaf blight618_.jpg,1,2,1
leaf blight619_.jpg,1,2,1
leaf blight61_.jpg,1,2,1
leaf blight620_.jpg,1,2,1
leaf blight621_.jpg,1,2,1
leaf blight622_.jpg,1,2,1
leaf blight623_.jpg,1,2,1
leaf blight624_.jpg,1,2,1
leaf blight625_.jpg,1,2,1
leaf blight626_.jpg,1,2,1
leaf blight627_.jpg,1,2,1
leaf blight628_.jpg,1,2,1
leaf blight629_.jpg,1,2,1
leaf blight62_.jpg,1,2,1
leaf blight630_.jpg,1,2,1
leaf blight631_.jpg,1,2,1
leaf blight632_.jpg,1,2,1
leaf blight633_.jpg,1,2,1
leaf blight634_.jpg,1,2,1
leaf blight635_.jpg,1,2,1
leaf blight636_.jpg,1,2,1
leaf blight637_.jpg,1,2,1
leaf blight638_.jpg,1,2,1
leaf blight639_.jpg,1,2,1
leaf blight63_.jpg,1,2,1
leaf blight640_.jpg,1,2,1
leaf blight641_.jpg,1,2,1
leaf blight642_.jpg,1,2,1
leaf blight643_.jpg,1,2,1
leaf blight644_.jpg,1,2,1
leaf blight645_.jpg,1,2,1
leaf blight646_.jpg,1,2,1
leaf blight647_.jpg,1,2,1
leaf blight648_.jpg,1,2,1
leaf blight649_.jpg,1,2,1
leaf blight64_.jpg,1,2,1
leaf blight650_.jpg,1,2,1
leaf blight651_.jpg,1,2,1
leaf blight652_.jpg,1,2,1
leaf blight653_.jpg,1,2,1
leaf blight654_.jpg,1,2,1
leaf blight655_.jpg,1,2,1
leaf blight656_.jpg,1,2,1
leaf blight657_.jpg,1,2,1
leaf blight658_.jpg,1,2,1
leaf blight659_.jpg,1,2,1
leaf blight65_.jpg,1,2,1
leaf blight660_.jpg,1,2,1
leaf blight661_.jpg,1,2,1
leaf blight662_.jpg,1,2,1
leaf blight663_.jpg,1,2,1
leaf blight664_.jpg,1,2,1
leaf blight665_.jpg,1,2,1
leaf blight668_.jpg,1,2,1
leaf blight669_.jpg,1,2,1
leaf blight66_.jpg,1,2,1
leaf blight670_.jpg,1,2,1
leaf blight671_.jpg,1,2,1
leaf blight672_.jpg,1,2,1
leaf blight673_.jpg,1,2,1
leaf blight674_.jpg,1,2,1
leaf blight675_.jpg,1,2,1
leaf blight676_.jpg,1,2,1
leaf blight677_.jpg,1,2,1
leaf blight678_.jpg,1,2,1
leaf blight679_.jpg,1,2,1
leaf blight67_.jpg,1,2,1
leaf blight680_.jpg,1,2,1
leaf blight681_.jpg,1,2,1
leaf blight682_.jpg,1,2,1
leaf blight683_.jpg,1,2,1
leaf blight684_.jpg,1,2,1
leaf blight685_.jpg,1,2,1
leaf blight686_.jpg,1,2,1
leaf blight687_.jpg,1,2,1
leaf blight688_.jpg,1,2,1
leaf blight689_.jpg,1,2,1
leaf blight68_.jpg,1,2,1
leaf blight690_.jpg,1,2,1
leaf blight691_.jpg,1,2,1
leaf blight692_.jpg,1,2,1
leaf blight693_.jpg,1,2,1
leaf blight694_.jpg,1,2,1
leaf blight695_.jpg,1,2,1
leaf blight696_.jpg,1,2,1
leaf blight697_.jpg,1,2,1
leaf blight698_.jpg,1,2,1
leaf blight699_.jpg,1,2,1
leaf blight69_.jpg,1,2,1
leaf blight6_.jpg,1,2,1
leaf blight700_.jpg,1,2,1
leaf blight701_.jpg,1,2,1
leaf blight702_.jpg,1,2,1
leaf blight703_.jpg,1,2,1
leaf blight704_.jpg,1,2,1
leaf blight705_.jpg,1,2,1
leaf blight706_.jpg,1,2,1
leaf blight707_.jpg,1,2,1
leaf blight708_.jpg,1,2,1
leaf blight709_.jpg,1,2,1
leaf blight70_.jpg,1,2,1
leaf blight710_.jpg,1,2,1
leaf blight711_.jpg,1,2,1
leaf blight712_.jpg,1,2,1
leaf blight713_.jpg,1,2,1
leaf blight714_.jpg,1,2,1
leaf blight715_.jpg,1,2,1
leaf blight716_.jpg,1,2,1
leaf blight717_.jpg,1,2,1
leaf blight718_.jpg,1,2,1
leaf blight719_.jpg,1,2,1
leaf blight71_.jpg,1,2,1
leaf blight720_.jpg,1,2,1
leaf blight721_.jpg,1,2,1
leaf blight722_.jpg,1,2,1
leaf blight723_.jpg,1,2,1
leaf blight724_.jpg,1,2,1
leaf blight725_.jpg,1,2,1
leaf blight726_.jpg,1,2,1
leaf blight727_.jpg,1,2,1
leaf blight728_.jpg,1,2,1
leaf blight729_.jpg,1,2,1
leaf blight72_.jpg,1,2,1
leaf blight730_.jpg,1,2,1
leaf blight731_.jpg,1,2,1
leaf blight732_.jpg,1,2,1
leaf blight733_.jpg,1,2,1
leaf blight734_.jpg,1,2,1
leaf blight735_.jpg,1,2,1
leaf blight736_.jpg,1,2,1
leaf blight737_.jpg,1,2,1
leaf blight738_.jpg,1,2,1
leaf blight739_.jpg,1,2,1
leaf blight73_.jpg,1,2,1
leaf blight740_.jpg,1,2,1
leaf blight741_.jpg,1,2,1
leaf blight742_.jpg,1,2,1
leaf blight743_.jpg,1,2,1
leaf blight744_.jpg,1,2,1
leaf blight747_.jpg,1,2,1
leaf blight748_.jpg,1,2,1
leaf blight749_.jpg,1,2,1
leaf blight74_.jpg,1,2,1
leaf blight750_.jpg,1,2,1
leaf blight751_.jpg,1,2,1
leaf blight752_.jpg,1,2,1
leaf blight753_.jpg,1,2,1
leaf blight754_.jpg,1,2,1
leaf blight755_.jpg,1,2,1
leaf blight756_.jpg,1,2,1
leaf blight757_.jpg,1,2,1
leaf blight758_.jpg,1,2,1
leaf blight759_.jpg,1,2,1
leaf blight75_.jpg,1,2,1
leaf blight760_.jpg,1,2,1
leaf blight761_.jpg,1,2,1
leaf blight762_.jpg,1,2,1
leaf blight763_.jpg,1,2,1
leaf blight764_.jpg,1,2,1
leaf blight765_.jpg,1,2,1
leaf blight766_.jpg,1,2,1
leaf blight767_.jpg,1,2,1
leaf blight768_.jpg,1,2,1
leaf blight769_.jpg,1,2,1
leaf blight76_.jpg,1,2,1
leaf blight770_.jpg,1,2,1
leaf blight771_.jpg,1,2,1
leaf blight772_.jpg,1,2,1
leaf blight773_.jpg,1,2,1
leaf blight774_.jpg,1,2,1
leaf blight775_.jpg,1,2,1
leaf blight776_.jpg,1,2,1
leaf blight777_.jpg,1,2,1
leaf blight778_.jpg,1,2,1
leaf blight779_.jpg,1,2,1
leaf blight77_.jpg,1,2,1
leaf blight780_.jpg,1,2,1
leaf blight781_.jpg,1,2,1
leaf blight782_.jpg,1,2,1
leaf blight783_.jpg,1,2,1
leaf blight784_.jpg,1,2,1
leaf blight785_.jpg,1,2,1
leaf blight786_.jpg,1,2,1
leaf blight787_.jpg,1,2,1
leaf blight788_.jpg,1,2,1
leaf blight789_.jpg,1,2,1
leaf blight78_.jpg,1,2,1
leaf blight790_.jpg,1,2,1
leaf blight791_.jpg,1,2,1
leaf blight792_.jpg,1,2,1
leaf blight793_.jpg,1,2,1
leaf blight794_.jpg,1,2,1
leaf blight795_.jpg,1,2,1
leaf blight796_.jpg,1,2,1
leaf blight797_.jpg,1,2,1
leaf blight798_.jpg,1,2,1
leaf blight799_.jpg,1,2,1
leaf blight79_.jpg,1,2,1
leaf blight7_.jpg,1,2,1
leaf blight800_.jpg,1,2,1
leaf blight801_.jpg,1,2,1
leaf blight807_.jpg,1,2,1
leaf blight808_.jpg,1,2,1
leaf blight809_.jpg,1,2,1
leaf blight80_.jpg,1,2,1
leaf blight810_.jpg,1,2,1
leaf blight811_.jpg,1,2,1
leaf blight812_.jpg,1,2,1
leaf blight813_.jpg,1,2,1
leaf blight814_.jpg,1,2,1
leaf blight815_.jpg,1,2,1
leaf blight816_.jpg,1,2,1
leaf blight817_.jpg,1,2,1
leaf blight818_.jpg,1,2,1
leaf blight819_.jpg,1,2,1
leaf blight81_.jpg,1,2,1
leaf blight820_.jpg,1,2,1
leaf blight821_.jpg,1,2,1
leaf blight822_.jpg,1,2,1
leaf blight823_.jpg,1,2,1
leaf blight824_.jpg,1,2,1
leaf blight825_.jpg,1,2,1
leaf blight826_.jpg,1,2,1
leaf blight827_.jpg,1,2,1
leaf blight828_.jpg,1,2,1
leaf blight829_.jpg,1,2,1
leaf blight831_.jpg,1,2,1
leaf blight832_.jpg,1,2,1
leaf blight833_.jpg,1,2,1
leaf blight834_.jpg,1,2,1
leaf blight835_.jpg,1,2,1
leaf blight836_.jpg,1,2,1
leaf blight837_.jpg,1,2,1
leaf blight838_.jpg,1,2,1
leaf blight839_.jpg,1,2,1
leaf blight83_.jpg,1,2,1
leaf blight840_.jpg,1,2,1
leaf blight841_.jpg,1,2,1
leaf blight842_.jpg,1,2,1
leaf blight843_.jpg,1,2,1
leaf blight844_.jpg,1,2,1
leaf blight845_.jpg,1,2,1
leaf blight846_.jpg,1,2,1
leaf blight847_.jpg,1,2,1
leaf blight848_.jpg,1,2,1
leaf blight849_.jpg,1,2,1
leaf blight84_.jpg,1,2,1
leaf blight850_.jpg,1,2,1
leaf blight851_.jpg,1,2,1
leaf blight852_.jpg,1,2,1
leaf blight853_.jpg,1,2,1
leaf blight854_.jpg,1,2,1
leaf blight855_.jpg,1,2,1
leaf blight856_.jpg,1,2,1
leaf blight857_.jpg,1,2,1
leaf blight858_.jpg,1,2,1
leaf blight859_.jpg,1,2,1
leaf blight85_.jpg,1,2,1
leaf blight860_.jpg,1,2,1
leaf blight861_.jpg,1,2,1
leaf blight862_.jpg,1,2,1
leaf blight863_.jpg,1,2,1
leaf blight864_.jpg,1,2,1
leaf blight865_.jpg,1,2,1
leaf blight866_.jpg,1,2,1
leaf blight867_.jpg,1,2,1
leaf blight868_.jpg,1,2,1
leaf blight869_.jpg,1,2,1
leaf blight86_.jpg,1,2,1
leaf blight870_.jpg,1,2,1
leaf blight871_.jpg,1,2,1
leaf blight872_.jpg,1,2,1
leaf blight873_.jpg,1,2,1
leaf blight874_.jpg,1,2,1
leaf blight875_.jpg,1,2,1
leaf blight876_.jpg,1,2,1
leaf blight877_.jpg,1,2,1
leaf blight878_.jpg,1,2,1
leaf blight879_.jpg,1,2,1
leaf blight87_.jpg,1,2,1
leaf blight880_.jpg,1,2,1
leaf blight881_.jpg,1,2,1
leaf blight882_.jpg,1,2,1
leaf blight883_.jpg,1,2,1
leaf blight884_.jpg,1,2,1
leaf blight885_.jpg,1,2,1
leaf blight886_.jpg,1,2,1
leaf blight887_.jpg,1,2,1
leaf blight888_.jpg,1,2,1
leaf blight889_.jpg,1,2,1
leaf blight88_.jpg,1,2,1
leaf blight890_.jpg,1,2,1
leaf blight891_.jpg,1,2,1
leaf blight892_.jpg,1,2,1
leaf blight893_.jpg,1,2,1
leaf blight894_.jpg,1,2,1
leaf blight895_.jpg,1,2,1
leaf blight896_.jpg,1,2,1
leaf blight897_.jpg,1,2,1
leaf blight898_.jpg,1,2,1
leaf blight899_.jpg,1,2,1
leaf blight89_.jpg,1,2,1
leaf blight8_.jpg,1,2,1
leaf blight900_.jpg,1,2,1
leaf blight901_.jpg,1,2,1
leaf blight902_.jpg,1,2,1
leaf blight903_.jpg,1,2,1
leaf blight904_.jpg,1,2,1
leaf blight905_.jpg,1,2,1
leaf blight906_.jpg,1,2,1
leaf blight907_.jpg,1,2,1
leaf blight908_.jpg,1,2,1
leaf blight909_.jpg,1,2,1
leaf blight90_.jpg,1,2,1
leaf blight910_.jpg,1,2,1
leaf blight911_.jpg,1,2,1
leaf blight914_.jpg,1,2,1
leaf blight915_.jpg,1,2,1
leaf blight916_.jpg,1,2,1
leaf blight917_.jpg,1,2,1
leaf blight918_.jpg,1,2,1
leaf blight919_.jpg,1,2,1
leaf blight91_.jpg,1,2,1
leaf blight920_.jpg,1,2,1
leaf blight921_.jpg,1,2,1
leaf blight922_.jpg,1,2,1
leaf blight923_.jpg,1,2,1
leaf blight924_.jpg,1,2,1
leaf blight925_.jpg,1,2,1
leaf blight926_.jpg,1,2,1
leaf blight927_.jpg,1,2,1
leaf blight928_.jpg,1,2,1
leaf blight929_.jpg,1,2,1
leaf blight92_.jpg,1,2,1
leaf blight930_.jpg,1,2,1
leaf blight931_.jpg,1,2,1
leaf blight932_.jpg,1,2,1
leaf blight933_.jpg,1,2,1
leaf blight934_.jpg,1,2,1
leaf blight935_.jpg,1,2,1
leaf blight936_.jpg,1,2,1
leaf blight937_.jpg,1,2,1
leaf blight938_.jpg,1,2,1
leaf blight939_.jpg,1,2,1
leaf blight93_.jpg,1,2,1
leaf blight940_.jpg,1,2,1
leaf blight941_.jpg,1,2,1
leaf blight942_.jpg,1,2,1
leaf blight943_.jpg,1,2,1
leaf blight944_.jpg,1,2,1
leaf blight945_.jpg,1,2,1
leaf blight946_.jpg,1,2,1
leaf blight947_.jpg,1,2,1
leaf blight948_.jpg,1,2,1
leaf blight949_.jpg,1,2,1
leaf blight94_.jpg,1,2,1
leaf blight950_.jpg,1,2,1
leaf blight951_.jpg,1,2,1
leaf blight952_.jpg,1,2,1
leaf blight953_.jpg,1,2,1
leaf blight954_.jpg,1,2,1
leaf blight955_.jpg,1,2,1
leaf blight956_.jpg,1,2,1
leaf blight957_.jpg,1,2,1
leaf blight958_.jpg,1,2,1
leaf blight959_.jpg,1,2,1
leaf blight95_.jpg,1,2,1
leaf blight960_.jpg,1,2,1
leaf blight961_.jpg,1,2,1
leaf blight962_.jpg,1,2,1
leaf blight963_.jpg,1,2,1
leaf blight964_.jpg,1,2,1
leaf blight965_.jpg,1,2,1
leaf blight966_.jpg,1,2,1
leaf blight967_.jpg,1,2,1
leaf blight968_.jpg,1,2,1
leaf blight969_.jpg,1,2,1
leaf blight96_.jpg,1,2,1
leaf blight970_.jpg,1,2,1
leaf blight971_.jpg,1,2,1
leaf blight972_.jpg,1,2,1
leaf blight973_.jpg,1,2,1
leaf blight974_.jpg,1,2,1
leaf blight975_.jpg,1,2,1
leaf blight976_.jpg,1,2,1
leaf blight977_.jpg,1,2,1
leaf blight978_.jpg,1,2,1
leaf blight979_.jpg,1,2,1
leaf blight97_.jpg,1,2,1
leaf blight980_.jpg,1,2,1
leaf blight981_.jpg,1,2,1
leaf blight982_.jpg,1,2,1
leaf blight983_.jpg,1,2,1
leaf blight984_.jpg,1,2,1
leaf blight985_.jpg,1,2,1
leaf blight986_.jpg,1,2,1
leaf blight987_.jpg,1,2,1
leaf blight988_.jpg,1,2,1
leaf blight989_.jpg,1,2,1
leaf blight990_.jpg,1,2,1
leaf blight991_.jpg,1,2,1
leaf blight992_.jpg,1,2,1
leaf blight993_.jpg,1,2,1
leaf blight994_.jpg,1,2,1
leaf blight995_.jpg,1,2,1
leaf blight996_.jpg,1,2,1
leaf blight997_.jpg,1,2,1
leaf blight998_.jpg,1,2,1
leaf blight999_.jpg,1,2,1
leaf blight99_.jpg,1,2,1
leaf blight9_.jpg,1,2,1
1010maize_train_leaf spot.JPG,1,3,1
1011maize_train_leaf spot.JPG,1,3,1
1012maize_train_leaf spot.JPG,1,3,1
1013maize_train_leaf spot.JPG,1,3,1
1014maize_train_leaf spot.JPG,1,3,1
1015maize_train_leaf spot.JPG,1,3,1
1016maize_train_leaf spot.JPG,1,3,1
1017maize_train_leaf spot.JPG,1,3,1
1018maize_train_leaf spot.JPG,1,3,1
1019maize_train_leaf spot.JPG,1,3,1
1020maize_train_leaf spot.JPG,1,3,1
1021maize_train_leaf spot.JPG,1,3,1
1022maize_train_leaf spot.JPG,1,3,1
1023maize_train_leaf spot.JPG,1,3,1
1024maize_train_leaf spot.JPG,1,3,1
1025maize_train_leaf spot.JPG,1,3,1
1026maize_train_leaf spot.JPG,1,3,1
1026maize_valid_leaf spot.JPG,1,3,1
1027maize_train_leaf spot.JPG,1,3,1
1027maize_valid_leaf spot.JPG,1,3,1
1028maize_train_leaf spot.JPG,1,3,1
1029maize_train_leaf spot.JPG,1,3,1
1030maize_train_leaf spot.JPG,1,3,1
1030maize_valid_leaf spot.JPG,1,3,1
1031maize_train_leaf spot.JPG,1,3,1
1031maize_valid_leaf spot.JPG,1,3,1
1032maize_train_leaf spot.JPG,1,3,1
1033maize_train_leaf spot.JPG,1,3,1
1034maize_train_leaf spot.JPG,1,3,1
1034maize_valid_leaf spot.JPG,1,3,1
1035maize_train_leaf spot.JPG,1,3,1
1035maize_valid_leaf spot.JPG,1,3,1
1036maize_train_leaf spot.JPG,1,3,1
1037maize_train_leaf spot.JPG,1,3,1
1038maize_train_leaf spot.JPG,1,3,1
1038maize_valid_leaf spot.JPG,1,3,1
1039maize_train_leaf spot.JPG,1,3,1
1039maize_valid_leaf spot.JPG,1,3,1
1040maize_train_leaf spot.JPG,1,3,1
1041maize_train_leaf spot.JPG,1,3,1
1042maize_valid_leaf spot.JPG,1,3,1
1043maize_valid_leaf spot.JPG,1,3,1
1046maize_valid_leaf spot.JPG,1,3,1
1047maize_valid_leaf spot.JPG,1,3,1
1050maize_valid_leaf spot.JPG,1,3,1
1051maize_valid_leaf spot.JPG,1,3,1
1054maize_valid_leaf spot.JPG,1,3,1
1055maize_valid_leaf spot.JPG,1,3,1
1058maize_valid_leaf spot.JPG,1,3,1
1059maize_valid_leaf spot.JPG,1,3,1
1062maize_valid_leaf spot.JPG,1,3,1
1063maize_valid_leaf spot.JPG,1,3,1
1066maize_valid_leaf spot.JPG,1,3,1
1067maize_valid_leaf spot.JPG,1,3,1
1071maize_valid_leaf spot.JPG,1,3,1
1074maize_valid_leaf spot.JPG,1,3,1
1075maize_valid_leaf spot.JPG,1,3,1
1098maize_train_leaf spot.JPG,1,3,1
1099maize_train_leaf spot.JPG,1,3,1
10maize_valid_leaf spot.JPG,1,3,1
1100maize_train_leaf spot.JPG,1,3,1
1101maize_train_leaf spot.JPG,1,3,1
1102maize_train_leaf spot.JPG,1,3,1
1103maize_train_leaf spot.JPG,1,3,1
1104maize_train_leaf spot.JPG,1,3,1
1105maize_train_leaf spot.JPG,1,3,1
1106maize_train_leaf spot.JPG,1,3,1
1107maize_train_leaf spot.JPG,1,3,1
1108maize_train_leaf spot.JPG,1,3,1
1109maize_train_leaf spot.JPG,1,3,1
1110maize_train_leaf spot.JPG,1,3,1
1111maize_train_leaf spot.JPG,1,3,1
1112maize_train_leaf spot.JPG,1,3,1
1113maize_train_leaf spot.JPG,1,3,1
1118maize_valid_leaf spot.JPG,1,3,1
1119maize_valid_leaf spot.JPG,1,3,1
1120maize_valid_leaf spot.JPG,1,3,1
1121maize_valid_leaf spot.JPG,1,3,1
1146maize_valid_leaf spot.JPG,1,3,1
1147maize_valid_leaf spot.JPG,1,3,1
1148maize_valid_leaf spot.JPG,1,3,1
1149maize_valid_leaf spot.JPG,1,3,1
1150maize_valid_leaf spot.JPG,1,3,1
1151maize_valid_leaf spot.JPG,1,3,1
1152maize_valid_leaf spot.JPG,1,3,1
1153maize_valid_leaf spot.JPG,1,3,1
1154maize_valid_leaf spot.JPG,1,3,1
1155maize_valid_leaf spot.JPG,1,3,1
1166maize_valid_leaf spot.JPG,1,3,1
1167maize_valid_leaf spot.JPG,1,3,1
1168maize_valid_leaf spot.JPG,1,3,1
1169maize_valid_leaf spot.JPG,1,3,1
1170maize_valid_leaf spot.JPG,1,3,1
1171maize_valid_leaf spot.JPG,1,3,1
1172maize_valid_leaf spot.JPG,1,3,1
1173maize_valid_leaf spot.JPG,1,3,1
1174maize_valid_leaf spot.JPG,1,3,1
1175maize_valid_leaf spot.JPG,1,3,1
1176maize_valid_leaf spot.JPG,1,3,1
1177maize_valid_leaf spot.JPG,1,3,1
1178maize_valid_leaf spot.JPG,1,3,1
1179maize_valid_leaf spot.JPG,1,3,1
1182maize_valid_leaf spot.JPG,1,3,1
1183maize_valid_leaf spot.JPG,1,3,1
1186maize_valid_leaf spot.JPG,1,3,1
1187maize_valid_leaf spot.JPG,1,3,1
1190maize_valid_leaf spot.JPG,1,3,1
1191maize_valid_leaf spot.JPG,1,3,1
1194maize_valid_leaf spot.JPG,1,3,1
1195maize_valid_leaf spot.JPG,1,3,1
11maize_valid_leaf spot.JPG,1,3,1
1220maize_valid_leaf spot.JPG,1,3,1
1221maize_valid_leaf spot.JPG,1,3,1
1222maize_valid_leaf spot.JPG,1,3,1
1223maize_valid_leaf spot.JPG,1,3,1
1224maize_valid_leaf spot.JPG,1,3,1
1225maize_valid_leaf spot.JPG,1,3,1
1226maize_valid_leaf spot.JPG,1,3,1
1227maize_valid_leaf spot.JPG,1,3,1
1228maize_valid_leaf spot.JPG,1,3,1
1229maize_valid_leaf spot.JPG,1,3,1
1230maize_valid_leaf spot.JPG,1,3,1
1247maize_valid_leaf spot.JPG,1,3,1
1248maize_valid_leaf spot.JPG,1,3,1
1249maize_valid_leaf spot.JPG,1,3,1
1250maize_valid_leaf spot.JPG,1,3,1
1251maize_valid_leaf spot.JPG,1,3,1
1252maize_valid_leaf spot.JPG,1,3,1
1253maize_valid_leaf spot.JPG,1,3,1
1254maize_valid_leaf spot.JPG,1,3,1
1255maize_valid_leaf spot.JPG,1,3,1
1256maize_valid_leaf spot.JPG,1,3,1
1257maize_valid_leaf spot.JPG,1,3,1
1258maize_valid_leaf spot.JPG,1,3,1
14maize_valid_leaf spot.JPG,1,3,1
15maize_valid_leaf spot.JPG,1,3,1
182maize_valid_leaf spot.JPG,1,3,1
183maize_valid_leaf spot.JPG,1,3,1
186maize_valid_leaf spot.JPG,1,3,1
1874maize_train_leaf spot.JPG,1,3,1
1875maize_train_leaf spot.JPG,1,3,1
1876maize_train_leaf spot.JPG,1,3,1
1877maize_train_leaf spot.JPG,1,3,1
1878maize_train_leaf spot.JPG,1,3,1
1879maize_train_leaf spot.JPG,1,3,1
187maize_valid_leaf spot.JPG,1,3,1
1880maize_train_leaf spot.JPG,1,3,1
1881maize_train_leaf spot.JPG,1,3,1
1882maize_train_leaf spot.JPG,1,3,1
1883maize_train_leaf spot.JPG,1,3,1
1884maize_train_leaf spot.JPG,1,3,1
1885maize_train_leaf spot.JPG,1,3,1
1886maize_train_leaf spot.JPG,1,3,1
1887maize_train_leaf spot.JPG,1,3,1
1888maize_train_leaf spot.JPG,1,3,1
1889maize_train_leaf spot.JPG,1,3,1
1898maize_train_leaf spot.JPG,1,3,1
1899maize_train_leaf spot.JPG,1,3,1
18maize_valid_leaf spot.JPG,1,3,1
1900maize_train_leaf spot.JPG,1,3,1
1901maize_train_leaf spot.JPG,1,3,1
1902maize_train_leaf spot.JPG,1,3,1
1903maize_train_leaf spot.JPG,1,3,1
1904maize_train_leaf spot.JPG,1,3,1
1905maize_train_leaf spot.JPG,1,3,1
190maize_valid_leaf spot.JPG,1,3,1
191maize_valid_leaf spot.JPG,1,3,1
1922maize_train_leaf spot.JPG,1,3,1
1923maize_train_leaf spot.JPG,1,3,1
1924maize_train_leaf spot.JPG,1,3,1
1925maize_train_leaf spot.JPG,1,3,1
1926maize_train_leaf spot.JPG,1,3,1
1927maize_train_leaf spot.JPG,1,3,1
1928maize_train_leaf spot.JPG,1,3,1
1929maize_train_leaf spot.JPG,1,3,1
1930maize_train_leaf spot.JPG,1,3,1
1931maize_train_leaf spot.JPG,1,3,1
1932maize_train_leaf spot.JPG,1,3,1
1933maize_train_leaf spot.JPG,1,3,1
194maize_valid_leaf spot.JPG,1,3,1
195maize_valid_leaf spot.JPG,1,3,1
19maize_valid_leaf spot.JPG,1,3,1
2034maize_train_leaf spot.JPG,1,3,1
2035maize_train_leaf spot.JPG,1,3,1
2036maize_train_leaf spot.JPG,1,3,1
2037maize_train_leaf spot.JPG,1,3,1
2038maize_train_leaf spot.JPG,1,3,1
2039maize_train_leaf spot.JPG,1,3,1
2040maize_train_leaf spot.JPG,1,3,1
2041maize_train_leaf spot.JPG,1,3,1
2042maize_train_leaf spot.JPG,1,3,1
2043maize_train_leaf spot.JPG,1,3,1
2044maize_train_leaf spot.JPG,1,3,1
2045maize_train_leaf spot.JPG,1,3,1
222maize_valid_leaf spot.JPG,1,3,1
223maize_valid_leaf spot.JPG,1,3,1
226maize_valid_leaf spot.JPG,1,3,1
227maize_valid_leaf spot.JPG,1,3,1
230maize_valid_leaf spot.JPG,1,3,1
231maize_valid_leaf spot.JPG,1,3,1
234maize_valid_leaf spot.JPG,1,3,1
235maize_valid_leaf spot.JPG,1,3,1
24maize_valid_leaf spot.JPG,1,3,1
256maize_valid_leaf spot.JPG,1,3,1
257maize_valid_leaf spot.JPG,1,3,1
25maize_valid_leaf spot.JPG,1,3,1
260maize_valid_leaf spot.JPG,1,3,1
261maize_valid_leaf spot.JPG,1,3,1
264maize_valid_leaf spot.JPG,1,3,1
265maize_valid_leaf spot.JPG,1,3,1
270maize_valid_leaf spot.JPG,1,3,1
271maize_valid_leaf spot.JPG,1,3,1
274maize_valid_leaf spot.JPG,1,3,1
275maize_valid_leaf spot.JPG,1,3,1
278maize_valid_leaf spot.JPG,1,3,1
279maize_valid_leaf spot.JPG,1,3,1
28maize_valid_leaf spot.JPG,1,3,1
29maize_valid_leaf spot.JPG,1,3,1
2maize_valid_leaf spot.JPG,1,3,1
32maize_valid_leaf spot.JPG,1,3,1
338maize_valid_leaf spot.JPG,1,3,1
339maize_valid_leaf spot.JPG,1,3,1
33maize_valid_leaf spot.JPG,1,3,1
342maize_valid_leaf spot.JPG,1,3,1
343maize_valid_leaf spot.JPG,1,3,1
350maize_valid_leaf spot.JPG,1,3,1
351maize_valid_leaf spot.JPG,1,3,1
352maize_valid_leaf spot.JPG,1,3,1
353maize_valid_leaf spot.JPG,1,3,1
378maize_valid_leaf spot.JPG,1,3,1
379maize_valid_leaf spot.JPG,1,3,1
382maize_valid_leaf spot.JPG,1,3,1
383maize_valid_leaf spot.JPG,1,3,1
384maize_valid_leaf spot.JPG,1,3,1
385maize_valid_leaf spot.JPG,1,3,1
386maize_valid_leaf spot.JPG,1,3,1
387maize_valid_leaf spot.JPG,1,3,1
388maize_valid_leaf spot.JPG,1,3,1
389maize_valid_leaf spot.JPG,1,3,1
390maize_valid_leaf spot.JPG,1,3,1
391maize_valid_leaf spot.JPG,1,3,1
398maize_valid_leaf spot.JPG,1,3,1
399maize_valid_leaf spot.JPG,1,3,1
3maize_valid_leaf spot.JPG,1,3,1
400maize_valid_leaf spot.JPG,1,3,1
401maize_valid_leaf spot.JPG,1,3,1
402maize_valid_leaf spot.JPG,1,3,1
403maize_valid_leaf spot.JPG,1,3,1
404maize_valid_leaf spot.JPG,1,3,1
405maize_valid_leaf spot.JPG,1,3,1
406maize_valid_leaf spot.JPG,1,3,1
407maize_valid_leaf spot.JPG,1,3,1
408maize_valid_leaf spot.JPG,1,3,1
409maize_valid_leaf spot.JPG,1,3,1
40maize_valid_leaf spot.JPG,1,3,1
410maize_valid_leaf spot.JPG,1,3,1
411maize_valid_leaf spot.JPG,1,3,1
412maize_valid_leaf spot.JPG,1,3,1
413maize_valid_leaf spot.JPG,1,3,1
41maize_valid_leaf spot.JPG,1,3,1
434maize_valid_leaf spot.JPG,1,3,1
435maize_valid_leaf spot.JPG,1,3,1
436maize_valid_leaf spot.JPG,1,3,1
437maize_valid_leaf spot.JPG,1,3,1
438maize_valid_leaf spot.JPG,1,3,1
439maize_valid_leaf spot.JPG,1,3,1
440maize_valid_leaf spot.JPG,1,3,1
441maize_valid_leaf spot.JPG,1,3,1
442maize_valid_leaf spot.JPG,1,3,1
443maize_valid_leaf spot.JPG,1,3,1
444maize_valid_leaf spot.JPG,1,3,1
445maize_valid_leaf spot.JPG,1,3,1
446maize_valid_leaf spot.JPG,1,3,1
447maize_valid_leaf spot.JPG,1,3,1
448maize_valid_leaf spot.JPG,1,3,1
449maize_valid_leaf spot.JPG,1,3,1
450maize_valid_leaf spot.JPG,1,3,1
451maize_valid_leaf spot.JPG,1,3,1
452maize_valid_leaf spot.JPG,1,3,1
453maize_valid_leaf spot.JPG,1,3,1
454maize_valid_leaf spot.JPG,1,3,1
455maize_valid_leaf spot.JPG,1,3,1
456maize_valid_leaf spot.JPG,1,3,1
457maize_valid_leaf spot.JPG,1,3,1
46maize_valid_leaf spot.JPG,1,3,1
47maize_valid_leaf spot.JPG,1,3,1
50maize_valid_leaf spot.JPG,1,3,1
518maize_valid_leaf spot.JPG,1,3,1
519maize_valid_leaf spot.JPG,1,3,1
51maize_valid_leaf spot.JPG,1,3,1
520maize_valid_leaf spot.JPG,1,3,1
521maize_valid_leaf spot.JPG,1,3,1
522maize_valid_leaf spot.JPG,1,3,1
523maize_valid_leaf spot.JPG,1,3,1
524maize_valid_leaf spot.JPG,1,3,1
525maize_valid_leaf spot.JPG,1,3,1
54maize_valid_leaf spot.JPG,1,3,1
55maize_valid_leaf spot.JPG,1,3,1
634maize_valid_leaf spot.JPG,1,3,1
635maize_valid_leaf spot.JPG,1,3,1
636maize_valid_leaf spot.JPG,1,3,1
637maize_valid_leaf spot.JPG,1,3,1
638maize_valid_leaf spot.JPG,1,3,1
639maize_valid_leaf spot.JPG,1,3,1
640maize_valid_leaf spot.JPG,1,3,1
641maize_valid_leaf spot.JPG,1,3,1
642maize_valid_leaf spot.JPG,1,3,1
643maize_valid_leaf spot.JPG,1,3,1
644maize_valid_leaf spot.JPG,1,3,1
645maize_valid_leaf spot.JPG,1,3,1
646maize_valid_leaf spot.JPG,1,3,1
647maize_valid_leaf spot.JPG,1,3,1
648maize_valid_leaf spot.JPG,1,3,1
649maize_valid_leaf spot.JPG,1,3,1
652maize_valid_leaf spot.JPG,1,3,1
653maize_valid_leaf spot.JPG,1,3,1
654maize_valid_leaf spot.JPG,1,3,1
655maize_valid_leaf spot.JPG,1,3,1
656maize_valid_leaf spot.JPG,1,3,1
657maize_valid_leaf spot.JPG,1,3,1
658maize_valid_leaf spot.JPG,1,3,1
659maize_valid_leaf spot.JPG,1,3,1
660maize_valid_leaf spot.JPG,1,3,1
661maize_valid_leaf spot.JPG,1,3,1
662maize_valid_leaf spot.JPG,1,3,1
663maize_valid_leaf spot.JPG,1,3,1
664maize_valid_leaf spot.JPG,1,3,1
665maize_valid_leaf spot.JPG,1,3,1
666maize_valid_leaf spot.JPG,1,3,1
667maize_valid_leaf spot.JPG,1,3,1
668maize_valid_leaf spot.JPG,1,3,1
669maize_valid_leaf spot.JPG,1,3,1
670maize_valid_leaf spot.JPG,1,3,1
671maize_valid_leaf spot.JPG,1,3,1
672maize_valid_leaf spot.JPG,1,3,1
673maize_valid_leaf spot.JPG,1,3,1
674maize_valid_leaf spot.JPG,1,3,1
675maize_valid_leaf spot.JPG,1,3,1
692maize_valid_leaf spot.JPG,1,3,1
693maize_valid_leaf spot.JPG,1,3,1
694maize_valid_leaf spot.JPG,1,3,1
695maize_valid_leaf spot.JPG,1,3,1
696maize_valid_leaf spot.JPG,1,3,1
697maize_valid_leaf spot.JPG,1,3,1
6maize_valid_leaf spot.JPG,1,3,1
700maize_valid_leaf spot.JPG,1,3,1
701maize_valid_leaf spot.JPG,1,3,1
702maize_valid_leaf spot.JPG,1,3,1
703maize_valid_leaf spot.JPG,1,3,1
704maize_valid_leaf spot.JPG,1,3,1
705maize_valid_leaf spot.JPG,1,3,1
706maize_valid_leaf spot.JPG,1,3,1
707maize_valid_leaf spot.JPG,1,3,1
708maize_valid_leaf spot.JPG,1,3,1
709maize_valid_leaf spot.JPG,1,3,1
710maize_valid_leaf spot.JPG,1,3,1
711maize_valid_leaf spot.JPG,1,3,1
712maize_valid_leaf spot.JPG,1,3,1
713maize_valid_leaf spot.JPG,1,3,1
714maize_valid_leaf spot.JPG,1,3,1
715maize_valid_leaf spot.JPG,1,3,1
716maize_valid_leaf spot.JPG,1,3,1
717maize_valid_leaf spot.JPG,1,3,1
718maize_valid_leaf spot.JPG,1,3,1
719maize_valid_leaf spot.JPG,1,3,1
720maize_valid_leaf spot.JPG,1,3,1
721maize_valid_leaf spot.JPG,1,3,1
722maize_valid_leaf spot.JPG,1,3,1
723maize_valid_leaf spot.JPG,1,3,1
724maize_valid_leaf spot.JPG,1,3,1
725maize_valid_leaf spot.JPG,1,3,1
726maize_valid_leaf spot.JPG,1,3,1
727maize_valid_leaf spot.JPG,1,3,1
728maize_valid_leaf spot.JPG,1,3,1
729maize_valid_leaf spot.JPG,1,3,1
730maize_valid_leaf spot.JPG,1,3,1
731maize_valid_leaf spot.JPG,1,3,1
732maize_valid_leaf spot.JPG,1,3,1
733maize_valid_leaf spot.JPG,1,3,1
842maize_valid_leaf spot.JPG,1,3,1
843maize_valid_leaf spot.JPG,1,3,1
846maize_valid_leaf spot.JPG,1,3,1
847maize_valid_leaf spot.JPG,1,3,1
850maize_valid_leaf spot.JPG,1,3,1
851maize_valid_leaf spot.JPG,1,3,1
854maize_valid_leaf spot.JPG,1,3,1
855maize_valid_leaf spot.JPG,1,3,1
leaf spot1000_.jpg,1,3,1
leaf spot1001_.jpg,1,3,1
leaf spot1002_.jpg,1,3,1
leaf spot1003_.jpg,1,3,1
leaf spot1004_.jpg,1,3,1
leaf spot1005_.jpg,1,3,1
leaf spot1006_.jpg,1,3,1
leaf spot1007_.jpg,1,3,1
leaf spot1008_.jpg,1,3,1
leaf spot1009_.jpg,1,3,1
leaf spot100_.jpg,1,3,1
leaf spot1010_.jpg,1,3,1
leaf spot1011_.jpg,1,3,1
leaf spot1012_.jpg,1,3,1
leaf spot1013_.jpg,1,3,1
leaf spot1014_.jpg,1,3,1
leaf spot1015_.jpg,1,3,1
leaf spot1016_.jpg,1,3,1
leaf spot1017_.jpg,1,3,1
leaf spot1018_.jpg,1,3,1
leaf spot1019_.jpg,1,3,1
leaf spot101_.jpg,1,3,1
leaf spot1020_.jpg,1,3,1
leaf spot1021_.jpg,1,3,1
leaf spot1022_.jpg,1,3,1
leaf spot1023_.jpg,1,3,1
leaf spot1024_.jpg,1,3,1
leaf spot1025_.jpg,1,3,1
leaf spot1026_.jpg,1,3,1
leaf spot1027_.jpg,1,3,1
leaf spot1028_.jpg,1,3,1
leaf spot1029_.jpg,1,3,1
leaf spot102_.jpg,1,3,1
leaf spot1030_.jpg,1,3,1
leaf spot1031_.jpg,1,3,1
leaf spot1032_.jpg,1,3,1
leaf spot1033_.jpg,1,3,1
leaf spot1034_.jpg,1,3,1
leaf spot1035_.jpg,1,3,1
leaf spot1036_.jpg,1,3,1
leaf spot1037_.jpg,1,3,1
leaf spot1038_.jpg,1,3,1
leaf spot1039_.jpg,1,3,1
leaf spot103_.jpg,1,3,1
leaf spot1040_.jpg,1,3,1
leaf spot1041_.jpg,1,3,1
leaf spot1042_.jpg,1,3,1
leaf spot1043_.jpg,1,3,1
leaf spot1044_.jpg,1,3,1
leaf spot1045_.jpg,1,3,1
leaf spot1046_.jpg,1,3,1
leaf spot1047_.jpg,1,3,1
leaf spot1048_.jpg,1,3,1
leaf spot1049_.jpg,1,3,1
leaf spot104_.jpg,1,3,1
leaf spot1050_.jpg,1,3,1
leaf spot1051_.jpg,1,3,1
leaf spot1052_.jpg,1,3,1
leaf spot1053_.jpg,1,3,1
leaf spot1054_.jpg,1,3,1
leaf spot1055_.jpg,1,3,1
leaf spot1056_.jpg,1,3,1
leaf spot1057_.jpg,1,3,1
leaf spot1058_.jpg,1,3,1
leaf spot1059_.jpg,1,3,1
leaf spot105_.jpg,1,3,1
leaf spot1060_.jpg,1,3,1
leaf spot1061_.jpg,1,3,1
leaf spot1062_.jpg,1,3,1
leaf spot1063_.jpg,1,3,1
leaf spot1064_.jpg,1,3,1
leaf spot1065_.jpg,1,3,1
leaf spot1066_.jpg,1,3,1
leaf spot1067_.jpg,1,3,1
leaf spot1068_.jpg,1,3,1
leaf spot1069_.jpg,1,3,1
leaf spot106_.jpg,1,3,1
leaf spot1070_.jpg,1,3,1
leaf spot1071_.jpg,1,3,1
leaf spot1072_.jpg,1,3,1
leaf spot1073_.jpg,1,3,1
leaf spot1074_.jpg,1,3,1
leaf spot1075_.jpg,1,3,1
leaf spot1076_.jpg,1,3,1
leaf spot1077_.jpg,1,3,1
leaf spot1078_.jpg,1,3,1
leaf spot1079_.jpg,1,3,1
leaf spot107_.jpg,1,3,1
leaf spot1080_.jpg,1,3,1
leaf spot1081_.jpg,1,3,1
leaf spot1082_.jpg,1,3,1
leaf spot1083_.jpg,1,3,1
leaf spot1084_.jpg,1,3,1
leaf spot1085_.jpg,1,3,1
leaf spot1086_.jpg,1,3,1
leaf spot1087_.jpg,1,3,1
leaf spot1088_.jpg,1,3,1
leaf spot1089_.jpg,1,3,1
leaf spot108_.jpg,1,3,1
leaf spot1090_.jpg,1,3,1
leaf spot1091_.jpg,1,3,1
leaf spot1092_.jpg,1,3,1
leaf spot1093_.jpg,1,3,1
leaf spot1094_.jpg,1,3,1
leaf spot1095_.jpg,1,3,1
leaf spot1096_.jpg,1,3,1
leaf spot1097_.jpg,1,3,1
leaf spot1098_.jpg,1,3,1
leaf spot1099_.jpg,1,3,1
leaf spot109_.jpg,1,3,1
leaf spot10_.jpg,1,3,1
leaf spot1100_.jpg,1,3,1
leaf spot1101_.jpg,1,3,1
leaf spot1102_.jpg,1,3,1
leaf spot1103_.jpg,1,3,1
leaf spot1104_.jpg,1,3,1
leaf spot1105_.jpg,1,3,1
leaf spot1106_.jpg,1,3,1
leaf spot1107_.jpg,1,3,1
leaf spot1108_.jpg,1,3,1
leaf spot1109_.jpg,1,3,1
leaf spot110_.jpg,1,3,1
leaf spot1110_.jpg,1,3,1
leaf spot1111_.jpg,1,3,1
leaf spot1112_.jpg,1,3,1
leaf spot1113_.jpg,1,3,1
leaf spot1114_.jpg,1,3,1
leaf spot1115_.jpg,1,3,1
leaf spot1116_.jpg,1,3,1
leaf spot1117_.jpg,1,3,1
leaf spot1118_.jpg,1,3,1
leaf spot1119_.jpg,1,3,1
leaf spot111_.jpg,1,3,1
leaf spot1120_.jpg,1,3,1
leaf spot1121_.jpg,1,3,1
leaf spot1122_.jpg,1,3,1
leaf spot1123_.jpg,1,3,1
leaf spot1124_.jpg,1,3,1
leaf spot1125_.jpg,1,3,1
leaf spot1126_.jpg,1,3,1
leaf spot1127_.jpg,1,3,1
leaf spot1128_.jpg,1,3,1
leaf spot1129_.jpg,1,3,1
leaf spot112_.jpg,1,3,1
leaf spot1130_.jpg,1,3,1
leaf spot1131_.jpg,1,3,1
leaf spot1132_.jpg,1,3,1
leaf spot1133_.jpg,1,3,1
leaf spot1134_.jpg,1,3,1
leaf spot1135_.jpg,1,3,1
leaf spot1136_.jpg,1,3,1
leaf spot1137_.jpg,1,3,1
leaf spot1138_.jpg,1,3,1
leaf spot1139_.jpg,1,3,1
leaf spot113_.jpg,1,3,1
leaf spot1140_.jpg,1,3,1
leaf spot1141_.jpg,1,3,1
leaf spot1142_.jpg,1,3,1
leaf spot1143_.jpg,1,3,1
leaf spot1144_.jpg,1,3,1
leaf spot1145_.jpg,1,3,1
leaf spot1146_.jpg,1,3,1
leaf spot1147_.jpg,1,3,1
leaf spot1148_.jpg,1,3,1
leaf spot1149_.jpg,1,3,1
leaf spot114_.jpg,1,3,1
leaf spot1150_.jpg,1,3,1
leaf spot1151_.jpg,1,3,1
leaf spot1152_.jpg,1,3,1
leaf spot1153_.jpg,1,3,1
leaf spot1154_.jpg,1,3,1
leaf spot1155_.jpg,1,3,1
leaf spot1156_.jpg,1,3,1
leaf spot1157_.jpg,1,3,1
leaf spot1158_.jpg,1,3,1
leaf spot1159_.jpg,1,3,1
leaf spot115_.jpg,1,3,1
leaf spot1160_.jpg,1,3,1
leaf spot1161_.jpg,1,3,1
leaf spot1162_.jpg,1,3,1
leaf spot1163_.jpg,1,3,1
leaf spot1164_.jpg,1,3,1
leaf spot1165_.jpg,1,3,1
leaf spot1166_.jpg,1,3,1
leaf spot1167_.jpg,1,3,1
leaf spot1168_.jpg,1,3,1
leaf spot1169_.jpg,1,3,1
leaf spot116_.jpg,1,3,1
leaf spot1170_.jpg,1,3,1
leaf spot1171_.jpg,1,3,1
leaf spot1172_.jpg,1,3,1
leaf spot1173_.jpg,1,3,1
leaf spot1174_.jpg,1,3,1
leaf spot1175_.jpg,1,3,1
leaf spot1176_.jpg,1,3,1
leaf spot1177_.jpg,1,3,1
leaf spot1178_.jpg,1,3,1
leaf spot1179_.jpg,1,3,1
leaf spot117_.jpg,1,3,1
leaf spot1180_.jpg,1,3,1
leaf spot1181_.jpg,1,3,1
leaf spot1182_.jpg,1,3,1
leaf spot1183_.jpg,1,3,1
leaf spot1184_.jpg,1,3,1
leaf spot1185_.jpg,1,3,1
leaf spot1186_.jpg,1,3,1
leaf spot1187_.jpg,1,3,1
leaf spot1188_.jpg,1,3,1
leaf spot1189_.jpg,1,3,1
leaf spot118_.jpg,1,3,1
leaf spot1190_.jpg,1,3,1
leaf spot1191_.jpg,1,3,1
leaf spot1192_.jpg,1,3,1
leaf spot1193_.jpg,1,3,1
leaf spot1194_.jpg,1,3,1
leaf spot1195_.jpg,1,3,1
leaf spot1196_.jpg,1,3,1
leaf spot1197_.jpg,1,3,1
leaf spot1198_.jpg,1,3,1
leaf spot1199_.jpg,1,3,1
leaf spot119_.jpg,1,3,1
leaf spot11_.jpg,1,3,1
leaf spot1200_.jpg,1,3,1
leaf spot1201_.jpg,1,3,1
leaf spot1202_.jpg,1,3,1
leaf spot1203_.jpg,1,3,1
leaf spot1204_.jpg,1,3,1
leaf spot1205_.jpg,1,3,1
leaf spot1206_.jpg,1,3,1
leaf spot1207_.jpg,1,3,1
leaf spot1208_.jpg,1,3,1
leaf spot1209_.jpg,1,3,1
leaf spot120_.jpg,1,3,1
leaf spot1210_.jpg,1,3,1
leaf spot1211_.jpg,1,3,1
leaf spot1212_.jpg,1,3,1
leaf spot1213_.jpg,1,3,1
leaf spot1214_.jpg,1,3,1
leaf spot1215_.jpg,1,3,1
leaf spot1216_.jpg,1,3,1
leaf spot1217_.jpg,1,3,1
leaf spot1218_.jpg,1,3,1
leaf spot1219_.jpg,1,3,1
leaf spot121_.jpg,1,3,1
leaf spot1220_.jpg,1,3,1
leaf spot1221_.jpg,1,3,1
leaf spot1222_.jpg,1,3,1
leaf spot1223_.jpg,1,3,1
leaf spot1224_.jpg,1,3,1
leaf spot1225_.jpg,1,3,1
leaf spot1226_.jpg,1,3,1
leaf spot1227_.jpg,1,3,1
leaf spot1228_.jpg,1,3,1
leaf spot1229_.jpg,1,3,1
leaf spot122_.jpg,1,3,1
leaf spot1230_.jpg,1,3,1
leaf spot1231_.jpg,1,3,1
leaf spot1232_.jpg,1,3,1
leaf spot1233_.jpg,1,3,1
leaf spot1234_.jpg,1,3,1
leaf spot1235_.jpg,1,3,1
leaf spot1236_.jpg,1,3,1
leaf spot1237_.jpg,1,3,1
leaf spot1238_.jpg,1,3,1
leaf spot1239_.jpg,1,3,1
leaf spot123_.jpg,1,3,1
leaf spot1240_.jpg,1,3,1
leaf spot1241_.jpg,1,3,1
leaf spot1242_.jpg,1,3,1
leaf spot1243_.jpg,1,3,1
leaf spot1244_.jpg,1,3,1
leaf spot1245_.jpg,1,3,1
leaf spot1246_.jpg,1,3,1
leaf spot1247_.jpg,1,3,1
leaf spot1248_.jpg,1,3,1
leaf spot1249_.jpg,1,3,1
leaf spot124_.jpg,1,3,1
leaf spot1250_.jpg,1,3,1
leaf spot1251_.jpg,1,3,1
leaf spot1252_.jpg,1,3,1
leaf spot1253_.jpg,1,3,1
leaf spot1254_.jpg,1,3,1
leaf spot1255_.jpg,1,3,1
leaf spot1256_.jpg,1,3,1
leaf spot1257_.jpg,1,3,1
leaf spot1258_.jpg,1,3,1
leaf spot1259_.jpg,1,3,1
leaf spot125_.jpg,1,3,1
leaf spot1260_.jpg,1,3,1
leaf spot1261_.jpg,1,3,1
leaf spot1262_.jpg,1,3,1
leaf spot1263_.jpg,1,3,1
leaf spot1264_.jpg,1,3,1
leaf spot126_.jpg,1,3,1
leaf spot127_.jpg,1,3,1
leaf spot128_.jpg,1,3,1
leaf spot129_.jpg,1,3,1
leaf spot12_.jpg,1,3,1
leaf spot130_.jpg,1,3,1
leaf spot131_.jpg,1,3,1
leaf spot132_.jpg,1,3,1
leaf spot133_.jpg,1,3,1
leaf spot134_.jpg,1,3,1
leaf spot135_.jpg,1,3,1
leaf spot136_.jpg,1,3,1
leaf spot137_.jpg,1,3,1
leaf spot138_.jpg,1,3,1
leaf spot139_.jpg,1,3,1
leaf spot13_.jpg,1,3,1
leaf spot140_.jpg,1,3,1
leaf spot141_.jpg,1,3,1
leaf spot142_.jpg,1,3,1
leaf spot143_.jpg,1,3,1
leaf spot144_.jpg,1,3,1
leaf spot145_.jpg,1,3,1
leaf spot146_.jpg,1,3,1
leaf spot147_.jpg,1,3,1
leaf spot148_.jpg,1,3,1
leaf spot149_.jpg,1,3,1
leaf spot14_.jpg,1,3,1
leaf spot150_.jpg,1,3,1
leaf spot151_.jpg,1,3,1
leaf spot152_.jpg,1,3,1
leaf spot153_.jpg,1,3,1
leaf spot154_.jpg,1,3,1
leaf spot155_.jpg,1,3,1
leaf spot156_.jpg,1,3,1
leaf spot157_.jpg,1,3,1
leaf spot158_.jpg,1,3,1
leaf spot159_.jpg,1,3,1
leaf spot15_.jpg,1,3,1
leaf spot160_.jpg,1,3,1
leaf spot161_.jpg,1,3,1
leaf spot162_.jpg,1,3,1
leaf spot163_.jpg,1,3,1
leaf spot164_.jpg,1,3,1
leaf spot165_.jpg,1,3,1
leaf spot166_.jpg,1,3,1
leaf spot167_.jpg,1,3,1
leaf spot168_.jpg,1,3,1
leaf spot169_.jpg,1,3,1
leaf spot16_.jpg,1,3,1
leaf spot170_.jpg,1,3,1
leaf spot171_.jpg,1,3,1
leaf spot172_.jpg,1,3,1
leaf spot173_.jpg,1,3,1
leaf spot174_.jpg,1,3,1
leaf spot175_.jpg,1,3,1
leaf spot176_.jpg,1,3,1
leaf spot177_.jpg,1,3,1
leaf spot178_.jpg,1,3,1
leaf spot179_.jpg,1,3,1
leaf spot17_.jpg,1,3,1
leaf spot180_.jpg,1,3,1
leaf spot181_.jpg,1,3,1
leaf spot182_.jpg,1,3,1
leaf spot183_.jpg,1,3,1
leaf spot184_.jpg,1,3,1
leaf spot185_.jpg,1,3,1
leaf spot188_.jpg,1,3,1
leaf spot189_.jpg,1,3,1
leaf spot18_.jpg,1,3,1
leaf spot190_.jpg,1,3,1
leaf spot191_.jpg,1,3,1
leaf spot192_.jpg,1,3,1
leaf spot193_.jpg,1,3,1
leaf spot194_.jpg,1,3,1
leaf spot195_.jpg,1,3,1
leaf spot196_.jpg,1,3,1
leaf spot197_.jpg,1,3,1
leaf spot198_.jpg,1,3,1
leaf spot199_.jpg,1,3,1
leaf spot19_.jpg,1,3,1
leaf spot200_.jpg,1,3,1
leaf spot201_.jpg,1,3,1
leaf spot202_.jpg,1,3,1
leaf spot203_.jpg,1,3,1
leaf spot204_.jpg,1,3,1
leaf spot205_.jpg,1,3,1
leaf spot206_.jpg,1,3,1
leaf spot207_.jpg,1,3,1
leaf spot208_.jpg,1,3,1
leaf spot209_.jpg,1,3,1
leaf spot20_.jpg,1,3,1
leaf spot210_.jpg,1,3,1
leaf spot211_.jpg,1,3,1
leaf spot212_.jpg,1,3,1
leaf spot213_.jpg,1,3,1
leaf spot214_.jpg,1,3,1
leaf spot215_.jpg,1,3,1
leaf spot216_.jpg,1,3,1
leaf spot217_.jpg,1,3,1
leaf spot218_.jpg,1,3,1
leaf spot219_.jpg,1,3,1
leaf spot21_.jpg,1,3,1
leaf spot220_.jpg,1,3,1
leaf spot221_.jpg,1,3,1
leaf spot222_.jpg,1,3,1
leaf spot223_.jpg,1,3,1
leaf spot224_.jpg,1,3,1
leaf spot225_.jpg,1,3,1
leaf spot226_.jpg,1,3,1
leaf spot227_.jpg,1,3,1
leaf spot228_.jpg,1,3,1
leaf spot229_.jpg,1,3,1
leaf spot22_.jpg,1,3,1
leaf spot230_.jpg,1,3,1
leaf spot231_.jpg,1,3,1
leaf spot232_.jpg,1,3,1
leaf spot233_.jpg,1,3,1
leaf spot234_.jpg,1,3,1
leaf spot235_.jpg,1,3,1
leaf spot236_.jpg,1,3,1
leaf spot237_.jpg,1,3,1
leaf spot238_.jpg,1,3,1
leaf spot239_.jpg,1,3,1
leaf spot23_.jpg,1,3,1
leaf spot240_.jpg,1,3,1
leaf spot241_.jpg,1,3,1
leaf spot242_.jpg,1,3,1
leaf spot243_.jpg,1,3,1
leaf spot244_.jpg,1,3,1
leaf spot245_.jpg,1,3,1
leaf spot246_.jpg,1,3,1
leaf spot247_.jpg,1,3,1
leaf spot248_.jpg,1,3,1
leaf spot249_.jpg,1,3,1
leaf spot24_.jpg,1,3,1
leaf spot250_.jpg,1,3,1
leaf spot251_.jpg,1,3,1
leaf spot252_.jpg,1,3,1
leaf spot253_.jpg,1,3,1
leaf spot254_.jpg,1,3,1
leaf spot255_.jpg,1,3,1
leaf spot256_.jpg,1,3,1
leaf spot257_.jpg,1,3,1
leaf spot258_.jpg,1,3,1
leaf spot259_.jpg,1,3,1
leaf spot25_.jpg,1,3,1
leaf spot260_.jpg,1,3,1
leaf spot261_.jpg,1,3,1
leaf spot262_.jpg,1,3,1
leaf spot263_.jpg,1,3,1
leaf spot264_.jpg,1,3,1
leaf spot265_.jpg,1,3,1
leaf spot266_.jpg,1,3,1
leaf spot267_.jpg,1,3,1
leaf spot268_.jpg,1,3,1
leaf spot269_.jpg,1,3,1
leaf spot26_.jpg,1,3,1
leaf spot270_.jpg,1,3,1
leaf spot273_.jpg,1,3,1
leaf spot274_.jpg,1,3,1
leaf spot275_.jpg,1,3,1
leaf spot276_.jpg,1,3,1
leaf spot277_.jpg,1,3,1
leaf spot278_.jpg,1,3,1
leaf spot279_.jpg,1,3,1
leaf spot27_.jpg,1,3,1
leaf spot280_.jpg,1,3,1
leaf spot281_.jpg,1,3,1
leaf spot282_.jpg,1,3,1
leaf spot283_.jpg,1,3,1
leaf spot284_.jpg,1,3,1
leaf spot285_.jpg,1,3,1
leaf spot286_.jpg,1,3,1
leaf spot287_.jpg,1,3,1
leaf spot288_.jpg,1,3,1
leaf spot289_.jpg,1,3,1
leaf spot28_.jpg,1,3,1
leaf spot290_.jpg,1,3,1
leaf spot291_.jpg,1,3,1
leaf spot292_.jpg,1,3,1
leaf spot293_.jpg,1,3,1
leaf spot294_.jpg,1,3,1
leaf spot295_.jpg,1,3,1
leaf spot296_.jpg,1,3,1
leaf spot297_.jpg,1,3,1
leaf spot298_.jpg,1,3,1
leaf spot299_.jpg,1,3,1
leaf spot29_.jpg,1,3,1
leaf spot300_.jpg,1,3,1
leaf spot301_.jpg,1,3,1
leaf spot302_.jpg,1,3,1
leaf spot303_.jpg,1,3,1
leaf spot304_.jpg,1,3,1
leaf spot305_.jpg,1,3,1
leaf spot306_.jpg,1,3,1
leaf spot307_.jpg,1,3,1
leaf spot308_.jpg,1,3,1
leaf spot309_.jpg,1,3,1
leaf spot30_.jpg,1,3,1
leaf spot310_.jpg,1,3,1
leaf spot311_.jpg,1,3,1
leaf spot312_.jpg,1,3,1
leaf spot313_.jpg,1,3,1
leaf spot314_.jpg,1,3,1
leaf spot315_.jpg,1,3,1
leaf spot316_.jpg,1,3,1
leaf spot317_.jpg,1,3,1
leaf spot318_.jpg,1,3,1
leaf spot319_.jpg,1,3,1
leaf spot31_.jpg,1,3,1
leaf spot320_.jpg,1,3,1
leaf spot321_.jpg,1,3,1
leaf spot322_.jpg,1,3,1
leaf spot323_.jpg,1,3,1
leaf spot324_.jpg,1,3,1
leaf spot325_.jpg,1,3,1
leaf spot326_.jpg,1,3,1
leaf spot327_.jpg,1,3,1
leaf spot328_.jpg,1,3,1
leaf spot329_.jpg,1,3,1
leaf spot32_.jpg,1,3,1
leaf spot330_.jpg,1,3,1
leaf spot331_.jpg,1,3,1
leaf spot332_.jpg,1,3,1
leaf spot333_.jpg,1,3,1
leaf spot334_.jpg,1,3,1
leaf spot335_.jpg,1,3,1
leaf spot336_.jpg,1,3,1
leaf spot337_.jpg,1,3,1
leaf spot338_.jpg,1,3,1
leaf spot339_.jpg,1,3,1
leaf spot33_.jpg,1,3,1
leaf spot340_.jpg,1,3,1
leaf spot341_.jpg,1,3,1
leaf spot342_.jpg,1,3,1
leaf spot343_.jpg,1,3,1
leaf spot344_.jpg,1,3,1
leaf spot345_.jpg,1,3,1
leaf spot346_.jpg,1,3,1
leaf spot347_.jpg,1,3,1
leaf spot348_.jpg,1,3,1
leaf spot349_.jpg,1,3,1
leaf spot34_.jpg,1,3,1
leaf spot350_.jpg,1,3,1
leaf spot351_.jpg,1,3,1
leaf spot352_.jpg,1,3,1
leaf spot354_.jpg,1,3,1
leaf spot355_.jpg,1,3,1
leaf spot356_.jpg,1,3,1
leaf spot357_.jpg,1,3,1
leaf spot358_.jpg,1,3,1
leaf spot359_.jpg,1,3,1
leaf spot35_.jpg,1,3,1
leaf spot360_.jpg,1,3,1
leaf spot361_.jpg,1,3,1
leaf spot362_.jpg,1,3,1
leaf spot363_.jpg,1,3,1
leaf spot364_.jpg,1,3,1
leaf spot365_.jpg,1,3,1
leaf spot366_.jpg,1,3,1
leaf spot367_.jpg,1,3,1
leaf spot368_.jpg,1,3,1
leaf spot369_.jpg,1,3,1
leaf spot36_.jpg,1,3,1
leaf spot370_.jpg,1,3,1
leaf spot371_.jpg,1,3,1
leaf spot372_.jpg,1,3,1
leaf spot373_.jpg,1,3,1
leaf spot374_.jpg,1,3,1
leaf spot375_.jpg,1,3,1
leaf spot376_.jpg,1,3,1
leaf spot377_.jpg,1,3,1
leaf spot378_.jpg,1,3,1
leaf spot379_.jpg,1,3,1
leaf spot37_.jpg,1,3,1
leaf spot380_.jpg,1,3,1
leaf spot381_.jpg,1,3,1
leaf spot382_.jpg,1,3,1
leaf spot383_.jpg,1,3,1
leaf spot384_.jpg,1,3,1
leaf spot385_.jpg,1,3,1
leaf spot386_.jpg,1,3,1
leaf spot387_.jpg,1,3,1
leaf spot388_.jpg,1,3,1
leaf spot389_.jpg,1,3,1
leaf spot38_.jpg,1,3,1
leaf spot390_.jpg,1,3,1
leaf spot391_.jpg,1,3,1
leaf spot392_.jpg,1,3,1
leaf spot393_.jpg,1,3,1
leaf spot394_.jpg,1,3,1
leaf spot395_.jpg,1,3,1
leaf spot396_.jpg,1,3,1
leaf spot397_.jpg,1,3,1
leaf spot398_.jpg,1,3,1
leaf spot399_.jpg,1,3,1
leaf spot39_.jpg,1,3,1
leaf spot400_.jpg,1,3,1
leaf spot401_.jpg,1,3,1
leaf spot402_.jpg,1,3,1
leaf spot403_.jpg,1,3,1
leaf spot404_.jpg,1,3,1
leaf spot405_.jpg,1,3,1
leaf spot406_.jpg,1,3,1
leaf spot407_.jpg,1,3,1
leaf spot408_.jpg,1,3,1
leaf spot409_.jpg,1,3,1
leaf spot40_.jpg,1,3,1
leaf spot410_.jpg,1,3,1
leaf spot411_.jpg,1,3,1
leaf spot412_.jpg,1,3,1
leaf spot413_.jpg,1,3,1
leaf spot414_.jpg,1,3,1
leaf spot415_.jpg,1,3,1
leaf spot416_.jpg,1,3,1
leaf spot417_.jpg,1,3,1
leaf spot418_.jpg,1,3,1
leaf spot419_.jpg,1,3,1
leaf spot41_.jpg,1,3,1
leaf spot420_.jpg,1,3,1
leaf spot421_.jpg,1,3,1
leaf spot422_.jpg,1,3,1
leaf spot423_.jpg,1,3,1
leaf spot426_.jpg,1,3,1
leaf spot427_.jpg,1,3,1
leaf spot428_.jpg,1,3,1
leaf spot429_.jpg,1,3,1
leaf spot42_.jpg,1,3,1
leaf spot430_.jpg,1,3,1
leaf spot431_.jpg,1,3,1
leaf spot432_.jpg,1,3,1
leaf spot433_.jpg,1,3,1
leaf spot434_.jpg,1,3,1
leaf spot435_.jpg,1,3,1
leaf spot436_.jpg,1,3,1
leaf spot437_.jpg,1,3,1
leaf spot438_.jpg,1,3,1
leaf spot439_.jpg,1,3,1
leaf spot43_.jpg,1,3,1
leaf spot440_.jpg,1,3,1
leaf spot441_.jpg,1,3,1
leaf spot442_.jpg,1,3,1
leaf spot443_.jpg,1,3,1
leaf spot444_.jpg,1,3,1
leaf spot445_.jpg,1,3,1
leaf spot446_.jpg,1,3,1
leaf spot447_.jpg,1,3,1
leaf spot448_.jpg,1,3,1
leaf spot449_.jpg,1,3,1
leaf spot44_.jpg,1,3,1
leaf spot450_.jpg,1,3,1
leaf spot451_.jpg,1,3,1
leaf spot452_.jpg,1,3,1
leaf spot453_.jpg,1,3,1
leaf spot454_.jpg,1,3,1
leaf spot455_.jpg,1,3,1
leaf spot456_.jpg,1,3,1
leaf spot457_.jpg,1,3,1
leaf spot458_.jpg,1,3,1
leaf spot459_.jpg,1,3,1
leaf spot45_.jpg,1,3,1
leaf spot460_.jpg,1,3,1
leaf spot461_.jpg,1,3,1
leaf spot462_.jpg,1,3,1
leaf spot463_.jpg,1,3,1
leaf spot464_.jpg,1,3,1
leaf spot465_.jpg,1,3,1
leaf spot466_.jpg,1,3,1
leaf spot467_.jpg,1,3,1
leaf spot468_.jpg,1,3,1
leaf spot469_.jpg,1,3,1
leaf spot46_.jpg,1,3,1
leaf spot470_.jpg,1,3,1
leaf spot471_.jpg,1,3,1
leaf spot472_.jpg,1,3,1
leaf spot473_.jpg,1,3,1
leaf spot474_.jpg,1,3,1
leaf spot475_.jpg,1,3,1
leaf spot476_.jpg,1,3,1
leaf spot477_.jpg,1,3,1
leaf spot478_.jpg,1,3,1
leaf spot479_.jpg,1,3,1
leaf spot47_.jpg,1,3,1
leaf spot480_.jpg,1,3,1
leaf spot481_.jpg,1,3,1
leaf spot482_.jpg,1,3,1
leaf spot483_.jpg,1,3,1
leaf spot484_.jpg,1,3,1
leaf spot485_.jpg,1,3,1
leaf spot486_.jpg,1,3,1
leaf spot487_.jpg,1,3,1
leaf spot488_.jpg,1,3,1
leaf spot489_.jpg,1,3,1
leaf spot48_.jpg,1,3,1
leaf spot490_.jpg,1,3,1
leaf spot491_.jpg,1,3,1
leaf spot492_.jpg,1,3,1
leaf spot493_.jpg,1,3,1
leaf spot494_.jpg,1,3,1
leaf spot495_.jpg,1,3,1
leaf spot498_.jpg,1,3,1
leaf spot499_.jpg,1,3,1
leaf spot49_.jpg,1,3,1
leaf spot4_.jpg,1,3,1
leaf spot500_.jpg,1,3,1
leaf spot501_.jpg,1,3,1
leaf spot502_.jpg,1,3,1
leaf spot503_.jpg,1,3,1
leaf spot504_.jpg,1,3,1
leaf spot505_.jpg,1,3,1
leaf spot506_.jpg,1,3,1
leaf spot507_.jpg,1,3,1
leaf spot508_.jpg,1,3,1
leaf spot509_.jpg,1,3,1
leaf spot50_.jpg,1,3,1
leaf spot510_.jpg,1,3,1
leaf spot511_.jpg,1,3,1
leaf spot512_.jpg,1,3,1
leaf spot513_.jpg,1,3,1
leaf spot514_.jpg,1,3,1
leaf spot515_.jpg,1,3,1
leaf spot516_.jpg,1,3,1
leaf spot517_.jpg,1,3,1
leaf spot518_.jpg,1,3,1
leaf spot519_.jpg,1,3,1
leaf spot51_.jpg,1,3,1
leaf spot520_.jpg,1,3,1
leaf spot521_.jpg,1,3,1
leaf spot522_.jpg,1,3,1
leaf spot523_.jpg,1,3,1
leaf spot524_.jpg,1,3,1
leaf spot525_.jpg,1,3,1
leaf spot526_.jpg,1,3,1
leaf spot527_.jpg,1,3,1
leaf spot528_.jpg,1,3,1
leaf spot529_.jpg,1,3,1
leaf spot52_.jpg,1,3,1
leaf spot530_.jpg,1,3,1
leaf spot531_.jpg,1,3,1
leaf spot532_.jpg,1,3,1
leaf spot533_.jpg,1,3,1
leaf spot534_.jpg,1,3,1
leaf spot535_.jpg,1,3,1
leaf spot536_.jpg,1,3,1
leaf spot537_.jpg,1,3,1
leaf spot538_.jpg,1,3,1
leaf spot539_.jpg,1,3,1
leaf spot53_.jpg,1,3,1
leaf spot540_.jpg,1,3,1
leaf spot541_.jpg,1,3,1
leaf spot542_.jpg,1,3,1
leaf spot543_.jpg,1,3,1
leaf spot544_.jpg,1,3,1
leaf spot545_.jpg,1,3,1
leaf spot546_.jpg,1,3,1
leaf spot547_.jpg,1,3,1
leaf spot548_.jpg,1,3,1
leaf spot549_.jpg,1,3,1
leaf spot54_.jpg,1,3,1
leaf spot550_.jpg,1,3,1
leaf spot551_.jpg,1,3,1
leaf spot552_.jpg,1,3,1
leaf spot553_.jpg,1,3,1
leaf spot554_.jpg,1,3,1
leaf spot555_.jpg,1,3,1
leaf spot556_.jpg,1,3,1
leaf spot557_.jpg,1,3,1
leaf spot558_.jpg,1,3,1
leaf spot559_.jpg,1,3,1
leaf spot55_.jpg,1,3,1
leaf spot560_.jpg,1,3,1
leaf spot561_.jpg,1,3,1
leaf spot562_.jpg,1,3,1
leaf spot563_.jpg,1,3,1
leaf spot564_.jpg,1,3,1
leaf spot565_.jpg,1,3,1
leaf spot566_.jpg,1,3,1
leaf spot567_.jpg,1,3,1
leaf spot568_.jpg,1,3,1
leaf spot569_.jpg,1,3,1
leaf spot56_.jpg,1,3,1
leaf spot570_.jpg,1,3,1
leaf spot571_.jpg,1,3,1
leaf spot572_.jpg,1,3,1
leaf spot573_.jpg,1,3,1
leaf spot574_.jpg,1,3,1
leaf spot575_.jpg,1,3,1
leaf spot576_.jpg,1,3,1
leaf spot577_.jpg,1,3,1
leaf spot579_.jpg,1,3,1
leaf spot57_.jpg,1,3,1
leaf spot580_.jpg,1,3,1
leaf spot581_.jpg,1,3,1
leaf spot582_.jpg,1,3,1
leaf spot583_.jpg,1,3,1
leaf spot584_.jpg,1,3,1
leaf spot585_.jpg,1,3,1
leaf spot586_.jpg,1,3,1
leaf spot587_.jpg,1,3,1
leaf spot588_.jpg,1,3,1
leaf spot589_.jpg,1,3,1
leaf spot58_.jpg,1,3,1
leaf spot590_.jpg,1,3,1
leaf spot591_.jpg,1,3,1
leaf spot592_.jpg,1,3,1
leaf spot593_.jpg,1,3,1
leaf spot594_.jpg,1,3,1
leaf spot595_.jpg,1,3,1
leaf spot596_.jpg,1,3,1
leaf spot597_.jpg,1,3,1
leaf spot598_.jpg,1,3,1
leaf spot599_.jpg,1,3,1
leaf spot59_.jpg,1,3,1
leaf spot5_.jpg,1,3,1
leaf spot600_.jpg,1,3,1
leaf spot601_.jpg,1,3,1
leaf spot602_.jpg,1,3,1
leaf spot603_.jpg,1,3,1
leaf spot604_.jpg,1,3,1
leaf spot605_.jpg,1,3,1
leaf spot606_.jpg,1,3,1
leaf spot607_.jpg,1,3,1
leaf spot608_.jpg,1,3,1
leaf spot609_.jpg,1,3,1
leaf spot60_.jpg,1,3,1
leaf spot610_.jpg,1,3,1
leaf spot611_.jpg,1,3,1
leaf spot612_.jpg,1,3,1
leaf spot613_.jpg,1,3,1
leaf spot614_.jpg,1,3,1
leaf spot615_.jpg,1,3,1
leaf spot616_.jpg,1,3,1
leaf spot617_.jpg,1,3,1
leaf spot618_.jpg,1,3,1
leaf spot619_.jpg,1,3,1
leaf spot61_.jpg,1,3,1
leaf spot620_.jpg,1,3,1
leaf spot621_.jpg,1,3,1
leaf spot622_.jpg,1,3,1
leaf spot623_.jpg,1,3,1
leaf spot624_.jpg,1,3,1
leaf spot625_.jpg,1,3,1
leaf spot626_.jpg,1,3,1
leaf spot627_.jpg,1,3,1
leaf spot628_.jpg,1,3,1
leaf spot629_.jpg,1,3,1
leaf spot62_.jpg,1,3,1
leaf spot630_.jpg,1,3,1
leaf spot631_.jpg,1,3,1
leaf spot632_.jpg,1,3,1
leaf spot633_.jpg,1,3,1
leaf spot634_.jpg,1,3,1
leaf spot635_.jpg,1,3,1
leaf spot636_.jpg,1,3,1
leaf spot637_.jpg,1,3,1
leaf spot638_.jpg,1,3,1
leaf spot639_.jpg,1,3,1
leaf spot63_.jpg,1,3,1
leaf spot640_.jpg,1,3,1
leaf spot641_.jpg,1,3,1
leaf spot642_.jpg,1,3,1
leaf spot643_.jpg,1,3,1
leaf spot644_.jpg,1,3,1
leaf spot645_.jpg,1,3,1
leaf spot646_.jpg,1,3,1
leaf spot647_.jpg,1,3,1
leaf spot648_.jpg,1,3,1
leaf spot650_.jpg,1,3,1
leaf spot651_.jpg,1,3,1
leaf spot652_.jpg,1,3,1
leaf spot653_.jpg,1,3,1
leaf spot654_.jpg,1,3,1
leaf spot655_.jpg,1,3,1
leaf spot656_.jpg,1,3,1
leaf spot657_.jpg,1,3,1
leaf spot658_.jpg,1,3,1
leaf spot659_.jpg,1,3,1
leaf spot65_.jpg,1,3,1
leaf spot660_.jpg,1,3,1
leaf spot661_.jpg,1,3,1
leaf spot662_.jpg,1,3,1
leaf spot663_.jpg,1,3,1
leaf spot664_.jpg,1,3,1
leaf spot665_.jpg,1,3,1
leaf spot666_.jpg,1,3,1
leaf spot667_.jpg,1,3,1
leaf spot668_.jpg,1,3,1
leaf spot669_.jpg,1,3,1
leaf spot66_.jpg,1,3,1
leaf spot670_.jpg,1,3,1
leaf spot671_.jpg,1,3,1
leaf spot672_.jpg,1,3,1
leaf spot673_.jpg,1,3,1
leaf spot674_.jpg,1,3,1
leaf spot675_.jpg,1,3,1
leaf spot676_.jpg,1,3,1
leaf spot677_.jpg,1,3,1
leaf spot678_.jpg,1,3,1
leaf spot679_.jpg,1,3,1
leaf spot67_.jpg,1,3,1
leaf spot680_.jpg,1,3,1
leaf spot681_.jpg,1,3,1
leaf spot682_.jpg,1,3,1
leaf spot683_.jpg,1,3,1
leaf spot684_.jpg,1,3,1
leaf spot685_.jpg,1,3,1
leaf spot686_.jpg,1,3,1
leaf spot687_.jpg,1,3,1
leaf spot688_.jpg,1,3,1
leaf spot689_.jpg,1,3,1
leaf spot68_.jpg,1,3,1
leaf spot690_.jpg,1,3,1
leaf spot691_.jpg,1,3,1
leaf spot692_.jpg,1,3,1
leaf spot693_.jpg,1,3,1
leaf spot694_.jpg,1,3,1
leaf spot695_.jpg,1,3,1
leaf spot696_.jpg,1,3,1
leaf spot697_.jpg,1,3,1
leaf spot698_.jpg,1,3,1
leaf spot699_.jpg,1,3,1
leaf spot69_.jpg,1,3,1
leaf spot700_.jpg,1,3,1
leaf spot701_.jpg,1,3,1
leaf spot702_.jpg,1,3,1
leaf spot703_.jpg,1,3,1
leaf spot704_.jpg,1,3,1
leaf spot705_.jpg,1,3,1
leaf spot706_.jpg,1,3,1
leaf spot707_.jpg,1,3,1
leaf spot708_.jpg,1,3,1
leaf spot709_.jpg,1,3,1
leaf spot70_.jpg,1,3,1
leaf spot710_.jpg,1,3,1
leaf spot711_.jpg,1,3,1
leaf spot712_.jpg,1,3,1
leaf spot713_.jpg,1,3,1
leaf spot714_.jpg,1,3,1
leaf spot715_.jpg,1,3,1
leaf spot716_.jpg,1,3,1
leaf spot717_.jpg,1,3,1
leaf spot718_.jpg,1,3,1
leaf spot719_.jpg,1,3,1
leaf spot71_.jpg,1,3,1
leaf spot720_.jpg,1,3,1
leaf spot721_.jpg,1,3,1
leaf spot722_.jpg,1,3,1
leaf spot725_.jpg,1,3,1
leaf spot726_.jpg,1,3,1
leaf spot727_.jpg,1,3,1
leaf spot728_.jpg,1,3,1
leaf spot729_.jpg,1,3,1
leaf spot72_.jpg,1,3,1
leaf spot730_.jpg,1,3,1
leaf spot731_.jpg,1,3,1
leaf spot732_.jpg,1,3,1
leaf spot733_.jpg,1,3,1
leaf spot734_.jpg,1,3,1
leaf spot735_.jpg,1,3,1
leaf spot736_.jpg,1,3,1
leaf spot737_.jpg,1,3,1
leaf spot738_.jpg,1,3,1
leaf spot739_.jpg,1,3,1
leaf spot73_.jpg,1,3,1
leaf spot740_.jpg,1,3,1
leaf spot741_.jpg,1,3,1
leaf spot742_.jpg,1,3,1
leaf spot743_.jpg,1,3,1
leaf spot744_.jpg,1,3,1
leaf spot745_.jpg,1,3,1
leaf spot746_.jpg,1,3,1
leaf spot747_.jpg,1,3,1
leaf spot748_.jpg,1,3,1
leaf spot749_.jpg,1,3,1
leaf spot74_.jpg,1,3,1
leaf spot750_.jpg,1,3,1
leaf spot751_.jpg,1,3,1
leaf spot752_.jpg,1,3,1
leaf spot753_.jpg,1,3,1
leaf spot754_.jpg,1,3,1
leaf spot755_.jpg,1,3,1
leaf spot756_.jpg,1,3,1
leaf spot757_.jpg,1,3,1
leaf spot758_.jpg,1,3,1
leaf spot759_.jpg,1,3,1
leaf spot75_.jpg,1,3,1
leaf spot760_.jpg,1,3,1
leaf spot761_.jpg,1,3,1
leaf spot762_.jpg,1,3,1
leaf spot763_.jpg,1,3,1
leaf spot764_.jpg,1,3,1
leaf spot765_.jpg,1,3,1
leaf spot766_.jpg,1,3,1
leaf spot767_.jpg,1,3,1
leaf spot768_.jpg,1,3,1
leaf spot769_.jpg,1,3,1
leaf spot76_.jpg,1,3,1
leaf spot770_.jpg,1,3,1
leaf spot771_.jpg,1,3,1
leaf spot772_.jpg,1,3,1
leaf spot773_.jpg,1,3,1
leaf spot774_.jpg,1,3,1
leaf spot775_.jpg,1,3,1
leaf spot776_.jpg,1,3,1
leaf spot777_.jpg,1,3,1
leaf spot778_.jpg,1,3,1
leaf spot779_.jpg,1,3,1
leaf spot77_.jpg,1,3,1
leaf spot780_.jpg,1,3,1
leaf spot781_.jpg,1,3,1
leaf spot782_.jpg,1,3,1
leaf spot783_.jpg,1,3,1
leaf spot784_.jpg,1,3,1
leaf spot785_.jpg,1,3,1
leaf spot786_.jpg,1,3,1
leaf spot787_.jpg,1,3,1
leaf spot788_.jpg,1,3,1
leaf spot789_.jpg,1,3,1
leaf spot78_.jpg,1,3,1
leaf spot790_.jpg,1,3,1
leaf spot791_.jpg,1,3,1
leaf spot792_.jpg,1,3,1
leaf spot793_.jpg,1,3,1
leaf spot794_.jpg,1,3,1
leaf spot795_.jpg,1,3,1
leaf spot796_.jpg,1,3,1
leaf spot797_.jpg,1,3,1
leaf spot79_.jpg,1,3,1
leaf spot800_.jpg,1,3,1
leaf spot801_.jpg,1,3,1
leaf spot802_.jpg,1,3,1
leaf spot803_.jpg,1,3,1
leaf spot804_.jpg,1,3,1
leaf spot805_.jpg,1,3,1
leaf spot806_.jpg,1,3,1
leaf spot807_.jpg,1,3,1
leaf spot808_.jpg,1,3,1
leaf spot809_.jpg,1,3,1
leaf spot80_.jpg,1,3,1
leaf spot810_.jpg,1,3,1
leaf spot811_.jpg,1,3,1
leaf spot812_.jpg,1,3,1
leaf spot813_.jpg,1,3,1
leaf spot814_.jpg,1,3,1
leaf spot815_.jpg,1,3,1
leaf spot816_.jpg,1,3,1
leaf spot817_.jpg,1,3,1
leaf spot818_.jpg,1,3,1
leaf spot819_.jpg,1,3,1
leaf spot81_.jpg,1,3,1
leaf spot820_.jpg,1,3,1
leaf spot821_.jpg,1,3,1
leaf spot822_.jpg,1,3,1
leaf spot823_.jpg,1,3,1
leaf spot824_.jpg,1,3,1
leaf spot825_.jpg,1,3,1
leaf spot826_.jpg,1,3,1
leaf spot827_.jpg,1,3,1
leaf spot828_.jpg,1,3,1
leaf spot829_.jpg,1,3,1
leaf spot82_.jpg,1,3,1
leaf spot830_.jpg,1,3,1
leaf spot831_.jpg,1,3,1
leaf spot836_.jpg,1,3,1
leaf spot837_.jpg,1,3,1
leaf spot838_.jpg,1,3,1
leaf spot839_.jpg,1,3,1
leaf spot83_.jpg,1,3,1
leaf spot840_.jpg,1,3,1
leaf spot841_.jpg,1,3,1
leaf spot842_.jpg,1,3,1
leaf spot843_.jpg,1,3,1
leaf spot844_.jpg,1,3,1
leaf spot845_.jpg,1,3,1
leaf spot846_.jpg,1,3,1
leaf spot847_.jpg,1,3,1
leaf spot848_.jpg,1,3,1
leaf spot849_.jpg,1,3,1
leaf spot84_.jpg,1,3,1
leaf spot850_.jpg,1,3,1
leaf spot851_.jpg,1,3,1
leaf spot852_.jpg,1,3,1
leaf spot853_.jpg,1,3,1
leaf spot854_.jpg,1,3,1
leaf spot855_.jpg,1,3,1
leaf spot856_.jpg,1,3,1
leaf spot857_.jpg,1,3,1
leaf spot858_.jpg,1,3,1
leaf spot859_.jpg,1,3,1
leaf spot85_.jpg,1,3,1
leaf spot860_.jpg,1,3,1
leaf spot861_.jpg,1,3,1
leaf spot862_.jpg,1,3,1
leaf spot863_.jpg,1,3,1
leaf spot864_.jpg,1,3,1
leaf spot865_.jpg,1,3,1
leaf spot866_.jpg,1,3,1
leaf spot867_.jpg,1,3,1
leaf spot868_.jpg,1,3,1
leaf spot869_.jpg,1,3,1
leaf spot86_.jpg,1,3,1
leaf spot870_.jpg,1,3,1
leaf spot871_.jpg,1,3,1
leaf spot872_.jpg,1,3,1
leaf spot873_.jpg,1,3,1
leaf spot874_.jpg,1,3,1
leaf spot875_.jpg,1,3,1
leaf spot876_.jpg,1,3,1
leaf spot877_.jpg,1,3,1
leaf spot878_.jpg,1,3,1
leaf spot879_.jpg,1,3,1
leaf spot87_.jpg,1,3,1
leaf spot883_.jpg,1,3,1
leaf spot884_.jpg,1,3,1
leaf spot885_.jpg,1,3,1
leaf spot886_.jpg,1,3,1
leaf spot887_.jpg,1,3,1
leaf spot888_.jpg,1,3,1
leaf spot889_.jpg,1,3,1
leaf spot88_.jpg,1,3,1
leaf spot890_.jpg,1,3,1
leaf spot891_.jpg,1,3,1
leaf spot892_.jpg,1,3,1
leaf spot893_.jpg,1,3,1
leaf spot894_.jpg,1,3,1
leaf spot895_.jpg,1,3,1
leaf spot896_.jpg,1,3,1
leaf spot897_.jpg,1,3,1
leaf spot898_.jpg,1,3,1
leaf spot899_.jpg,1,3,1
leaf spot89_.jpg,1,3,1
leaf spot900_.jpg,1,3,1
leaf spot901_.jpg,1,3,1
leaf spot902_.jpg,1,3,1
leaf spot903_.jpg,1,3,1
leaf spot904_.jpg,1,3,1
leaf spot905_.jpg,1,3,1
leaf spot906_.jpg,1,3,1
leaf spot907_.jpg,1,3,1
leaf spot908_.jpg,1,3,1
leaf spot909_.jpg,1,3,1
leaf spot90_.jpg,1,3,1
leaf spot910_.jpg,1,3,1
leaf spot911_.jpg,1,3,1
leaf spot912_.jpg,1,3,1
leaf spot913_.jpg,1,3,1
leaf spot914_.jpg,1,3,1
leaf spot915_.jpg,1,3,1
leaf spot916_.jpg,1,3,1
leaf spot917_.jpg,1,3,1
leaf spot918_.jpg,1,3,1
leaf spot919_.jpg,1,3,1
leaf spot91_.jpg,1,3,1
leaf spot920_.jpg,1,3,1
leaf spot921_.jpg,1,3,1
leaf spot922_.jpg,1,3,1
leaf spot923_.jpg,1,3,1
leaf spot924_.jpg,1,3,1
leaf spot925_.jpg,1,3,1
leaf spot926_.jpg,1,3,1
leaf spot927_.jpg,1,3,1
leaf spot928_.jpg,1,3,1
leaf spot929_.jpg,1,3,1
leaf spot92_.jpg,1,3,1
leaf spot930_.jpg,1,3,1
leaf spot931_.jpg,1,3,1
leaf spot932_.jpg,1,3,1
leaf spot933_.jpg,1,3,1
leaf spot934_.jpg,1,3,1
leaf spot935_.jpg,1,3,1
leaf spot936_.jpg,1,3,1
leaf spot937_.jpg,1,3,1
leaf spot938_.jpg,1,3,1
leaf spot939_.jpg,1,3,1
leaf spot93_.jpg,1,3,1
leaf spot940_.jpg,1,3,1
leaf spot941_.jpg,1,3,1
leaf spot942_.jpg,1,3,1
leaf spot943_.jpg,1,3,1
leaf spot944_.jpg,1,3,1
leaf spot945_.jpg,1,3,1
leaf spot946_.jpg,1,3,1
leaf spot947_.jpg,1,3,1
leaf spot948_.jpg,1,3,1
leaf spot949_.jpg,1,3,1
leaf spot94_.jpg,1,3,1
leaf spot950_.jpg,1,3,1
leaf spot951_.jpg,1,3,1
leaf spot952_.jpg,1,3,1
leaf spot953_.jpg,1,3,1
leaf spot954_.jpg,1,3,1
leaf spot955_.jpg,1,3,1
leaf spot956_.jpg,1,3,1
leaf spot959_.jpg,1,3,1
leaf spot95_.jpg,1,3,1
leaf spot960_.jpg,1,3,1
leaf spot961_.jpg,1,3,1
leaf spot962_.jpg,1,3,1
leaf spot963_.jpg,1,3,1
leaf spot964_.jpg,1,3,1
leaf spot965_.jpg,1,3,1
leaf spot966_.jpg,1,3,1
leaf spot967_.jpg,1,3,1
leaf spot968_.jpg,1,3,1
leaf spot969_.jpg,1,3,1
leaf spot96_.jpg,1,3,1
leaf spot970_.jpg,1,3,1
leaf spot971_.jpg,1,3,1
leaf spot972_.jpg,1,3,1
leaf spot973_.jpg,1,3,1
leaf spot974_.jpg,1,3,1
leaf spot975_.jpg,1,3,1
leaf spot976_.jpg,1,3,1
leaf spot977_.jpg,1,3,1
leaf spot978_.jpg,1,3,1
leaf spot979_.jpg,1,3,1
leaf spot97_.jpg,1,3,1
leaf spot980_.jpg,1,3,1
leaf spot981_.jpg,1,3,1
leaf spot982_.jpg,1,3,1
leaf spot983_.jpg,1,3,1
leaf spot984_.jpg,1,3,1
leaf spot985_.jpg,1,3,1
leaf spot986_.jpg,1,3,1
leaf spot987_.jpg,1,3,1
leaf spot988_.jpg,1,3,1
leaf spot989_.jpg,1,3,1
leaf spot98_.jpg,1,3,1
leaf spot990_.jpg,1,3,1
leaf spot991_.jpg,1,3,1
leaf spot992_.jpg,1,3,1
leaf spot993_.jpg,1,3,1
leaf spot994_.jpg,1,3,1
leaf spot995_.jpg,1,3,1
leaf spot996_.jpg,1,3,1
leaf spot997_.jpg,1,3,1
leaf spot998_.jpg,1,3,1
leaf spot999_.jpg,1,3,1
leaf spot99_.jpg,1,3,1
leaf spot9_.jpg,1,3,1
