image_name,r_mean,g_mean,b_mean,h_mean,s_mean,v_mean,brown_ratio,yellow_ratio,dark_ratio,contrast,energy,homogeneity,correlation,maladie_id
100maize_train_healthy.JPG,147.4162,180.7249,89.0409,43.1754,136.2646,180.8557,0.0009,0.0663,0.0027,1327.3237,0.0096,0.0348,0.4865,0
101maize_train_healthy.JPG,134.8183,177.966,63.4074,41.8897,163.7763,178.0122,0.0,0.1033,0.0,29.5342,0.0449,0.3069,0.9418,0
102maize_train_healthy.JPG,112.7933,144.0528,59.2558,37.0462,131.2702,144.1691,0.0,0.0496,0.164,75.1153,0.142,0.445,0.9889,0
103maize_train_healthy.JPG,137.8034,172.0522,78.2476,43.4995,139.6781,172.3085,0.0,0.0515,0.0003,48.9748,0.0344,0.2865,0.9669,0
104maize_train_healthy.JPG,131.6172,169.8947,85.5472,42.3504,140.283,169.9604,0.0005,0.0071,0.0,1390.812,0.0099,0.0391,0.5667,0
105maize_train_healthy.JPG,105.0326,152.9812,43.2979,43.2794,182.6598,152.9812,0.0,0.0004,0.0,81.1831,0.0358,0.1946,0.6539,0
106maize_train_healthy.JPG,109.1771,145.9578,63.3096,41.0436,143.7287,146.095,0.0003,0.0003,0.0816,67.3152,0.0774,0.4323,0.9852,0
107maize_train_healthy.JPG,123.0826,161.7226,74.9901,42.5317,144.9558,161.8539,0.0002,0.0003,0.0,122.2287,0.0568,0.2225,0.9532,0
108maize_train_healthy.JPG,106.1913,144.6959,101.9131,59.9738,100.4341,144.7959,0.0,0.0001,0.0098,1407.361,0.0083,0.0337,0.5973,0
109maize_train_healthy.JPG,102.9992,145.474,105.4805,62.6192,84.2824,145.4872,0.0,0.0,0.0,55.0684,0.0331,0.2361,0.9524,0
110maize_train_healthy.JPG,84.0247,119.7482,79.8763,55.0422,97.2622,119.8242,0.0,0.0001,0.1165,109.8369,0.0898,0.3117,0.9755,0
111maize_train_healthy.JPG,95.9936,135.1849,91.0108,59.7869,101.7158,135.3367,0.0,0.0001,0.0012,80.9498,0.0227,0.2197,0.965,0
112maize_train_healthy.JPG,112.0454,175.1711,76.1049,50.2304,153.147,175.1761,0.0,0.0004,0.0,1423.4371,0.01,0.0336,0.2409,0
112maize_valid_healthy.JPG,101.2922,147.3653,51.9252,42.9074,153.6644,147.5281,0.0,0.0262,0.1291,66.9275,0.1042,0.432,0.9895,0
113maize_train_healthy.JPG,99.5063,165.2507,69.0657,51.5946,149.2203,165.2507,0.0,0.0,0.0,107.7759,0.033,0.1808,0.6661,0
113maize_valid_healthy.JPG,118.0156,169.7831,62.6601,47.3112,164.4968,169.9313,0.0,0.0375,0.0,93.498,0.0277,0.1953,0.9613,0
114maize_train_healthy.JPG,96.0031,156.895,59.9826,48.9577,156.2031,156.9181,0.0,0.0,0.0513,54.0899,0.0515,0.3544,0.9751,0
115maize_train_healthy.JPG,101.8582,165.8229,64.1953,50.0145,157.6922,165.836,0.0,0.0,0.0,113.8033,0.0294,0.1671,0.8008,0
116maize_train_healthy.JPG,115.0086,162.9791,92.8874,55.9484,125.941,163.1782,0.0,0.0067,0.0038,1386.3996,0.0082,0.0335,0.591,0
116maize_valid_healthy.JPG,74.8086,130.5717,69.0479,59.7539,133.2552,130.678,0.0,0.0,0.0157,77.5592,0.0398,0.2875,0.9334,0
117maize_train_healthy.JPG,113.3373,166.4703,86.1099,55.2815,132.5397,166.8403,0.0,0.001,0.0,47.3372,0.0257,0.2292,0.9724,0
117maize_valid_healthy.JPG,75.8456,132.221,70.1919,59.8529,132.3048,132.3266,0.0,0.0,0.0039,53.6719,0.0387,0.2753,0.9445,0
118maize_train_healthy.JPG,85.426,128.3787,63.133,47.1048,120.4719,128.485,0.0,0.0006,0.167,75.8613,0.1348,0.3451,0.9875,0
119maize_train_healthy.JPG,104.7113,153.7456,81.5231,55.803,129.1309,154.0759,0.0,0.0006,0.0013,65.0309,0.0208,0.2237,0.9703,0
120maize_train_healthy.JPG,109.8664,161.2077,85.8983,59.1167,127.7189,162.0007,0.0,0.0393,0.0154,1387.7078,0.0087,0.0326,0.5382,0
120maize_valid_healthy.JPG,79.7905,106.7238,77.6241,52.5164,81.6285,106.9966,0.0015,0.0003,0.1559,45.1894,0.1046,0.3826,0.9906,0
121maize_train_healthy.JPG,106.8982,175.2948,62.4137,50.191,163.0848,175.2948,0.0,0.0096,0.0,17.0946,0.0439,0.3199,0.9738,0
121maize_valid_healthy.JPG,90.9947,120.9025,87.459,57.6095,86.5654,121.2867,0.0014,0.0004,0.0397,86.17,0.0251,0.3017,0.9678,0
122maize_train_healthy.JPG,87.638,135.2567,63.1135,51.5669,122.1094,135.79,0.0,0.0159,0.1388,68.4524,0.1098,0.4304,0.9872,0
123maize_train_healthy.JPG,99.7969,152.2699,74.8608,59.1027,129.0479,153.0817,0.0,0.0158,0.0077,60.2847,0.0279,0.258,0.9663,0
124maize_train_healthy.JPG,88.3398,136.1873,99.3457,48.8683,107.5833,140.4135,0.0,0.0,0.0636,1297.9487,0.0077,0.0348,0.7321,0
125maize_train_healthy.JPG,75.3293,102.1986,77.5999,39.5727,87.037,108.9608,0.0,0.0,0.0271,16.4752,0.0412,0.4492,0.9953,0
126maize_train_healthy.JPG,74.4073,122.1404,85.4494,48.43,103.8836,126.1391,0.0,0.0,0.0781,48.2272,0.0494,0.459,0.9898,0
127maize_train_healthy.JPG,77.9941,126.7367,88.804,49.0998,104.4817,131.1872,0.0,0.0,0.0271,15.735,0.036,0.4308,0.9958,0
128maize_train_healthy.JPG,122.8882,148.6433,116.7921,55.3162,69.1658,148.7968,0.0,0.0,0.0298,1373.4498,0.0083,0.0342,0.6371,0
129maize_train_healthy.JPG,122.7884,147.9454,119.6136,57.5599,56.0417,148.0102,0.0,0.0,0.0189,10.1831,0.0384,0.402,0.9957,0
130maize_train_healthy.JPG,101.9158,125.0902,97.0963,50.3649,61.0181,125.199,0.0,0.0,0.1442,115.2167,0.1081,0.2807,0.9799,0
131maize_train_healthy.JPG,112.9575,139.0304,106.4294,55.1409,67.652,139.1883,0.0,0.0,0.0224,22.4474,0.0284,0.3297,0.9911,0
132maize_train_healthy.JPG,102.4721,143.8724,102.3503,61.9409,99.4322,143.9312,0.0,0.0,0.0168,1484.3187,0.0092,0.0334,0.4474,0
133maize_train_healthy.JPG,97.8188,142.4769,109.8646,68.9194,85.2241,142.6985,0.0,0.0,0.0,69.5109,0.0352,0.2141,0.912,0
134maize_train_healthy.JPG,79.6335,115.7084,81.653,55.1975,86.0193,115.8188,0.0,0.0,0.1661,66.7776,0.1299,0.3757,0.9859,0
135maize_train_healthy.JPG,92.2515,134.043,91.7885,61.8353,98.8594,134.1474,0.0,0.0,0.0153,142.4438,0.0271,0.2041,0.8988,0
136maize_train_healthy.JPG,112.4722,134.0078,98.9624,53.3567,85.0397,134.2182,0.0007,0.0,0.0229,1455.8157,0.0084,0.0325,0.5722,0
137maize_train_healthy.JPG,86.8403,111.9697,61.2708,45.8584,120.8428,112.4404,0.0,0.0,0.005,40.6697,0.057,0.4623,0.9723,0
138maize_train_healthy.JPG,86.6111,105.2734,73.4469,46.355,79.7087,105.5079,0.0012,0.0,0.1648,95.3593,0.1288,0.4166,0.9813,0
139maize_train_healthy.JPG,102.31,124.0624,87.5632,53.2016,85.4643,124.2905,0.0012,0.0,0.012,76.2855,0.0302,0.3335,0.964,0
140maize_train_healthy.JPG,105.9012,142.4578,82.7165,51.8659,118.4401,142.9436,0.0,0.0,0.046,1406.7507,0.008,0.0321,0.6633,0
141maize_train_healthy.JPG,109.4952,151.365,80.577,50.8749,120.1276,151.9292,0.0,0.0,0.0007,75.5712,0.0498,0.3183,0.9647,0
142maize_train_healthy.JPG,81.9124,113.6694,60.6682,44.571,104.8246,114.0474,0.0,0.0,0.1995,75.2508,0.1462,0.4499,0.9879,0
143maize_train_healthy.JPG,95.176,132.4698,71.1908,51.7406,118.0055,132.9975,0.0,0.0,0.041,82.9448,0.0331,0.325,0.9716,0
144maize_train_healthy.JPG,95.6655,120.2231,90.8952,58.9376,82.538,120.267,0.0,0.0,0.0506,1486.9077,0.0095,0.0334,0.4692,0
145maize_train_healthy.JPG,93.728,120.1056,84.7024,55.1861,81.5725,120.1142,0.0,0.0,0.0003,60.9251,0.0371,0.2427,0.9387,0
146maize_train_healthy.JPG,79.4333,102.3523,74.9963,54.8141,75.4946,102.3947,0.0,0.0,0.1309,47.1124,0.0868,0.4079,0.9841,0
147maize_train_healthy.JPG,85.2466,110.1109,79.8856,58.8504,80.173,110.1652,0.0,0.0,0.0633,144.6609,0.0307,0.2117,0.9093,0
148maize_train_healthy.JPG,101.6228,142.1216,103.9926,62.84,90.9919,142.1411,0.0,0.0,0.002,1465.3455,0.0098,0.0331,0.3568,0
149maize_train_healthy.JPG,102.5075,143.4388,102.6533,61.5505,83.3206,143.4714,0.0,0.0,0.0,64.6344,0.0313,0.2162,0.9571,0
150maize_train_healthy.JPG,80.3035,115.7352,82.8128,56.2486,82.379,115.7865,0.0,0.0,0.1403,57.6645,0.1171,0.3787,0.9861,0
151maize_train_healthy.JPG,91.5641,132.4046,93.8561,62.8225,89.4279,132.4322,0.0,0.0,0.0,83.9899,0.0321,0.1962,0.9117,0
152maize_train_healthy.JPG,106.7641,171.4994,94.4987,58.3856,132.0319,171.6707,0.0,0.0,0.0001,1362.2738,0.0098,0.0334,0.2988,0
153maize_train_healthy.JPG,82.7455,153.3459,61.6853,53.4572,152.0634,153.3459,0.0,0.0,0.0,21.7697,0.0391,0.2452,0.9335,0
154maize_train_healthy.JPG,77.6007,133.9669,63.3236,49.15,125.3905,134.0169,0.0,0.0,0.1628,83.2618,0.133,0.352,0.9832,0
155maize_train_healthy.JPG,96.7762,162.23,83.9865,58.2887,133.8961,162.4275,0.0,0.0,0.0,36.3014,0.0315,0.2418,0.9438,0
156maize_train_healthy.JPG,139.4565,165.8694,100.0181,42.4922,120.8221,165.9771,0.0001,0.0078,0.0012,1241.7179,0.0096,0.0433,0.7411,0
157maize_train_healthy.JPG,115.7571,146.4066,76.2552,44.4659,126.0266,146.4082,0.0,0.0,0.0,31.4034,0.0292,0.2433,0.964,0
158maize_train_healthy.JPG,119.6804,145.0328,80.1848,41.1911,122.779,145.2402,0.0,0.0,0.0776,108.7487,0.087,0.4964,0.9834,0
159maize_train_healthy.JPG,132.1486,158.7416,90.4817,42.998,125.7624,158.9914,0.0001,0.0,0.0,35.121,0.0842,0.3033,0.9925,0
160maize_train_healthy.JPG,124.9623,145.749,119.6613,58.2249,67.6604,146.2826,0.0,0.0002,0.0067,1318.5639,0.0094,0.0422,0.7842,0
161maize_train_healthy.JPG,129.1751,148.8743,133.3471,70.8996,43.1743,149.5686,0.0,0.0,0.0,11.9828,0.0759,0.4842,0.9979,0
162maize_train_healthy.JPG,96.0444,114.7087,92.0601,50.957,58.7213,115.0998,0.0,0.0001,0.1598,104.9208,0.1427,0.4324,0.9882,0
163maize_train_healthy.JPG,117.5645,138.3132,111.8219,60.4166,66.2298,139.1691,0.0,0.0001,0.0028,79.9475,0.0537,0.279,0.9868,0
164maize_train_healthy.JPG,96.6685,122.6113,98.6309,63.6693,72.9247,122.6257,0.0,0.0,0.0227,1420.8618,0.0096,0.033,0.4577,0
165maize_train_healthy.JPG,99.3082,126.9661,102.9964,64.3257,59.0562,126.9661,0.0,0.0,0.0,27.56,0.0553,0.3065,0.9792,0
166maize_train_healthy.JPG,83.5652,108.8509,85.4186,62.78,72.4944,108.8805,0.0,0.0,0.0528,63.5512,0.0456,0.3294,0.968,0
167maize_train_healthy.JPG,86.2439,112.5444,87.8609,63.54,70.883,112.5581,0.0,0.0,0.0157,53.0561,0.0413,0.3062,0.9598,0
168maize_train_healthy.JPG,105.1812,156.8349,87.7739,59.0161,125.2327,157.1433,0.0,0.0028,0.0227,1358.2602,0.0092,0.0342,0.5188,0
169maize_train_healthy.JPG,102.4013,159.7759,86.9679,58.6426,123.6763,159.9481,0.0,0.0,0.0185,5.1897,0.0725,0.5234,0.9945,0
16maize_train_healthy.JPG,101.3288,154.6338,71.6994,49.9023,144.0966,154.6729,0.0,0.0,0.0219,1338.3071,0.0097,0.0343,0.473,0
170maize_train_healthy.JPG,89.4534,139.3323,72.05,55.6757,124.3146,139.6024,0.0,0.0,0.0986,51.3774,0.0686,0.4592,0.9845,0
171maize_train_healthy.JPG,94.8587,147.0608,76.659,59.405,125.7048,147.4134,0.0,0.0,0.0341,8.4036,0.0536,0.4681,0.9946,0
172maize_train_healthy.JPG,110.9904,134.3454,108.6613,57.1562,68.6845,134.7163,0.0002,0.0,0.0462,1428.7229,0.0077,0.0334,0.6715,0
173maize_train_healthy.JPG,135.8628,161.7539,138.2504,64.0883,45.2781,161.8549,0.0,0.0,0.0,51.4782,0.0303,0.2511,0.9686,0
174maize_train_healthy.JPG,89.339,111.054,87.9881,51.7328,60.1716,111.2776,0.0001,0.0,0.1834,73.5683,0.121,0.3393,0.9874,0
175maize_train_healthy.JPG,100.8542,124.5711,98.1425,57.012,65.9085,124.9554,0.0002,0.0,0.0569,86.686,0.0219,0.2527,0.9724,0
176maize_train_healthy.JPG,110.33,143.624,104.9891,57.1468,89.0003,144.3808,0.0,0.0025,0.0225,1439.8742,0.0085,0.0328,0.5518,0
177maize_train_healthy.JPG,100.3133,138.4195,101.9737,58.7402,82.8706,139.1925,0.0,0.0,0.0,57.1145,0.0449,0.3417,0.9621,0
178maize_train_healthy.JPG,83.3167,112.8364,79.7909,49.3888,78.3434,113.3889,0.0,0.0,0.1736,86.0947,0.145,0.4225,0.9842,0
179maize_train_healthy.JPG,100.3234,133.8714,94.5571,57.1406,87.117,134.6718,0.0,0.0,0.0079,65.3222,0.0339,0.3173,0.9656,0
17maize_train_healthy.JPG,97.5449,153.588,60.0745,47.5575,151.9444,153.6563,0.0,0.0,0.0051,7.3483,0.0854,0.6565,0.9922,0
180maize_train_healthy.JPG,114.4968,149.8833,97.8286,52.1603,101.7837,150.2699,0.0,0.0,0.0152,1457.9381,0.0087,0.0333,0.5237,0
181maize_train_healthy.JPG,115.8834,156.4642,89.2828,49.2493,112.129,156.5479,0.0,0.0,0.0,85.8534,0.0275,0.1994,0.8841,0
182maize_train_healthy.JPG,91.8664,123.1966,75.1308,45.5012,95.3743,123.5015,0.0,0.0,0.1475,107.3091,0.1184,0.309,0.9796,0
183maize_train_healthy.JPG,104.229,140.0587,87.0264,52.0453,101.5752,140.4671,0.0,0.0,0.004,103.5286,0.0243,0.2328,0.9404,0
184maize_train_healthy.JPG,108.881,168.6371,74.3848,55.4695,147.1808,169.4078,0.0,0.0177,0.0139,1363.4765,0.0082,0.0341,0.6055,0
185maize_train_healthy.JPG,94.4472,165.9054,58.0257,51.796,165.3175,165.9952,0.0,0.0071,0.0001,51.1868,0.0261,0.2034,0.9778,0
186maize_train_healthy.JPG,85.5291,142.7791,52.7546,48.712,144.4323,143.2111,0.0,0.0051,0.1386,78.9389,0.1012,0.3777,0.9865,0
187maize_train_healthy.JPG,98.674,160.5472,62.7558,55.5018,151.4709,161.3379,0.0,0.0062,0.0182,128.9856,0.0198,0.1715,0.947,0
188maize_train_healthy.JPG,138.8872,151.4657,102.8824,45.2822,95.4657,151.9262,0.0012,0.0032,0.003,1437.5803,0.0087,0.0331,0.5218,0
189maize_train_healthy.JPG,129.7269,142.7798,98.8644,47.829,85.0989,143.2232,0.0003,0.0,0.0,34.5899,0.0354,0.2861,0.9719,0
18maize_train_healthy.JPG,79.1265,125.9175,50.5875,42.6056,132.403,125.983,0.0,0.0,0.1757,52.6694,0.1444,0.476,0.9891,0
190maize_train_healthy.JPG,106.6033,117.4375,77.8319,40.0157,83.0909,117.8413,0.0003,0.0007,0.1683,84.8151,0.145,0.3988,0.9862,0
191maize_train_healthy.JPG,129.232,141.874,92.4538,45.297,95.5661,142.4493,0.0003,0.0019,0.0,72.8263,0.0286,0.2852,0.9582,0
192maize_train_healthy.JPG,92.7727,135.288,92.6948,63.6885,113.8599,135.6454,0.0,0.0,0.0093,1487.6456,0.0094,0.0331,0.4241,0
193maize_train_healthy.JPG,83.9328,131.6775,77.7126,58.9645,116.1195,131.7668,0.0,0.0,0.0,55.0604,0.0335,0.2388,0.968,0
194maize_train_healthy.JPG,67.6488,104.5751,68.3471,55.3676,100.7259,104.8341,0.0,0.0,0.1758,88.2372,0.1419,0.2883,0.9788,0
195maize_train_healthy.JPG,82.5744,125.6649,81.7409,63.4953,113.8749,126.0618,0.0,0.0,0.009,127.7262,0.0268,0.139,0.8971,0
196maize_train_healthy.JPG,101.5977,173.2795,80.267,57.5432,149.2778,173.7577,0.0,0.0001,0.0004,1337.2364,0.0094,0.034,0.4151,0
197maize_train_healthy.JPG,84.6543,157.9473,60.6687,56.6995,158.4639,158.247,0.0,0.0,0.0,30.0944,0.0325,0.2846,0.9624,0
197maize_valid_healthy.JPG,89.4935,164.2419,59.6846,52.0264,163.0328,164.2419,0.0,0.0003,0.0,40.2535,0.0255,0.207,0.967,0
198maize_train_healthy.JPG,74.5992,137.0187,53.7384,49.4288,141.3673,137.3174,0.0,0.0001,0.1557,98.1205,0.1255,0.3656,0.9811,0
198maize_valid_healthy.JPG,76.6306,116.609,75.9682,57.087,97.413,116.747,0.0,0.0,0.125,80.035,0.0665,0.2948,0.9768,0
199maize_train_healthy.JPG,91.2422,164.231,68.9372,57.4475,153.3073,164.8638,0.0,0.0003,0.0,53.4356,0.0276,0.2486,0.9497,0
199maize_valid_healthy.JPG,83.6677,126.9729,83.1359,60.8987,100.7085,127.1574,0.0,0.0,0.0407,102.4251,0.0281,0.2346,0.9431,0
19maize_train_healthy.JPG,90.9961,144.8589,60.1088,49.6856,146.3286,144.8991,0.0,0.0,0.0286,6.6948,0.0678,0.5297,0.9948,0
200maize_train_healthy.JPG,147.9076,165.6786,137.1453,67.3092,74.0952,168.4447,0.0,0.0,0.0039,1198.3861,0.0087,0.0399,0.8247,0
200maize_valid_healthy.JPG,83.598,132.8866,73.8298,58.5329,122.875,133.0854,0.0,0.0,0.021,10.4719,0.0441,0.4305,0.9918,0
201maize_train_healthy.JPG,113.6921,136.0206,97.0041,54.3118,90.4428,137.8613,0.0,0.0,0.0007,44.9032,0.0473,0.3795,0.988,0
201maize_valid_healthy.JPG,83.6766,126.9667,83.1405,60.9349,100.7636,127.1707,0.0,0.0,0.0406,102.4258,0.0281,0.2351,0.9431,0
202maize_train_healthy.JPG,114.6195,130.3026,107.8626,58.3659,71.433,135.0367,0.0,0.0,0.1664,110.0261,0.1495,0.5272,0.9903,0
202maize_valid_healthy.JPG,100.4837,135.7498,80.8915,53.9036,109.2635,135.7955,0.0,0.0,0.0013,74.3571,0.0372,0.2667,0.911,0
203maize_train_healthy.JPG,140.2128,158.7197,132.658,69.4026,78.3871,164.8648,0.0,0.0,0.0003,44.5789,0.0624,0.4786,0.9933,0
203maize_valid_healthy.JPG,161.0075,176.3965,131.724,61.9293,88.6034,179.4102,0.0172,0.0007,0.0,56.5055,0.0966,0.4674,0.9917,0
204maize_valid_healthy.JPG,98.831,130.5365,68.3591,45.1263,125.3357,130.5366,0.0,0.0,0.0,137.3127,0.0218,0.1223,0.8558,0
205maize_valid_healthy.JPG,107.1045,131.6018,88.1833,51.8491,91.9531,131.6488,0.0002,0.0035,0.0019,63.0271,0.0237,0.2089,0.9602,0
206maize_valid_healthy.JPG,84.2543,134.9482,77.29,58.3809,119.3867,135.1181,0.0,0.0,0.0054,96.6631,0.0214,0.1697,0.9374,0
207maize_valid_healthy.JPG,109.6864,139.6948,96.2782,53.611,87.5121,139.8307,0.0004,0.0002,0.0002,90.8889,0.0398,0.2072,0.9557,0
208maize_train_healthy.JPG,155.887,178.8596,126.9225,59.7855,96.1474,179.9034,0.0,0.005,0.0005,1213.1479,0.0095,0.0434,0.7744,0
208maize_valid_healthy.JPG,118.021,169.784,62.671,47.3837,164.4973,169.9454,0.0,0.0377,0.0,93.5967,0.0283,0.1957,0.9613,0
209maize_train_healthy.JPG,162.5295,182.9993,146.9809,69.6408,69.6843,185.9852,0.0,0.0,0.0,19.3518,0.0747,0.5033,0.996,0
209maize_valid_healthy.JPG,94.0869,128.1473,60.8549,48.743,132.7925,128.1603,0.0,0.0028,0.0693,100.1133,0.027,0.297,0.9792,0
20maize_train_healthy.JPG,105.1343,156.6578,78.2838,50.8105,138.2334,156.8848,0.0,0.0047,0.0124,1372.3238,0.0091,0.0335,0.4993,0
210maize_train_healthy.JPG,127.1285,147.9528,101.9807,54.5716,92.6372,150.0413,0.0,0.0,0.1356,118.22,0.1168,0.4689,0.988,0
210maize_valid_healthy.JPG,111.92,133.9781,78.6427,46.9196,115.9608,134.8202,0.0098,0.0,0.0001,94.2227,0.0379,0.2551,0.9618,0
211maize_train_healthy.JPG,149.1278,172.6874,121.2015,62.9865,100.6525,175.5985,0.0,0.0001,0.0,56.6076,0.0492,0.3806,0.9894,0
212maize_train_healthy.JPG,124.2369,165.7729,91.1007,45.3693,132.886,165.8643,0.0,0.0031,0.0089,1299.1527,0.0104,0.0447,0.7397,0
213maize_train_healthy.JPG,108.6751,158.0254,58.3127,47.0626,166.9598,158.2797,0.0,0.0,0.0001,36.1434,0.0411,0.2763,0.9826,0
214maize_train_healthy.JPG,93.9948,130.528,63.1554,40.2771,124.4462,130.7018,0.0,0.0,0.1803,94.3412,0.1583,0.4356,0.989,0
215maize_train_healthy.JPG,116.9251,158.9068,81.626,45.3411,137.3768,159.0727,0.0,0.0,0.0101,89.3619,0.108,0.2855,0.9823,0
216maize_train_healthy.JPG,89.0936,126.0222,93.0975,64.569,102.7286,126.1539,0.001,0.0018,0.0125,1439.3606,0.0095,0.0329,0.3704,0
217maize_train_healthy.JPG,79.2881,124.8262,89.6167,67.3621,95.8311,124.8262,0.0,0.0,0.0,23.8416,0.0623,0.4216,0.862,0
218maize_train_healthy.JPG,65.9591,98.5062,69.3402,56.6204,92.4563,98.598,0.0031,0.0023,0.1685,49.9197,0.1348,0.3994,0.9856,0
219maize_train_healthy.JPG,78.728,116.1796,82.6398,64.5631,100.228,116.3176,0.0031,0.0022,0.0073,69.6796,0.0311,0.2373,0.9266,0
21maize_train_healthy.JPG,96.2034,155.4833,64.3001,50.9825,152.2646,155.4866,0.0,0.0,0.0,16.1267,0.0434,0.3135,0.9787,0
220maize_train_healthy.JPG,110.6183,154.7775,62.737,47.937,162.2135,154.8279,0.0,0.0708,0.0115,1315.5601,0.008,0.0354,0.6756,0
221maize_train_healthy.JPG,117.3131,171.8848,29.7089,41.8147,209.8141,171.8848,0.0,0.0436,0.0,18.1487,0.033,0.24,0.9796,0
222maize_train_healthy.JPG,82.6911,122.1102,35.356,40.7037,157.1622,122.1936,0.0,0.0104,0.1768,81.5949,0.1403,0.3217,0.9869,0
223maize_train_healthy.JPG,100.5812,145.925,48.7422,47.5432,172.1204,146.0223,0.0001,0.0133,0.0083,71.2473,0.0223,0.214,0.9773,0
224maize_train_healthy.JPG,104.4333,150.8329,104.5727,62.0561,98.8637,151.9212,0.0,0.0,0.0169,1451.8131,0.0088,0.0326,0.4973,0
225maize_train_healthy.JPG,93.2287,160.9009,86.8768,58.5367,123.5657,160.9009,0.0,0.0,0.0,24.9655,0.0701,0.4014,0.9438,0
226maize_train_healthy.JPG,84.104,126.6436,84.172,56.6256,93.2464,127.5956,0.0,0.0,0.1188,107.1198,0.0876,0.3478,0.9746,0
227maize_train_healthy.JPG,94.2491,141.1042,94.1228,61.9887,97.9921,142.2049,0.0,0.0,0.0096,86.8307,0.0301,0.2856,0.9449,0
228maize_train_healthy.JPG,128.4058,163.8719,101.316,49.5254,109.8718,163.9364,0.0,0.0011,0.0003,1389.2292,0.0085,0.0334,0.5653,0
229maize_train_healthy.JPG,105.9619,148.8026,68.349,47.6755,140.7125,148.8036,0.0,0.0,0.0,57.1178,0.0403,0.2175,0.9319,0
22maize_train_healthy.JPG,78.4987,124.6466,55.8242,45.6872,127.5159,124.8679,0.0,0.0,0.1657,65.3434,0.1257,0.3289,0.9862,0
230maize_train_healthy.JPG,112.9985,147.7136,85.9742,48.3191,112.4613,147.751,0.0,0.0022,0.0454,135.5332,0.033,0.2141,0.9591,0
231maize_train_healthy.JPG,118.7343,154.8615,90.712,49.5584,111.9171,155.0088,0.0,0.0024,0.0,88.9119,0.022,0.1747,0.9567,0
232maize_train_healthy.JPG,96.5948,127.051,92.1648,57.2639,91.3161,127.231,0.0,0.0,0.0256,1519.7644,0.0082,0.0328,0.5678,0
233maize_train_healthy.JPG,101.0181,131.0931,99.61,59.3117,71.1154,131.2028,0.0,0.0,0.0014,125.6475,0.0205,0.1626,0.9352,0
234maize_train_healthy.JPG,84.9951,115.8001,80.2807,57.0632,90.9601,115.9763,0.0,0.0,0.0339,36.5379,0.0321,0.3466,0.9849,0
235maize_train_healthy.JPG,86.0436,117.1908,81.1268,57.0999,89.951,117.3828,0.0,0.0,0.0202,146.1133,0.0197,0.1684,0.9347,0
236maize_train_healthy.JPG,97.0053,149.22,86.1183,57.9866,118.1056,149.4767,0.0,0.0,0.0208,1432.6164,0.0091,0.0327,0.4749,0
237maize_train_healthy.JPG,89.5227,153.598,74.3722,55.5133,135.8353,153.598,0.0,0.0,0.0,17.2648,0.0644,0.4475,0.967,0
238maize_train_healthy.JPG,79.2092,128.635,68.3619,54.5142,114.8865,128.9178,0.0,0.0,0.0996,59.9564,0.0773,0.3987,0.9821,0
239maize_train_healthy.JPG,86.6463,139.3482,75.2072,57.9743,117.749,139.6195,0.0,0.0,0.0102,62.7236,0.0389,0.3284,0.9556,0
23maize_train_healthy.JPG,95.1139,147.3622,66.9944,50.6513,140.4541,147.6284,0.0,0.0061,0.0185,54.1002,0.0292,0.2149,0.9639,0
240maize_train_healthy.JPG,94.2557,131.3939,95.2465,65.9385,98.7283,132.2618,0.0,0.0,0.0165,1391.0097,0.0096,0.0328,0.4005,0
241maize_train_healthy.JPG,89.3282,129.8516,90.1593,62.3524,92.6614,129.9243,0.0,0.0,0.0,5.8706,0.052,0.4378,0.9939,0
242maize_train_healthy.JPG,72.7124,105.4949,73.053,58.1344,90.4149,106.2123,0.0,0.0,0.1503,93.1393,0.1214,0.2914,0.974,0
243maize_train_healthy.JPG,83.9434,121.3559,84.4038,66.0203,97.5183,122.276,0.0,0.0,0.0174,9.5267,0.0454,0.3885,0.9906,0
244maize_train_healthy.JPG,106.7093,139.8517,102.9219,58.1438,83.287,139.8521,0.0,0.0,0.005,1384.6089,0.0096,0.0339,0.4623,0
245maize_train_healthy.JPG,96.4979,131.9304,96.3526,60.7801,79.8263,131.9308,0.0,0.0,0.0027,21.4006,0.0499,0.3516,0.9857,0
246maize_train_healthy.JPG,87.3181,117.447,84.6855,54.5397,77.6365,117.4709,0.0,0.0,0.1056,60.0051,0.0883,0.3884,0.9833,0
247maize_train_healthy.JPG,96.8028,130.2063,92.8322,58.1019,81.4591,130.2064,0.0,0.0,0.0028,29.5388,0.0473,0.3528,0.9776,0
248maize_train_healthy.JPG,108.0712,141.8403,109.0371,59.6079,85.8294,141.9383,0.0,0.0,0.0322,1420.992,0.0076,0.0332,0.6888,0
249maize_train_healthy.JPG,114.3648,160.8208,128.0548,69.0091,76.183,160.8785,0.0,0.0,0.0,11.6334,0.0495,0.4586,0.9847,0
24maize_train_healthy.JPG,107.2437,145.2952,102.3847,56.9263,100.2629,146.1254,0.0025,0.0,0.0138,1419.7976,0.0089,0.0338,0.4777,0
250maize_train_healthy.JPG,89.6499,121.4302,91.7054,55.8486,78.8077,121.5238,0.0,0.0,0.1241,93.772,0.0845,0.3921,0.9833,0
251maize_train_healthy.JPG,97.689,132.2343,98.2635,59.3119,84.4082,132.3354,0.0,0.0,0.0179,93.0959,0.0271,0.3444,0.9721,0
252maize_train_healthy.JPG,99.8973,121.7074,94.7876,54.5096,84.9077,122.3506,0.0018,0.0007,0.0823,1361.7681,0.0075,0.035,0.7338,0
253maize_train_healthy.JPG,105.3941,136.0674,117.948,69.5639,67.4126,136.1523,0.0,0.0,0.0585,14.4746,0.0495,0.5228,0.9955,0
254maize_train_healthy.JPG,84.8058,105.8243,79.2215,52.2381,82.1131,106.4047,0.0049,0.0,0.1295,84.84,0.0479,0.3563,0.9829,0
255maize_train_healthy.JPG,89.3614,111.7694,83.2434,54.134,82.2841,112.4294,0.0051,0.0,0.074,69.2199,0.0266,0.3216,0.9826,0
256maize_train_healthy.JPG,88.1832,152.5945,87.4198,59.437,142.0515,153.9756,0.0002,0.0,0.0042,1343.5646,0.0088,0.0349,0.5069,0
257maize_train_healthy.JPG,72.5792,139.3967,73.7018,61.0216,151.0529,140.3466,0.0,0.0,0.0007,12.9062,0.047,0.4352,0.9917,0
258maize_train_healthy.JPG,72.3713,135.1014,70.504,57.3612,144.7893,136.2038,0.0,0.0,0.0704,67.5985,0.0531,0.3136,0.9776,0
259maize_train_healthy.JPG,77.372,142.8548,74.8877,59.0124,147.3451,144.2542,0.0,0.0,0.0005,16.2372,0.0389,0.4093,0.989,0
25maize_train_healthy.JPG,103.0794,149.9922,100.9314,59.8957,97.7728,150.0602,0.0003,0.0,0.0015,23.2905,0.0405,0.2775,0.9664,0
260maize_train_healthy.JPG,117.7381,133.9929,113.5761,56.6381,73.7137,137.6503,0.0048,0.0,0.027,1414.1773,0.008,0.0323,0.6261,0
261maize_train_healthy.JPG,109.1566,143.6232,135.5459,82.4138,63.9582,144.6342,0.0,0.0,0.0,16.5654,0.0547,0.4518,0.9732,0
262maize_train_healthy.JPG,90.776,104.5431,89.046,50.2078,62.4949,107.7877,0.0029,0.0,0.1795,54.8388,0.1438,0.4111,0.9907,0
263maize_train_healthy.JPG,107.6325,123.9906,102.955,56.519,71.6287,127.829,0.0037,0.0,0.0157,52.6087,0.0248,0.305,0.979,0
26maize_train_healthy.JPG,81.0562,113.3003,79.1069,50.0708,85.7819,114.0257,0.0026,0.0,0.1785,46.2215,0.14,0.4059,0.9911,0
27maize_train_healthy.JPG,97.1011,135.4797,91.8896,56.8564,99.0814,136.3403,0.0043,0.0,0.0108,38.3969,0.029,0.2714,0.9725,0
28maize_train_healthy.JPG,131.9996,159.0998,115.6804,57.5316,84.8357,159.2603,0.0,0.0045,0.001,1413.5738,0.0088,0.0368,0.546,0
29maize_train_healthy.JPG,111.3015,141.6741,104.4061,60.6921,76.8309,141.675,0.0,0.0,0.0,57.1191,0.0335,0.2536,0.907,0
30maize_train_healthy.JPG,96.0433,120.1638,84.1597,49.5626,76.2702,120.2488,0.0,0.0001,0.1692,115.8337,0.146,0.3732,0.9797,0
31maize_train_healthy.JPG,123.0028,150.2403,105.9486,58.1392,85.3092,150.5256,0.0,0.0002,0.0,71.4156,0.0301,0.2702,0.9657,0
32maize_train_healthy.JPG,133.5913,147.4572,134.6982,69.3863,47.8612,148.3814,0.0,0.0,0.0097,1262.6055,0.0083,0.0413,0.7912,0
33maize_train_healthy.JPG,134.9825,146.3147,142.129,78.3304,28.8702,147.5135,0.0,0.0,0.0,29.8246,0.0556,0.4567,0.9931,0
34maize_train_healthy.JPG,102.1706,114.1193,104.7446,62.5945,40.216,115.0301,0.0,0.0,0.1682,127.3782,0.1492,0.4826,0.9864,0
35maize_train_healthy.JPG,126.2077,139.9877,127.0347,71.7134,45.88,141.2305,0.0,0.0,0.0,36.3356,0.0519,0.4126,0.9937,0
36maize_train_healthy.JPG,127.7337,154.8473,100.4953,44.2298,104.0591,157.9424,0.009,0.002,0.0116,1440.8974,0.0082,0.0337,0.5896,0
37maize_train_healthy.JPG,114.7456,138.2714,90.2378,43.6719,98.9168,142.7529,0.0223,0.0004,0.0176,30.6605,0.0383,0.3654,0.9875,0
38maize_train_healthy.JPG,109.0631,135.6381,83.5756,43.6971,104.3044,138.2484,0.0117,0.0031,0.0765,139.1874,0.0488,0.2582,0.9665,0
39maize_train_healthy.JPG,117.8737,145.6192,89.7327,44.2286,105.0231,148.8013,0.0143,0.0041,0.0087,102.5127,0.026,0.2372,0.9557,0
40maize_train_healthy.JPG,110.8399,154.7501,113.3986,65.1619,92.3308,155.2238,0.0,0.0003,0.0076,1378.61,0.0091,0.0341,0.4724,0
41maize_train_healthy.JPG,91.3662,142.7965,91.4832,62.0716,107.3334,142.837,0.0,0.0,0.0,5.618,0.0511,0.4414,0.9918,0
42maize_train_healthy.JPG,88.7445,129.7754,92.7764,59.8313,87.9943,130.0506,0.0,0.0,0.1214,83.0468,0.0937,0.351,0.9808,0
43maize_train_healthy.JPG,100.5939,144.9842,102.9561,65.0837,92.2869,145.4807,0.0,0.0,0.0076,23.1934,0.0354,0.3309,0.9826,0
44maize_train_healthy.JPG,117.1791,157.8738,108.1525,58.5672,100.9893,157.9816,0.0,0.0009,0.0037,1416.5124,0.0082,0.0337,0.6109,0
45maize_train_healthy.JPG,100.5653,147.9321,81.3983,54.2526,121.3268,147.968,0.0,0.0,0.0,83.7733,0.0221,0.2084,0.9566,0
46maize_train_healthy.JPG,94.842,133.867,84.8723,54.1245,100.9255,133.9522,0.0,0.0,0.095,171.4233,0.0727,0.2528,0.965,0
47maize_train_healthy.JPG,107.4389,149.0069,97.9496,58.7806,101.4407,149.1249,0.0,0.0,0.0,109.7681,0.0195,0.1896,0.9572,0
48maize_train_healthy.JPG,120.9359,146.097,99.5542,47.1007,108.8419,146.3583,0.0,0.0,0.0076,1280.1915,0.0097,0.0429,0.8152,0
49maize_train_healthy.JPG,74.9649,112.8928,42.328,46.1818,159.7687,112.8928,0.0,0.0,0.0,64.2087,0.0501,0.2733,0.7171,0
50maize_train_healthy.JPG,104.609,129.2632,81.8252,44.4521,112.0016,129.6755,0.0,0.0,0.0704,66.9986,0.0897,0.4453,0.9921,0
51maize_train_healthy.JPG,113.7665,139.2274,90.4282,47.6371,112.2627,139.7233,0.0,0.0,0.0002,105.1427,0.0755,0.2886,0.9852,0
52maize_train_healthy.JPG,105.155,122.3981,105.295,64.5868,70.0669,122.6236,0.0,0.0004,0.0549,1409.5808,0.0078,0.0332,0.7474,0
53maize_train_healthy.JPG,99.1117,119.9278,107.9916,68.151,53.4537,120.0614,0.0,0.0,0.0,43.6813,0.0272,0.2058,0.9857,0
54maize_train_healthy.JPG,85.4887,101.4378,86.6679,58.9872,60.1298,101.705,0.0,0.0,0.1436,105.1784,0.11,0.3019,0.9837,0
55maize_train_healthy.JPG,95.1021,112.7637,94.7146,64.6027,66.8646,113.0543,0.0,0.0,0.0471,97.6154,0.0232,0.2334,0.9784,0
56maize_train_healthy.JPG,100.6743,161.3636,73.2403,54.4591,151.3648,161.4359,0.0,0.0198,0.0093,1322.0796,0.0078,0.0354,0.6733,0
57maize_train_healthy.JPG,81.7032,153.2604,49.7492,51.8118,171.2936,153.2604,0.0,0.0055,0.0,70.347,0.0268,0.2663,0.963,0
58maize_train_healthy.JPG,73.7216,129.2345,45.8071,46.2242,145.4604,129.2867,0.0,0.0046,0.1657,99.5842,0.1338,0.3248,0.9837,0
59maize_train_healthy.JPG,90.297,153.4547,61.3077,54.3499,156.6643,153.5501,0.0,0.0078,0.0029,95.7607,0.0192,0.2064,0.9693,0
60maize_train_healthy.JPG,111.7775,164.1978,85.9952,51.9426,131.6247,164.2561,0.0,0.0,0.0006,1464.2218,0.0098,0.0338,0.2646,0
61maize_train_healthy.JPG,102.7524,158.9237,69.8394,49.6148,142.8412,158.9237,0.0,0.0,0.0,76.7715,0.033,0.1633,0.6918,0
62maize_train_healthy.JPG,91.9012,140.9213,65.7262,48.1598,131.1929,140.9766,0.0,0.0,0.089,59.9443,0.0728,0.3589,0.9806,0
63maize_train_healthy.JPG,101.6701,154.5904,74.9303,51.8007,133.797,154.6833,0.0,0.0,0.0,103.1649,0.0268,0.1773,0.8457,0
64maize_train_healthy.JPG,126.4533,152.501,103.8457,52.05,98.2301,152.6338,0.0018,0.0083,0.0033,1438.6076,0.0083,0.0347,0.5941,0
65maize_train_healthy.JPG,132.4988,156.5624,128.4851,66.9195,63.2026,156.9462,0.0005,0.0086,0.0,43.6949,0.0246,0.3191,0.9861,0
66maize_train_healthy.JPG,99.0971,122.2689,82.3398,48.1119,87.0064,122.4652,0.0024,0.0117,0.1496,117.2325,0.1237,0.3148,0.9814,0
67maize_train_healthy.JPG,117.0146,143.4006,93.5782,52.192,98.8434,143.5961,0.0027,0.0175,0.0017,93.7568,0.0215,0.2192,0.961,0
68maize_train_healthy.JPG,109.2948,168.9629,74.2055,51.0244,152.6723,168.9915,0.0,0.0029,0.0012,1402.1359,0.0097,0.033,0.3257,0
69maize_train_healthy.JPG,100.7726,164.2643,60.3813,49.3222,162.0181,164.2643,0.0,0.0,0.0,56.6859,0.0313,0.2047,0.9156,0
70maize_train_healthy.JPG,95.1256,153.5518,58.4843,50.0262,158.9313,153.5847,0.0,0.0,0.0418,50.7889,0.0465,0.4035,0.9744,0
71maize_train_healthy.JPG,98.999,159.5261,62.2031,50.7894,157.1765,159.555,0.0,0.0001,0.0,102.4234,0.0247,0.1535,0.8743,0
72maize_train_healthy.JPG,130.6315,168.9363,79.291,43.0265,144.1155,169.0514,0.0003,0.0405,0.014,1368.9896,0.0086,0.0343,0.5916,0
73maize_train_healthy.JPG,119.5315,164.0436,53.7999,42.4261,172.0136,164.0549,0.0004,0.1383,0.0048,11.7796,0.0472,0.5863,0.9939,0
74maize_train_healthy.JPG,107.3404,142.999,58.3373,39.8308,141.0537,143.0909,0.0005,0.0335,0.1234,120.7439,0.0907,0.3456,0.9784,0
75maize_train_healthy.JPG,120.7345,160.1306,67.4893,42.9003,148.4483,160.2484,0.0006,0.034,0.0133,72.2375,0.027,0.2596,0.9673,0
76maize_train_healthy.JPG,93.4448,118.1083,96.5702,64.387,75.4144,118.1142,0.0,0.0,0.0328,1396.1682,0.0085,0.0333,0.5623,0
77maize_train_healthy.JPG,84.6868,111.7103,89.1322,65.4005,70.8575,111.7103,0.0,0.0,0.0,26.9537,0.0333,0.321,0.9803,0
78maize_train_healthy.JPG,73.4307,94.9769,76.5113,56.7295,64.2491,95.0025,0.0,0.0,0.1541,47.5543,0.1281,0.421,0.9889,0
79maize_train_healthy.JPG,83.0575,108.3602,86.1058,64.3895,72.205,108.3703,0.0,0.0,0.0064,36.592,0.029,0.3175,0.9812,0
80maize_train_healthy.JPG,163.1474,185.6177,124.4502,37.067,98.6469,185.7684,0.0004,0.0004,0.0002,1206.5787,0.0121,0.0508,0.7165,0
81maize_train_healthy.JPG,145.7997,171.3625,96.9298,39.5055,117.566,171.5714,0.0002,0.0001,0.0,48.3951,0.0528,0.3386,0.9798,0
82maize_train_healthy.JPG,142.8531,164.6397,105.191,35.2643,98.5702,164.8128,0.0,0.0002,0.0786,155.5471,0.1341,0.4186,0.9796,0
83maize_train_healthy.JPG,157.4657,180.3152,118.3296,38.1975,99.965,180.5635,0.0001,0.0002,0.0,77.1294,0.1421,0.3844,0.9827,0
84maize_train_healthy.JPG,94.1517,138.4398,103.0167,68.4756,101.2044,139.1107,0.0001,0.0,0.0207,1511.3141,0.0089,0.0339,0.4475,0
85maize_train_healthy.JPG,75.6696,128.1512,86.6674,67.5551,114.5232,128.245,0.0,0.0,0.0,70.4675,0.0302,0.2025,0.8998,0
86maize_train_healthy.JPG,70.0987,110.0623,78.0447,58.5308,93.8376,110.494,0.0,0.0,0.1738,116.9976,0.1346,0.3013,0.9737,0
87maize_train_healthy.JPG,83.6711,128.5146,92.4631,68.4107,100.0046,129.217,0.0,0.0,0.0247,137.0611,0.0223,0.169,0.9043,0
88maize_train_healthy.JPG,117.5103,147.1489,109.3302,58.4317,86.0458,147.1497,0.0,0.0015,0.0215,1402.889,0.0079,0.0344,0.6551,0
89maize_train_healthy.JPG,104.8837,135.6611,103.313,60.6311,75.3578,135.6611,0.0,0.0,0.0379,39.5155,0.0271,0.3071,0.9825,0
90maize_train_healthy.JPG,96.8522,122.6343,91.4983,53.3487,74.6034,122.6713,0.0,0.0,0.1546,67.1579,0.1189,0.4141,0.9891,0
91maize_train_healthy.JPG,107.1985,137.4054,98.0413,58.0349,88.0526,137.4059,0.0,0.0,0.0353,51.1198,0.0277,0.3558,0.9822,0
92maize_train_healthy.JPG,133.753,151.2728,115.834,47.1208,78.9737,151.4652,0.0,0.0,0.0022,1296.3673,0.0098,0.0427,0.7606,0
93maize_train_healthy.JPG,100.0522,121.6407,87.9046,49.4568,71.0082,121.6407,0.0,0.0,0.0,14.9581,0.0762,0.385,0.9014,0
94maize_train_healthy.JPG,114.9081,131.5403,97.8396,46.2212,77.495,131.9557,0.0,0.0,0.0739,135.1934,0.08,0.3736,0.9806,0
95maize_train_healthy.JPG,126.5489,144.1421,108.0754,48.7227,78.8726,144.6235,0.0,0.0,0.0,48.2625,0.0722,0.346,0.991,0
96maize_train_healthy.JPG,103.3404,123.8713,97.7835,59.931,74.4476,123.9631,0.0005,0.0001,0.0103,1399.7368,0.0094,0.0333,0.4691,0
97maize_train_healthy.JPG,87.7179,111.0848,93.4925,68.793,58.2552,111.1051,0.0,0.0,0.0,3.9037,0.0808,0.5534,0.9959,0
98maize_train_healthy.JPG,87.7258,107.4614,82.7084,58.3165,71.7721,107.5706,0.0,0.0,0.0552,83.8374,0.0498,0.3338,0.9627,0
99maize_train_healthy.JPG,93.0701,113.8258,87.1583,59.8297,71.7809,113.926,0.0,0.0,0.0,14.1355,0.0454,0.371,0.9891,0
AUG_002394c9.jpg,85.8738,156.4025,101.6168,68.794,116.2632,156.7294,0.0,0.0,0.0085,57.5533,0.0424,0.321,0.9365,0
AUG_004a0f99.jpg,161.6024,176.1202,145.208,41.4722,50.6013,176.3096,0.0,0.0,0.0,38.6766,0.1226,0.3976,0.9879,0
AUG_00baa6b3.jpg,95.2328,130.3212,76.2708,60.6656,102.9314,131.7442,0.0,0.0016,0.0685,44.5944,0.0608,0.4697,0.9809,0
AUG_01037a38.jpg,77.3091,94.1328,75.2342,49.8532,60.7551,94.3445,0.0,0.0,0.2306,72.6692,0.1323,0.3414,0.9864,0
AUG_018ac938.jpg,108.6625,124.8164,94.8747,63.8478,113.299,134.7787,0.0181,0.0027,0.0606,2444.4241,0.0071,0.0253,0.4543,0
AUG_020048db.jpg,139.2831,167.0866,130.1408,53.1261,55.6294,167.1738,0.0,0.0007,0.1512,128.7245,0.1341,0.3804,0.9809,0
AUG_0236c5dd.jpg,137.1871,201.9435,104.7881,49.0341,116.8791,201.9959,0.0,0.0017,0.0905,814.7168,0.072,0.1191,0.8585,0
AUG_031e9ae2.jpg,97.8054,143.3953,98.8894,65.3227,108.0882,145.7522,0.0004,0.0001,0.0237,1168.9082,0.0093,0.0368,0.5986,0
AUG_03316dd2.jpg,126.9368,162.173,61.6771,41.1005,157.7962,162.9853,0.0085,0.1596,0.0032,220.4517,0.0142,0.0821,0.8761,0
AUG_035348e9.jpg,188.8204,199.4501,186.6791,50.4099,20.1017,200.7757,0.0,0.0,0.0,95.0369,0.2153,0.5665,0.9861,0
AUG_036b316a.jpg,106.9343,154.1383,84.9285,53.3589,112.2619,154.3806,0.0,0.0138,0.1042,696.2944,0.0789,0.1245,0.8625,0
AUG_038031d3.jpg,152.3077,200.4674,166.2713,63.2346,56.7698,200.609,0.0,0.0,0.0,50.7923,0.1133,0.3759,0.9844,0
AUG_03c3c74c.jpg,134.1686,142.8186,38.187,34.6549,168.6449,144.9986,0.0003,0.4266,0.1293,124.0168,0.1107,0.274,0.9808,0
AUG_04827c99.jpg,130.1363,168.1519,78.8724,43.0085,136.3493,168.2632,0.0004,0.0357,0.0073,74.7887,0.0266,0.2545,0.9674,0
AUG_04a1ddf3.jpg,165.0808,180.9004,154.2063,44.4401,38.4476,182.7188,0.0,0.0,0.0,58.4606,0.1059,0.4186,0.9835,0
AUG_04ed8cf4.jpg,88.0041,112.7935,86.2043,65.6394,87.8276,116.1602,0.0035,0.0001,0.0941,241.7289,0.0151,0.0782,0.8997,0
AUG_04f13f5a.jpg,55.9598,92.5694,58.3379,58.6162,118.0003,92.6005,0.0,0.0,0.1158,691.4562,0.0715,0.1233,0.7486,0
AUG_05048827.jpg,114.0258,151.8301,124.7296,66.1878,63.5585,152.0538,0.0,0.0,0.0,58.6009,0.0766,0.3184,0.9632,0
AUG_057099ab.jpg,138.1527,167.1858,119.4645,58.7434,95.316,172.2395,0.0042,0.0051,0.0056,1702.636,0.0084,0.0308,0.5398,0
AUG_0590428c.jpg,116.6693,132.1764,116.4199,68.057,53.728,135.0869,0.0,0.0005,0.1293,645.3268,0.1091,0.1635,0.9206,0
AUG_05a9dfed.jpg,99.6343,122.7115,104.5756,53.9927,57.3367,122.9252,0.0,0.0,0.1149,186.5763,0.1131,0.3736,0.9778,0
AUG_05bb2fda.jpg,59.5293,105.2885,12.0589,42.5115,198.996,105.3901,0.0,0.0,0.2205,117.5756,0.1365,0.3091,0.9792,0
AUG_05bd4500.jpg,113.7123,157.7093,100.9134,61.8624,122.5068,161.6204,0.0016,0.008,0.0542,1691.5754,0.0072,0.0321,0.7437,0
AUG_05fe26f6.jpg,17.2812,45.7009,16.8316,52.6474,176.1645,46.0714,0.0,0.0,0.455,41.1688,0.1273,0.3634,0.9597,0
AUG_06595296.jpg,37.8875,88.1421,38.0429,62.864,191.0286,88.4608,0.0,0.0,0.1386,112.2589,0.0196,0.1949,0.958,0
AUG_070e300f.jpg,110.1401,156.6488,98.1609,49.9091,87.9372,156.7032,0.0,0.0,0.1545,58.1627,0.1369,0.377,0.9828,0
AUG_0720083d.jpg,92.528,117.9181,95.9142,61.0634,59.7025,117.9344,0.0,0.0,0.0751,35.3764,0.0758,0.3836,0.9886,0
AUG_0734776d.jpg,59.8344,118.4878,68.9451,62.8416,109.0101,119.6108,0.0,0.0,0.1807,45.6987,0.1197,0.4087,0.9889,0
AUG_0778da38.jpg,106.0268,152.9053,79.6281,56.0669,146.4778,156.485,0.0061,0.0247,0.0132,2240.3987,0.0075,0.0255,0.3709,0
AUG_08127af2.jpg,93.4198,110.8762,58.1263,45.4573,150.8762,116.5195,0.036,0.0056,0.0513,1685.5438,0.0088,0.0304,0.4085,0
AUG_08383824.jpg,170.138,189.1241,146.8556,48.0706,60.5439,189.2218,0.0,0.0001,0.0,77.1326,0.0213,0.1964,0.959,0
AUG_086e17a3.jpg,85.567,117.3134,79.2295,52.6008,78.5927,117.4927,0.0,0.0,0.1258,64.4761,0.1144,0.3645,0.9769,0
AUG_099492d8.jpg,117.8645,152.7397,86.7579,52.1664,130.1719,155.3001,0.0069,0.0082,0.0643,1355.2012,0.0086,0.0368,0.7175,0
AUG_09fd4a7d.jpg,76.8778,112.1916,88.6548,70.825,88.9216,112.3014,0.0,0.0,0.023,143.674,0.0194,0.1699,0.9356,0
AUG_0a7c2d6d.jpg,54.3977,78.7603,59.6351,61.488,96.1297,79.2668,0.0,0.0,0.2031,38.2435,0.122,0.4447,0.9889,0
AUG_0ad27979.jpg,154.747,192.6856,143.215,60.1513,81.4517,195.5256,0.001,0.0011,0.0014,1177.4484,0.0108,0.0385,0.6028,0
AUG_0b1389da.jpg,116.9429,144.5206,71.8818,50.6378,147.742,148.7532,0.0132,0.0607,0.1138,1580.2458,0.0084,0.0338,0.723,0
AUG_0b139f40.jpg,133.4219,179.6031,153.4984,74.1685,65.416,179.8517,0.0,0.0,0.0352,109.2164,0.0375,0.21,0.95,0
AUG_0b14fbb4.jpg,91.098,116.1537,79.6116,60.2591,98.029,119.9194,0.0103,0.0008,0.03,311.1032,0.014,0.0708,0.8252,0
AUG_0b3adc3d.jpg,60.9651,82.8245,48.712,57.6539,124.4121,85.5365,0.0047,0.0,0.1382,210.073,0.0149,0.0868,0.8791,0
AUG_0b9028be.jpg,124.3846,163.7653,80.7663,48.282,141.4404,165.9899,0.0071,0.0393,0.0204,1468.445,0.0093,0.0327,0.5022,0
AUG_0bce51bf.jpg,170.0779,167.4098,56.7721,34.6583,177.6498,177.7198,0.0158,0.5859,0.0853,910.8764,0.0119,0.0448,0.8072,0
AUG_0bfa986e.jpg,68.2144,118.1823,54.73,60.7632,163.2596,120.6828,0.0012,0.0014,0.1124,1418.2577,0.0087,0.034,0.5676,0
AUG_0c4abde9.jpg,72.5102,117.4517,52.0038,56.553,147.0239,119.2314,0.0021,0.001,0.0598,284.0922,0.0142,0.0714,0.837,0
AUG_0c5d2851.jpg,66.2967,142.6191,58.1729,54.8652,140.8769,142.8093,0.0,0.0,0.1356,628.2497,0.1106,0.1584,0.8851,0
AUG_0c734d07.jpg,119.4035,144.7125,109.9217,49.4773,60.4637,144.958,0.0,0.0,0.1163,50.0593,0.1028,0.386,0.99,0
AUG_0c7753cd.jpg,114.2563,138.849,84.257,41.9031,93.1046,138.8769,0.0,0.0002,0.1397,353.3802,0.121,0.1811,0.8913,0
AUG_0c966b6e.jpg,97.0081,126.0489,91.4112,66.2579,121.8132,132.8863,0.0067,0.0015,0.0784,2277.7694,0.0068,0.0259,0.5572,0
AUG_0d09b48f.jpg,103.9122,142.3476,83.6526,56.1683,136.0558,146.282,0.0099,0.0084,0.0439,2594.2799,0.0073,0.025,0.3768,0
AUG_0d1b033d.jpg,90.4428,112.9387,91.3949,57.763,66.7779,113.1501,0.0025,0.0002,0.0894,48.4871,0.0674,0.3528,0.9908,0
AUG_0d3d55f6.jpg,92.4251,160.0335,81.4389,60.5317,147.964,161.8542,0.0009,0.0009,0.0399,1539.2429,0.0088,0.0334,0.6104,0
AUG_0d4d5b97.jpg,35.3521,51.6244,30.4292,52.0316,141.0976,51.7587,0.0,0.0,0.4768,486.1294,0.0638,0.136,0.7683,0
AUG_0d566344.jpg,192.946,200.4855,154.9556,50.3733,71.7893,206.4543,0.01,0.0038,0.0004,963.528,0.011,0.0463,0.7322,0
AUG_0da8f2fd.jpg,111.732,123.7188,87.5393,43.0544,82.4575,124.703,0.002,0.0,0.1108,87.8572,0.1008,0.423,0.9856,0
AUG_0e0421d0.jpg,183.0216,196.6334,122.4308,33.4224,85.8281,198.0108,0.0001,0.0,0.0,114.8253,0.1324,0.3445,0.9842,0
AUG_0e736b7e.jpg,109.1503,153.1276,47.4319,40.9462,163.2684,153.1611,0.0,0.1063,0.1049,53.1732,0.0871,0.2767,0.9886,0
AUG_0e9a7ae0.jpg,139.9062,189.7316,122.4512,53.4504,85.8939,189.9475,0.0,0.0,0.0,62.8733,0.1177,0.4262,0.9878,0
AUG_0ea0ee6f.jpg,107.6072,125.1502,111.6025,61.4623,41.9161,125.6267,0.0,0.0,0.1392,74.2465,0.1307,0.5566,0.9916,0
AUG_0ebd3be6.jpg,97.8493,126.9628,95.7162,56.3976,73.2427,127.0748,0.0,0.0,0.103,52.1897,0.0491,0.3445,0.9863,0
AUG_0ec8982f.jpg,30.3003,41.1731,19.2923,45.9795,160.0377,41.5115,0.0,0.0,0.6865,37.0693,0.0571,0.4225,0.9575,0
AUG_0ed069b5.jpg,68.1409,152.3694,65.6232,54.5172,137.7528,152.424,0.0,0.0,0.1466,682.7584,0.1265,0.1713,0.8739,0
AUG_0ef6d9a6.jpg,72.9394,119.5158,89.2543,71.7,101.7975,120.111,0.0,0.0,0.055,98.1565,0.0283,0.2415,0.9451,0
AUG_0f45c2ab.jpg,130.5532,164.0616,128.8224,72.1114,94.1587,173.9337,0.0093,0.0005,0.0025,1863.8183,0.0079,0.0301,0.4767,0
AUG_0f63e7ad.jpg,111.8754,131.8136,76.5428,37.8219,100.3959,131.8526,0.0,0.0056,0.1517,66.5828,0.1289,0.3708,0.9897,0
AUG_0f6c1791.jpg,174.5594,195.399,170.3061,67.4458,53.6745,200.1576,0.0009,0.0003,0.0013,969.3198,0.01,0.0441,0.7262,0
AUG_0f703298.jpg,52.6044,69.5787,12.7905,46.7749,199.3104,70.2403,0.0052,0.0,0.2037,30.1929,0.0617,0.3598,0.9805,0
AUG_0f807bdd.jpg,155.879,176.5957,143.0504,61.0324,76.0131,183.2372,0.0041,0.0027,0.012,1379.1284,0.0087,0.0349,0.7246,0
AUG_0f8ba5a3.jpg,83.0232,119.4719,88.1698,70.6962,125.5069,124.9832,0.0016,0.0002,0.0955,1926.9121,0.0075,0.0298,0.5419,0
AUG_0fa4a894.jpg,187.1784,210.7803,164.7564,41.0372,53.7866,212.4704,0.0,0.0,0.0,124.8749,0.1151,0.3792,0.9769,0
AUG_0fc763f9.jpg,122.4274,126.8689,86.3023,36.7,84.9422,131.0485,0.0527,0.0168,0.1484,81.9266,0.1132,0.3596,0.9864,0
AUG_10370b9d.jpg,72.4687,102.2277,81.7198,75.7569,127.6694,110.1407,0.0019,0.0,0.0828,1927.8743,0.0082,0.0294,0.3395,0
AUG_104bb17b.jpg,107.3541,120.5526,105.3981,60.8507,42.5298,122.5024,0.0,0.0,0.1403,103.1925,0.0842,0.314,0.9823,0
AUG_10f9f371.jpg,128.429,166.3438,134.3646,72.7221,101.5317,174.22,0.0035,0.0031,0.0171,2324.4442,0.0074,0.0265,0.5483,0
AUG_1123a038.jpg,24.3066,25.8243,11.2288,36.1649,168.3253,27.6245,0.0,0.0,0.8376,22.3657,0.1492,0.4445,0.974,0
AUG_1130d20d.jpg,122.692,157.7419,78.1486,41.5706,113.7115,158.0619,0.0,0.0884,0.1374,90.6731,0.1179,0.2843,0.9862,0
AUG_1199bfef.jpg,172.8465,197.5658,152.8651,58.2585,64.8397,199.981,0.0001,0.0,0.0,160.385,0.0178,0.1051,0.9626,0
AUG_1202f2fe.jpg,145.307,169.1607,139.1791,52.5526,46.1139,169.258,0.0,0.0,0.0,59.3965,0.1101,0.3869,0.9879,0
AUG_12260e10.jpg,97.5753,136.8894,97.9805,59.9919,92.046,136.9545,0.0,0.0,0.0676,771.086,0.0353,0.0867,0.7831,0
AUG_1266df49.jpg,125.309,155.9256,141.6602,69.4116,50.5226,156.9663,0.0,0.0,0.0,33.8861,0.0952,0.4276,0.9903,0
AUG_1272ed88.jpg,131.747,153.223,118.1989,69.7448,100.3676,159.4868,0.0059,0.0028,0.1119,989.6009,0.0089,0.0437,0.8719,0
AUG_12890fab.jpg,171.9567,210.015,137.4135,52.6573,89.063,211.4392,0.0001,0.0001,0.0,111.5018,0.0266,0.1252,0.9686,0
AUG_12d34e44.jpg,168.2518,206.086,139.6721,53.4089,84.0813,207.4053,0.0,0.0003,0.0002,125.5049,0.0238,0.1213,0.9675,0
AUG_12fb4fe2.jpg,122.8538,135.2993,123.7062,80.0264,93.4383,148.6805,0.0058,0.0017,0.0713,2193.6412,0.0066,0.0283,0.65,0
AUG_1349a979.jpg,23.1744,36.1989,23.9233,50.6631,172.9843,36.3346,0.0,0.0,0.7835,13.0964,0.1386,0.6824,0.9956,0
AUG_134fe2c6.jpg,75.9234,122.3253,90.539,66.0754,91.111,123.1133,0.0,0.0,0.1392,68.4643,0.1036,0.3765,0.9841,0
AUG_138b3b26.jpg,150.8729,169.6247,148.3894,57.813,35.9828,170.2489,0.0,0.0,0.0,19.4918,0.0604,0.5835,0.9839,0
AUG_1391824a.jpg,114.98,132.5896,99.7913,60.9135,101.7237,139.9166,0.0176,0.0028,0.0142,1764.3624,0.008,0.0292,0.4683,0
AUG_14499270.jpg,135.5993,163.0734,128.3035,51.8024,69.6972,163.4095,0.0001,0.0001,0.0002,118.2963,0.1243,0.3017,0.9802,0
AUG_1494cd95.jpg,76.6778,121.3507,70.2535,56.6336,119.5899,121.3733,0.0,0.0,0.0438,123.054,0.0358,0.2097,0.938,0
AUG_14aaab9b.jpg,70.1063,108.4931,37.4972,50.7192,167.1316,109.2518,0.0018,0.0023,0.0876,212.1536,0.0148,0.0875,0.8899,0
AUG_14cc0a78.jpg,54.5641,65.9308,55.4615,76.8494,149.8297,77.2004,0.0034,0.0,0.266,1850.5948,0.0095,0.0308,0.2207,0
AUG_1519ead0.jpg,152.1215,176.099,143.0844,48.3691,45.4717,176.184,0.0,0.0,0.0,59.1,0.0821,0.3241,0.9847,0
AUG_153ab52d.jpg,100.1557,151.2407,88.4479,61.0012,141.1064,154.8188,0.0035,0.0083,0.0581,2293.6993,0.0076,0.0268,0.507,0
AUG_159b8e28.jpg,132.7763,139.3718,103.5075,55.3804,106.972,151.2863,0.0332,0.0132,0.0386,2586.7334,0.007,0.024,0.4504,0
AUG_16125c25.jpg,69.7953,92.5216,66.0761,65.4483,134.4804,97.6581,0.0035,0.0003,0.1762,1531.1536,0.008,0.0347,0.6044,0
AUG_165b4407.jpg,156.8659,137.713,77.6869,34.1662,147.9253,160.4412,0.2591,0.087,0.0454,1179.0232,0.0095,0.0393,0.7439,0
AUG_172077ca.jpg,101.3543,112.2334,92.9185,70.7557,112.9337,125.6105,0.0193,0.001,0.0305,2579.6242,0.0077,0.0245,0.2057,0
AUG_17415abc.jpg,142.9941,198.9478,113.6019,50.7373,106.3745,198.9964,0.0,0.0,0.048,145.0673,0.0425,0.1974,0.9417,0
AUG_1794e917.jpg,86.1028,105.6194,63.5903,55.5687,125.9755,107.6392,0.0,0.0,0.1399,101.9225,0.1114,0.5157,0.9841,0
AUG_187f5890.jpg,129.3034,151.7122,56.6114,36.7072,156.6464,151.9492,0.0002,0.0343,0.0085,14.617,0.0858,0.6829,0.9878,0
AUG_1896c86b.jpg,149.5157,176.8647,141.362,60.8655,69.8076,180.1795,0.0019,0.0011,0.0011,1195.5431,0.0097,0.0378,0.5542,0
AUG_192b0788.jpg,1.5831,33.4432,9.8991,53.7547,192.7464,33.6704,0.0,0.0,0.7261,9.6189,0.2463,0.6275,0.9783,0
AUG_19326278.jpg,65.2405,92.6773,74.3449,64.5436,79.5252,93.3016,0.0,0.0,0.1509,24.8513,0.1308,0.5191,0.9923,0
AUG_193a9ef5.jpg,83.0732,109.5334,80.5093,64.4907,122.3278,114.3231,0.0047,0.0007,0.0657,2269.598,0.0077,0.0262,0.3284,0
AUG_195fb458.jpg,78.6356,113.3729,76.1864,65.3736,106.0483,116.2487,0.0009,0.0001,0.1027,264.5569,0.0131,0.0765,0.9119,0
AUG_1999fdde.jpg,210.6882,213.4518,170.9417,48.6709,63.6866,220.4422,0.0022,0.0056,0.0,1173.4875,0.0123,0.0421,0.2203,0
AUG_1a1a7343.jpg,125.6721,152.9484,131.397,76.1981,88.1046,162.4486,0.0051,0.0004,0.0055,2041.0196,0.0076,0.0288,0.451,0
AUG_1a51b7a1.jpg,157.0732,206.0363,157.6864,55.6708,61.6631,206.2522,0.0,0.0,0.0,69.0423,0.1165,0.3639,0.9866,0
AUG_1a6d9cf6.jpg,102.9657,120.7955,85.0826,42.5938,84.12,123.9642,0.009,0.0,0.0991,57.9267,0.0653,0.4201,0.9858,0
AUG_1a9c13b4.jpg,86.649,107.6729,85.8623,50.0144,56.2464,107.8485,0.0001,0.0,0.2145,57.2362,0.1519,0.3842,0.9912,0
AUG_1acafcbc.jpg,103.8494,133.2916,100.1489,67.4083,90.0991,137.2883,0.0024,0.0003,0.0522,280.37,0.0139,0.076,0.8932,0
AUG_1aea1a3f.jpg,81.7126,119.9419,74.2907,60.2256,130.078,122.259,0.0028,0.0002,0.059,1371.265,0.0091,0.0357,0.5012,0
AUG_1b60295a.jpg,41.4257,95.5058,24.8595,54.0297,200.5583,95.5792,0.0,0.0,0.0687,743.2383,0.0204,0.072,0.5474,0
AUG_1b633022.jpg,149.439,168.8773,94.9103,35.4677,115.9038,168.9255,0.0001,0.1205,0.0749,191.43,0.1027,0.5117,0.9693,0
AUG_1b66b1a1.jpg,55.2527,82.1709,42.6362,56.5177,132.1753,83.5532,0.0001,0.0,0.2003,128.4303,0.0184,0.1092,0.9055,0
AUG_1b700976.jpg,99.7084,124.9112,89.941,47.8952,74.3762,124.9976,0.0,0.0,0.0887,64.9805,0.0729,0.3178,0.9822,0
AUG_1c008a28.jpg,126.2734,163.216,128.1678,64.7517,67.5571,163.597,0.0,0.0,0.0,6.8828,0.0559,0.5184,0.9921,0
AUG_1c021fba.jpg,149.6702,180.0115,127.5272,47.5395,76.1147,180.5815,0.0,0.0,0.0,27.5046,0.028,0.2869,0.9861,0
AUG_1c31f6aa.jpg,91.2732,114.9086,69.176,41.0107,108.0786,115.1915,0.0,0.0,0.1496,155.6491,0.1351,0.3782,0.9823,0
AUG_1c797d72.jpg,132.5837,157.542,125.9765,66.433,84.9281,162.8553,0.0034,0.0023,0.0299,1477.5546,0.0076,0.0328,0.7132,0
AUG_1c81c07a.jpg,95.3788,134.5537,87.6025,63.5487,129.6501,139.0323,0.0042,0.0025,0.0822,2329.3036,0.0072,0.0276,0.5168,0
AUG_1c91d9ab.jpg,168.2253,188.8604,143.4507,55.7563,83.4814,195.3348,0.0051,0.0067,0.0029,1855.364,0.0092,0.0314,0.491,0
AUG_1d08155f.jpg,97.219,106.562,67.0285,34.7832,88.2826,106.912,0.0001,0.0002,0.2283,96.3955,0.0992,0.2915,0.9833,0
AUG_1d174fc0.jpg,14.2926,34.4002,1.7993,35.3691,167.8532,35.0129,0.0,0.0,0.6852,12.7098,0.3077,0.6423,0.9927,0
AUG_1d267691.jpg,147.3926,186.7745,157.4932,73.2748,80.321,192.5799,0.0018,0.0004,0.004,1728.4229,0.0087,0.0315,0.589,0
AUG_1d4b662d.jpg,159.1226,199.2702,145.1267,57.443,75.2908,200.8496,0.0,0.0,0.0,92.2243,0.0255,0.1931,0.918,0
AUG_1dc29395.jpg,140.6404,167.7804,143.1118,54.3952,42.9756,167.8727,0.0,0.0,0.0,76.7537,0.1303,0.4397,0.9853,0
AUG_1dca1f22.jpg,89.3422,143.1226,62.9524,55.1755,135.8783,143.8167,0.0,0.0173,0.0973,92.5579,0.065,0.3006,0.9783,0
AUG_1e747a8f.jpg,153.8097,171.0408,139.1401,69.4517,79.5558,175.2494,0.0052,0.0001,0.04,219.2343,0.0194,0.1105,0.9723,0
AUG_1e7ee2fe.jpg,95.0693,115.5189,88.3045,61.6433,82.7767,119.0872,0.0056,0.0,0.0456,253.8448,0.0164,0.0771,0.8546,0
AUG_1ec45313.jpg,91.7954,124.4296,98.2815,58.8594,65.664,124.7768,0.0,0.0,0.1619,80.775,0.1423,0.3258,0.9726,0
AUG_1efcd826.jpg,108.9061,136.7733,103.559,52.7086,60.7801,136.8464,0.0,0.0,0.107,64.4332,0.0977,0.3081,0.9729,0
AUG_1f0fd190.jpg,5.8981,30.0483,3.722,46.2121,185.8813,30.183,0.0,0.0,0.7431,12.9267,0.2187,0.4992,0.9824,0
AUG_1f168e79.jpg,73.0699,107.9345,89.4339,66.8781,81.3844,108.345,0.0,0.0,0.1487,131.6247,0.1032,0.2686,0.9652,0
AUG_1f19d451.jpg,98.2506,140.7861,51.3811,45.1021,164.4543,140.8461,0.0009,0.0008,0.0435,658.1251,0.0189,0.0666,0.7314,0
AUG_1f525207.jpg,190.394,195.8725,135.0589,43.1413,87.1478,203.2372,0.0016,0.0057,0.0,225.9018,0.0192,0.0871,0.908,0
AUG_2027ad39.jpg,93.5167,115.3501,96.9553,72.3375,76.8804,120.7477,0.0035,0.0,0.0098,250.0982,0.015,0.077,0.8394,0
AUG_20dbfde3.jpg,217.3015,234.2592,180.909,30.1909,54.0725,234.2967,0.0,0.0,0.0,41.8964,0.1903,0.6393,0.9906,0
AUG_214516fb.jpg,84.3714,107.6773,81.2667,84.3802,62.8924,110.1159,0.0,0.0,0.0006,8.1849,0.0518,0.5031,0.9954,0
AUG_2149f28c.jpg,84.0248,123.3959,84.8782,59.9784,102.5915,123.7136,0.0,0.0,0.0961,753.6749,0.0646,0.1155,0.8089,0
AUG_214eac79.jpg,44.6633,60.5412,51.2181,77.8715,107.7026,66.7086,0.0,0.0,0.1745,193.0808,0.0208,0.0872,0.6075,0
AUG_21848486.jpg,130.4301,146.9957,58.8369,36.1243,139.6369,147.75,0.0,0.2569,0.1318,663.5596,0.1107,0.1564,0.9133,0
AUG_21a647cd.jpg,83.0357,113.6016,60.5855,43.229,114.0664,113.6287,0.0,0.0006,0.1447,42.4548,0.1155,0.3418,0.9926,0
AUG_21b1929d.jpg,184.2403,231.3072,155.0759,46.916,79.5393,231.3484,0.0,0.0,0.0,27.0023,0.102,0.5062,0.9906,0
AUG_21bba7da.jpg,164.5645,180.5756,131.1864,38.1397,58.7009,180.6876,0.0,0.0,0.0,72.0514,0.149,0.4856,0.9915,0
AUG_21e39376.jpg,82.0606,124.4883,90.4775,70.7038,127.3751,128.0421,0.001,0.0002,0.1132,2000.7132,0.0074,0.0306,0.5871,0
AUG_2216efbc.jpg,66.6975,95.7585,58.8106,52.161,102.4958,95.7803,0.0,0.0,0.1553,52.1261,0.1008,0.4119,0.9838,0
AUG_224206ba.jpg,148.7035,184.811,139.3551,49.7617,65.1645,185.818,0.0,0.0,0.1227,85.5406,0.1115,0.3259,0.9862,0
AUG_22a7c30f.jpg,132.6014,145.7691,131.0412,76.547,88.482,158.8856,0.0065,0.0008,0.028,2490.7948,0.0067,0.0257,0.5519,0
AUG_231429d0.jpg,91.0466,128.1543,103.5139,43.5544,96.0172,135.1522,0.0,0.0,0.0404,40.6298,0.0402,0.4092,0.9934,0
AUG_231fa4c4.jpg,158.8733,146.1926,23.7435,27.3471,202.9632,159.3269,0.0062,0.7353,0.0841,83.846,0.0775,0.3139,0.9739,0
AUG_23217f5b.jpg,167.4248,173.3278,119.734,47.7739,105.2158,184.8578,0.0167,0.0283,0.0117,2152.0302,0.0082,0.0281,0.5568,0
AUG_232b108f.jpg,134.7475,156.5782,96.3314,47.5508,107.8886,160.1296,0.0217,0.0845,0.0,300.6395,0.0138,0.0693,0.7862,0
AUG_23748a86.jpg,134.7727,167.0286,140.9274,60.3492,48.9731,167.1772,0.0,0.0,0.0956,72.8222,0.087,0.3909,0.9874,0
AUG_2394cf31.jpg,21.7685,45.0065,23.1856,58.4733,177.0687,45.2475,0.0,0.0,0.5489,511.037,0.0269,0.0998,0.6033,0
AUG_23a527ae.jpg,163.2995,168.8035,108.5079,34.1994,107.6521,169.29,0.0176,0.0481,0.0001,75.9795,0.1249,0.3565,0.9807,0
AUG_23f07894.jpg,150.2478,166.6968,133.8708,57.989,77.4491,173.473,0.0107,0.0035,0.0018,2362.8668,0.0081,0.0262,0.2045,0
AUG_23f1402a.jpg,80.4063,138.2705,79.6637,63.1909,140.6125,139.7493,0.0003,0.0002,0.0458,1346.5809,0.0093,0.0352,0.5566,0
AUG_259488f6.jpg,106.9118,128.1552,84.6328,48.9557,83.946,128.2577,0.0,0.0002,0.1013,85.1715,0.0873,0.3408,0.9773,0
AUG_25a9fc98.jpg,21.3502,74.8688,32.6081,59.8743,181.349,75.7051,0.0,0.0,0.1476,25.7793,0.0957,0.4174,0.9827,0
AUG_25ad895b.jpg,48.8243,157.8785,52.1716,62.1703,185.1658,158.0006,0.0,0.0,0.0011,46.1486,0.0276,0.2239,0.9699,0
AUG_25d0b51c.jpg,102.2746,149.8785,61.6033,47.1581,135.1935,150.1797,0.0,0.0932,0.1359,84.2103,0.0898,0.3614,0.9865,0
AUG_25dd67a6.jpg,93.9701,141.7759,94.4124,62.05,104.3296,142.2001,0.0003,0.0002,0.0,167.7737,0.0187,0.0914,0.8038,0
AUG_2607745d.jpg,84.2589,148.5473,93.56,69.2926,119.7698,148.8387,0.0,0.0,0.0167,71.1344,0.0216,0.2445,0.9806,0
AUG_26223140.jpg,147.6338,166.956,108.4754,40.0001,81.9769,168.0661,0.0,0.0497,0.1219,231.6443,0.1036,0.2432,0.9712,0
AUG_26c82eac.jpg,147.9003,140.7238,68.5678,28.7917,128.3757,149.4233,0.0106,0.4048,0.0595,70.931,0.0497,0.3789,0.9804,0
AUG_26d074df.jpg,96.318,121.7633,104.5574,78.1798,104.5077,130.9313,0.0025,0.0001,0.0792,1586.3943,0.0074,0.0333,0.6637,0
AUG_27272dd6.jpg,108.4743,133.9999,121.3014,75.5855,50.6511,135.0286,0.0,0.0,0.0386,51.7358,0.0512,0.3214,0.9513,0
AUG_27716410.jpg,126.1847,142.3534,125.0197,56.0174,34.0372,142.3908,0.0,0.0,0.0,31.9112,0.1122,0.4833,0.9906,0
AUG_27ae2ef2.jpg,80.5012,101.52,54.4775,40.5981,111.3265,102.0871,0.0133,0.0039,0.1728,67.1995,0.1495,0.3857,0.9837,0
AUG_27e6d19a.jpg,136.1214,182.897,135.5148,66.6875,101.5611,187.4498,0.0027,0.0044,0.0041,1894.0828,0.0082,0.0302,0.4555,0
AUG_27ec6ee7.jpg,167.7538,194.0172,156.7943,58.4212,61.7507,196.1435,0.0006,0.0011,0.0005,877.8981,0.0119,0.0427,0.6137,0
AUG_288f42ad.jpg,54.0798,159.7512,50.2177,63.8837,186.5133,160.9955,0.0,0.0,0.0312,927.042,0.0092,0.0455,0.7066,0
AUG_28bcae9d.jpg,144.2165,201.603,147.9652,63.2788,81.2298,201.6265,0.0,0.0,0.0,139.7989,0.0191,0.1405,0.9167,0
AUG_28d05b33.jpg,136.0323,138.1077,65.6612,38.1253,152.7012,147.6377,0.0746,0.1657,0.0736,1266.2264,0.0084,0.0374,0.724,0
AUG_28d63b96.jpg,97.6568,145.4345,57.7009,45.4591,176.6381,145.603,0.0,0.0,0.0274,127.1159,0.1001,0.2714,0.9804,0
AUG_29274377.jpg,92.4327,144.3133,77.4276,60.0098,142.4194,145.9014,0.0003,0.0,0.0045,985.3546,0.0097,0.0402,0.5575,0
AUG_29aba380.jpg,38.5579,51.4767,38.4016,73.4684,163.6094,58.9958,0.0005,0.0,0.4435,1264.5915,0.012,0.0376,0.1338,0
AUG_29dbffc0.jpg,56.2521,85.5916,59.7731,69.084,106.6512,87.9203,0.0001,0.0,0.1734,146.8263,0.0174,0.1039,0.9026,0
AUG_2a573eb8.jpg,48.7437,79.1743,37.4797,55.5669,167.0804,80.709,0.0018,0.0005,0.1867,1061.6209,0.0107,0.0399,0.3774,0
AUG_2b33b658.jpg,85.3935,115.2937,86.6338,69.4437,118.8784,121.2435,0.004,0.0001,0.0704,1780.2784,0.0083,0.0313,0.4534,0
AUG_2b3cedaa.jpg,45.2807,72.2251,31.4638,46.1969,149.7504,72.2729,0.0001,0.0,0.2308,658.0789,0.1203,0.1645,0.7355,0
AUG_2ba10ff0.jpg,19.1025,89.9383,15.5595,51.2011,193.5766,90.0049,0.0,0.0,0.2151,92.8274,0.1448,0.3445,0.9664,0
AUG_2babb3dc.jpg,43.2094,67.2436,41.2695,55.663,105.5006,67.2771,0.0,0.0,0.1297,23.1464,0.0981,0.466,0.9797,0
AUG_2bd014f9.jpg,159.5749,187.0824,145.6234,50.1955,56.2503,187.1092,0.0,0.0,0.0249,55.9518,0.0468,0.2829,0.9792,0
AUG_2c22d406.jpg,87.9271,139.4723,53.1397,44.4007,145.803,139.5663,0.0,0.0,0.1053,48.4186,0.1033,0.5679,0.9866,0
AUG_2c5d97a5.jpg,59.2694,76.3495,45.7783,48.4142,139.2616,76.8107,0.0,0.0,0.1859,48.1308,0.0794,0.422,0.9909,0
AUG_2c69e224.jpg,181.732,212.1287,133.8809,45.0134,95.3492,212.1594,0.0,0.0023,0.0,599.7172,0.0122,0.0611,0.6957,0
AUG_2c972026.jpg,59.2819,107.918,43.1658,50.5291,145.1203,107.9418,0.0,0.0,0.0942,26.7257,0.0836,0.3985,0.9846,0
AUG_2c9f62c1.jpg,66.5048,85.6537,48.4636,45.2119,118.8958,85.8442,0.0046,0.0005,0.1829,77.4909,0.1154,0.3926,0.9818,0
AUG_2d0b20c8.jpg,124.7852,145.3006,94.0028,52.3059,115.4456,151.2564,0.0199,0.016,0.0557,1888.0301,0.0084,0.0307,0.5735,0
AUG_2d3cbbd0.jpg,69.3287,108.1524,50.8588,55.7543,147.0265,108.4122,0.0,0.0,0.0151,42.3034,0.0256,0.2598,0.9693,0
AUG_2d812126.jpg,104.7724,133.4628,111.4551,72.6401,97.1883,140.4123,0.0031,0.0001,0.012,2080.6366,0.0079,0.0271,0.3386,0
AUG_2dc5ddf7.jpg,114.8489,137.3921,87.5318,55.1176,132.6584,143.571,0.02,0.0105,0.0392,2538.3233,0.0067,0.0255,0.527,0
AUG_2dd0e9bc.jpg,92.4089,125.206,93.9708,57.6474,81.8777,125.3055,0.0,0.0,0.0842,61.9656,0.0513,0.4009,0.9869,0
AUG_2ddf3448.jpg,110.8109,133.066,88.1314,46.4068,82.6702,133.0991,0.0,0.0501,0.1139,96.2118,0.0992,0.312,0.9742,0
AUG_2e49b3e4.jpg,139.4953,168.5861,141.3332,60.2009,48.8456,168.7104,0.0,0.0,0.0,94.0454,0.0566,0.2708,0.9644,0
AUG_2ec1460b.jpg,135.9838,143.0656,82.1357,34.0967,99.7836,143.1265,0.0004,0.0312,0.0937,56.1985,0.0906,0.3978,0.99,0
AUG_2ecbd0f7.jpg,120.0162,146.9432,46.8092,36.6638,161.3354,146.9719,0.0,0.1457,0.1094,58.8328,0.0869,0.3478,0.9863,0
AUG_2f2ceb48.jpg,85.5231,121.8119,86.2391,66.9756,125.2789,126.7058,0.0031,0.001,0.0406,1744.4757,0.0086,0.0307,0.4143,0
AUG_2f38f5a5.jpg,75.1648,101.0608,53.1705,55.2812,160.4886,106.0255,0.0141,0.0041,0.1258,2259.9617,0.0077,0.0289,0.3417,0
AUG_2f416ddc.jpg,84.9724,129.9195,39.0926,43.588,166.028,130.3854,0.0,0.0,0.1359,77.7075,0.1103,0.3666,0.983,0
AUG_2f8e3701.jpg,179.6182,217.1892,171.7367,51.9042,56.0505,217.2701,0.0,0.0,0.0,130.3247,0.1201,0.3548,0.9764,0
AUG_2fa61135.jpg,115.4327,142.096,114.2058,57.8174,56.1884,142.1234,0.0,0.0,0.0589,39.6144,0.0544,0.3692,0.9838,0
AUG_2fbf688d.jpg,127.2221,147.2383,127.5003,73.4432,88.615,157.1676,0.0052,0.0005,0.035,2329.8043,0.0073,0.0264,0.5109,0
AUG_2fc54d6d.jpg,88.5302,120.6303,80.392,50.9835,82.1152,120.9601,0.0,0.0,0.1415,82.4336,0.1227,0.3361,0.9811,0
AUG_3052e26c.jpg,79.6655,136.0018,56.7662,56.1227,149.1785,136.9041,0.0001,0.0153,0.096,205.9599,0.0138,0.0888,0.9334,0
AUG_30be07a2.jpg,122.3571,163.0814,107.7695,60.1123,108.4451,166.1012,0.0019,0.006,0.0082,1445.8153,0.0089,0.0334,0.5117,0
AUG_30c6d8e5.jpg,166.7568,191.6225,163.3084,66.571,66.8324,197.3484,0.0031,0.0004,0.0071,1879.0966,0.0089,0.0332,0.5032,0
AUG_312d742f.jpg,10.038,93.0068,3.8474,57.7857,244.893,93.0784,0.0,0.0,0.0206,23.2616,0.0577,0.3708,0.9345,0
AUG_3174c752.jpg,93.8423,110.037,85.9589,44.9246,58.6585,110.485,0.0,0.0,0.1841,68.4006,0.1188,0.349,0.9881,0
AUG_31db5d95.jpg,211.7629,236.1651,144.9333,38.5946,97.9532,238.2405,0.0,0.0,0.0,114.8948,0.0429,0.2502,0.943,0
AUG_32185fd8.jpg,99.3118,137.4596,97.7683,63.8011,104.3062,140.1089,0.0019,0.0002,0.0192,1376.8206,0.0098,0.0342,0.4219,0
AUG_32382b9f.jpg,58.8943,87.0707,67.144,71.275,99.4223,89.0669,0.0,0.0,0.1134,119.7431,0.02,0.1112,0.895,0
AUG_32646921.jpg,2.8376,12.6029,1.6578,46.6833,192.5666,12.6906,0.0,0.0,0.9765,8.3297,0.2136,0.6189,0.9601,0
AUG_3275ea66.jpg,56.205,72.3574,28.3327,40.0158,160.6471,73.6692,0.0179,0.0053,0.3256,776.5556,0.1242,0.1767,0.8116,0
AUG_32a18198.jpg,77.3213,112.8076,62.8888,56.1541,139.0849,114.8796,0.0027,0.0004,0.09,1131.1816,0.0092,0.038,0.5953,0
AUG_32b20b91.jpg,167.3571,176.6352,108.6265,34.2827,84.8473,176.8968,0.0023,0.0284,0.1383,120.7248,0.1228,0.3646,0.9883,0
AUG_32cb9c59.jpg,65.9488,104.7912,72.9206,60.127,104.6677,104.9211,0.0,0.0,0.1722,134.2121,0.1132,0.2978,0.9735,0
AUG_331a5d62.jpg,58.2887,78.5187,56.8325,65.5926,103.4055,80.7427,0.0001,0.0,0.216,198.6787,0.0143,0.0924,0.905,0
AUG_333bc318.jpg,136.8759,179.4227,127.6822,61.2022,96.4451,182.3989,0.0019,0.0052,0.0001,1662.7883,0.0095,0.0308,0.1865,0
AUG_33411bdd.jpg,107.7133,141.0842,89.7825,46.8071,85.7429,141.4007,0.0,0.0,0.146,112.9869,0.1109,0.3004,0.981,0
AUG_33700d75.jpg,94.3115,122.3269,93.7011,68.5064,118.2629,129.3635,0.006,0.0013,0.0723,2190.3301,0.0071,0.0279,0.5061,0
AUG_33b2a8f6.jpg,12.6473,34.0587,14.8975,47.724,152.0206,34.2175,0.0,0.0,0.6241,53.5355,0.2454,0.4978,0.9536,0
AUG_33d891f8.jpg,59.0606,83.7543,65.719,74.6383,148.5778,91.9688,0.0023,0.0004,0.1756,2312.1075,0.0083,0.0263,0.2442,0
AUG_33e392d8.jpg,187.0654,197.3045,194.3295,57.3314,13.714,197.6513,0.0,0.0,0.0,51.5405,0.1847,0.6331,0.9902,0
AUG_341ea719.jpg,114.6485,130.4629,91.7341,56.8374,120.0654,140.0676,0.0331,0.0043,0.0213,2740.1808,0.0073,0.0235,0.3152,0
AUG_34433562.jpg,83.5714,96.0431,66.8929,62.5361,137.3358,105.6281,0.0211,0.0025,0.1601,1891.6661,0.0075,0.0307,0.5809,0
AUG_34f31074.jpg,18.7556,62.0091,22.2245,56.8849,168.1387,62.4636,0.0,0.0,0.2842,7.542,0.1595,0.5498,0.9944,0
AUG_34fc97d6.jpg,147.2185,161.1736,155.7637,84.7901,74.5166,174.9909,0.0039,0.0002,0.0254,2115.4062,0.0072,0.0281,0.6679,0
AUG_3507e52a.jpg,160.0674,185.9605,137.8465,42.1212,62.7377,187.9316,0.0001,0.0,0.0,161.2676,0.1229,0.3256,0.9736,0
AUG_351c1236.jpg,104.9212,124.2743,95.421,48.4593,64.8876,124.4099,0.0005,0.0,0.1449,84.3717,0.1263,0.4351,0.9891,0
AUG_3557936e.jpg,86.8264,108.7639,89.6648,74.2181,124.2569,118.7462,0.0054,0.0004,0.1261,2262.6828,0.0068,0.0283,0.5695,0
AUG_3584f241.jpg,67.7078,107.4467,79.5632,61.0276,95.0183,107.4792,0.0,0.0,0.1672,41.9596,0.1201,0.4384,0.9892,0
AUG_35fad609.jpg,111.9233,156.0284,138.9817,79.9381,98.9161,164.1987,0.0009,0.0,0.0017,2276.7966,0.0083,0.0265,0.1642,0
AUG_3638432e.jpg,61.4575,83.5232,50.7415,49.3231,98.4687,83.6024,0.0,0.0,0.1854,53.3355,0.1574,0.4218,0.9825,0
AUG_363d30f8.jpg,107.8768,138.5111,88.3284,50.9701,93.5465,140.041,0.0025,0.0667,0.078,89.3068,0.0679,0.3374,0.9766,0
AUG_3647ab4b.jpg,86.9601,144.8246,59.8529,47.1373,139.0905,144.8553,0.0,0.0,0.1226,129.3718,0.0978,0.2817,0.9683,0
AUG_36d02cd5.jpg,126.5913,143.7378,119.1739,64.1924,77.8743,149.1278,0.0,0.0,0.0871,101.7805,0.0858,0.5061,0.9892,0
AUG_36da4657.jpg,138.6489,157.9408,112.8586,55.2771,101.6108,165.218,0.0138,0.0087,0.0554,1593.5732,0.0076,0.0322,0.735,0
AUG_3759a00e.jpg,139.2377,153.0808,118.0663,41.8816,55.7796,153.1501,0.0,0.0,0.0773,87.8024,0.0625,0.3219,0.9879,0
AUG_376c3c4b.jpg,78.0553,95.9351,74.499,53.0611,63.6459,96.0328,0.0,0.0,0.1557,51.6623,0.1355,0.4318,0.9862,0
AUG_37805892.jpg,134.1737,161.8877,142.0649,67.4322,44.1015,162.3626,0.0,0.0,0.0227,74.923,0.0359,0.3497,0.9656,0
AUG_37a375ed.jpg,10.3127,57.1009,5.1195,48.3879,197.6681,57.138,0.0,0.0,0.2311,12.5003,0.1688,0.5583,0.986,0
AUG_37b6660c.jpg,28.1901,54.3737,28.034,62.6423,146.6193,55.1824,0.0,0.0,0.4064,117.1007,0.025,0.1147,0.7302,0
AUG_385caef6.jpg,89.8593,117.9976,95.0364,69.179,92.2978,121.7827,0.0017,0.0,0.0048,1170.3652,0.011,0.0375,0.4092,0
AUG_38b204ef.jpg,45.9913,94.4661,37.8919,47.0743,164.0646,94.5688,0.0,0.0,0.1559,88.7516,0.1303,0.3629,0.9875,0
AUG_38e91b8d.jpg,124.2802,197.2366,134.632,66.5288,106.9111,198.617,0.0,0.0001,0.0,1069.8102,0.0113,0.0392,0.265,0
AUG_390bd5e3.jpg,105.5413,135.8768,117.961,68.4243,65.1285,136.0312,0.0,0.0,0.0832,760.9114,0.0507,0.0969,0.8757,0
AUG_3920d797.jpg,106.9231,129.0669,87.5103,56.2604,118.1879,135.0436,0.0139,0.0039,0.0685,1860.6319,0.007,0.03,0.6279,0
AUG_3921ee8f.jpg,166.4718,217.126,186.7004,64.6093,54.4964,217.6726,0.0,0.0,0.0,83.6375,0.1438,0.4681,0.9872,0
AUG_39251922.jpg,111.8269,118.2838,60.8851,34.8069,121.0696,118.6462,0.0104,0.1467,0.1669,780.0709,0.0737,0.1218,0.8821,0
AUG_393b7d8e.jpg,107.2538,129.4629,92.0333,58.7754,103.2138,134.2587,0.0116,0.0031,0.0621,1385.6488,0.0085,0.0336,0.6486,0
AUG_3962e92a.jpg,149.0089,169.5556,154.9649,56.0892,31.3819,169.9194,0.0,0.0,0.0,38.8725,0.1688,0.5637,0.9909,0
AUG_39e253cb.jpg,78.2235,115.7007,83.0172,69.031,121.1769,118.7755,0.0003,0.0,0.12,1144.6273,0.0085,0.0397,0.718,0
AUG_3a640f11.jpg,128.1793,168.216,98.9006,53.9182,124.4776,170.5866,0.0037,0.0274,0.0377,1803.0199,0.0085,0.0311,0.5892,0
AUG_3a957b62.jpg,109.0985,149.2902,75.3354,44.4444,136.0016,149.4566,0.0,0.0,0.0685,158.488,0.0971,0.3142,0.9754,0
AUG_3aab1282.jpg,101.9255,147.1725,81.2009,59.2666,122.0853,149.1924,0.0001,0.0025,0.0011,147.1574,0.0182,0.1005,0.8803,0
AUG_3b01a9e0.jpg,150.0746,170.7805,96.6405,41.8216,109.3257,170.9953,0.0002,0.042,0.0018,195.7223,0.0146,0.0932,0.9505,0
AUG_3b5fff01.jpg,30.4195,49.3364,36.3658,73.7525,157.5822,53.2929,0.0,0.0,0.4889,657.3728,0.0139,0.0522,0.3791,0
AUG_3bccb58a.jpg,198.6943,215.892,172.8876,50.6002,52.683,218.1195,0.0,0.0,0.0,39.958,0.0332,0.3277,0.9746,0
AUG_3bd7b25f.jpg,196.4639,215.3148,166.5117,46.5227,60.9203,216.6793,0.0,0.0,0.0,113.0169,0.0267,0.1214,0.9041,0
AUG_3c200cd9.jpg,44.6891,79.4216,33.2273,62.9959,155.2615,81.4747,0.0001,0.0,0.2286,129.5968,0.0176,0.11,0.906,0
AUG_3c52d568.jpg,116.362,169.2268,128.4962,64.7354,80.7243,169.2723,0.0,0.0,0.0762,71.2754,0.0694,0.2876,0.9729,0
AUG_3c6b0993.jpg,93.0657,116.1816,95.9322,64.3044,70.076,116.1888,0.0,0.0,0.0274,1258.438,0.0089,0.0353,0.5555,0
AUG_3cf7a67b.jpg,70.4184,150.2348,62.7449,54.0792,143.8363,150.423,0.0,0.0,0.1018,129.7823,0.0793,0.2789,0.9751,0
AUG_3da2fa7a.jpg,102.5698,119.003,74.4025,48.001,102.4641,119.6921,0.0211,0.0,0.0706,61.3693,0.0435,0.3962,0.9786,0
AUG_3e5c1056.jpg,140.0526,165.3233,123.9901,56.6214,65.6869,166.3385,0.0,0.0002,0.0,58.9155,0.0368,0.312,0.9436,0
AUG_3e5c636f.jpg,127.0183,156.8092,109.1044,58.7876,98.4026,160.1664,0.0029,0.0067,0.0448,1173.1747,0.0096,0.038,0.7209,0
AUG_3e96621b.jpg,39.0134,59.7848,36.9478,49.2959,173.411,59.9479,0.0,0.0,0.6373,112.4616,0.0865,0.3773,0.9805,0
AUG_3eaaa2d6.jpg,210.6119,213.5151,182.8959,53.1393,49.2718,220.6428,0.0008,0.0008,0.0,814.1714,0.0132,0.0475,0.3587,0
AUG_3eb09d63.jpg,121.0257,124.1739,60.0884,38.3025,133.8313,126.0096,0.0464,0.0568,0.0786,26.3832,0.0384,0.368,0.9912,0
AUG_3ecfbb5b.jpg,14.9971,32.7387,14.5503,39.8653,124.9056,32.8886,0.0,0.0,0.6375,18.4504,0.339,0.5534,0.9878,0
AUG_3eff20ec.jpg,150.7476,163.0116,152.6808,54.822,24.8182,163.4768,0.0,0.0,0.0,102.2953,0.1758,0.554,0.9857,0
AUG_3f18d837.jpg,53.9334,70.9328,50.6457,68.4408,148.1726,76.8722,0.0037,0.0002,0.3509,1252.5567,0.0099,0.0385,0.6552,0
AUG_3f2f76bd.jpg,200.8472,203.3897,143.591,35.8629,79.7112,205.3824,0.0,0.0038,0.0,29.3535,0.0412,0.3545,0.9788,0
AUG_3f37b578.jpg,154.0106,176.9253,164.2249,67.6327,37.2718,176.9475,0.0,0.0,0.0,50.2875,0.052,0.2318,0.9847,0
AUG_3f6e50b6.jpg,44.3624,44.8389,44.0829,84.5385,151.2014,57.1717,0.0014,0.0,0.5577,976.4985,0.014,0.0471,0.6095,0
AUG_3f948921.jpg,93.3321,107.8611,91.557,51.6695,63.6276,111.0222,0.0028,0.0,0.1551,40.2409,0.1191,0.4176,0.9925,0
AUG_3fb3442c.jpg,165.0388,203.8508,142.8019,52.5622,77.2113,203.92,0.0,0.0,0.0,125.2244,0.0498,0.2861,0.9536,0
AUG_3fca9f60.jpg,107.6717,140.9419,107.8278,68.3251,88.4223,145.7635,0.0042,0.0004,0.0161,358.6556,0.0131,0.0638,0.8191,0
AUG_3fd5e189.jpg,133.662,135.3493,89.8459,45.7111,122.1646,148.8066,0.0835,0.0174,0.0114,2337.772,0.0078,0.0255,0.3564,0
AUG_40199897.jpg,14.1439,38.5654,4.5348,44.033,187.0735,38.9473,0.0,0.0,0.5008,34.6225,0.2184,0.5268,0.964,0
AUG_40e66611.jpg,192.0003,202.5488,199.2114,62.9423,14.8334,203.0334,0.0,0.0,0.0,38.1458,0.1425,0.6123,0.9894,0
AUG_4198a33e.jpg,72.3291,90.2756,69.7652,61.722,133.1169,97.6512,0.0003,0.0,0.2216,81.9086,0.1154,0.5156,0.9897,0
AUG_42300a3d.jpg,94.9897,134.0128,85.0145,54.4694,100.7725,134.0968,0.0,0.0,0.0919,98.0553,0.0681,0.2785,0.9793,0
AUG_425aa96b.jpg,80.7589,101.9024,55.5909,42.3545,103.4278,101.9449,0.0,0.0,0.1679,46.6375,0.1438,0.382,0.9875,0
AUG_43f0c530.jpg,115.0261,129.7033,85.7335,43.4526,93.9654,130.5877,0.0001,0.0006,0.1019,94.537,0.0947,0.5299,0.9858,0
AUG_4416d9ab.jpg,147.9401,158.9899,106.9387,46.2976,102.2715,167.4555,0.0282,0.0188,0.0276,1058.5631,0.0088,0.04,0.739,0
AUG_44a85db0.jpg,147.0344,183.8776,94.8067,39.0884,108.1158,183.9711,0.0001,0.034,0.1493,129.6098,0.1241,0.3781,0.9834,0
AUG_44bc3edd.jpg,154.6969,188.5528,100.6247,41.6279,119.2952,189.6013,0.0013,0.0706,0.0,280.3503,0.0181,0.0729,0.5249,0
AUG_44c976fe.jpg,63.8898,91.3134,66.2088,58.4463,79.1717,91.3863,0.0,0.0,0.1724,59.9847,0.0966,0.3486,0.9777,0
AUG_452058ad.jpg,66.0595,78.3988,54.6327,64.9429,151.2322,87.9791,0.0142,0.0006,0.2232,2024.8759,0.0082,0.0302,0.3889,0
AUG_4552e96c.jpg,87.2853,115.2434,99.4013,77.0712,110.9054,122.4801,0.0013,0.0,0.1308,1607.8935,0.0074,0.0329,0.6894,0
AUG_45b007fd.jpg,80.6033,104.0786,38.3473,48.977,183.5073,107.9474,0.029,0.0368,0.1341,1407.7634,0.0083,0.0347,0.5729,0
AUG_465db314.jpg,197.193,209.9504,200.4906,79.9802,37.8711,216.7397,0.001,0.0,0.0008,929.9984,0.0138,0.0476,0.7451,0
AUG_46a929f9.jpg,65.7744,98.5797,61.1865,59.9788,135.204,99.8819,0.0025,0.0,0.1891,31.3827,0.0587,0.3021,0.9958,0
AUG_46de4ac7.jpg,88.9257,134.3812,80.5382,54.9934,115.0441,134.4211,0.0,0.0,0.1357,58.6638,0.0531,0.4404,0.9886,0
AUG_4706ffff.jpg,146.477,174.1645,140.5248,64.8304,80.0396,180.1074,0.0035,0.0015,0.0026,1993.4078,0.0083,0.0281,0.3678,0
AUG_473e52ca.jpg,30.1763,40.9152,32.952,52.5919,135.8778,41.085,0.0,0.0,0.7332,326.0027,0.0815,0.1683,0.9075,0
AUG_47b95a3f.jpg,140.8089,193.9211,138.3447,61.6366,86.8971,195.0777,0.0001,0.0,0.0015,905.2106,0.0118,0.0424,0.5977,0
AUG_47d4cda0.jpg,70.4986,105.2844,59.0024,48.2074,106.3938,105.3138,0.0,0.0,0.2527,37.8129,0.1045,0.5303,0.9935,0
AUG_47dfbb1c.jpg,182.8788,200.5768,180.9801,51.8471,26.2082,200.7927,0.0,0.0,0.0,490.6123,0.1238,0.2107,0.9183,0
AUG_47fe4c12.jpg,90.3445,130.0006,91.4956,68.0559,120.0394,133.5822,0.0014,0.0003,0.1272,1250.5895,0.0089,0.0377,0.7375,0
AUG_480883f7.jpg,107.051,152.6894,69.6165,48.2313,141.1288,153.1809,0.0047,0.0061,0.0055,265.1094,0.017,0.075,0.7239,0
AUG_4898a8d2.jpg,109.7389,156.8299,98.6358,51.4575,88.2314,157.0414,0.0,0.0,0.0,31.2516,0.1145,0.4051,0.9877,0
AUG_48ab6298.jpg,26.0806,61.1906,28.4088,57.198,157.5852,61.251,0.0,0.0,0.2089,18.6482,0.1082,0.5035,0.9862,0
AUG_48b92688.jpg,116.091,180.3688,101.4069,54.9915,107.5158,180.4525,0.0,0.0,0.0,26.1813,0.073,0.4575,0.9847,0
AUG_48bbee19.jpg,88.5473,127.9429,31.8425,42.4729,174.1919,128.0987,0.0,0.0336,0.1404,76.1409,0.1097,0.2863,0.9863,0
AUG_490f22fe.jpg,100.7672,132.2752,77.6311,52.8913,113.5862,133.7266,0.0008,0.0002,0.0297,162.5649,0.0138,0.0989,0.951,0
AUG_49122a5f.jpg,11.6049,32.83,12.2959,57.2706,194.0767,32.9295,0.0,0.0,0.8151,34.2411,0.0904,0.4065,0.9535,0
AUG_4950bdc0.jpg,72.9864,104.06,73.1037,53.7875,84.0588,104.1144,0.0,0.0,0.2102,46.6698,0.121,0.4211,0.991,0
AUG_49893581.jpg,108.936,137.6586,94.5708,51.7609,86.7708,137.7795,0.0,0.0066,0.1391,985.7947,0.1126,0.1565,0.8606,0
AUG_49d6bc89.jpg,6.6685,53.0485,5.5882,50.4026,201.7746,53.1006,0.0,0.0,0.3143,33.8559,0.1713,0.5193,0.9656,0
AUG_4a5593ef.jpg,137.1706,151.3167,134.9059,72.7591,82.3672,161.8004,0.0054,0.0012,0.0693,1433.0885,0.0072,0.0348,0.8056,0
AUG_4aa10717.jpg,88.9308,105.613,89.5782,61.7754,64.5678,105.8887,0.0,0.0,0.1041,104.6381,0.0636,0.2735,0.9816,0
AUG_4ac42c96.jpg,164.4554,172.7605,162.3658,82.4981,69.852,187.7688,0.0073,0.0024,0.0076,2160.3304,0.0079,0.0277,0.5103,0
AUG_4acabff9.jpg,62.4518,81.1746,48.1241,46.0261,136.358,81.6165,0.0001,0.0,0.1756,102.8254,0.103,0.3783,0.9853,0
AUG_4ad59f6d.jpg,163.0347,183.8615,118.1425,50.9934,110.155,189.9136,0.0055,0.0381,0.0222,1582.9507,0.0091,0.0342,0.742,0
AUG_4b1168f6.jpg,183.2732,203.1478,113.406,40.1404,116.4272,205.395,0.0009,0.0709,0.0027,818.1294,0.0126,0.0467,0.6628,0
AUG_4b51047d.jpg,28.6586,62.7332,29.7732,65.0893,182.2672,64.4426,0.0,0.0,0.3269,741.4786,0.0131,0.0476,0.3348,0
AUG_4b9134be.jpg,97.0369,114.8916,82.4898,46.5052,75.6206,115.8191,0.0054,0.0193,0.1382,68.9038,0.0797,0.3746,0.9863,0
AUG_4c280fa0.jpg,83.966,119.3465,75.5472,56.895,104.2807,119.7739,0.0014,0.0003,0.0918,136.7138,0.0228,0.2105,0.9394,0
AUG_4c85c7c9.jpg,98.7495,118.7041,88.8311,65.6385,118.4439,127.2022,0.014,0.0032,0.1087,1965.0797,0.0072,0.0299,0.6185,0
AUG_4cdbdd18.jpg,76.8945,95.7277,70.8277,50.6629,66.1533,95.7782,0.0,0.0,0.1694,80.1439,0.131,0.3336,0.9745,0
AUG_4d2bd11a.jpg,110.7109,140.8053,115.1648,73.4035,109.2053,150.4794,0.0076,0.0017,0.0335,2638.1203,0.0072,0.0247,0.392,0
AUG_4d2cad46.jpg,131.866,169.6247,106.4838,52.4882,115.8942,172.8733,0.0101,0.0189,0.0007,2314.3301,0.0086,0.0256,0.0723,0
AUG_4d6802d4.jpg,164.005,196.6958,150.9587,53.6789,57.6021,197.0201,0.0,0.0,0.0,51.1726,0.0737,0.3858,0.9795,0
AUG_4d6ab7d7.jpg,77.3482,95.0504,67.4767,46.1502,75.5716,95.1012,0.0,0.0,0.183,38.293,0.118,0.4615,0.99,0
AUG_4de247ca.jpg,82.0259,110.055,77.3932,57.961,84.7358,111.3282,0.0001,0.0,0.1112,32.7744,0.0563,0.4242,0.9904,0
AUG_4de3c1d2.jpg,137.853,183.598,147.3898,59.737,61.7222,183.8141,0.0,0.0,0.1318,56.4855,0.1207,0.3867,0.9916,0
AUG_4e222d9e.jpg,153.2309,183.7884,87.6458,46.4325,143.1913,186.2481,0.002,0.1856,0.0738,1196.0937,0.0104,0.0389,0.803,0
AUG_4e30c14e.jpg,154.9483,200.4152,122.3751,47.1547,90.4798,200.6865,0.0,0.0,0.0,80.2822,0.1179,0.3501,0.981,0
AUG_4e5edf30.jpg,23.2757,51.169,19.0712,54.6929,182.2836,51.2207,0.0,0.0,0.4792,29.1284,0.1115,0.4116,0.9828,0
AUG_4ed65391.jpg,132.8119,133.8634,105.7932,58.8216,88.7858,144.7586,0.0936,0.0092,0.0648,235.8046,0.0124,0.0835,0.9515,0
AUG_4ee0b4ab.jpg,55.5589,95.0745,67.5221,62.6627,113.3423,96.0849,0.0,0.0,0.1365,608.812,0.0926,0.1469,0.8007,0
AUG_4f5b89b2.jpg,165.6801,182.8488,163.8035,72.8563,66.7282,192.8031,0.0033,0.0005,0.0025,2174.7314,0.0083,0.0284,0.4511,0
AUG_4fa24861.jpg,74.3876,122.0795,85.4186,48.6289,103.9558,126.0547,0.0,0.0,0.0787,43.0261,0.0474,0.4596,0.9909,0
AUG_4fc26a50.jpg,60.5784,91.0874,58.1616,67.9146,144.4896,94.8521,0.0013,0.0002,0.2359,877.8298,0.0096,0.0473,0.7862,0
AUG_4fd4e7b5.jpg,33.0521,77.6649,20.2864,57.7099,195.1802,78.2227,0.0,0.0,0.2203,463.9626,0.0366,0.1082,0.7639,0
AUG_4fe01bea.jpg,42.9452,62.8494,37.9697,67.5951,167.5916,68.4956,0.0008,0.0001,0.3685,1222.8759,0.0107,0.0388,0.4412,0
AUG_5011e186.jpg,98.6651,119.6783,109.4023,80.1569,63.4,124.1928,0.0001,0.0,0.1001,135.0067,0.0164,0.1065,0.9537,0
AUG_5016c0c9.jpg,155.7275,180.6594,112.224,33.609,100.2378,180.7716,0.0,0.0045,0.0784,178.7977,0.156,0.4081,0.9766,0
AUG_5023ea0b.jpg,4.8831,14.573,8.9083,59.6786,182.597,14.6475,0.0,0.0,0.9577,23.7255,0.1591,0.4814,0.9527,0
AUG_509de60f.jpg,38.439,46.2139,34.1022,66.7587,150.3496,52.401,0.0006,0.0,0.5198,835.3307,0.0139,0.0453,0.2176,0
AUG_50c9b294.jpg,162.3005,182.2514,151.922,34.242,42.6423,182.2829,0.0,0.0,0.0,408.9538,0.121,0.1957,0.9377,0
AUG_51e4e5a8.jpg,106.8028,119.9185,112.9392,83.4325,104.4367,135.1921,0.0049,0.0001,0.0598,2542.2954,0.0066,0.0251,0.5243,0
AUG_523002ac.jpg,35.6559,53.6164,35.6016,69.4721,167.8066,58.9514,0.0005,0.0,0.4384,1133.585,0.0123,0.0406,0.15,0
AUG_527f5a54.jpg,67.7694,95.4967,69.8556,69.2497,131.4312,100.7328,0.0016,0.0001,0.0802,1595.1467,0.0094,0.0305,0.473,0
AUG_52d0e025.jpg,177.9966,212.4126,85.3067,41.8642,153.8478,213.7567,0.0003,0.254,0.0151,676.0826,0.0149,0.0532,0.8195,0
AUG_5350f731.jpg,96.7722,158.279,60.4441,49.4278,157.8832,158.3106,0.0,0.0,0.0434,127.4366,0.0363,0.1943,0.9329,0
AUG_5379ea80.jpg,117.7714,141.885,118.4195,70.4868,83.2048,147.9882,0.0018,0.0001,0.0409,1406.3607,0.0081,0.0341,0.6848,0
AUG_538318f1.jpg,115.5909,145.486,123.3893,63.8555,52.0898,145.5999,0.0,0.0,0.1002,528.2225,0.0809,0.134,0.8891,0
AUG_5406f629.jpg,81.4229,118.0921,63.7961,46.7199,120.475,118.4874,0.0,0.0,0.1813,926.5075,0.1103,0.1569,0.8437,0
AUG_540869eb.jpg,149.7209,192.0172,118.6066,48.2758,92.3592,192.0708,0.0,0.0,0.0,64.5023,0.0727,0.3178,0.9766,0
AUG_54f49e28.jpg,143.3943,154.2107,133.2411,41.5878,35.011,154.2737,0.0,0.0,0.0,28.6419,0.1348,0.4522,0.9939,0
AUG_55168cb8.jpg,24.3954,29.1596,28.824,53.7023,108.5092,33.0007,0.0,0.0,0.7253,26.6671,0.3141,0.7195,0.9911,0
AUG_551ce3dc.jpg,92.237,133.9857,92.5266,54.9284,85.162,134.0188,0.0,0.0,0.1404,59.6106,0.1145,0.3213,0.9903,0
AUG_552e1983.jpg,71.5064,91.92,59.5872,45.2025,92.6219,92.155,0.0001,0.0,0.2356,82.0181,0.1646,0.4487,0.9844,0
AUG_554621d0.jpg,62.1043,84.7005,57.1809,68.1118,154.6864,92.5141,0.0053,0.0004,0.1915,2100.946,0.0081,0.0294,0.3642,0
AUG_55c184ca.jpg,194.6523,211.7389,201.4563,78.9513,38.9606,217.3354,0.0012,0.0002,0.0,827.8273,0.0138,0.0488,0.7015,0
AUG_55c2cf36.jpg,99.4846,118.0144,90.6411,69.606,124.8955,129.1733,0.016,0.0089,0.0872,2552.6185,0.0068,0.0252,0.4949,0
AUG_55c87a86.jpg,196.135,204.1063,188.9771,47.7116,21.1873,204.2592,0.0,0.0,0.0,27.8494,0.115,0.4058,0.9813,0
AUG_5615dcb4.jpg,59.0087,88.8753,67.0582,56.3537,96.4938,90.1117,0.0,0.0,0.2951,23.5481,0.1604,0.5234,0.9952,0
AUG_5629dfe8.jpg,127.3678,184.6828,142.5108,68.5507,84.7794,185.4067,0.0,0.0,0.0,206.0728,0.0203,0.0839,0.6496,0
AUG_565e0c98.jpg,100.3989,156.0738,98.3363,61.8816,107.2824,156.7668,0.0005,0.0,0.0248,18.7556,0.0341,0.3643,0.9912,0
AUG_5672b27c.jpg,169.3668,182.925,167.6476,77.1714,61.7585,193.3771,0.0032,0.0005,0.0033,2016.8343,0.008,0.0301,0.5035,0
AUG_568c2bf0.jpg,132.8362,149.6147,133.2665,75.6961,85.3499,161.5772,0.0066,0.0007,0.0213,2420.3736,0.0074,0.0264,0.4714,0
AUG_5705a4ff.jpg,96.0184,119.5237,98.4286,66.7422,70.0632,121.5247,0.0003,0.0001,0.0409,261.927,0.0154,0.077,0.865,0
AUG_5751acda.jpg,59.7088,100.3937,46.1896,57.869,164.581,102.3596,0.0017,0.0002,0.1274,1370.6868,0.0096,0.0357,0.4278,0
AUG_5760cee8.jpg,79.874,122.6837,82.91,59.3438,95.9706,123.3294,0.0,0.0,0.1515,108.4864,0.1225,0.3965,0.9786,0
AUG_57639f69.jpg,76.8987,88.139,76.7657,77.2368,131.4118,99.8141,0.0041,0.0002,0.2455,1864.0661,0.008,0.033,0.6919,0
AUG_57c2f17c.jpg,17.0095,42.592,25.1344,67.5378,187.8815,43.2581,0.0,0.0,0.6619,420.5512,0.0198,0.0788,0.3891,0
AUG_57d3d145.jpg,94.4875,131.5387,70.5999,51.6803,118.4584,132.0429,0.0,0.0,0.0484,45.7474,0.0409,0.3814,0.9847,0
AUG_57f2c617.jpg,63.6858,103.0017,79.0485,69.5245,108.2116,103.5103,0.0,0.0,0.1062,724.5138,0.0427,0.0974,0.746,0
AUG_58048751.jpg,167.126,203.3404,114.6897,47.8708,114.6131,205.0313,0.0006,0.0695,0.0,212.715,0.0168,0.0848,0.8012,0
AUG_5848ab2e.jpg,160.2909,188.3249,156.4879,67.3587,73.4073,194.3692,0.0024,0.001,0.0014,1910.1478,0.0086,0.0297,0.3933,0
AUG_588e5a0a.jpg,179.8144,206.1977,179.0958,50.7174,34.7075,206.2776,0.0,0.0,0.0,95.7747,0.1358,0.3442,0.9855,0
AUG_59278b7c.jpg,66.7218,105.7364,52.0718,61.6597,136.5495,108.183,0.0003,0.0,0.1634,157.6257,0.0151,0.0978,0.938,0
AUG_5975f60c.jpg,126.4524,155.7952,89.8136,52.8218,135.8153,161.6085,0.0176,0.0386,0.0482,2456.4202,0.0073,0.0269,0.538,0
AUG_59975dd5.jpg,173.542,204.3253,136.9679,42.4666,88.1046,204.339,0.0,0.0,0.0,53.8284,0.0323,0.2504,0.9906,0
AUG_59e22448.jpg,92.9839,137.8446,86.6206,62.9075,132.0998,142.0547,0.0045,0.0018,0.0177,2277.0371,0.0078,0.0265,0.2615,0
AUG_59f49eef.jpg,188.8541,216.0847,190.5421,63.0842,36.4014,216.0989,0.0,0.0,0.0,40.1364,0.0429,0.3185,0.9565,0
AUG_5a09d7ef.jpg,131.3931,137.7727,98.0595,55.24,117.4891,150.1396,0.0482,0.0184,0.0412,2536.2794,0.0068,0.0251,0.5047,0
AUG_5a7417e5.jpg,101.0544,112.2303,102.1854,78.6085,93.7753,123.4812,0.0046,0.0001,0.0666,1675.9946,0.0074,0.0312,0.6469,0
AUG_5a909e05.jpg,96.5409,139.787,99.8035,64.3495,93.4006,140.1986,0.0,0.0,0.0482,74.2877,0.0422,0.3624,0.9693,0
AUG_5acbd1cf.jpg,108.0991,117.3694,88.4035,61.6986,113.329,128.2194,0.0359,0.006,0.0664,1894.9721,0.0074,0.0287,0.5555,0
AUG_5af47d19.jpg,24.8766,38.8913,12.7779,48.035,195.1165,39.3699,0.0,0.0,0.7958,47.7008,0.0633,0.3567,0.9532,0
AUG_5b6e3354.jpg,180.7332,186.1634,136.1323,48.0792,81.1988,192.8801,0.0012,0.0159,0.0205,268.5501,0.0155,0.0819,0.9156,0
AUG_5b7a583b.jpg,117.9943,144.4955,120.9879,65.1314,64.6144,145.104,0.0,0.0,0.0085,750.1644,0.0105,0.055,0.8712,0
AUG_5c053f2f.jpg,117.4393,137.5393,101.9569,61.5931,110.9834,144.2434,0.0122,0.002,0.0371,2339.6681,0.0068,0.0273,0.6135,0
AUG_5c64141a.jpg,203.0523,244.4873,154.6936,46.3254,91.6651,244.5252,0.0,0.0,0.0,60.3897,0.0931,0.5783,0.9666,0
AUG_5c915a5e.jpg,117.3844,162.1458,131.2585,64.1259,66.974,162.5226,0.0,0.0,0.0,60.2897,0.114,0.3896,0.9827,0
AUG_5ca86a8b.jpg,17.3054,32.4642,18.013,53.3723,142.7842,32.4806,0.0,0.0,0.7474,52.0837,0.1389,0.3009,0.9528,0
AUG_5d28b241.jpg,96.2615,129.0085,81.8898,60.5488,136.1098,135.0112,0.0119,0.0076,0.0466,2626.2029,0.007,0.0239,0.3666,0
AUG_5d477c20.jpg,46.2147,92.5394,72.6168,80.5998,163.7465,101.4021,0.0,0.0,0.1659,1335.2543,0.009,0.0372,0.5053,0
AUG_5d74a582.jpg,70.9596,94.1316,68.4797,66.6343,126.1695,99.1069,0.0033,0.0001,0.1648,1378.3095,0.0084,0.0365,0.5846,0
AUG_5d9903a2.jpg,15.4875,53.2743,8.6893,51.9404,211.1678,53.3352,0.0,0.0,0.4405,55.1707,0.0952,0.3396,0.9603,0
AUG_5dcb5979.jpg,94.2345,124.3154,80.5225,51.5362,97.9211,124.4206,0.0001,0.0019,0.0686,122.0389,0.0432,0.2352,0.951,0
AUG_5dd74ef5.jpg,131.1548,177.4193,93.7609,56.6553,136.4691,181.1238,0.001,0.0704,0.0361,1347.0406,0.0085,0.0371,0.7852,0
AUG_5ecb2782.jpg,81.935,93.2853,79.5551,50.4535,36.8236,93.3099,0.0,0.0,0.1643,94.043,0.1295,0.2379,0.9633,0
AUG_5eedef00.jpg,159.9927,167.7794,133.4404,60.0026,84.8287,179.0313,0.0135,0.01,0.0045,2031.1827,0.0077,0.0296,0.5274,0
AUG_5ef80486.jpg,152.0234,214.0446,135.4589,56.1543,96.2465,214.1251,0.0,0.0,0.0,102.5215,0.0404,0.2714,0.9539,0
AUG_5f760663.jpg,73.8621,114.4755,77.3694,63.353,83.1653,115.0956,0.0,0.0,0.1587,31.5032,0.1344,0.4975,0.9924,0
AUG_602a5c02.jpg,178.9922,209.8322,112.4524,38.6523,122.8774,209.8777,0.0,0.2156,0.0145,850.8097,0.1052,0.1577,0.7637,0
AUG_609ea7a6.jpg,15.8258,70.1168,25.2966,65.5638,210.1995,70.1291,0.0,0.0,0.1272,367.0183,0.0201,0.0686,0.3204,0
AUG_61195c49.jpg,142.2408,182.6704,161.5878,76.0992,57.6746,182.9492,0.0,0.0,0.0,2.2155,0.0685,0.5678,0.9968,0
AUG_611a45e2.jpg,50.0593,66.7258,55.1932,76.3745,142.415,74.5921,0.0007,0.0,0.2694,1410.943,0.0103,0.0355,0.3607,0
AUG_611cf4a5.jpg,92.0347,129.8581,50.9307,52.854,153.1538,131.24,0.001,0.0294,0.116,171.0953,0.0133,0.0951,0.9581,0
AUG_61944ffa.jpg,132.0337,158.6676,68.5345,43.0152,153.7116,160.564,0.0099,0.2134,0.0083,1029.1483,0.0082,0.0396,0.7469,0
AUG_61ada8a3.jpg,216.2963,230.0032,183.4822,25.5319,47.6151,230.0368,0.0,0.0,0.0,73.275,0.2658,0.7081,0.987,0
AUG_61b6c82c.jpg,97.7115,111.3518,88.0274,52.7813,64.7884,111.3716,0.0,0.0,0.0301,31.7099,0.0373,0.4089,0.9811,0
AUG_61f62975.jpg,91.5496,120.4935,85.4241,61.6306,113.698,123.2868,0.0021,0.0006,0.0591,1209.2769,0.0082,0.0372,0.6782,0
AUG_6225854b.jpg,95.8459,111.1821,89.4357,59.0094,85.9295,115.7886,0.0,0.0,0.1787,107.9929,0.1444,0.5416,0.9887,0
AUG_625a844c.jpg,109.1841,145.9613,63.3653,41.2384,143.7928,146.1022,0.0003,0.0002,0.0816,66.5491,0.0746,0.4302,0.9853,0
AUG_625bbc52.jpg,115.7038,175.8175,86.8105,55.5857,139.1815,175.9983,0.0001,0.0141,0.0014,97.0573,0.0173,0.1922,0.9702,0
AUG_628ca20b.jpg,7.6732,28.2749,15.0983,67.1261,209.8274,28.3616,0.0,0.0,0.9069,15.9846,0.0888,0.4929,0.9814,0
AUG_628f5528.jpg,82.1538,142.7775,91.8102,68.6255,119.6671,144.9631,0.0001,0.0,0.0383,283.795,0.0147,0.074,0.8876,0
AUG_629e8abe.jpg,73.6509,105.0828,73.9927,65.8277,127.9263,109.0709,0.0041,0.0002,0.1024,1519.7547,0.0087,0.0341,0.5348,0
AUG_62daf2f5.jpg,172.0025,209.155,138.865,52.1028,89.5733,210.8939,0.0001,0.0008,0.0001,214.4199,0.0181,0.0941,0.867,0
AUG_62fffc07.jpg,166.2926,184.4929,158.2264,64.6014,62.336,190.7783,0.0026,0.0005,0.0032,1417.1869,0.0095,0.0349,0.6452,0
AUG_630b9f54.jpg,104.7399,160.0762,59.9305,46.8316,150.8731,160.2556,0.0,0.0138,0.0943,138.0829,0.0804,0.2616,0.974,0
AUG_63264f5c.jpg,34.0752,41.8147,36.0202,79.3827,160.0606,50.3844,0.0002,0.0,0.5685,911.1151,0.0142,0.0467,0.2113,0
AUG_6354778e.jpg,94.4125,126.8102,112.1042,77.1492,81.3077,126.9826,0.0,0.0,0.0167,1389.3046,0.0084,0.0341,0.566,0
AUG_635b56a5.jpg,46.8991,139.1697,55.4406,59.1967,150.5551,139.8282,0.0,0.0,0.1518,84.3533,0.1325,0.3652,0.979,0
AUG_6385b2a6.jpg,167.5336,189.0698,167.958,72.274,67.0257,197.4706,0.0031,0.0004,0.004,1948.6276,0.0091,0.0316,0.5574,0
AUG_6498002c.jpg,155.5782,166.9664,78.3815,39.575,149.2706,173.3182,0.0396,0.2497,0.0012,1387.609,0.0086,0.0333,0.5188,0
AUG_64b87d26.jpg,99.5295,129.6376,84.5168,50.8994,79.8932,131.1199,0.0,0.0003,0.1752,78.5545,0.1536,0.4014,0.983,0
AUG_64d532e4.jpg,153.1973,180.3742,133.4205,49.9856,70.6837,180.748,0.002,0.007,0.075,970.3045,0.0573,0.1125,0.845,0
AUG_64f19fd6.jpg,76.7728,123.4413,67.6379,53.5835,118.7294,123.5031,0.0,0.0,0.1015,26.1992,0.0872,0.6068,0.9913,0
AUG_6545e6f8.jpg,93.2219,107.3024,61.1662,49.8335,152.4754,115.8808,0.0394,0.0077,0.0748,2531.9646,0.0075,0.0253,0.2978,0
AUG_65830e2b.jpg,27.8942,88.7012,23.7708,53.477,184.248,88.8454,0.0,0.0,0.1577,73.3455,0.119,0.3539,0.9704,0
AUG_65afe697.jpg,75.2506,104.6637,64.2263,47.6034,98.8844,104.6952,0.0,0.0,0.1522,83.6064,0.126,0.3198,0.9785,0
AUG_65d511ca.jpg,39.8639,40.2504,39.7238,87.0104,101.852,49.4009,0.0006,0.0,0.6912,118.4387,0.0276,0.1143,0.8841,0
AUG_65ef8538.jpg,152.3798,198.1663,162.5865,60.1675,57.6803,198.378,0.0,0.0,0.0,75.981,0.1335,0.3669,0.986,0
AUG_66933499.jpg,148.3029,210.6867,116.6462,51.3541,114.9663,210.7134,0.0,0.0,0.0,59.5598,0.041,0.2253,0.9226,0
AUG_66951b2f.jpg,110.1321,127.0663,107.5337,71.7784,97.0332,134.5419,0.0046,0.0002,0.0996,1964.2283,0.007,0.0312,0.7142,0
AUG_669566e3.jpg,27.8757,36.868,28.3528,50.799,136.1358,39.4329,0.0002,0.0,0.6301,316.7354,0.1097,0.1994,0.8005,0
AUG_66a6d50c.jpg,46.8772,87.2483,33.244,46.1185,161.6603,87.4028,0.0,0.0,0.1667,77.765,0.1401,0.3898,0.9799,0
AUG_66b98bac.jpg,112.9843,162.5309,102.3558,58.6792,105.7334,162.7036,0.0,0.0,0.0006,14.1582,0.0303,0.3625,0.9953,0
AUG_66e17c55.jpg,55.0944,79.4278,51.2719,58.3228,120.8304,79.448,0.0,0.0,0.1678,127.7032,0.0334,0.2278,0.9476,0
AUG_67960185.jpg,68.3198,89.843,54.6598,68.737,165.5946,93.958,0.0,0.0,0.1851,35.7265,0.1023,0.5853,0.9926,0
AUG_67b08e14.jpg,117.8669,130.4895,115.1814,73.9697,78.8761,139.3235,0.0048,0.0001,0.0338,1433.2379,0.0079,0.0341,0.7104,0
AUG_681e81b9.jpg,158.015,173.379,147.1377,43.7856,38.7062,173.986,0.0007,0.0,0.1426,821.1123,0.1238,0.1815,0.9177,0
AUG_682d4694.jpg,14.824,62.8102,20.0319,59.2252,182.3128,63.0191,0.0,0.0,0.2519,7.5414,0.1421,0.6522,0.9907,0
AUG_69001b9d.jpg,102.1584,154.813,60.7151,50.9626,138.1088,155.2681,0.0,0.0015,0.1288,71.1117,0.0613,0.5162,0.9881,0
AUG_69046ac0.jpg,78.9822,119.4204,79.8061,66.745,129.124,122.7292,0.0019,0.0021,0.1088,1429.7473,0.0084,0.0355,0.6331,0
AUG_69c481aa.jpg,206.1299,244.5343,174.6774,44.6552,73.1566,244.5683,0.0,0.0,0.0,14.6945,0.096,0.4573,0.9711,0
AUG_6a049ab0.jpg,94.7465,118.6068,93.2301,68.5556,113.3717,125.35,0.0045,0.0002,0.105,1981.6041,0.0071,0.0292,0.604,0
AUG_6a1b99e4.jpg,101.4574,130.9333,103.8716,71.5067,117.3873,139.8797,0.0063,0.0012,0.0517,2661.2139,0.007,0.0251,0.3992,0
AUG_6a2b8f59.jpg,152.4427,184.6171,152.2698,61.9912,53.1087,184.6406,0.0,0.0,0.0,49.5393,0.0423,0.3113,0.9526,0
AUG_6aa05f02.jpg,147.0524,174.8375,154.6844,73.0931,56.6799,179.5407,0.001,0.0,0.0,252.1324,0.016,0.0754,0.8183,0
AUG_6ab40a3f.jpg,88.5255,115.4232,81.7751,65.0883,122.3153,120.6864,0.0052,0.0043,0.1212,1673.296,0.0077,0.0322,0.6278,0
AUG_6ab7f98c.jpg,105.0473,119.717,65.2074,50.0288,141.1046,124.8799,0.0251,0.0278,0.1763,1176.1523,0.0082,0.0392,0.8069,0
AUG_6ab886cf.jpg,129.3266,142.7283,82.5148,43.7348,134.9801,152.0351,0.0667,0.0386,0.0058,2610.0253,0.008,0.0251,0.1067,0
AUG_6aeaeed1.jpg,162.8476,185.9218,149.7119,37.8002,49.3068,185.9537,0.0,0.0,0.0,443.9961,0.0881,0.1608,0.9172,0
AUG_6b355f1e.jpg,90.9929,120.9036,87.4559,57.5905,86.5521,121.2805,0.0014,0.0004,0.0397,86.1867,0.0251,0.3018,0.9678,0
AUG_6b38426f.jpg,101.924,133.5757,76.3194,54.2117,138.7943,137.7098,0.0155,0.0091,0.0697,2061.686,0.0078,0.0285,0.5093,0
AUG_6b9009cf.jpg,60.1929,79.3468,64.4511,68.9957,82.4499,79.4272,0.0,0.0,0.1499,72.702,0.0324,0.2736,0.9665,0
AUG_6c6ec979.jpg,138.9499,150.1893,138.5578,45.427,25.3689,150.1929,0.0,0.0,0.0,8.8031,0.0919,0.519,0.9978,0
AUG_6caf81f8.jpg,109.9086,157.1682,122.0202,67.5375,81.4315,157.8199,0.0,0.0002,0.1015,149.0256,0.0382,0.3536,0.9804,0
AUG_6cc3612c.jpg,16.4914,46.1667,32.2838,56.2867,141.0955,46.3599,0.0,0.0,0.4809,52.264,0.2852,0.5338,0.9753,0
AUG_6d48e4e5.jpg,111.2209,141.9933,86.9568,43.2838,94.5052,142.0169,0.0,0.0012,0.1405,166.05,0.1146,0.2122,0.9755,0
AUG_6d4df8fa.jpg,125.3444,151.4894,120.6852,56.8026,55.5401,151.4905,0.0,0.0,0.0,123.5181,0.0221,0.1092,0.8737,0
AUG_6dd001df.jpg,134.7252,205.2487,142.6391,59.3565,94.6501,206.6018,0.0,0.0,0.0,25.6151,0.0955,0.4874,0.9901,0
AUG_6dd02d0b.jpg,114.3417,152.7078,108.079,54.7641,72.4666,152.8466,0.0,0.0,0.002,416.8202,0.072,0.1312,0.8322,0
AUG_6dd1f0af.jpg,118.1099,163.704,85.4743,55.9271,120.702,164.4736,0.0,0.1168,0.0457,737.7979,0.0251,0.0729,0.8078,0
AUG_6e087f25.jpg,68.5317,96.5438,77.4758,62.2793,77.901,97.0638,0.0,0.0,0.1658,30.9688,0.0947,0.4372,0.9912,0
AUG_6e432d22.jpg,95.6369,106.7628,89.6239,72.4711,111.8391,118.9242,0.0148,0.0007,0.0742,2296.4277,0.0075,0.027,0.3906,0
AUG_6e745a58.jpg,187.0282,205.8696,183.7935,68.6605,49.267,211.1074,0.0005,0.0002,0.0006,1487.783,0.0105,0.0371,0.3961,0
AUG_6e91531c.jpg,111.9335,153.6967,74.988,49.7555,131.8569,155.012,0.0045,0.0248,0.0441,255.7943,0.0136,0.0796,0.9149,0
AUG_6eb9bcb3.jpg,39.8162,95.8964,24.4751,55.5237,208.9534,95.9259,0.0,0.0,0.0847,1132.577,0.0106,0.0381,0.3454,0
AUG_6ebc238d.jpg,84.4484,149.5779,32.4392,44.3181,178.2835,149.7559,0.0,0.0225,0.1559,127.5903,0.1243,0.3261,0.9802,0
AUG_6fb2a1e0.jpg,172.3486,185.5887,124.8505,49.6601,105.3014,193.2788,0.0055,0.0366,0.0213,1658.0578,0.0096,0.0343,0.7363,0
AUG_70de3078.jpg,114.8869,137.8313,121.0706,76.6582,96.243,149.2539,0.0068,0.0005,0.012,2694.0716,0.0077,0.0237,0.1852,0
AUG_71162d4d.jpg,90.9189,165.413,75.2634,54.9911,140.1574,165.4178,0.0,0.0,0.0096,163.6239,0.0161,0.1034,0.9235,0
AUG_71617738.jpg,43.7191,63.7387,46.5977,61.5243,98.6794,63.8462,0.0,0.0,0.199,43.2397,0.0647,0.4206,0.9612,0
AUG_71822d4e.jpg,126.5723,141.3378,128.0501,56.6341,33.9273,141.5247,0.0003,0.0007,0.1572,88.7053,0.1404,0.3398,0.9861,0
AUG_72300b7f.jpg,108.2242,131.1011,90.9224,59.0152,124.1812,137.8719,0.0166,0.0108,0.0472,2738.4288,0.0067,0.0244,0.445,0
AUG_72bf8ed6.jpg,89.3027,133.4961,94.5504,65.2607,99.2888,133.7574,0.0,0.0,0.0452,107.5591,0.0375,0.2552,0.9673,0
AUG_730a0a0e.jpg,107.0719,164.8978,105.8359,56.5591,89.9386,164.9418,0.0,0.0,0.1135,101.3589,0.1008,0.2997,0.9719,0
AUG_73320ec2.jpg,79.3141,128.7757,78.5083,57.6143,99.3729,128.9285,0.0,0.0,0.0996,62.2678,0.0738,0.3914,0.9819,0
AUG_73c13c4b.jpg,1.3656,34.287,3.8648,57.6159,226.2484,34.3371,0.0,0.0,0.8338,5.9512,0.1223,0.5219,0.9699,0
AUG_740abae4.jpg,94.8665,178.4083,95.4039,54.684,109.2658,178.6122,0.0,0.0,0.1733,91.5862,0.1486,0.3534,0.9871,0
AUG_74196151.jpg,102.6445,140.5549,86.9003,52.6173,108.3963,140.5845,0.0,0.0,0.1222,66.7157,0.0466,0.3766,0.9872,0
AUG_7427f90c.jpg,112.3788,124.8712,109.512,75.1999,96.2302,137.8033,0.0107,0.001,0.0287,2312.2525,0.0075,0.0256,0.3835,0
AUG_744783d1.jpg,33.9758,55.1533,38.2485,59.3012,104.3748,55.2198,0.0,0.0,0.368,279.4936,0.1236,0.1997,0.8027,0
AUG_74549acc.jpg,106.2641,134.1702,110.5246,71.4661,92.15,140.3337,0.0019,0.0002,0.0096,1625.1062,0.0083,0.0313,0.4521,0
AUG_74762871.jpg,184.645,198.9645,161.7009,57.5154,59.5832,203.8138,0.0003,0.0032,0.0,208.5677,0.0162,0.0853,0.8028,0
AUG_74e2e0fc.jpg,68.4344,109.2318,74.9449,69.1902,127.6678,111.9436,0.0002,0.0,0.1168,1154.1653,0.01,0.0383,0.5847,0
AUG_74fe6c65.jpg,100.6545,131.9311,81.9208,58.0813,128.8397,137.0138,0.0098,0.008,0.0393,1979.0857,0.0074,0.0282,0.4939,0
AUG_7501b725.jpg,63.4629,93.7965,51.3209,49.8902,110.625,93.8973,0.0,0.0,0.1729,38.5757,0.1135,0.3367,0.982,0
AUG_750f127a.jpg,51.6289,81.9567,64.4664,66.546,96.8121,82.0877,0.0,0.0,0.149,434.8363,0.1145,0.169,0.8209,0
AUG_758cdb3f.jpg,93.6067,123.1036,89.8363,50.2128,76.6273,123.6654,0.0,0.0018,0.1626,681.5626,0.1238,0.1734,0.8937,0
AUG_760391a4.jpg,132.2164,142.5477,116.1806,60.8595,72.3536,150.0524,0.019,0.0015,0.007,299.2141,0.0117,0.0724,0.9241,0
AUG_762df705.jpg,53.219,64.8491,56.2405,75.2082,88.6188,68.5747,0.0002,0.0,0.4061,96.7761,0.0191,0.1273,0.9604,0
AUG_76334bff.jpg,46.0777,75.4269,35.4973,54.2052,158.4779,75.5508,0.0001,0.0,0.0268,84.3746,0.0408,0.2108,0.9556,0
AUG_76593dc7.jpg,34.3807,55.3975,37.1059,69.5658,128.8132,58.13,0.0001,0.0,0.3938,138.1367,0.0244,0.1047,0.8271,0
AUG_76b52e90.jpg,81.4511,115.8166,96.7089,66.842,76.7969,115.9649,0.0,0.0,0.1246,74.9441,0.1003,0.3577,0.9828,0
AUG_76c3ba67.jpg,128.8873,190.4839,107.6557,55.2231,111.8579,190.6842,0.0,0.0,0.0,36.5941,0.0317,0.2783,0.9747,0
AUG_76e859ff.jpg,117.2282,221.41,115.7525,57.2817,117.5916,221.5491,0.0,0.0,0.0,132.3483,0.0776,0.2706,0.9652,0
AUG_774edbc5.jpg,112.8509,133.8354,114.4893,71.9286,91.7922,142.4855,0.0045,0.0002,0.036,1959.2212,0.0075,0.028,0.5205,0
AUG_77c79343.jpg,92.367,134.9016,37.6037,40.3285,169.6258,134.9321,0.0,0.0001,0.1162,59.5746,0.0951,0.306,0.9822,0
AUG_77e143b4.jpg,139.897,159.8986,150.5612,74.841,33.1695,160.1158,0.0,0.0,0.0,37.0095,0.0539,0.4304,0.9735,0
AUG_77e48b18.jpg,160.1863,202.7375,148.7282,60.7137,87.517,205.6871,0.0008,0.0037,0.0001,1653.1774,0.0094,0.0336,0.2638,0
AUG_77ee4f02.jpg,75.877,117.8429,81.2284,58.3721,93.0777,117.927,0.0,0.0,0.146,57.3516,0.1304,0.3753,0.9839,0
AUG_7865670c.jpg,62.4728,114.3639,63.3097,63.5294,135.0242,115.7445,0.0002,0.0,0.0266,237.9342,0.0174,0.0792,0.7405,0
AUG_78aa4998.jpg,37.5238,74.9244,38.5696,51.4304,164.0508,77.6975,0.0,0.0,0.3766,738.688,0.0119,0.0554,0.7569,0
AUG_78b7dbb9.jpg,84.7527,102.3962,64.6129,38.8972,81.3743,102.6407,0.0001,0.0,0.1919,31.7015,0.1337,0.4297,0.9908,0
AUG_78fa6c94.jpg,80.4208,139.9349,45.7872,55.1621,168.043,140.6899,0.0,0.0001,0.0257,120.4275,0.0206,0.1771,0.9463,0
AUG_790b1135.jpg,189.1509,217.3507,207.752,80.2753,37.1233,219.8102,0.0,0.0,0.0,79.2233,0.0248,0.1336,0.8532,0
AUG_79774d00.jpg,88.4575,101.7936,87.0166,75.4756,120.342,114.6535,0.0109,0.0003,0.0906,2502.3643,0.0073,0.0264,0.3359,0
AUG_7986f358.jpg,20.5047,57.1768,8.3436,50.0296,211.3763,57.2703,0.0,0.0,0.2238,60.0078,0.0717,0.2689,0.9071,0
AUG_798a10dc.jpg,115.8586,185.7737,95.0922,48.8661,110.5066,185.8229,0.0,0.0,0.1407,84.7949,0.1257,0.3288,0.9832,0
AUG_79964edf.jpg,77.6829,100.7081,79.9892,57.5081,62.4311,100.7273,0.0,0.0,0.1313,38.0216,0.109,0.4273,0.9888,0
AUG_79a8698c.jpg,103.8519,124.5648,102.2031,68.704,95.9743,131.5447,0.0056,0.0002,0.0428,1725.4572,0.0075,0.0312,0.5795,0
AUG_79aec795.jpg,86.9873,107.7581,81.0241,65.5137,113.9579,113.1248,0.0027,0.0008,0.1459,1312.1758,0.0075,0.0375,0.7652,0
AUG_7a099fb6.jpg,83.2331,105.8404,83.5673,69.3628,115.9708,110.9457,0.0016,0.0,0.1774,1907.1559,0.0072,0.0325,0.6672,0
AUG_7a3af2ee.jpg,192.48,217.4986,176.4432,44.0627,47.2974,217.7922,0.0,0.0,0.0,52.3704,0.1066,0.4363,0.9865,0
AUG_7a86ac95.jpg,55.3853,73.776,39.4187,56.4383,164.1491,78.5023,0.0066,0.0003,0.2534,1455.3882,0.0094,0.0355,0.3494,0
AUG_7af2be33.jpg,1.1625,10.506,2.306,41.0119,159.5324,10.6272,0.0,0.0,0.9837,19.5193,0.3422,0.6634,0.896,0
AUG_7b0cc4fc.jpg,140.6817,165.7247,110.5185,51.5847,94.8097,169.035,0.0054,0.0344,0.0029,262.4457,0.0141,0.0764,0.9121,0
AUG_7b1f00c7.jpg,156.4446,179.3353,148.0388,51.3422,44.3297,179.3912,0.0,0.0,0.0,38.5375,0.0686,0.4032,0.9832,0
AUG_7b4de5ed.jpg,32.88,43.0289,23.5234,47.334,159.9288,43.5316,0.0,0.0,0.6994,92.4023,0.1487,0.5229,0.9726,0
AUG_7b5010c1.jpg,158.1615,173.0398,134.0089,59.106,96.3742,174.5051,0.0137,0.0014,0.094,210.9288,0.1213,0.5405,0.9833,0
AUG_7bb89ea0.jpg,64.7521,93.5254,67.1331,55.7475,83.7771,93.8002,0.0,0.0,0.2217,77.6906,0.1622,0.4585,0.9846,0
AUG_7bd502d7.jpg,139.0692,152.2047,112.7779,54.0214,80.5362,154.6758,0.0172,0.0008,0.1424,78.5041,0.1504,0.5843,0.9936,0
AUG_7c013306.jpg,74.5117,106.8636,87.0366,64.1334,84.6999,106.9207,0.0,0.0,0.1776,116.9373,0.1089,0.3486,0.9802,0
AUG_7c19c3fa.jpg,114.9616,171.212,117.3791,65.2642,99.9934,172.0139,0.0,0.0,0.0002,90.8822,0.0225,0.2281,0.9623,0
AUG_7c3b1950.jpg,34.4571,89.5142,46.859,66.4787,163.5345,89.5376,0.0,0.0,0.0392,57.0427,0.0484,0.3497,0.9039,0
AUG_7c8456fb.jpg,135.8445,147.6083,112.6756,41.4851,68.7385,148.3003,0.0014,0.0002,0.0387,740.5935,0.0121,0.0566,0.8081,0
AUG_7c991bd1.jpg,89.108,130.12,76.9926,61.4577,139.7771,134.1427,0.0042,0.0037,0.085,2016.6955,0.0075,0.0289,0.5377,0
AUG_7d0f7247.jpg,104.1736,145.5216,70.7815,49.8697,154.674,148.4249,0.0168,0.0223,0.0227,2579.705,0.0077,0.0239,0.226,0
AUG_7d2e5066.jpg,81.7029,127.3477,76.2587,59.1457,113.2603,127.389,0.0,0.0,0.0455,52.2384,0.0395,0.2672,0.9707,0
AUG_7d350f12.jpg,171.0906,176.3929,171.4949,85.347,60.5092,191.9259,0.0033,0.0002,0.0044,2165.8323,0.0079,0.0299,0.5345,0
AUG_7d4be323.jpg,76.7025,118.8827,84.849,64.4005,98.2431,119.4791,0.0,0.0,0.0974,80.2055,0.0606,0.2793,0.9719,0
AUG_7df1c8f5.jpg,154.5631,191.3569,151.1338,57.2996,58.2404,191.5066,0.0,0.0,0.0,122.6322,0.0863,0.3071,0.9742,0
AUG_7eb10c85.jpg,98.3318,116.6135,32.8443,35.0565,203.9504,117.3508,0.0063,0.0015,0.002,182.1863,0.0591,0.1925,0.9481,0
AUG_7ec60701.jpg,170.4453,180.6011,114.6699,47.6174,105.4315,187.3221,0.0034,0.0292,0.0096,1064.7615,0.0096,0.0414,0.8098,0
AUG_7f3cc055.jpg,131.1523,158.4273,142.2425,65.4745,41.3186,158.5786,0.0,0.0,0.0,21.9228,0.129,0.494,0.991,0
AUG_7ff57f17.jpg,96.2186,139.0713,106.813,60.634,79.1451,139.6869,0.001,0.0,0.1233,28.7496,0.1104,0.4109,0.992,0
AUG_80167bf4.jpg,106.8384,139.6085,37.5983,36.8929,167.1548,141.5401,0.0207,0.252,0.1487,68.4406,0.1199,0.4526,0.9932,0
AUG_8045ed94.jpg,100.695,117.8443,98.7887,53.6768,75.6336,121.7795,0.0073,0.0,0.1166,691.9016,0.0761,0.1276,0.872,0
AUG_804639a4.jpg,187.5752,225.073,168.0904,51.5152,66.4224,225.331,0.0,0.0,0.0,88.1815,0.0266,0.2579,0.9585,0
AUG_80cefc0d.jpg,57.542,76.8333,49.0362,50.492,114.562,76.8606,0.0,0.0,0.23,44.1099,0.0542,0.3315,0.9839,0
AUG_80d791cf.jpg,166.8405,194.1742,142.0352,56.6034,85.4066,197.8822,0.0009,0.0116,0.0151,1184.8377,0.0096,0.0393,0.7617,0
AUG_80f25e17.jpg,132.432,153.4048,95.7293,33.2211,96.1275,153.546,0.0001,0.0002,0.1348,148.3729,0.1503,0.4392,0.9843,0
AUG_810d5579.jpg,86.5986,116.4684,100.482,79.2134,119.2575,126.0562,0.0015,0.0001,0.1185,2068.2442,0.0074,0.0282,0.5765,0
AUG_8128c96b.jpg,70.976,101.4255,65.2454,58.5124,110.1653,103.3198,0.0019,0.0,0.0019,239.0032,0.0186,0.0787,0.6685,0
AUG_812cd9fb.jpg,80.8688,124.8872,96.2822,60.4115,85.6762,125.5876,0.0,0.0,0.1469,64.727,0.1322,0.4283,0.986,0
AUG_8167fd66.jpg,118.0263,141.1107,88.3806,41.5027,92.078,141.1684,0.0,0.0,0.1209,95.5736,0.1045,0.2947,0.9806,0
AUG_82820181.jpg,156.6528,168.7633,109.5807,47.3574,97.738,175.5168,0.0036,0.0777,0.0,226.3442,0.0156,0.0809,0.8264,0
AUG_82d2faf0.jpg,14.3005,15.2246,14.2052,22.5568,40.9962,15.7127,0.0,0.0,0.8542,31.432,0.6266,0.8032,0.9836,0
AUG_8309cfa1.jpg,73.7098,111.4038,73.2173,54.5761,92.9572,111.5944,0.0,0.0,0.1621,83.3628,0.104,0.3262,0.9802,0
AUG_833ab6ed.jpg,51.7905,100.8972,50.2125,60.0636,153.7665,100.9608,0.0,0.0,0.0123,17.8644,0.0442,0.3122,0.9753,0
AUG_8396bf67.jpg,113.7401,136.5922,84.2474,49.972,127.1504,142.0187,0.0273,0.0202,0.0326,2119.8813,0.0074,0.0268,0.4537,0
AUG_83b99981.jpg,93.5582,131.5775,104.9907,72.093,86.3423,133.5273,0.0,0.0,0.1159,244.9057,0.015,0.0817,0.9279,0
AUG_842fad2d.jpg,73.1678,113.556,67.924,52.6595,106.1077,113.6784,0.0,0.0,0.1491,67.158,0.1187,0.3369,0.986,0
AUG_8498c1e1.jpg,111.6059,166.3548,91.249,51.5937,106.2111,166.5618,0.0,0.0297,0.1426,69.0248,0.1305,0.4736,0.9895,0
AUG_851728fb.jpg,65.1823,101.3603,69.6885,57.3418,89.2885,101.8416,0.0,0.0,0.1627,443.9214,0.1148,0.1744,0.8786,0
AUG_8534dc02.jpg,18.6859,47.5018,18.6867,53.9238,175.717,47.6399,0.0,0.0,0.4604,20.2995,0.1408,0.4494,0.9832,0
AUG_859a5a24.jpg,60.297,111.7796,34.9887,55.2828,166.9562,112.3843,0.0,0.0,0.15,59.3589,0.0617,0.3071,0.9798,0
AUG_862335c3.jpg,113.6445,164.3807,103.4194,60.9577,123.9535,167.5041,0.0019,0.0046,0.0375,1950.7402,0.0077,0.0291,0.6072,0
AUG_86d33fe5.jpg,154.0757,173.0854,130.3388,59.4515,78.3763,174.0051,0.0,0.0006,0.0,832.639,0.011,0.051,0.773,0
AUG_86fa3055.jpg,105.4259,126.0644,105.2608,58.2151,47.229,126.068,0.0,0.0,0.0,28.5042,0.054,0.3022,0.9788,0
AUG_87332c99.jpg,157.2194,196.8436,126.4742,54.2927,92.8732,198.4576,0.0003,0.001,0.0,144.4742,0.0206,0.1067,0.957,0
AUG_87b02bcf.jpg,217.7878,253.8162,173.5259,42.482,80.6222,253.8181,0.0,0.0,0.0,15.356,0.084,0.3619,0.873,0
AUG_881089c9.jpg,29.7191,96.6329,31.1485,49.82,164.354,96.7066,0.0,0.0,0.1473,88.5115,0.1663,0.464,0.9673,0
AUG_881505f8.jpg,115.4729,119.7659,74.332,37.5759,104.696,126.7645,0.0462,0.0121,0.1131,124.4112,0.0797,0.2901,0.9745,0
AUG_8835368f.jpg,188.0516,228.5067,166.7391,52.693,70.4751,228.6232,0.0,0.0,0.0,24.6227,0.0557,0.5357,0.9823,0
AUG_884ad2e5.jpg,140.7483,174.4026,141.3599,56.0745,54.475,174.608,0.0,0.0,0.0,89.9063,0.1534,0.2977,0.9759,0
AUG_88872102.jpg,96.7204,122.6042,98.8108,63.7005,72.3062,122.6171,0.0,0.0,0.0226,1419.3384,0.0096,0.0329,0.4562,0
AUG_888b0892.jpg,62.1569,91.2184,48.7585,50.633,114.7004,91.3123,0.0,0.0,0.1598,57.4717,0.1114,0.4035,0.9802,0
AUG_8896f04b.jpg,128.0863,139.5716,95.8398,51.1589,107.8351,147.2149,0.0366,0.0109,0.0078,1573.4245,0.0085,0.0314,0.4755,0
AUG_89b5f8f9.jpg,173.2708,177.8899,162.115,32.8044,22.4238,178.1996,0.0,0.0,0.0,486.6831,0.1073,0.1631,0.883,0
AUG_89f87a66.jpg,73.5175,114.2113,20.8847,42.9969,198.4188,114.3351,0.001,0.0007,0.1123,53.4099,0.065,0.3124,0.9836,0
AUG_8a1eb25f.jpg,99.7331,116.4983,86.9262,63.939,123.9461,126.0922,0.0201,0.0047,0.0965,2415.2738,0.0068,0.0276,0.533,0
AUG_8a2b490b.jpg,110.0877,124.6147,105.9848,72.4466,105.6063,136.7122,0.0111,0.0013,0.0235,3220.1225,0.0071,0.0215,0.1666,0
AUG_8a58bd80.jpg,92.6593,120.5674,82.7966,61.5068,121.9092,125.5523,0.0084,0.0009,0.0851,1947.5037,0.0079,0.0285,0.5067,0
AUG_8a58cddc.jpg,67.8382,112.4539,83.0755,59.3754,95.4998,113.391,0.0,0.0,0.1734,77.0176,0.1396,0.4281,0.9846,0
AUG_8a5b4eb7.jpg,7.3598,18.3224,2.6475,34.7138,145.6774,18.3973,0.0,0.0,0.893,24.5048,0.3555,0.5467,0.9645,0
AUG_8a5d1024.jpg,128.039,147.7949,125.1678,68.6678,80.3079,155.3511,0.0072,0.0002,0.0089,1810.8907,0.0075,0.0291,0.5367,0
AUG_8ab6fe4f.jpg,114.2975,148.7639,80.5574,47.6408,123.8209,148.989,0.0,0.006,0.0,86.4484,0.022,0.1759,0.9556,0
AUG_8b2dce75.jpg,77.628,101.7505,68.8895,62.381,105.3799,105.459,0.0037,0.0,0.0798,253.325,0.0134,0.0777,0.8796,0
AUG_8b3dc3ef.jpg,96.907,131.5877,119.5684,81.486,85.8548,137.9423,0.0002,0.0,0.0597,279.3826,0.0138,0.0744,0.9103,0
AUG_8b9dcc6a.jpg,48.1999,108.946,50.2365,63.0108,156.1317,109.141,0.0,0.0,0.0453,5.2483,0.0702,0.5214,0.994,0
AUG_8c1ad557.jpg,178.6417,207.1309,163.1328,50.0195,52.97,207.1686,0.0,0.0,0.0,126.8196,0.1356,0.4232,0.9832,0
AUG_8c34707d.jpg,96.3142,106.726,75.3933,39.0758,74.3202,106.7649,0.0018,0.0,0.1195,73.1718,0.1032,0.3245,0.9788,0
AUG_8c37282e.jpg,164.1021,186.8123,161.9645,67.62,60.6219,192.37,0.0013,0.0001,0.0029,1349.4616,0.0097,0.0354,0.6263,0
AUG_8c3dfd60.jpg,194.01,216.6854,153.0015,31.4063,68.2262,216.7336,0.0,0.0,0.0,112.3219,0.1775,0.4587,0.9847,0
AUG_8c626dfb.jpg,158.5018,188.7723,172.8405,70.861,42.5951,189.6814,0.0,0.0,0.0,413.5607,0.0734,0.132,0.7929,0
AUG_8c83b8b4.jpg,146.8997,170.703,100.9606,40.2704,107.0933,172.0321,0.0068,0.0162,0.0,218.7258,0.0161,0.0812,0.8127,0
AUG_8cb13431.jpg,104.5738,175.2818,115.5766,63.4464,118.5815,176.5455,0.0,0.0,0.0008,1366.6224,0.0085,0.0337,0.5267,0
AUG_8d5ac02a.jpg,86.0109,125.2169,85.3035,60.4604,96.7993,125.3659,0.0,0.0,0.1174,62.1653,0.054,0.3644,0.9802,0
AUG_8d719a93.jpg,79.131,152.2454,64.6287,50.9611,130.5619,152.3681,0.0,0.0,0.1452,86.0002,0.1298,0.3638,0.9836,0
AUG_8d7297c9.jpg,109.0201,143.319,74.9281,55.2927,150.9023,148.3014,0.0119,0.0417,0.0664,2263.1932,0.007,0.027,0.5738,0
AUG_8d86907d.jpg,66.5307,84.6087,48.4682,45.4386,116.1349,85.0068,0.0,0.0,0.1137,59.7612,0.0588,0.3363,0.9687,0
AUG_8d8ff130.jpg,94.1223,128.001,93.6706,54.5587,74.865,128.0322,0.0,0.0,0.1306,81.2052,0.1046,0.32,0.9831,0
AUG_8db2528b.jpg,82.0058,114.537,70.2984,47.598,94.4182,114.6002,0.0,0.0,0.1438,101.4342,0.1167,0.2931,0.9747,0
AUG_8df3afb7.jpg,143.9792,158.3398,107.515,36.9114,82.1054,159.681,0.0014,0.0014,0.1174,123.6205,0.1067,0.3814,0.9827,0
AUG_8e16c923.jpg,98.0103,145.2946,83.1903,60.2706,134.811,148.1345,0.003,0.0109,0.0168,1568.3681,0.0088,0.0318,0.4307,0
AUG_8e6183f1.jpg,129.5825,151.6308,117.7276,45.8259,53.3228,151.8523,0.0,0.0,0.0,55.4509,0.1287,0.3551,0.9788,0
AUG_8f7b6497.jpg,134.5596,169.4453,114.8028,63.756,112.8619,173.827,0.0016,0.0046,0.038,1467.8705,0.0076,0.0371,0.7608,0
AUG_8f8656ff.jpg,105.9814,139.9915,108.2471,68.3733,110.5139,146.0858,0.0047,0.0007,0.0447,2392.5722,0.0073,0.026,0.448,0
AUG_8ffcac16.jpg,29.5786,58.0708,39.2899,74.1534,135.8119,60.0386,0.0,0.0,0.3205,97.525,0.0225,0.1189,0.8295,0
AUG_9006816b.jpg,132.8557,148.1069,124.7267,68.9274,73.9292,154.4397,0.0085,0.0001,0.0256,217.892,0.0136,0.0885,0.9602,0
AUG_904b3a05.jpg,142.6538,170.4761,143.9523,56.7492,46.4062,170.5655,0.0,0.0,0.1028,116.8663,0.0664,0.3621,0.9842,0
AUG_905e23d0.jpg,185.6169,217.817,144.3613,48.0711,87.1441,218.2759,0.0,0.0001,0.0,76.9994,0.0271,0.2111,0.9575,0
AUG_90757093.jpg,41.8563,53.5849,41.8926,73.413,161.9096,62.1144,0.0011,0.0,0.4166,1429.1764,0.0116,0.0358,0.1402,0
AUG_90dc822f.jpg,134.2266,150.1049,121.9484,62.2502,77.1585,155.6587,0.007,0.0034,0.0561,1278.5642,0.0094,0.0357,0.7021,0
AUG_9124423d.jpg,150.5591,170.5999,156.4714,77.6986,71.842,180.5905,0.0035,0.0002,0.0087,2232.6217,0.0073,0.0283,0.5641,0
AUG_918aa534.jpg,106.8313,132.1487,81.1131,44.2553,85.7628,132.1806,0.0,0.001,0.129,56.5796,0.1127,0.3995,0.9883,0
AUG_91946e07.jpg,192.7167,200.5025,150.9537,34.2715,59.4186,201.1983,0.0,0.0,0.0,53.2037,0.0891,0.3413,0.9897,0
AUG_91aa7eb8.jpg,89.7685,118.5056,87.3883,63.9846,103.4151,121.0945,0.0018,0.0003,0.1058,1041.5157,0.0099,0.0411,0.7231,0
AUG_91be18ce.jpg,50.2279,115.3592,20.8509,50.7445,206.2398,115.3811,0.0,0.0,0.0499,122.3178,0.0416,0.2146,0.8805,0
AUG_921d3606.jpg,81.2474,112.1454,47.9345,40.3257,143.2556,112.1807,0.0,0.0,0.1343,80.1646,0.1068,0.2763,0.9842,0
AUG_9241bd27.jpg,157.8193,174.3823,154.1557,67.6905,47.5726,178.4084,0.0006,0.0005,0.0,166.8729,0.015,0.0944,0.9443,0
AUG_9280dd3e.jpg,41.2439,74.2513,29.3548,54.3239,164.8046,74.2593,0.0,0.0,0.0069,4.3331,0.0601,0.474,0.9907,0
AUG_92909066.jpg,84.3188,100.8079,73.6983,65.5684,129.7242,110.0303,0.0138,0.0006,0.0988,2139.6539,0.0075,0.0276,0.401,0
AUG_92d6c1ae.jpg,109.783,121.8489,112.3911,80.4658,98.9852,135.4508,0.0067,0.0001,0.0313,2267.2038,0.0071,0.0267,0.5914,0
AUG_92dc7dda.jpg,59.5678,74.049,43.8619,57.9976,121.8994,78.1926,0.0034,0.0,0.2435,188.8195,0.0158,0.0912,0.8864,0
AUG_92f48c90.jpg,92.1742,117.5479,60.6478,47.3906,151.4965,120.2213,0.0175,0.0019,0.0274,1263.4139,0.0097,0.0363,0.6906,0
AUG_93bea636.jpg,93.3167,140.6211,83.237,58.7111,117.653,140.7859,0.0007,0.0,0.0133,7.151,0.0367,0.4575,0.9974,0
AUG_93d3cd76.jpg,93.0411,126.7426,67.8663,47.0189,124.2545,126.77,0.0,0.0007,0.0541,70.5585,0.0388,0.2902,0.983,0
AUG_940133f9.jpg,45.6314,65.7091,28.2869,47.2626,168.4353,65.7537,0.0007,0.0,0.3142,481.6628,0.0331,0.0962,0.7634,0
AUG_940e0612.jpg,166.3533,188.6288,152.6107,61.534,69.6504,194.0314,0.0021,0.0012,0.0011,1539.8016,0.0092,0.034,0.534,0
AUG_9428e407.jpg,150.5133,206.7812,129.8525,47.6868,84.0161,206.8893,0.0,0.0,0.0,66.3972,0.1604,0.4895,0.9875,0
AUG_943a21a2.jpg,25.8867,69.5781,8.7198,49.9225,208.5937,69.6441,0.0,0.0,0.3061,47.2657,0.101,0.3539,0.9755,0
AUG_944317f3.jpg,77.8741,141.3601,48.7262,48.2012,152.7274,141.4416,0.0,0.0,0.1281,88.0858,0.1093,0.3335,0.9798,0
AUG_9460ef20.jpg,89.2749,127.1298,66.0683,46.3875,112.1903,127.2211,0.0,0.0015,0.1872,78.1318,0.1494,0.3804,0.9883,0
AUG_94bfce9b.jpg,49.4131,74.7923,50.2333,68.0719,159.0971,80.1807,0.0013,0.0001,0.2487,1709.5163,0.0094,0.0324,0.3165,0
AUG_9533213b.jpg,106.1907,178.0518,106.7219,54.8692,95.3675,178.1034,0.0,0.0,0.0,71.4937,0.135,0.3694,0.966,0
AUG_9581422d.jpg,95.5181,129.3087,96.4966,59.2015,85.888,129.4173,0.0,0.0,0.0447,98.3826,0.0284,0.3533,0.9747,0
AUG_959adfd3.jpg,58.8624,73.7372,43.1579,60.2813,166.1935,82.0914,0.0111,0.0006,0.2274,1812.9687,0.009,0.0315,0.2545,0
AUG_95bea4b7.jpg,97.9148,116.7549,94.0617,67.1198,93.6218,122.1271,0.0047,0.0011,0.0957,1136.5311,0.0092,0.0389,0.7042,0
AUG_95dade8e.jpg,99.0901,123.7591,81.8641,48.5583,93.6004,123.7789,0.0,0.0,0.0333,71.5354,0.0363,0.2449,0.9604,0
AUG_9628c754.jpg,165.5364,196.9432,168.684,64.6016,49.1703,197.0462,0.0,0.0,0.0,48.077,0.0361,0.2681,0.9269,0
AUG_9661ff43.jpg,12.0662,43.0049,21.8862,62.7579,172.7056,43.1893,0.0,0.0,0.5422,44.6477,0.1424,0.3907,0.9225,0
AUG_9664ccfa.jpg,57.4663,89.6701,46.2435,63.8754,166.3002,91.6009,0.0,0.0001,0.2186,173.4323,0.0826,0.4342,0.9734,0
AUG_96f494d3.jpg,173.5958,185.7934,174.666,63.6946,26.5097,186.5029,0.0,0.0,0.0,23.1581,0.1006,0.4684,0.9929,0
AUG_97145491.jpg,109.2111,130.5673,93.2748,53.7,91.1578,132.2341,0.0,0.0,0.0386,134.6879,0.05,0.3906,0.9704,0
AUG_97385969.jpg,108.5318,132.9958,65.9828,43.3766,128.6509,133.1768,0.0016,0.0,0.0011,13.3407,0.0581,0.4358,0.982,0
AUG_97a904b8.jpg,113.6995,125.078,87.2811,43.496,77.1852,125.4613,0.0,0.0,0.1252,74.7749,0.1079,0.3892,0.9847,0
AUG_97e91f04.jpg,3.3059,46.2144,7.8059,54.3689,211.1976,46.3971,0.0,0.0,0.4047,19.519,0.1533,0.4999,0.9729,0
AUG_980c4004.jpg,170.3462,183.5964,135.9524,51.4308,75.611,188.8415,0.0017,0.0052,0.0,258.2725,0.0149,0.0815,0.9224,0
AUG_981e9719.jpg,163.7228,201.2924,160.8117,64.4441,69.9195,204.2999,0.0003,0.0005,0.0,1082.6492,0.0114,0.0397,0.2996,0
AUG_98205990.jpg,48.0626,107.4411,12.9813,43.036,193.7566,107.5283,0.0,0.0,0.2091,37.8818,0.1472,0.5041,0.9893,0
AUG_98500397.jpg,165.5381,168.9973,151.1859,28.0297,30.7806,169.2372,0.0003,0.0,0.1006,421.1735,0.0977,0.1631,0.9418,0
AUG_9874d4a1.jpg,71.4028,106.18,92.6117,82.4266,132.8715,115.8571,0.001,0.0002,0.1936,1529.0949,0.0078,0.0351,0.7262,0
AUG_98cd381e.jpg,163.3979,218.9017,132.3238,47.5939,93.8087,218.9424,0.0,0.0,0.0,131.5114,0.0923,0.2698,0.9718,0
AUG_993d4134.jpg,72.8661,170.2967,81.5788,58.735,135.361,171.0669,0.0,0.0,0.1393,106.3354,0.1211,0.3199,0.9813,0
AUG_994a3992.jpg,63.5576,108.6723,74.547,60.5488,104.7835,108.7424,0.0,0.0,0.139,89.3002,0.1122,0.3175,0.9718,0
AUG_9997502a.jpg,116.2504,144.9373,116.5394,69.6282,98.8165,151.2887,0.0025,0.0004,0.0821,1799.1423,0.0072,0.0313,0.71,0
AUG_99e78265.jpg,117.5375,109.0119,71.2477,47.6625,147.5035,129.1834,0.12,0.0149,0.0663,2590.063,0.007,0.0254,0.468,0
AUG_9a06a547.jpg,76.118,93.8036,52.6989,43.8209,122.6362,93.8505,0.0,0.0,0.2442,86.2959,0.0312,0.2837,0.9738,0
AUG_9a8790ff.jpg,86.0772,119.784,88.0844,66.759,112.6696,122.9131,0.0016,0.0001,0.1083,1340.1282,0.009,0.0363,0.6536,0
AUG_9a9259c2.jpg,10.1298,39.4126,31.8245,81.6852,210.4169,40.4323,0.0,0.0,0.7723,13.1223,0.0683,0.4964,0.9733,0
AUG_9b39af06.jpg,112.823,134.6056,62.392,37.3186,122.6268,134.6403,0.0,0.1642,0.1682,58.165,0.1395,0.3861,0.9902,0
AUG_9b3ea640.jpg,102.0456,121.6031,70.4094,42.4028,107.2526,121.7764,0.0,0.0,0.138,52.0964,0.0791,0.4646,0.991,0
AUG_9b66d084.jpg,103.6315,120.6,100.4813,43.1767,48.0162,120.6541,0.0,0.0,0.1668,74.4686,0.148,0.4853,0.9914,0
AUG_9b69188d.jpg,92.6929,122.4876,93.5254,69.4643,125.2528,131.0198,0.0085,0.0013,0.0365,2659.1908,0.0075,0.0242,0.2533,0
AUG_9b6fa04f.jpg,173.9957,201.6688,133.8977,46.497,93.557,203.5761,0.0019,0.0247,0.0,1078.8901,0.0106,0.0397,0.3716,0
AUG_9b943fde.jpg,172.8583,206.6027,149.7229,50.9411,70.389,207.0506,0.0,0.0,0.0,48.6151,0.06,0.3604,0.9649,0
AUG_9bf9e161.jpg,156.6771,158.4414,91.4166,32.7646,124.562,159.919,0.0532,0.0817,0.0,34.7941,0.0895,0.3053,0.9915,0
AUG_9cbd39bd.jpg,122.2372,152.3637,95.449,52.1387,110.0094,155.3908,0.0083,0.0083,0.0151,1410.522,0.0095,0.0338,0.5248,0
AUG_9d5c1003.jpg,81.001,98.8668,73.455,50.9237,70.8055,99.6902,0.0,0.0,0.1197,9.5896,0.0411,0.4397,0.995,0
AUG_9d9279f8.jpg,44.1364,64.878,41.894,65.1421,123.2191,68.1448,0.0015,0.0,0.2166,195.252,0.0195,0.0866,0.7452,0
AUG_9d9ea7c8.jpg,168.6429,190.7978,145.6866,49.6816,67.8921,193.2657,0.0008,0.0003,0.0005,920.8169,0.0112,0.0415,0.6227,0
AUG_9de589ae.jpg,87.4509,149.2792,72.1831,56.074,135.2305,149.4171,0.0,0.0,0.0539,51.5254,0.0311,0.3036,0.9799,0
AUG_9de9d282.jpg,124.1506,149.932,105.4192,58.6392,90.8055,153.8947,0.0056,0.0164,0.0094,312.1798,0.0145,0.0691,0.8719,0
AUG_9eddf3b2.jpg,164.4878,174.8762,152.3216,64.8556,62.8941,183.3661,0.0047,0.0008,0.0072,1436.881,0.0088,0.0346,0.7095,0
AUG_9edebb8d.jpg,26.4262,28.3382,26.305,81.6322,160.7254,36.4007,0.0003,0.0,0.7941,504.953,0.0196,0.063,0.1874,0
AUG_9f16b1dd.jpg,86.3399,124.75,88.9732,60.7019,88.6777,124.7931,0.0,0.0,0.0645,87.2858,0.0519,0.2422,0.9646,0
AUG_9f231ea0.jpg,17.686,38.8843,18.9957,52.4308,134.4229,38.9253,0.0,0.0,0.5789,22.5355,0.2028,0.4401,0.9698,0
AUG_9f50ca2f.jpg,71.9509,105.1144,63.3703,71.2504,92.7054,109.6388,0.0,0.0,0.2032,29.0595,0.1298,0.5017,0.9953,0
AUG_9fca216f.jpg,70.0349,123.7405,63.365,54.9319,125.7759,123.7749,0.0,0.0,0.0762,102.5459,0.0597,0.2783,0.961,0
AUG_a03e0185.jpg,67.1945,86.7662,64.0419,68.9183,143.3269,95.7043,0.0066,0.0001,0.1338,2209.4976,0.0084,0.0273,0.1865,0
AUG_a069e784.jpg,157.4672,212.6212,125.9805,46.9372,95.0683,212.781,0.0,0.0,0.0003,99.2186,0.1072,0.3361,0.9833,0
AUG_a091f22e.jpg,107.9356,137.3612,68.6747,49.3856,150.3928,142.0034,0.0243,0.0271,0.0535,2127.5858,0.0079,0.0276,0.45,0
AUG_a15ec013.jpg,83.3109,122.9326,47.6917,41.7823,141.5843,122.9856,0.0003,0.0,0.1478,72.4221,0.1231,0.3602,0.9823,0
AUG_a18a57fc.jpg,140.4525,150.0681,133.9889,43.2363,33.931,150.2756,0.0021,0.0006,0.0675,101.4859,0.0635,0.2883,0.9836,0
AUG_a2003046.jpg,75.6944,95.7311,77.8775,56.5236,53.0289,95.7605,0.0,0.0,0.1593,42.7431,0.1389,0.4286,0.9864,0
AUG_a224dc9f.jpg,152.6628,219.6526,111.9612,47.0997,116.4464,219.6841,0.0,0.0003,0.0895,157.7422,0.0777,0.2471,0.9657,0
AUG_a2a3964a.jpg,76.8858,120.8547,52.8367,55.183,174.0847,123.9721,0.0078,0.0157,0.0756,2401.3869,0.0073,0.0262,0.3573,0
AUG_a2e1b652.jpg,45.7135,67.2835,37.5042,46.5641,114.8982,67.4086,0.0,0.0,0.2285,19.4803,0.1436,0.464,0.9907,0
AUG_a31af4ed.jpg,63.9791,75.5134,66.5524,77.0617,126.4135,83.0927,0.0007,0.0,0.3393,1383.1884,0.0092,0.0381,0.7389,0
AUG_a3602ba1.jpg,72.2029,119.0586,83.3107,47.1774,100.6123,122.7908,0.0,0.0,0.1101,32.1581,0.0727,0.522,0.9939,0
AUG_a38aa24d.jpg,111.0735,145.2666,72.2817,50.369,146.8224,147.8526,0.0112,0.0184,0.0607,1410.5554,0.009,0.0361,0.6613,0
AUG_a40dc110.jpg,78.0706,162.3378,79.2845,65.047,149.3362,163.8762,0.0,0.0,0.0368,94.1012,0.0322,0.2587,0.9652,0
AUG_a460f770.jpg,126.8798,133.2741,109.8634,66.8953,101.7467,148.3235,0.0321,0.0029,0.0097,2814.0409,0.0072,0.0231,0.2491,0
AUG_a47517fe.jpg,143.0509,152.6797,138.3827,77.827,82.1302,166.9162,0.0125,0.0014,0.0094,2460.4083,0.0068,0.0255,0.4854,0
AUG_a4aff6af.jpg,65.7759,79.9911,62.1701,69.309,141.9185,87.8731,0.0012,0.0,0.2852,1250.1581,0.0093,0.0378,0.7411,0
AUG_a525289a.jpg,31.4232,97.8359,37.0292,59.4561,173.636,98.0948,0.0,0.0,0.1354,12.9105,0.118,0.6735,0.9927,0
AUG_a53f5ec0.jpg,110.6409,133.7951,104.6611,59.0557,64.0303,133.9942,0.0,0.0,0.0,62.7082,0.0278,0.2474,0.9589,0
AUG_a55a021b.jpg,150.9048,178.7499,153.3212,67.6882,63.1962,181.2225,0.0003,0.0,0.0475,959.8813,0.0091,0.043,0.8004,0
AUG_a568894d.jpg,54.2872,79.0679,65.3597,78.372,152.6811,88.804,0.0014,0.0,0.1772,2121.7548,0.0087,0.0296,0.1864,0
AUG_a5c2e25f.jpg,91.8066,131.1145,72.4302,58.3226,144.3546,134.7432,0.006,0.0062,0.1052,1947.5204,0.0078,0.0309,0.5808,0
AUG_a607e082.jpg,191.5702,224.2216,113.5182,40.0604,121.9592,224.2368,0.0,0.0,0.0,51.4571,0.041,0.3816,0.9871,0
AUG_a699bfae.jpg,79.5298,115.5213,81.5373,55.9408,88.6719,115.6274,0.0,0.0,0.1673,60.926,0.124,0.5046,0.987,0
AUG_a69b5952.jpg,60.0767,78.4385,40.4525,51.6934,131.2339,78.5134,0.0,0.0,0.0851,32.1615,0.0359,0.3194,0.9602,0
AUG_a739311b.jpg,123.5812,165.6795,115.0635,44.4445,82.3737,165.7546,0.0,0.0,0.0796,152.6119,0.1568,0.4233,0.9788,0
AUG_a76027f9.jpg,31.3501,41.8988,18.0669,44.0551,185.7655,42.4303,0.0,0.0,0.7515,26.9372,0.0983,0.4084,0.986,0
AUG_a793dbb9.jpg,121.4496,147.8878,70.7273,40.6595,134.7786,148.7382,0.0259,0.0227,0.0,201.7249,0.019,0.0838,0.7052,0
AUG_a7c69ad1.jpg,113.4209,126.9086,130.1266,92.286,65.5742,140.9724,0.0004,0.0,0.0293,325.1003,0.0144,0.0674,0.8349,0
AUG_a7d2dbcd.jpg,15.5402,16.6177,15.2805,19.4426,41.3509,16.9844,0.0,0.0,0.8337,25.5335,0.5938,0.8141,0.9875,0
AUG_a7e0a3fb.jpg,77.3888,116.5615,64.4151,46.8395,104.0674,116.806,0.0,0.0,0.2195,55.4034,0.1236,0.3471,0.9901,0
AUG_a8366856.jpg,94.6563,96.2143,49.6474,25.283,147.1347,97.1247,0.035,0.0,0.1553,70.719,0.1417,0.4389,0.9924,0
AUG_a84c9bdd.jpg,97.2216,115.8198,84.2999,56.7732,90.189,120.7242,0.0268,0.0002,0.0042,333.0956,0.0158,0.0659,0.654,0
AUG_a8642d9e.jpg,58.4366,71.6837,60.5247,75.8644,134.1138,80.6903,0.0019,0.0,0.2762,1376.2658,0.0092,0.0364,0.529,0
AUG_a8652165.jpg,70.2955,138.2291,67.8674,62.5062,165.0817,140.1441,0.0007,0.0022,0.0549,2106.0553,0.0075,0.0281,0.4308,0
AUG_a8cf4772.jpg,68.6309,80.2634,58.1146,43.961,81.8895,80.4668,0.0,0.0,0.1932,34.7064,0.083,0.3638,0.9869,0
AUG_a9c63c3f.jpg,83.0714,111.7492,81.0498,52.6659,74.4129,111.7797,0.0,0.0,0.1509,53.7117,0.1209,0.4161,0.988,0
AUG_aa0b70a8.jpg,113.9495,180.8923,112.9588,62.7865,124.2456,182.801,0.0008,0.0022,0.0103,1747.7936,0.0086,0.031,0.4841,0
AUG_aa1e6e66.jpg,49.6867,73.7077,17.3191,36.8062,166.9487,73.7559,0.0,0.0,0.3011,110.6502,0.2105,0.3595,0.9687,0
AUG_aa931db5.jpg,36.6852,74.9728,18.7636,51.8308,201.3158,75.167,0.0,0.0,0.1323,12.0387,0.0527,0.435,0.989,0
AUG_aaa28ea5.jpg,111.8549,138.5883,99.8651,52.3152,76.2679,138.6029,0.0001,0.0,0.0026,108.1829,0.0308,0.2382,0.881,0
AUG_ab1357c9.jpg,92.4507,131.5583,96.5685,64.5825,92.116,131.6888,0.0008,0.0067,0.0031,75.354,0.0298,0.23,0.9269,0
AUG_ab3482e3.jpg,64.4771,106.4506,65.3821,55.097,113.0859,106.736,0.0,0.0,0.1933,130.2662,0.1489,0.2726,0.973,0
AUG_ab76d9c2.jpg,44.675,57.6148,39.8409,65.1378,116.3756,61.7302,0.0003,0.0,0.3557,156.7489,0.0211,0.0964,0.8395,0
AUG_ab84131a.jpg,71.1461,102.4187,36.2394,45.6999,180.6171,103.7646,0.0104,0.0042,0.0684,1109.8071,0.0099,0.0375,0.4448,0
AUG_ab9c99de.jpg,156.6052,191.8293,136.0053,51.6812,72.6794,191.9049,0.0,0.0005,0.0553,615.5194,0.0473,0.0997,0.8449,0
AUG_abc66aad.jpg,171.8101,198.8372,152.019,48.5303,60.4367,198.9004,0.0,0.0,0.027,121.0466,0.0321,0.1989,0.9413,0
AUG_abeec51a.jpg,96.8014,140.946,71.6624,55.5226,150.84,143.8659,0.0068,0.0156,0.0706,2078.2222,0.0078,0.0278,0.5075,0
AUG_ac6b909e.jpg,148.4421,176.3694,124.5548,41.0997,85.3202,176.4581,0.0,0.0,0.0,191.8009,0.0281,0.1343,0.9605,0
AUG_ac7305ae.jpg,109.3379,151.6366,48.7651,46.9546,183.1292,153.5795,0.0085,0.1126,0.0755,1613.4926,0.0084,0.0325,0.6284,0
AUG_acc9043f.jpg,70.2872,76.4939,26.0183,32.1461,154.3645,76.9295,0.087,0.0007,0.3782,38.4966,0.1681,0.4608,0.9929,0
AUG_ad694355.jpg,127.3314,169.0757,119.6948,62.0841,84.1896,169.6536,0.0,0.0014,0.0058,8.6733,0.0378,0.4385,0.997,0
AUG_adbed949.jpg,151.7681,156.5239,71.2756,44.8996,160.9629,167.4206,0.0393,0.2864,0.0744,1867.5166,0.0074,0.032,0.7256,0
AUG_ae1b7204.jpg,197.1523,214.3914,200.0289,54.2672,19.7529,214.5003,0.0,0.0,0.0,75.4384,0.1687,0.4725,0.986,0
AUG_ae4c71ec.jpg,102.4914,119.9633,98.2381,64.2406,73.2925,123.2531,0.0022,0.0,0.1534,185.519,0.0124,0.0954,0.9644,0
AUG_ae6ea341.jpg,173.0215,202.6055,119.7191,46.5566,95.7001,205.32,0.0,0.0,0.0,111.7735,0.1037,0.4813,0.9833,0
AUG_aea1e6ea.jpg,6.0291,37.5298,17.941,57.9821,183.8335,37.737,0.0,0.0,0.6533,9.9013,0.195,0.6007,0.9863,0
AUG_aefad43c.jpg,168.4999,179.25,151.9873,39.2063,35.2074,179.355,0.0,0.0,0.0,58.8089,0.108,0.3834,0.9911,0
AUG_aeff59ff.jpg,103.5195,120.9105,102.0206,71.7421,104.5869,129.2258,0.0035,0.0002,0.1189,1721.143,0.0068,0.0313,0.7461,0
AUG_af873a46.jpg,137.5699,148.875,140.0115,59.8201,26.3188,149.5566,0.0,0.0,0.1482,90.5129,0.1429,0.5348,0.9867,0
AUG_afc34539.jpg,2.807,4.759,3.215,21.7342,76.084,4.83,0.0,0.0,0.9666,0.6,0.6063,0.9044,0.9984,0
AUG_afd86ad3.jpg,93.7487,132.0995,103.8128,71.6863,88.2695,134.3518,0.0001,0.0,0.0364,163.9255,0.0166,0.0974,0.911,0
AUG_afda9618.jpg,86.6513,166.7175,55.098,49.7949,165.3149,166.7506,0.0,0.0037,0.0866,118.8412,0.0634,0.2675,0.9718,0
AUG_b0268192.jpg,37.093,65.1434,27.8054,52.7141,161.6623,65.2526,0.0002,0.0,0.1165,86.405,0.0588,0.2555,0.9512,0
AUG_b041d4f5.jpg,38.5673,53.3516,35.1074,51.7955,128.8975,53.748,0.0,0.0,0.509,32.7812,0.064,0.4534,0.9851,0
AUG_b04f779a.jpg,54.3861,73.0849,53.0977,66.6121,145.8494,78.1814,0.0013,0.0,0.2579,1927.0245,0.0095,0.0309,0.2478,0
AUG_b083e782.jpg,44.3034,66.6717,40.5897,59.3951,123.9464,67.7662,0.0002,0.0,0.2404,131.0308,0.0213,0.1074,0.8923,0
AUG_b0b5fe79.jpg,108.3624,125.7116,103.1076,78.5324,104.5452,141.5742,0.0198,0.0002,0.0356,1414.9438,0.0076,0.0337,0.7006,0
AUG_b1028e26.jpg,157.8025,164.6824,159.1646,81.8977,41.9366,174.1011,0.0011,0.0,0.0,221.1684,0.0129,0.0827,0.9319,0
AUG_b155d2a1.jpg,125.0195,163.768,78.2094,39.8182,128.4395,163.8314,0.0004,0.0217,0.1165,891.8565,0.0986,0.1498,0.8712,0
AUG_b1e7c944.jpg,95.5255,131.027,37.836,41.6161,190.7723,131.1653,0.006,0.0089,0.0553,943.4028,0.0104,0.0456,0.6675,0
AUG_b2bdde2f.jpg,97.4047,117.691,81.6829,56.698,92.0201,119.4065,0.0174,0.0048,0.1335,148.6195,0.0184,0.1076,0.9486,0
AUG_b2d86ecc.jpg,180.9597,213.8016,151.814,51.2736,74.7843,214.7065,0.0,0.0,0.0,30.3192,0.0945,0.4921,0.989,0
AUG_b30d1720.jpg,53.9489,74.5016,58.4852,58.8486,127.7714,78.9024,0.0159,0.0006,0.288,60.19,0.0942,0.3726,0.9855,0
AUG_b37cbcad.jpg,84.5127,132.7079,75.5999,57.4069,117.0336,132.7346,0.0,0.0,0.0373,91.6493,0.0333,0.2343,0.9424,0
AUG_b472dcc2.jpg,65.0782,91.712,66.4985,68.814,128.9067,96.4289,0.0011,0.0,0.1283,1281.0136,0.0095,0.0365,0.4752,0
AUG_b591af13.jpg,79.7935,123.434,65.2236,60.2349,154.3128,126.9059,0.0044,0.0057,0.0987,1963.7336,0.0076,0.0293,0.5189,0
AUG_b5c89906.jpg,100.9309,129.5548,102.7571,70.4514,111.8306,136.742,0.005,0.0009,0.0653,2591.9634,0.0071,0.0252,0.4324,0
AUG_b5d0fe75.jpg,62.0619,115.2105,61.4062,59.3872,127.556,115.6699,0.0,0.0,0.0876,91.1336,0.0704,0.3326,0.9586,0
AUG_b66dee85.jpg,79.9708,108.5266,76.4185,53.9555,84.0205,108.7235,0.0,0.0,0.1019,132.6905,0.0762,0.2477,0.9652,0
AUG_b70f34c7.jpg,125.3092,172.7939,102.342,58.6215,101.7607,173.49,0.0,0.102,0.0336,74.8712,0.0368,0.2986,0.9681,0
AUG_b713d76d.jpg,115.7313,125.0027,112.0441,74.789,96.6902,135.8501,0.0098,0.0001,0.095,1644.6998,0.0073,0.0329,0.8063,0
AUG_b744051d.jpg,97.0478,152.5394,66.828,53.0531,158.4199,153.6108,0.0023,0.015,0.0336,1556.2911,0.0091,0.0314,0.457,0
AUG_b7c483ea.jpg,92.6793,127.3338,78.4474,58.2555,138.8565,132.1147,0.0133,0.0046,0.0422,2537.8517,0.0076,0.0246,0.2812,0
AUG_b816a72d.jpg,154.9198,208.1965,153.2978,64.168,85.7056,210.6895,0.0006,0.0001,0.0004,950.6327,0.0119,0.0438,0.6457,0
AUG_b837c69a.jpg,13.7076,39.2373,11.8096,55.0807,177.3346,40.2861,0.0,0.0,0.5228,149.9092,0.0915,0.2332,0.8779,0
AUG_b8767bd0.jpg,55.4635,70.9106,45.7179,43.6124,89.7796,70.9346,0.0,0.0,0.141,14.3752,0.1216,0.5059,0.9933,0
AUG_b87771a7.jpg,160.673,201.6343,135.2197,47.2366,76.998,201.721,0.0,0.0,0.0,59.2384,0.134,0.4848,0.9907,0
AUG_b87c41d5.jpg,141.4449,173.9542,84.5383,42.1658,132.983,174.0734,0.0004,0.0768,0.0379,732.6539,0.0203,0.0714,0.7931,0
AUG_b8ef389b.jpg,49.8469,84.0146,41.3922,60.7541,170.037,86.9571,0.0013,0.0001,0.182,1466.997,0.0095,0.0337,0.294,0
AUG_b8f8a655.jpg,95.2697,143.2638,78.1157,52.5705,116.3734,143.4587,0.0,0.0021,0.1268,658.3833,0.0863,0.1407,0.88,0
AUG_b8fd669c.jpg,68.5077,105.9383,75.7174,60.3019,93.0756,106.0266,0.0,0.0,0.131,49.9468,0.0983,0.3449,0.9877,0
AUG_b91a3c99.jpg,10.3054,61.1596,14.6088,65.1033,222.9747,61.7923,0.0,0.0,0.2846,215.2874,0.0207,0.0985,0.6643,0
AUG_b93d91e3.jpg,74.1691,135.1069,70.4122,59.8027,125.1974,135.4262,0.0,0.0,0.1046,45.5302,0.07,0.439,0.9845,0
AUG_b97c5537.jpg,9.6843,53.7311,6.906,52.34,206.486,53.8251,0.0,0.0,0.294,20.7711,0.1318,0.4846,0.9766,0
AUG_b9ea0caf.jpg,103.8717,125.4581,75.4239,42.1611,99.4766,128.6133,0.0174,0.025,0.1308,53.4523,0.1099,0.3428,0.9881,0
AUG_ba232940.jpg,70.1932,129.8727,86.5096,63.4049,111.4691,130.0063,0.0,0.0,0.1257,45.7756,0.0999,0.367,0.9883,0
AUG_ba78576c.jpg,71.3724,133.3357,48.5499,51.1443,156.8619,133.3849,0.0,0.0,0.0732,23.6087,0.081,0.5888,0.9888,0
AUG_ba7a52e1.jpg,140.4969,168.3935,135.1817,56.1615,52.8302,168.4395,0.0,0.0,0.0678,237.327,0.0523,0.1342,0.941,0
AUG_baa05b32.jpg,86.7637,104.3778,84.8645,57.1413,67.5085,105.2548,0.0004,0.001,0.1646,73.7839,0.1297,0.3321,0.9888,0
AUG_bb5b06d3.jpg,102.0122,127.9519,77.1182,55.6205,135.5856,133.4344,0.0143,0.0184,0.0677,2144.4412,0.0069,0.0272,0.5721,0
AUG_bbcc6219.jpg,16.2922,46.4833,17.4088,54.7443,174.8109,46.5189,0.0,0.0,0.5343,21.6542,0.1209,0.4208,0.9818,0
AUG_bbe9a53a.jpg,82.1897,161.6677,89.8866,65.6684,130.0802,162.3762,0.0,0.0,0.028,109.5152,0.0345,0.2583,0.9248,0
AUG_bbed5283.jpg,106.9691,128.8025,90.5833,58.7384,116.5242,135.2003,0.0195,0.0054,0.0939,1997.5425,0.0078,0.0298,0.5715,0
AUG_bc2f2ccb.jpg,166.0744,184.4432,152.3463,47.0829,44.7556,184.524,0.0,0.0,0.0,462.2938,0.1197,0.1822,0.9006,0
AUG_bc2fb997.jpg,4.3073,16.3768,5.8569,37.7235,130.5531,16.4653,0.0,0.0,0.9504,24.6726,0.3949,0.628,0.9393,0
AUG_bc4ff477.jpg,143.143,165.9471,116.0451,61.9369,102.5309,168.6567,0.0,0.0,0.0355,119.5064,0.0492,0.3943,0.982,0
AUG_bc6b4d37.jpg,120.5238,144.8824,108.2946,63.8419,98.6592,150.8299,0.0063,0.0019,0.0259,1685.1987,0.0076,0.0315,0.6375,0
AUG_bc70651d.jpg,181.5208,194.6201,169.9203,67.9009,61.6126,203.763,0.0021,0.0016,0.0017,1557.4047,0.0101,0.0349,0.5685,0
AUG_bc791f13.jpg,86.2903,142.2685,53.1952,45.3828,146.1924,142.3042,0.0,0.0,0.1367,62.7032,0.1063,0.3437,0.9861,0
AUG_bd277718.jpg,68.2321,107.4166,77.7287,60.2205,88.6114,107.4395,0.0,0.0,0.1389,52.6923,0.1208,0.4301,0.9813,0
AUG_bd537a1f.jpg,84.7258,103.6091,80.5152,54.3217,67.9631,103.6301,0.0,0.0,0.0586,55.4555,0.0416,0.3323,0.9799,0
AUG_bdcdc99d.jpg,100.4365,153.1584,74.2419,58.0866,138.4309,154.1481,0.0,0.0197,0.1165,148.096,0.0136,0.1117,0.9734,0
AUG_bdd614e9.jpg,26.059,89.2918,20.5055,56.2544,202.9789,89.3321,0.0,0.0,0.1364,51.3371,0.0566,0.3287,0.9694,0
AUG_bde93fac.jpg,148.6956,176.8934,131.8683,47.4936,61.6852,176.9646,0.0,0.0,0.0,61.9952,0.1346,0.4046,0.9818,0
AUG_bdf46e7d.jpg,35.3519,48.3979,36.032,71.2073,116.7964,52.7605,0.0,0.0,0.4807,146.341,0.025,0.1008,0.6395,0
AUG_be8b3646.jpg,94.1895,119.4363,85.5098,49.586,75.8042,120.0432,0.0,0.0001,0.1226,90.7416,0.0949,0.3666,0.9805,0
AUG_befc965d.jpg,11.5733,24.4728,11.4163,40.9901,115.5545,25.0928,0.0,0.0,0.7744,3.5566,0.4155,0.7462,0.9959,0
AUG_bf07dca3.jpg,128.0626,181.3453,98.5323,52.6899,108.5477,182.0184,0.0,0.0795,0.1329,806.9784,0.1114,0.1601,0.9122,0
AUG_bfdaba8c.jpg,168.5737,181.0108,112.6484,36.1867,87.5889,182.1102,0.0002,0.0016,0.0,52.3756,0.1289,0.38,0.9896,0
AUG_c0a984f7.jpg,179.1522,206.4071,147.8558,51.1124,76.6586,208.5729,0.0009,0.0002,0.0,169.2678,0.0229,0.0994,0.9308,0
AUG_c10c4274.jpg,84.0822,117.1477,82.7981,64.2501,93.6273,117.9251,0.0,0.0,0.0468,40.4562,0.0493,0.428,0.9742,0
AUG_c1fb9fa2.jpg,156.4988,206.8908,142.9254,53.4677,81.6222,206.9224,0.0,0.0,0.0045,107.6462,0.0634,0.2472,0.9438,0
AUG_c2229cb4.jpg,84.9024,100.1426,81.1571,79.8444,127.2091,114.9624,0.01,0.0003,0.1225,1809.0262,0.0074,0.0314,0.6332,0
AUG_c24caf9c.jpg,86.7156,110.6568,93.4859,65.8589,72.9268,111.2658,0.0008,0.0,0.1359,724.9971,0.0399,0.0898,0.875,0
AUG_c2777d12.jpg,119.9221,140.4157,116.4282,71.2694,101.6552,151.01,0.0095,0.002,0.0391,2695.7604,0.007,0.0235,0.4469,0
AUG_c28b84a9.jpg,157.0688,203.1628,147.9137,55.5363,68.9959,203.2068,0.0,0.0,0.0,89.9505,0.058,0.2788,0.9683,0
AUG_c2cf2460.jpg,41.5804,63.9835,36.4524,45.8207,123.8647,64.3337,0.0,0.0,0.4027,25.5962,0.1684,0.4661,0.9923,0
AUG_c3561c6d.jpg,59.9114,97.9863,49.3051,58.6615,144.6537,99.2953,0.0005,0.0,0.0712,182.7911,0.0149,0.0895,0.8864,0
AUG_c3c796f7.jpg,138.5927,160.0381,138.1137,70.8557,74.4453,168.0438,0.0048,0.0003,0.0025,1885.2834,0.008,0.0296,0.4323,0
AUG_c3c88a41.jpg,137.1713,176.3162,103.6949,43.4494,97.4372,176.3473,0.0,0.0,0.0,52.8367,0.1002,0.3438,0.9788,0
AUG_c421357a.jpg,65.9895,101.9628,64.828,59.6701,115.0142,102.5741,0.0,0.0,0.0802,73.997,0.0283,0.2333,0.9498,0
AUG_c432ea50.jpg,105.7791,129.8376,71.3161,56.8162,146.9388,134.2419,0.0155,0.0355,0.1477,1388.991,0.008,0.0378,0.798,0
AUG_c4cd8aa8.jpg,114.6558,141.9651,114.9017,58.221,54.357,142.5605,0.0,0.0,0.0,67.6436,0.1233,0.3094,0.973,0
AUG_c4e1fb58.jpg,47.7203,50.5702,49.5742,85.0031,159.2243,65.9043,0.0021,0.0,0.3674,1654.8021,0.0113,0.0351,0.0766,0
AUG_c5307a2a.jpg,80.8086,131.1427,96.8592,65.5698,100.5724,132.3758,0.0,0.0,0.0764,73.9153,0.0638,0.3649,0.9771,0
AUG_c5d806ce.jpg,98.9683,139.9349,80.9844,57.6545,131.5586,141.6369,0.0013,0.0072,0.0594,1476.7125,0.0079,0.0332,0.6357,0
AUG_c628ea8a.jpg,99.1586,120.5907,90.0504,67.193,114.0795,127.2361,0.007,0.0059,0.1388,1588.7442,0.0081,0.0343,0.6925,0
AUG_c6519730.jpg,62.78,98.8338,53.3035,60.7856,166.4091,103.3239,0.0041,0.001,0.1262,2352.9524,0.0078,0.0261,0.2456,0
AUG_c6c952d2.jpg,104.2754,118.4369,97.0853,70.0314,109.1227,129.5494,0.0148,0.0012,0.076,2360.6936,0.0072,0.0275,0.4799,0
AUG_c749f9d3.jpg,86.6449,133.8276,62.152,51.0685,121.3142,134.3432,0.0,0.0155,0.1491,66.7384,0.1134,0.434,0.988,0
AUG_c78f1c2e.jpg,192.0425,218.2903,161.2658,46.4003,70.4553,219.6349,0.0,0.0,0.0,64.1216,0.0304,0.2262,0.9515,0
AUG_c7947a00.jpg,129.3868,153.0237,130.8549,69.6987,70.7479,157.3895,0.0009,0.0001,0.0312,1000.1296,0.0081,0.0408,0.8232,0
AUG_c8f3396d.jpg,51.6947,72.6895,61.728,78.2459,136.0879,79.6131,0.0004,0.0,0.2243,1274.4066,0.0103,0.0356,0.5036,0
AUG_c9ecdc3b.jpg,87.8289,117.3361,89.5023,62.2565,77.8681,117.8357,0.0,0.0,0.0294,34.26,0.0389,0.4475,0.9829,0
AUG_cb035b77.jpg,148.8371,199.5549,147.4339,65.0707,85.3575,201.6171,0.0,0.0006,0.0,154.461,0.0176,0.0961,0.8509,0
AUG_cb9cc8a6.jpg,96.2986,133.8601,100.1741,67.1528,107.3694,136.9934,0.0024,0.0004,0.0837,1482.5407,0.0089,0.0339,0.6259,0
AUG_cbbfdbf0.jpg,12.2345,25.2045,12.0459,53.7358,166.179,25.2091,0.0,0.0,0.9039,15.1206,0.0961,0.4567,0.9778,0
AUG_cbd56d7b.jpg,146.8181,155.2162,140.2405,75.5949,71.5513,165.3386,0.0078,0.0009,0.0469,1105.2499,0.0083,0.0384,0.8344,0
AUG_cc231a45.jpg,91.2642,164.2413,68.9322,57.3974,153.1694,164.8602,0.0,0.0001,0.0,25.5405,0.0313,0.2883,0.9753,0
AUG_cc34674d.jpg,78.7783,109.286,78.196,61.1429,84.9781,109.8619,0.0,0.0,0.0483,31.3392,0.0574,0.4543,0.98,0
AUG_cd09f02e.jpg,67.0673,76.3764,51.1278,60.9971,150.3327,85.0154,0.0118,0.0013,0.243,1444.7927,0.0088,0.0353,0.5721,0
AUG_cd30a9d8.jpg,87.8811,137.8499,89.1804,65.7878,141.8594,142.9032,0.0049,0.0014,0.0245,2283.5912,0.0076,0.0267,0.3245,0
AUG_cd79dc83.jpg,105.6547,165.93,90.4514,51.2887,102.2252,166.0517,0.0,0.0001,0.1461,87.2864,0.1392,0.336,0.9823,0
AUG_cd7b01b2.jpg,66.5511,110.9461,65.2797,89.4626,121.5187,118.6293,0.0,0.0,0.0854,28.0587,0.0456,0.4771,0.9925,0
AUG_cdefc9ed.jpg,67.8695,84.3782,60.4066,45.5965,69.1767,84.4069,0.0,0.0,0.147,28.6959,0.1441,0.4945,0.9863,0
AUG_ce11d0fe.jpg,67.6549,127.7397,66.5003,54.3478,136.7563,128.5071,0.0,0.0,0.1298,22.2401,0.107,0.5091,0.9948,0
AUG_ce1a0649.jpg,57.409,78.7031,49.9387,62.8197,118.7276,82.5797,0.0037,0.0002,0.1298,246.9424,0.0154,0.0785,0.8402,0
AUG_cf48bfca.jpg,66.8898,126.8671,60.6414,51.8487,166.9243,126.929,0.0,0.0,0.0127,41.5725,0.0876,0.2965,0.9945,0
AUG_cfb23c41.jpg,75.6053,115.0625,88.1988,62.706,85.6375,115.4543,0.0,0.0,0.1712,120.6966,0.1232,0.2917,0.9736,0
AUG_cfd7ffbf.jpg,54.59,128.7781,84.8563,65.2819,136.2152,131.3549,0.0,0.0,0.1585,55.7561,0.1237,0.3833,0.9877,0
AUG_cfe3b357.jpg,196.9885,200.4848,162.6161,32.7778,48.8368,200.6167,0.0,0.0,0.0,86.1373,0.029,0.1712,0.8606,0
AUG_d01b34de.jpg,189.3441,201.6317,155.1254,35.538,55.5524,201.7121,0.0,0.0,0.0,109.122,0.1255,0.3878,0.9802,0
AUG_d0395955.jpg,68.0111,84.8873,30.3111,47.7642,163.4014,87.7681,0.0171,0.0001,0.1691,188.5304,0.0166,0.0909,0.8649,0
AUG_d10898cb.jpg,40.107,53.5053,28.7281,48.9903,168.6709,55.3286,0.0001,0.0001,0.6419,35.8417,0.1625,0.5228,0.9944,0
AUG_d11a71e2.jpg,107.2284,132.4144,91.4837,44.9978,74.269,132.6125,0.0004,0.0061,0.1543,154.8484,0.1287,0.2214,0.9748,0
AUG_d13485ee.jpg,153.2414,156.9492,121.696,31.1959,67.6865,157.4302,0.0276,0.0065,0.0606,880.8699,0.0569,0.1425,0.8656,0
AUG_d155e71c.jpg,42.4743,58.3877,48.1346,58.6042,120.2561,62.2435,0.0072,0.0001,0.3858,48.1439,0.1742,0.4387,0.9859,0
AUG_d180b6f6.jpg,4.2751,19.879,6.4321,56.9888,194.4687,20.0549,0.0,0.0,0.9486,2.6629,0.2068,0.6543,0.992,0
AUG_d3dd7171.jpg,81.3019,140.356,76.1089,53.2992,114.6933,140.3882,0.0,0.0,0.1277,60.2465,0.1182,0.5015,0.9857,0
AUG_d3e7573d.jpg,80.8955,134.1465,50.5066,46.171,153.0403,134.2098,0.0,0.0,0.115,749.5383,0.0732,0.123,0.8211,0
AUG_d44bea66.jpg,93.7771,112.1763,80.8493,60.6895,111.6076,117.4211,0.0126,0.0018,0.1806,999.1448,0.009,0.0421,0.8059,0
AUG_d4878fbd.jpg,120.4357,176.3535,58.15,41.1869,149.3424,176.4365,0.0,0.292,0.1794,119.9295,0.1482,0.373,0.9891,0
AUG_d4ecf268.jpg,183.9643,204.0432,183.5597,55.2871,27.7177,204.3363,0.0,0.0,0.0,49.1756,0.1115,0.4623,0.9878,0
AUG_d53cc836.jpg,177.0042,228.2152,152.6381,45.769,76.7356,228.2855,0.0,0.0,0.0,29.7588,0.1729,0.6923,0.9925,0
AUG_d5a3dec0.jpg,13.693,33.8701,17.7284,63.2919,181.9317,34.0215,0.0,0.0,0.7659,206.0378,0.0633,0.1675,0.75,0
AUG_d5bcde96.jpg,122.7918,144.8929,110.0825,63.0506,98.8356,151.5914,0.0084,0.0019,0.0339,2262.5835,0.0073,0.0266,0.4838,0
AUG_d756571e.jpg,179.4028,202.4933,163.7582,59.8465,67.9852,207.3862,0.0016,0.003,0.0006,1499.8416,0.0102,0.0363,0.4437,0
AUG_d78f683e.jpg,0.8216,21.5419,4.4824,35.8553,141.0148,21.7206,0.0,0.0,0.8759,1.5287,0.4424,0.855,0.996,0
AUG_d7ebcaeb.jpg,42.365,57.9237,45.7164,74.3455,149.9188,64.5749,0.0011,0.0,0.3825,1094.9248,0.0115,0.0404,0.3985,0
AUG_d818e553.jpg,54.6467,70.9806,51.7476,67.6902,137.2987,76.4836,0.0071,0.0008,0.255,1010.9185,0.0103,0.0413,0.5882,0
AUG_d82e1af3.jpg,101.3205,106.4019,73.883,36.9573,85.8837,108.8542,0.0358,0.0,0.1173,100.5761,0.0822,0.3761,0.9754,0
AUG_d831b957.jpg,167.8902,206.1342,171.7908,58.0359,51.685,206.2612,0.0,0.0,0.0,69.3017,0.135,0.4594,0.9861,0
AUG_d89b40c1.jpg,113.9585,138.4721,84.6051,52.7499,119.9266,142.7814,0.0152,0.0089,0.0409,1482.1502,0.0089,0.0331,0.5957,0
AUG_d8e3bc9a.jpg,86.8009,124.0566,91.2783,65.8159,97.8562,124.1828,0.0,0.0,0.0443,1442.6714,0.0094,0.0341,0.4705,0
AUG_d9295738.jpg,93.503,111.3494,83.8934,61.4013,101.4375,116.7443,0.0102,0.0002,0.0903,1436.3014,0.0096,0.0347,0.5099,0
AUG_d99e5202.jpg,95.5525,121.9776,93.9773,66.1699,85.3638,126.0571,0.0051,0.0001,0.0171,288.498,0.0143,0.0721,0.8383,0
AUG_d9ad285c.jpg,144.7498,162.2607,120.3805,59.3373,78.7567,164.0321,0.008,0.0012,0.1104,135.9853,0.1644,0.5212,0.9878,0
AUG_da28cc34.jpg,103.3388,129.2532,76.8238,57.2497,136.2671,132.9583,0.0092,0.006,0.1266,1248.3039,0.0082,0.0399,0.8025,0
AUG_dad374e1.jpg,143.3827,183.2125,141.404,66.8992,82.8106,186.5469,0.0003,0.0013,0.0107,946.1585,0.0094,0.0432,0.8128,0
AUG_dae148b5.jpg,88.0644,126.61,100.0718,75.9364,126.7193,135.3762,0.0041,0.0002,0.0685,2292.9454,0.0072,0.0269,0.4753,0
AUG_db969a8c.jpg,105.2628,119.7488,100.1302,64.9416,71.75,123.7886,0.0056,0.0015,0.1092,262.5073,0.0122,0.0804,0.9481,0
AUG_dbfc30f8.jpg,67.7161,82.1982,38.1877,42.2276,164.2377,83.175,0.0116,0.023,0.1122,62.59,0.0823,0.5011,0.9867,0
AUG_dc12d266.jpg,123.4424,150.1705,123.5445,67.7193,69.6787,154.2706,0.0014,0.0001,0.0031,260.3959,0.0137,0.0757,0.8655,0
AUG_dc4392c9.jpg,98.5081,121.7114,99.6952,69.9653,104.0023,128.2063,0.0035,0.0001,0.0394,2681.5423,0.0071,0.024,0.3389,0
AUG_dcc109a6.jpg,90.4023,138.5186,62.1187,44.3465,130.6432,138.586,0.0,0.0,0.1387,652.0952,0.105,0.1589,0.8783,0
AUG_dcd2cfab.jpg,50.7468,62.8775,50.7114,64.7948,101.3503,64.8614,0.0004,0.0,0.4946,99.1473,0.1705,0.4952,0.9833,0
AUG_dd07c171.jpg,49.9288,75.0996,43.9677,62.1248,164.8644,79.7514,0.003,0.0,0.2273,1726.9317,0.0096,0.0315,0.1623,0
AUG_dd3f3226.jpg,17.0699,46.6011,12.2181,58.8116,212.5887,46.7501,0.0,0.0,0.5773,40.3841,0.0473,0.3509,0.9689,0
AUG_dd6c28ea.jpg,42.6222,66.3383,49.8202,74.6516,120.6865,70.9915,0.0,0.0,0.1448,217.2029,0.0194,0.0826,0.6129,0
AUG_ddd8abe4.jpg,58.3049,73.9719,36.2547,43.0437,128.0163,74.0121,0.0,0.0,0.2511,48.766,0.1036,0.4118,0.9798,0
AUG_ddfebc72.jpg,171.6824,209.874,169.6531,51.8856,53.1294,210.3663,0.0,0.0,0.0,159.9513,0.131,0.369,0.978,0
AUG_de1bf2a5.jpg,126.1446,136.4331,98.2035,54.4566,106.4906,143.988,0.0261,0.0087,0.0806,1982.5311,0.0074,0.03,0.6206,0
AUG_de2e1f95.jpg,77.4185,128.5659,59.737,49.2378,128.2863,128.9484,0.0,0.0,0.1364,120.1517,0.1198,0.2937,0.9675,0
AUG_de718ecd.jpg,79.4867,107.2469,80.5928,68.2962,111.2893,111.2007,0.0014,0.0001,0.092,1333.0939,0.0093,0.036,0.5319,0
AUG_de7fb640.jpg,82.5619,110.2688,63.9856,45.3913,91.3567,110.6175,0.0,0.0,0.1997,41.7087,0.1541,0.5613,0.9916,0
AUG_ded14136.jpg,128.9703,155.528,103.5374,45.9988,79.0487,155.7368,0.0,0.0004,0.0,27.8964,0.1388,0.5686,0.9895,0
AUG_df35d6db.jpg,44.2307,96.9038,33.4246,52.2063,168.2207,96.947,0.0,0.0,0.1227,514.5285,0.0899,0.1503,0.7772,0
AUG_df60a23f.jpg,189.556,200.9332,185.2093,73.3744,42.8468,207.0078,0.0006,0.0,0.0041,762.6572,0.0133,0.0516,0.8665,0
AUG_df8378a0.jpg,79.8064,115.9545,82.4166,70.7426,127.0522,121.2166,0.0012,0.0006,0.1078,1643.552,0.0076,0.0313,0.6121,0
AUG_df992813.jpg,106.8269,141.3368,65.1773,39.1705,129.3944,141.4244,0.0005,0.0052,0.1473,714.9863,0.1207,0.173,0.8928,0
AUG_dfbd93ca.jpg,52.2336,95.2797,64.0784,76.1036,164.3166,103.2649,0.0015,0.0,0.2601,1394.8182,0.0086,0.0362,0.7082,0
AUG_dfc50896.jpg,132.8038,171.3077,142.569,74.8967,84.202,179.1608,0.0054,0.0,0.0105,969.7938,0.0091,0.0446,0.807,0
AUG_e0357652.jpg,169.2952,204.6137,166.8475,67.578,69.7665,209.0991,0.0007,0.0012,0.0022,1022.0463,0.0113,0.0431,0.6288,0
AUG_e151f7ff.jpg,80.142,113.3792,72.7057,54.4704,101.9601,113.6519,0.0,0.0002,0.0637,136.3288,0.0427,0.2156,0.9543,0
AUG_e1b2aad4.jpg,94.8637,117.5731,79.8321,64.5005,134.1909,126.319,0.0124,0.0072,0.1126,2280.8981,0.0068,0.0281,0.5813,0
AUG_e1cebd03.jpg,107.1355,141.3459,108.9771,62.3326,71.0704,141.3877,0.0,0.0,0.0184,11.0192,0.0325,0.4154,0.9966,0
AUG_e20b8762.jpg,52.1215,82.1806,42.1968,61.5825,169.8163,86.1201,0.0024,0.0005,0.2172,1706.8778,0.0089,0.0319,0.3245,0
AUG_e23b35bc.jpg,59.4176,71.6736,43.3754,59.9536,163.5239,80.4248,0.0118,0.0006,0.2382,1804.1365,0.0091,0.0313,0.233,0
AUG_e2694efd.jpg,80.462,105.6497,83.6422,72.3564,122.8697,113.5221,0.0043,0.0001,0.093,2030.1301,0.0079,0.0291,0.4167,0
AUG_e270a4bb.jpg,120.2657,151.3897,117.0981,61.7714,77.9383,153.5637,0.0019,0.0008,0.0001,339.4911,0.0126,0.0666,0.8172,0
AUG_e290df08.jpg,35.7782,60.122,32.7157,50.5296,120.5566,60.1621,0.0,0.0,0.2142,52.9444,0.1605,0.3855,0.974,0
AUG_e29932cd.jpg,82.2893,122.1466,72.0535,60.3029,134.4208,124.4991,0.0022,0.0003,0.1056,1294.7943,0.0088,0.0365,0.6449,0
AUG_e2d7c54a.jpg,47.103,68.9169,46.6404,55.3232,145.8406,69.4623,0.0004,0.0,0.4438,710.0157,0.023,0.0898,0.8546,0
AUG_e2e0a24e.jpg,116.8719,136.079,113.7819,71.6566,96.7982,143.9983,0.0056,0.0008,0.0779,1867.4886,0.0071,0.032,0.7265,0
AUG_e2f4f3eb.jpg,109.7332,133.7837,79.8883,54.7534,139.2486,138.6955,0.0186,0.0103,0.0624,1743.3373,0.0073,0.0323,0.6975,0
AUG_e30b5cc7.jpg,43.557,78.7363,39.461,63.938,174.3519,81.9346,0.0006,0.0001,0.233,1518.5022,0.0096,0.0345,0.2817,0
AUG_e33e8d17.jpg,98.6808,108.1639,51.6151,33.7513,119.9378,108.5517,0.0028,0.0151,0.1946,67.848,0.1266,0.5115,0.9876,0
AUG_e3406199.jpg,66.9221,140.2627,57.8235,53.9856,142.2402,140.3463,0.0,0.0,0.1183,70.4489,0.0937,0.338,0.9817,0
AUG_e38760ee.jpg,79.824,115.4001,74.2831,62.5604,86.2053,119.2814,0.0,0.0,0.1412,56.7261,0.1015,0.4626,0.9908,0
AUG_e44aef2d.jpg,112.5992,129.8812,84.082,53.6218,126.9221,138.7743,0.0395,0.014,0.0219,2491.6289,0.0076,0.0245,0.263,0
AUG_e47a2ba0.jpg,111.4526,118.8539,88.4964,60.5932,123.7961,132.3073,0.045,0.0101,0.077,2532.3507,0.0067,0.0256,0.5046,0
AUG_e4fa3f76.jpg,98.5006,119.0032,95.9247,54.2701,51.4801,119.1468,0.0,0.0,0.0926,69.2627,0.0796,0.2917,0.9641,0
AUG_e508c9f7.jpg,112.0793,132.2361,108.9505,70.6195,102.4091,140.8956,0.0047,0.0006,0.0961,2057.5144,0.007,0.0294,0.6639,0
AUG_e55a08fa.jpg,172.918,195.1542,167.525,68.0255,64.5927,202.073,0.0015,0.0012,0.0006,1635.8819,0.0095,0.0336,0.4357,0
AUG_e587a3f0.jpg,55.3349,90.3192,62.2744,59.955,102.2237,90.7297,0.0,0.0,0.1653,90.0857,0.1182,0.3019,0.9667,0
AUG_e59b494a.jpg,5.1679,7.7451,5.4563,30.0817,109.0321,9.6135,0.0,0.0,0.9644,11.4348,0.4912,0.7282,0.9592,0
AUG_e5fdcd72.jpg,165.2604,187.7721,164.7974,57.3798,34.2736,187.7978,0.0,0.0,0.0,43.4623,0.0873,0.4059,0.9844,0
AUG_e6640b9f.jpg,69.9256,92.8665,71.4001,69.2816,98.4195,96.4455,0.0003,0.0,0.1089,200.0678,0.0135,0.0875,0.912,0
AUG_e6e7ba6d.jpg,76.3944,140.9216,84.3805,65.1162,117.6586,141.3867,0.0,0.0,0.0473,36.5425,0.0529,0.4756,0.9769,0
AUG_e6efdc66.jpg,25.1395,34.6238,25.8751,74.3878,167.1833,39.9892,0.0001,0.0,0.7278,551.6265,0.0178,0.0598,0.2011,0
AUG_e730cb50.jpg,83.1573,181.1249,93.3911,57.9812,122.9444,181.1719,0.0,0.0,0.1348,83.5005,0.1199,0.3472,0.9829,0
AUG_e7e4eea3.jpg,72.4842,118.5626,82.8995,46.8621,102.3337,122.6864,0.0,0.0,0.0974,31.4515,0.0657,0.4946,0.9939,0
AUG_e818a97b.jpg,144.5294,158.1129,90.3524,41.8387,113.47,158.6999,0.0005,0.1979,0.0085,85.2522,0.021,0.2211,0.9656,0
AUG_e81bc839.jpg,123.9608,145.692,118.7327,48.47,53.334,146.3213,0.0011,0.0033,0.1625,113.1839,0.1406,0.3934,0.9887,0
AUG_e894767a.jpg,162.1476,179.2976,144.2153,41.4824,56.1927,179.3304,0.0,0.0,0.0,44.1411,0.1309,0.3846,0.9867,0
AUG_e93a385e.jpg,149.1015,172.6576,121.1824,62.9864,100.6404,175.5686,0.0,0.0001,0.0,55.1246,0.0488,0.3781,0.9897,0
AUG_e9d0fde5.jpg,170.4831,157.5328,113.0031,38.9565,99.1462,173.5735,0.1095,0.0178,0.0637,85.7687,0.0825,0.4304,0.9903,0
AUG_e9d803e0.jpg,108.7204,121.2811,110.5461,65.6016,42.7129,122.3576,0.0,0.0,0.1254,113.8437,0.111,0.4769,0.9861,0
AUG_ea085945.jpg,87.7057,102.3934,52.1567,47.7377,162.0242,104.912,0.0257,0.0008,0.0736,60.8287,0.031,0.3584,0.9886,0
AUG_ea0ec6db.jpg,102.949,111.3818,114.6287,93.1086,115.817,134.9727,0.002,0.0001,0.084,2423.0889,0.0069,0.0263,0.4958,0
AUG_ea25ee72.jpg,50.5237,77.3428,39.4726,64.08,171.9681,82.2466,0.0022,0.0006,0.2893,1418.9689,0.0092,0.0367,0.5325,0
AUG_ea30cc29.jpg,93.1072,127.064,83.6581,52.2739,99.9631,127.9908,0.005,0.0,0.0775,59.9334,0.0475,0.2995,0.9805,0
AUG_eae42198.jpg,145.017,176.3704,147.3195,68.2621,67.0808,179.5555,0.0003,0.0,0.0112,883.1113,0.0104,0.0448,0.8202,0
AUG_eb47e978.jpg,52.8722,90.2831,55.5715,63.5561,132.0296,90.4194,0.0,0.0,0.0274,67.7437,0.0314,0.2384,0.9266,0
AUG_eb4fc52f.jpg,153.3254,174.0035,148.4421,55.8703,41.511,174.1075,0.0,0.0,0.0,44.1667,0.0948,0.4434,0.9879,0
AUG_eb7816b0.jpg,170.3996,190.9635,174.5293,75.6966,55.4363,198.2114,0.0016,0.0001,0.0037,1227.0237,0.0103,0.0392,0.7192,0
AUG_eb824e2d.jpg,33.3542,72.0913,20.8218,51.225,176.1499,72.1648,0.0,0.0,0.2114,11.0675,0.1149,0.58,0.9911,0
AUG_ebb05121.jpg,77.1346,92.7178,74.8854,51.8666,62.8294,92.7731,0.0,0.0,0.3929,28.2461,0.1244,0.5363,0.9967,0
AUG_ebcd2da1.jpg,117.515,169.1143,62.3145,47.3369,164.6916,169.2544,0.0,0.0358,0.0018,111.6207,0.027,0.2001,0.9547,0
AUG_ebe1bedd.jpg,156.1226,190.8995,127.1125,47.195,80.7289,190.9277,0.0,0.0,0.0,86.8403,0.0355,0.2519,0.9858,0
AUG_ec09fffb.jpg,50.1295,91.2114,43.6574,52.545,148.9125,91.6329,0.0,0.0,0.2116,102.6226,0.0955,0.2734,0.9685,0
AUG_ec3904c4.jpg,30.1089,91.6943,50.0258,72.3936,188.7317,93.2164,0.0,0.0,0.0298,176.446,0.0266,0.1395,0.9065,0
AUG_ec3de415.jpg,90.5414,116.0245,93.4046,58.3393,59.8737,116.065,0.0,0.0,0.1183,27.3763,0.102,0.4752,0.9933,0
AUG_ec403e4f.jpg,88.3897,143.2671,46.4603,50.3997,175.0822,143.3806,0.0,0.0007,0.0269,82.9886,0.0225,0.2247,0.9756,0
AUG_ec6f85cf.jpg,6.2806,76.2704,12.8592,64.1461,239.3977,76.2709,0.0,0.0,0.006,7.1416,0.0834,0.5233,0.9619,0
AUG_edafc859.jpg,7.638,50.7022,29.8436,63.8127,188.7063,51.7267,0.0,0.0,0.3294,29.5907,0.1899,0.5412,0.9592,0
AUG_edb4c0d9.jpg,31.872,43.82,25.7125,49.0181,149.2509,44.1371,0.0,0.0,0.7768,35.2045,0.0973,0.4604,0.9861,0
AUG_edb89917.jpg,94.864,130.4571,103.1683,68.1085,75.2172,130.5666,0.0,0.0,0.0043,109.2215,0.0297,0.2434,0.8932,0
AUG_edd06c77.jpg,49.4128,74.047,52.5312,72.2801,160.6044,81.4843,0.0012,0.0,0.2307,1878.6025,0.0093,0.0308,0.1774,0
AUG_eddc8c27.jpg,115.0096,117.9918,88.2943,60.1152,123.288,132.3312,0.0555,0.0121,0.0895,2182.6619,0.0067,0.0283,0.6259,0
AUG_ede5222e.jpg,195.8669,194.2207,152.9037,52.3809,78.498,207.0252,0.0074,0.0134,0.0022,1719.3195,0.01,0.0338,0.5118,0
AUG_ee8aaeeb.jpg,165.8837,206.7686,167.779,56.0904,51.2573,206.8219,0.0,0.0,0.0,88.7581,0.1299,0.314,0.9835,0
AUG_ee93866f.jpg,17.6127,40.9068,21.2309,60.5003,178.1755,40.9147,0.0,0.0,0.6462,33.8891,0.062,0.3641,0.9782,0
AUG_eeba189f.jpg,77.7083,82.9772,78.131,82.6169,122.1256,97.9216,0.0054,0.0001,0.146,2135.6357,0.008,0.0289,0.3908,0
AUG_eefd8122.jpg,197.4049,209.8001,193.9261,46.4099,27.0341,211.1463,0.0,0.0,0.0,49.975,0.1761,0.56,0.9926,0
AUG_ef3c62b5.jpg,70.0814,124.1964,80.3296,70.528,136.1185,127.0081,0.0003,0.0,0.1383,1082.3318,0.0095,0.0415,0.7304,0
AUG_ef421d4e.jpg,96.1809,139.8235,96.5368,59.0721,92.8215,140.8004,0.0,0.0,0.087,722.2594,0.0516,0.1047,0.8383,0
AUG_f03cb800.jpg,131.7106,133.8448,70.4251,43.6716,127.0394,141.493,0.0241,0.2086,0.1631,209.5842,0.0162,0.091,0.959,0
AUG_f0563c9e.jpg,101.9093,145.3123,104.7728,65.9458,115.9118,149.6587,0.0061,0.0017,0.0429,1654.6608,0.0081,0.0315,0.5639,0
AUG_f0d511e3.jpg,85.3631,112.7913,81.4781,50.7664,71.1137,112.8381,0.0,0.0,0.182,48.7878,0.129,0.3915,0.9913,0
AUG_f0dd9564.jpg,112.3072,144.8194,109.5404,53.2779,70.5177,145.52,0.0004,0.0,0.1192,644.9383,0.0991,0.1462,0.8726,0
AUG_f0dec7e8.jpg,18.3051,46.6096,16.0163,45.3809,175.5681,46.7544,0.0,0.0,0.575,31.2498,0.1933,0.6315,0.9889,0
AUG_f0f8617f.jpg,27.8677,57.6056,11.9349,48.9965,196.1591,58.0294,0.0,0.0,0.4054,57.0529,0.1047,0.4197,0.9646,0
AUG_f135d542.jpg,4.7389,13.8594,5.3601,53.6476,196.9179,14.0268,0.0,0.0,0.9371,31.288,0.11,0.3327,0.9247,0
AUG_f1abf1af.jpg,53.4138,81.4214,37.2299,52.1444,165.5113,81.7708,0.0,0.0,0.3073,1184.5231,0.0108,0.0493,0.657,0
AUG_f1d8525f.jpg,90.5254,122.5339,64.4104,43.2801,111.7969,122.5634,0.0,0.0003,0.1373,95.2714,0.1125,0.3177,0.9796,0
AUG_f1d8803a.jpg,89.3493,131.6569,103.6121,72.4104,95.3038,134.6266,0.0002,0.0,0.0146,285.5607,0.0131,0.0704,0.8584,0
AUG_f1eaa009.jpg,57.5196,98.5832,31.8428,48.06,188.282,99.2461,0.004,0.0021,0.0909,58.1606,0.0412,0.2653,0.9852,0
AUG_f23104b0.jpg,79.409,98.5886,74.8454,48.797,74.9973,99.1125,0.0048,0.0,0.1959,89.4866,0.1122,0.3983,0.9853,0
AUG_f23df15a.jpg,149.6812,143.5809,64.0178,28.2023,140.2752,151.0206,0.0039,0.5143,0.0776,77.2153,0.0654,0.3388,0.9806,0
AUG_f2de801d.jpg,78.2752,102.3451,53.5944,54.4938,127.7017,104.784,0.0091,0.0006,0.1069,224.9331,0.0137,0.083,0.8934,0
AUG_f31c0f6a.jpg,111.9596,140.3242,116.6132,69.5662,73.6943,144.2923,0.0009,0.0,0.0269,265.9323,0.0141,0.0756,0.8918,0
AUG_f323fcdc.jpg,133.3166,174.4081,108.448,45.5692,88.0151,174.7835,0.0,0.0128,0.1439,144.7233,0.1131,0.2811,0.9802,0
AUG_f391c9e4.jpg,84.2513,118.7296,69.5825,52.6106,108.7327,119.0316,0.0,0.0,0.0831,123.4594,0.0548,0.221,0.9548,0
AUG_f39377f7.jpg,167.0503,170.9185,135.68,48.5192,72.7245,179.5343,0.0044,0.0012,0.0116,1154.95,0.0094,0.0383,0.7686,0
AUG_f395c05e.jpg,71.1644,102.0735,58.1288,51.6017,117.3545,102.1891,0.0002,0.0017,0.0804,124.532,0.0649,0.2456,0.9572,0
AUG_f39c6007.jpg,97.4503,141.7116,76.3092,55.1911,141.4108,143.9858,0.0059,0.0111,0.0312,1853.8718,0.0082,0.0297,0.4272,0
AUG_f417c0a6.jpg,142.5618,210.3051,131.6417,56.4831,91.3715,210.6038,0.0,0.0,0.0,51.8236,0.0778,0.3268,0.9781,0
AUG_f42d803a.jpg,107.4673,129.3377,87.4877,47.5414,79.3083,130.3169,0.0013,0.0008,0.1471,40.4899,0.1357,0.3984,0.9831,0
AUG_f49f66e2.jpg,186.1493,209.9345,159.44,43.4818,66.4764,212.7502,0.0003,0.0,0.0,760.0933,0.0112,0.0586,0.6916,0
AUG_f4beea87.jpg,89.6685,112.837,24.3521,37.8543,177.7256,112.8738,0.0,0.0061,0.1522,50.8073,0.1233,0.3418,0.9878,0
AUG_f51c4393.jpg,29.0767,36.7926,32.8826,80.5388,160.9252,44.5434,0.0,0.0,0.6575,723.3717,0.0162,0.0513,0.133,0
AUG_f5efc5ec.jpg,77.9368,100.6753,79.8205,56.6115,71.6007,100.8047,0.0006,0.0,0.1411,63.3569,0.1009,0.3289,0.9882,0
AUG_f63a43e4.jpg,212.1174,237.1773,183.7614,41.5086,57.9738,237.2879,0.0,0.0,0.0,130.0099,0.106,0.3406,0.9279,0
AUG_f65f14b3.jpg,195.5625,201.4701,145.3731,42.9293,86.8265,210.65,0.0077,0.0175,0.0004,1758.4937,0.0106,0.0335,0.1579,0
AUG_f74c3787.jpg,101.9943,135.269,100.2041,51.1979,69.3044,135.7692,0.0,0.0011,0.1708,123.9241,0.1501,0.3879,0.9838,0
AUG_f75c5cb0.jpg,207.4246,217.3356,196.8399,63.0864,35.4668,221.6381,0.0002,0.0,0.0001,540.5555,0.0163,0.0635,0.7729,0
AUG_f7611666.jpg,145.3616,167.5394,140.756,54.6823,42.1977,167.8793,0.0,0.0,0.0,61.9481,0.0325,0.2569,0.9637,0
AUG_f76bb883.jpg,113.9394,153.586,57.939,42.2886,147.3046,153.635,0.0,0.1426,0.1067,92.8099,0.0905,0.3253,0.9813,0
AUG_f7aa2ed4.jpg,102.2905,136.9292,89.1837,54.9139,99.3309,137.1205,0.0,0.0029,0.0999,871.9761,0.0804,0.1241,0.8303,0
AUG_f7b9ecee.jpg,154.2563,165.59,152.205,76.7002,70.8884,178.0788,0.0068,0.0009,0.0049,2196.3629,0.0072,0.0284,0.547,0
AUG_f7dc1e56.jpg,92.7322,117.9912,97.3164,67.8749,70.4284,118.5704,0.0012,0.0,0.088,12.8035,0.0293,0.4008,0.9975,0
AUG_f7fddc4d.jpg,137.6922,179.1575,139.2011,66.853,91.8002,183.552,0.003,0.0016,0.0036,1911.2385,0.0081,0.0299,0.4676,0
AUG_f822a57c.jpg,105.9132,165.6774,84.234,43.9592,135.2723,166.0228,0.0,0.0,0.0781,231.6073,0.1463,0.3947,0.9713,0
AUG_f8552144.jpg,163.4386,208.5631,165.6205,62.6244,58.7908,208.6322,0.0,0.0,0.0,62.117,0.0414,0.2264,0.9797,0
AUG_f8567585.jpg,113.7505,130.3881,111.5738,73.383,102.3759,141.5629,0.0072,0.0007,0.0802,2374.4601,0.0069,0.0271,0.5833,0
AUG_f8569344.jpg,118.0086,169.7871,62.6436,47.2742,164.5173,169.9276,0.0,0.0371,0.0,93.3785,0.0275,0.1952,0.9614,0
AUG_f887f373.jpg,77.2409,91.3155,74.3705,67.9618,81.0787,95.7023,0.005,0.0001,0.1247,227.1545,0.0151,0.0845,0.888,0
AUG_f8bc736b.jpg,101.8115,122.349,76.4562,55.9857,135.6684,130.0743,0.0215,0.0098,0.0819,2263.0465,0.0069,0.0269,0.544,0
AUG_f9037648.jpg,201.8046,205.8943,186.3392,63.9715,43.3107,212.8546,0.001,0.0,0.0019,745.4188,0.0148,0.0536,0.8501,0
AUG_f91034f3.jpg,91.4221,107.5038,57.5627,55.4086,153.7835,115.105,0.0368,0.0219,0.132,1770.455,0.0078,0.0309,0.5678,0
AUG_f921e5f1.jpg,60.6586,77.8658,52.3929,48.6307,83.1597,77.9002,0.0,0.0,0.169,35.9446,0.1343,0.4347,0.983,0
AUG_f9220366.jpg,123.2577,150.97,87.1031,47.5263,131.331,155.9434,0.0313,0.0238,0.0042,2476.0587,0.008,0.0255,0.1436,0
AUG_f975689e.jpg,191.8316,201.4606,166.8502,34.8507,41.04,201.5224,0.0,0.0,0.0,58.9554,0.156,0.4565,0.9863,0
AUG_f9795b6e.jpg,86.1474,98.2993,48.3532,40.47,152.326,98.3903,0.0008,0.0,0.2706,45.1586,0.0381,0.3408,0.9902,0
AUG_f9aff5e5.jpg,147.933,186.2193,147.7514,60.0836,60.1304,186.226,0.0,0.0,0.0,23.1531,0.05,0.353,0.9836,0
AUG_f9d9272c.jpg,61.9114,128.4091,65.9934,65.0505,168.6467,130.8267,0.0004,0.0002,0.0705,2208.648,0.0078,0.0269,0.3378,0
AUG_f9e82c47.jpg,80.971,106.9133,82.9755,57.0907,64.5005,107.1392,0.0,0.0,0.1505,51.6692,0.1258,0.3878,0.9873,0
AUG_f9f37d6d.jpg,70.0719,90.5745,69.4185,70.3967,137.0752,98.6089,0.0047,0.0002,0.1612,2014.7745,0.0078,0.029,0.4522,0
AUG_fa84cdfd.jpg,46.152,57.8134,47.3289,75.8251,155.9012,67.4219,0.0013,0.0,0.3486,1603.8316,0.0107,0.0354,0.122,0
AUG_fa9d8ee7.jpg,118.8023,202.9126,111.3855,53.5606,106.3096,203.0918,0.0,0.0,0.0,63.6715,0.1335,0.3901,0.988,0
AUG_faecd0de.jpg,21.5673,98.8372,45.1545,64.8121,188.9273,99.3689,0.0,0.0,0.1232,65.9744,0.0948,0.3675,0.971,0
AUG_fb23048c.jpg,178.2582,205.4155,152.5749,51.6583,67.7114,206.6972,0.0,0.0,0.0,100.351,0.0352,0.2244,0.9605,0
AUG_fb56e7b2.jpg,162.8749,186.1104,117.9722,35.051,85.2464,186.2743,0.0,0.0,0.1414,101.7675,0.1377,0.4133,0.9848,0
AUG_fb5a9cf6.jpg,73.1915,147.6135,68.0356,52.8916,131.7231,147.6532,0.0,0.0,0.1465,701.001,0.1103,0.1659,0.8753,0
AUG_fb863845.jpg,14.3092,24.7439,6.6974,43.6616,207.9013,24.965,0.0,0.0,0.9356,7.9988,0.1053,0.5353,0.99,0
AUG_fba907eb.jpg,204.7279,233.8967,194.5023,52.0706,43.1871,233.9309,0.0,0.0,0.0,81.6122,0.0676,0.3223,0.9666,0
AUG_fbb4de9a.jpg,188.4183,212.673,154.5446,45.282,73.1852,214.5865,0.0,0.002,0.0,581.7827,0.032,0.1196,0.8291,0
AUG_fbe6995f.jpg,122.4119,132.2265,102.05,34.9149,64.5138,132.2718,0.0,0.0,0.1027,114.4529,0.1217,0.4175,0.9843,0
AUG_fbed440c.jpg,102.1,122.8619,87.5039,61.4837,115.4727,128.2383,0.0111,0.0086,0.1242,1421.6224,0.0077,0.0363,0.747,0
AUG_fbf4abba.jpg,80.4471,110.628,86.7188,72.8924,123.1557,116.8888,0.0013,0.0001,0.1524,1734.088,0.0075,0.0323,0.6484,0
AUG_fbf70562.jpg,89.5807,132.5179,85.6897,64.2702,131.0775,135.9399,0.0023,0.001,0.0947,1801.9753,0.0081,0.0304,0.5887,0
AUG_fc2a223f.jpg,106.2427,129.4406,37.1479,37.9313,167.3738,129.4906,0.0,0.2517,0.1146,105.0853,0.0858,0.2718,0.9819,0
AUG_fc448321.jpg,100.7428,130.1121,75.438,48.8853,131.3812,133.3701,0.0193,0.0032,0.0122,2071.0858,0.0085,0.0261,0.2143,0
AUG_fc52860d.jpg,186.0191,203.2382,170.7328,46.8783,43.3087,205.2138,0.0,0.0,0.0,19.5293,0.0455,0.4863,0.9935,0
AUG_fc682df8.jpg,76.8776,111.0852,74.3238,53.4037,93.2328,111.1145,0.0,0.0,0.1827,57.6892,0.1263,0.4301,0.989,0
AUG_fcd7e24c.jpg,126.5768,141.8047,117.7352,59.8914,60.4677,144.1494,0.0,0.0,0.1381,157.092,0.1168,0.2207,0.9852,0
AUG_fd94a27f.jpg,55.7028,141.3659,67.7514,60.7699,139.5526,141.9868,0.0,0.0,0.1671,96.6812,0.1154,0.348,0.9773,0
AUG_fda92b2c.jpg,150.6685,172.8218,125.4383,51.8144,88.5252,177.4915,0.0077,0.0044,0.0081,1724.143,0.0081,0.0312,0.5436,0
AUG_fdf8e046.jpg,69.3405,105.7673,77.4696,59.1274,88.9884,105.8384,0.0,0.0,0.1521,30.2705,0.1297,0.464,0.9915,0
AUG_fe2b3ee6.jpg,110.7229,127.0186,94.2003,45.0364,75.6555,127.4112,0.0,0.0,0.102,136.6431,0.0983,0.387,0.9819,0
AUG_ff1ca4d7.jpg,86.4786,109.333,91.0559,73.2343,109.372,116.7718,0.0029,0.0001,0.0684,1773.1476,0.0077,0.0308,0.5315,0
AUG_ff7df116.jpg,62.4098,116.2766,30.5465,49.5495,188.3471,116.2766,0.0,0.0,0.0,72.0064,0.0344,0.1687,0.6883,0
AUG_ffa77459.jpg,37.7195,39.6832,37.3564,81.4801,152.0855,49.7319,0.0008,0.0,0.61,851.1919,0.0148,0.0493,0.4225,0
AUG_ffd48257.jpg,98.653,122.0767,96.2078,56.6664,67.6494,122.4076,0.0002,0.0,0.0798,85.9261,0.0247,0.2729,0.9762,0
healthy100_.jpg,108.2769,170.1348,59.3997,52.7468,171.5708,170.4483,0.0,0.0012,0.0019,49.0133,0.0249,0.2251,0.9663,0
healthy101_.jpg,114.7457,172.927,57.7254,48.8979,168.868,173.058,0.0,0.0261,0.0146,83.9866,0.0308,0.223,0.9485,0
healthy102_.jpg,106.7228,128.8005,74.9379,47.0277,110.3318,128.8596,0.0003,0.0001,0.0221,80.5889,0.0261,0.2967,0.9706,0
healthy103_.jpg,107.9361,132.8356,104.2287,58.3415,74.9061,132.8732,0.0,0.0,0.0361,21.6684,0.0264,0.3156,0.996,0
healthy104_.jpg,89.653,107.3786,86.5218,58.0792,66.9791,107.4922,0.0,0.0,0.2615,21.4237,0.0294,0.3887,0.9969,0
healthy105_.jpg,93.9372,125.9735,93.001,61.8665,75.903,126.5978,0.0,0.0,0.0081,6.0035,0.0543,0.4388,0.9946,0
healthy106_.jpg,85.1996,117.0688,88.322,68.9804,79.1944,117.8016,0.0,0.0,0.041,11.2063,0.041,0.3808,0.9935,0
healthy107_.jpg,84.2173,125.8676,77.3211,58.8957,111.3766,125.9875,0.0,0.0,0.0131,21.4018,0.0339,0.348,0.9869,0
healthy108_.jpg,85.5815,115.5624,85.014,59.7503,78.3689,115.6293,0.0,0.0,0.0999,20.0135,0.0291,0.3179,0.9932,0
healthy109_.jpg,96.5419,126.2723,91.7482,56.7194,76.0691,126.3585,0.0,0.0,0.0783,133.1765,0.0219,0.2164,0.9575,0
healthy10_.jpg,100.493,149.2109,62.4425,47.4585,149.93,149.2109,0.0,0.0,0.0,80.1889,0.0299,0.1644,0.8467,0
healthy110_.jpg,100.5985,144.9785,102.9676,65.1821,92.3706,145.4996,0.0,0.0,0.0075,23.1807,0.0354,0.3313,0.9826,0
healthy111_.jpg,83.6764,128.5116,92.4666,68.4512,100.0658,129.2417,0.0,0.0,0.0247,137.0269,0.0223,0.169,0.9044,0
healthy112_.jpg,112.961,139.0291,106.4286,55.1706,67.6707,139.1876,0.0,0.0,0.0225,22.4294,0.0285,0.3301,0.9911,0
healthy113_.jpg,93.2825,140.5769,83.2571,58.7538,117.7224,140.7555,0.0008,0.0,0.0137,13.0053,0.0317,0.374,0.9952,0
healthy114_.jpg,100.8575,124.5681,98.1517,57.0774,65.9163,124.9604,0.0002,0.0,0.057,86.7074,0.0219,0.2532,0.9724,0
healthy115_.jpg,94.3097,122.2001,93.2683,60.8617,78.8939,122.4407,0.0053,0.0,0.0052,62.5898,0.0314,0.2559,0.949,0
healthy116_.jpg,78.7349,116.176,82.6483,64.5799,100.2446,116.3194,0.0031,0.0022,0.0073,69.6272,0.0311,0.2376,0.9266,0
healthy117_.jpg,107.6326,123.9915,102.9573,56.5649,71.6869,127.8489,0.0037,0.0,0.0157,52.5406,0.0248,0.3045,0.979,0
healthy118_.jpg,95.8219,136.0207,86.3847,55.5936,105.1017,136.5851,0.0008,0.0,0.0114,89.6966,0.0222,0.2152,0.948,0
healthy119_.jpg,101.2086,141.1625,103.2068,63.1552,83.6628,141.1965,0.0,0.0,0.0077,95.0558,0.0325,0.1839,0.8942,0
healthy11_.jpg,95.5349,135.2382,75.9343,53.3134,121.0431,135.2686,0.001,0.0036,0.0,101.7944,0.0243,0.2247,0.9298,0
healthy120_.jpg,92.8373,149.2624,88.0713,61.1043,117.0489,149.591,0.0,0.0,0.0132,65.7987,0.0323,0.2195,0.9374,0
healthy121_.jpg,94.7212,125.9053,94.1764,59.7485,77.6368,126.4507,0.0006,0.0,0.0148,107.7584,0.0302,0.2072,0.9219,0
healthy122_.jpg,91.8209,122.5262,91.2838,63.9007,77.3644,123.2865,0.0,0.0,0.0404,89.23,0.0255,0.2292,0.9554,0
healthy123_.jpg,78.7221,124.7597,90.582,67.8758,104.3586,124.7673,0.0,0.0,0.0192,14.2747,0.0425,0.4038,0.9874,0
healthy124_.jpg,83.598,132.8866,73.8298,58.5329,122.875,133.0854,0.0,0.0,0.021,10.4719,0.0441,0.4305,0.9918,0
healthy125_.jpg,83.07,128.5126,86.9472,71.9205,92.0951,129.1353,0.0,0.0,0.0504,6.6574,0.0521,0.4638,0.996,0
healthy126_.jpg,81.7141,130.6718,85.2346,63.6116,108.9706,130.721,0.0,0.0,0.0109,113.8553,0.0216,0.1542,0.9199,0
healthy127_.jpg,91.1452,131.783,99.9246,65.6252,88.2471,131.982,0.0,0.0,0.0453,24.43,0.0437,0.3083,0.9847,0
healthy128_.jpg,83.6766,126.9667,83.1405,60.9349,100.7636,127.1707,0.0,0.0,0.0406,102.4258,0.0281,0.2351,0.9431,0
healthy129_.jpg,84.5218,132.7021,75.6038,57.4416,117.0882,132.7346,0.0,0.0,0.0372,91.6729,0.0333,0.2348,0.9424,0
healthy12_.jpg,94.5223,140.057,54.5644,46.6737,156.7123,140.0783,0.0003,0.0,0.012,71.3362,0.0386,0.2522,0.9262,0
healthy130_.jpg,97.51,133.6198,94.9286,59.2927,84.5916,133.6285,0.0,0.0,0.0036,106.3501,0.0308,0.2459,0.8861,0
healthy131_.jpg,103.7493,136.5301,100.2001,60.3226,81.2095,136.5517,0.0,0.0012,0.0293,38.7379,0.0323,0.2957,0.9851,0
healthy132_.jpg,101.992,133.8424,90.5489,55.1452,92.6409,134.0673,0.0004,0.0,0.0258,25.1889,0.0286,0.3119,0.987,0
healthy133_.jpg,92.8032,110.1005,93.2069,62.4174,61.9689,110.1165,0.0,0.0,0.1531,33.4218,0.0246,0.3381,0.9933,0
healthy134_.jpg,104.7659,136.9619,96.7213,59.5714,89.1232,137.2304,0.0,0.0,0.0017,116.5757,0.0208,0.2004,0.9598,0
healthy135_.jpg,80.0845,136.7427,77.6319,63.2702,125.8506,137.4546,0.0001,0.0,0.0073,113.8995,0.0233,0.1758,0.9034,0
healthy136_.jpg,98.1207,141.2606,90.44,57.3955,99.9123,141.3089,0.0,0.0,0.0674,16.5955,0.0329,0.4001,0.9946,0
healthy137_.jpg,78.6899,116.8133,66.599,53.7861,112.5618,116.8338,0.0,0.0,0.1642,15.5834,0.0284,0.4014,0.9963,0
healthy138_.jpg,86.8326,125.1369,68.8464,58.7681,108.7085,126.0059,0.0,0.0,0.0959,10.2519,0.0408,0.4194,0.996,0
healthy139_.jpg,80.3699,139.8644,89.3817,67.8806,123.9009,140.5208,0.0,0.0,0.0419,85.7075,0.0261,0.2539,0.9603,0
healthy13_.jpg,95.9272,120.136,92.3626,63.8362,73.4466,122.6402,0.0,0.0,0.1122,12.0436,0.0308,0.3891,0.9966,0
healthy140_.jpg,108.7843,131.9972,103.2225,58.4147,66.4798,132.012,0.0,0.0001,0.0249,114.2766,0.02,0.2174,0.9521,0
healthy141_.jpg,70.8329,99.9716,72.4561,62.3037,88.5086,100.0512,0.0,0.0,0.11,8.2509,0.0376,0.4539,0.9965,0
healthy142_.jpg,71.6507,94.3768,72.8389,63.1241,77.1548,95.0987,0.0,0.0,0.1679,10.7203,0.0324,0.3938,0.9961,0
healthy143_.jpg,88.873,124.438,82.672,62.4673,98.4335,124.989,0.0,0.0,0.0284,15.0898,0.0365,0.3683,0.9931,0
healthy144_.jpg,88.8949,118.733,90.5229,62.5158,76.9494,119.2654,0.0,0.0,0.0192,7.4836,0.0369,0.4176,0.9959,0
healthy145_.jpg,89.2508,115.533,85.6054,58.7894,78.0755,116.4791,0.0,0.0,0.0252,5.1819,0.0442,0.4938,0.9975,0
healthy146_.jpg,107.5837,143.2895,93.4406,55.0937,96.8463,143.5872,0.0001,0.0,0.0261,16.1276,0.037,0.384,0.9913,0
healthy147_.jpg,92.0714,142.8593,84.3287,57.3465,113.204,142.8619,0.0,0.0,0.0004,12.5755,0.0353,0.3771,0.9942,0
healthy148_.jpg,82.5073,131.8602,82.753,65.4787,109.8573,132.3412,0.0,0.0,0.023,84.8816,0.0231,0.2021,0.9453,0
healthy149_.jpg,86.0805,115.5331,91.9605,65.9932,76.3793,115.6753,0.0,0.0,0.0748,91.7009,0.0374,0.3162,0.9522,0
healthy14_.jpg,97.53,124.1294,89.3556,56.4408,82.7066,126.3137,0.0,0.0,0.0501,89.5402,0.0253,0.2822,0.9668,0
healthy150_.jpg,89.0054,116.0929,92.5495,63.0963,67.6113,116.2518,0.0,0.0,0.0847,92.0843,0.04,0.3336,0.9528,0
healthy151_.jpg,76.7246,122.887,84.1325,66.3994,115.8468,123.0252,0.0,0.0,0.0028,60.7874,0.0362,0.3356,0.9562,0
healthy152_.jpg,89.2432,152.2356,73.9736,56.4121,133.9418,152.3729,0.0,0.0,0.0336,55.0332,0.0261,0.2515,0.9729,0
healthy153_.jpg,72.3026,121.648,75.345,63.392,116.876,121.7172,0.0,0.0,0.0903,13.3002,0.036,0.4179,0.9944,0
healthy154_.jpg,81.1949,145.7758,72.5648,58.7201,132.7331,145.8401,0.0,0.0,0.041,90.5823,0.0278,0.2535,0.9573,0
healthy155_.jpg,100.4837,135.7498,80.8915,53.9036,109.2635,135.7955,0.0,0.0,0.0013,74.3571,0.0372,0.2667,0.911,0
healthy156_.jpg,98.3861,139.7913,75.7732,54.0294,123.5086,139.9389,0.0,0.0,0.036,49.9251,0.0377,0.3334,0.971,0
healthy157_.jpg,102.3563,158.8402,81.2148,54.5213,130.1374,158.8726,0.0,0.0,0.0,40.2662,0.0433,0.3211,0.9247,0
healthy158_.jpg,163.6803,176.8144,123.7036,54.6267,93.5635,179.1586,0.0172,0.0103,0.0054,214.0582,0.069,0.4111,0.9674,0
healthy159_.jpg,161.0075,176.3965,131.724,61.9293,88.6034,179.4102,0.0172,0.0007,0.0,56.5055,0.0966,0.4674,0.9917,0
healthy15_.jpg,109.4683,129.3845,111.8369,58.6775,57.0065,132.0855,0.0,0.0,0.0561,111.3366,0.0217,0.2709,0.9703,0
healthy160_.jpg,97.7952,160.042,65.9123,52.11,150.363,160.0554,0.0,0.0,0.0059,44.9582,0.0336,0.2596,0.9632,0
healthy161_.jpg,100.06,131.5983,75.76,47.1426,112.138,131.9702,0.0,0.0,0.0087,101.473,0.0295,0.2245,0.9315,0
healthy162_.jpg,112.8471,140.0032,80.3071,45.7612,113.9533,140.7523,0.0001,0.0,0.0008,60.4819,0.0357,0.2611,0.9458,0
healthy163_.jpg,98.831,130.5365,68.3591,45.1263,125.3357,130.5366,0.0,0.0,0.0,137.3127,0.0218,0.1223,0.8558,0
healthy164_.jpg,105.4462,142.0366,74.6915,47.647,122.0855,142.0366,0.0,0.0003,0.0,79.6316,0.0235,0.2078,0.9444,0
healthy165_.jpg,121.5229,135.9841,100.9953,56.6474,89.3415,138.3361,0.0029,0.0,0.0045,56.1508,0.0562,0.3972,0.9915,0
healthy166_.jpg,81.008,117.8193,73.6823,56.4642,103.13,117.894,0.0003,0.0,0.006,99.9096,0.0243,0.2001,0.9266,0
healthy167_.jpg,120.4413,156.6899,70.1975,46.134,140.2508,156.8855,0.0001,0.0515,0.0202,63.8453,0.0265,0.264,0.9715,0
healthy168_.jpg,97.2526,151.2869,66.947,52.1185,144.1242,151.3024,0.0,0.0,0.0044,52.988,0.0262,0.2624,0.9612,0
healthy169_.jpg,140.5618,156.9964,103.9889,54.7183,108.1881,157.8898,0.0053,0.0015,0.0123,288.6572,0.0713,0.3937,0.9616,0
healthy16_.jpg,97.0312,121.1914,97.2505,60.9508,69.9609,121.481,0.0035,0.0002,0.0061,65.1881,0.0217,0.2404,0.9824,0
healthy170_.jpg,124.6433,145.5698,80.4151,46.3676,128.8629,145.8904,0.0009,0.0009,0.0116,274.7239,0.0577,0.3837,0.9434,0
healthy171_.jpg,110.8222,130.6698,90.513,47.8224,84.3982,131.401,0.0026,0.0,0.0031,58.7972,0.0326,0.2842,0.9662,0
healthy172_.jpg,111.3588,130.1919,88.3503,46.9674,89.7051,130.8861,0.0076,0.0,0.0061,79.7389,0.0292,0.2727,0.9596,0
healthy173_.jpg,133.1257,145.9428,110.4169,54.2273,77.7125,147.8489,0.0297,0.0,0.0002,42.4724,0.0453,0.3827,0.9897,0
healthy174_.jpg,121.6644,133.5772,88.9206,46.4638,101.9851,135.6241,0.0458,0.0021,0.0037,40.5546,0.0368,0.399,0.9885,0
healthy175_.jpg,122.4663,135.9593,89.116,45.9915,102.6968,137.8813,0.0395,0.0013,0.0011,46.5533,0.0351,0.3698,0.9844,0
healthy176_.jpg,97.9985,124.8611,59.7934,43.7915,134.1678,126.0093,0.0019,0.0,0.0783,28.2154,0.0397,0.3789,0.9898,0
healthy177_.jpg,142.0632,161.7913,78.9906,41.2033,144.2649,162.0895,0.0025,0.0294,0.0,59.5897,0.0549,0.3074,0.9839,0
healthy178_.jpg,96.0554,118.3222,69.906,43.7882,107.5627,118.7117,0.0,0.0,0.1612,156.9474,0.0225,0.2253,0.9648,0
healthy179_.jpg,98.3384,123.3951,72.0323,45.4275,108.5627,123.4162,0.0,0.0,0.1852,187.1091,0.0247,0.2389,0.9648,0
healthy17_.jpg,105.0996,137.3155,80.7737,49.6932,109.9035,137.3851,0.0,0.0,0.0261,82.1254,0.0324,0.286,0.9804,0
healthy180_.jpg,102.223,131.7845,67.3291,42.384,122.9806,132.3561,0.0,0.0,0.1484,142.6207,0.0224,0.238,0.9684,0
healthy181_.jpg,86.7123,137.9954,101.93,74.4575,97.1834,139.148,0.0,0.0,0.0117,61.3258,0.0322,0.285,0.9533,0
healthy182_.jpg,93.557,150.314,91.1405,66.6988,111.2323,151.3417,0.0,0.0,0.0045,49.0491,0.0374,0.3171,0.9566,0
healthy183_.jpg,110.5064,131.9389,78.6184,42.1775,108.3397,133.0593,0.006,0.0,0.065,15.266,0.0292,0.4042,0.9964,0
healthy184_.jpg,95.5827,140.6484,79.0196,55.9719,119.979,140.6562,0.0001,0.0254,0.0131,164.1425,0.0169,0.1672,0.9423,0
healthy185_.jpg,93.7189,143.2974,82.0192,59.9229,118.6986,143.4878,0.0,0.0196,0.0136,95.8787,0.0202,0.2237,0.9694,0
healthy186_.jpg,74.8509,114.4346,80.4804,65.2497,100.3209,114.7701,0.0003,0.0,0.1092,134.6383,0.0238,0.2171,0.9403,0
healthy187_.jpg,92.7091,117.9664,97.3238,68.3286,70.9125,118.6037,0.0013,0.0,0.0891,22.0514,0.0234,0.3017,0.9957,0
healthy188_.jpg,76.4496,122.5724,87.0369,67.8665,105.6806,123.1888,0.0003,0.0001,0.0579,19.771,0.0372,0.3486,0.9896,0
healthy189_.jpg,100.553,148.5441,76.9253,42.8471,122.2848,148.59,0.0,0.0004,0.0022,30.8897,0.1887,0.5168,0.9747,0
healthy190_.jpg,88.7232,113.8997,80.1937,51.872,82.7581,114.312,0.0,0.0,0.083,103.0515,0.0235,0.2596,0.975,0
healthy191_.jpg,119.6002,145.6958,91.3595,51.5818,99.0974,145.7757,0.0,0.006,0.0,69.8306,0.0249,0.24,0.957,0
healthy192_.jpg,95.0767,114.9307,88.3306,57.6428,76.3385,114.9442,0.0,0.0,0.0301,28.851,0.0327,0.3789,0.986,0
healthy193_.jpg,81.8413,129.5004,88.7065,66.1938,105.2284,129.7319,0.0,0.0,0.0743,40.463,0.0336,0.3438,0.9794,0
healthy194_.jpg,97.0161,139.3315,106.9161,67.9178,81.8344,140.2449,0.0001,0.0001,0.0973,98.8282,0.0468,0.3916,0.9804,0
healthy195_.jpg,105.5938,155.1767,67.0114,53.4814,131.3145,155.6626,0.0,0.0001,0.0579,7.6248,0.0536,0.5432,0.9979,0
healthy196_.jpg,93.4713,117.88,88.4769,55.1389,68.7017,118.3312,0.0,0.0,0.0787,74.1729,0.0298,0.2427,0.9644,0
healthy197_.jpg,88.1613,106.3952,72.8219,47.5955,90.8112,108.5031,0.0,0.0,0.116,16.4396,0.0318,0.3788,0.9952,0
healthy198_.jpg,86.2615,107.7168,77.0646,51.0381,79.7115,108.7287,0.0,0.0,0.1261,12.813,0.0355,0.4089,0.9954,0
healthy199_.jpg,93.1308,129.1581,91.9217,59.7592,88.8231,129.7945,0.0001,0.0,0.0073,88.9657,0.0264,0.2149,0.9398,0
healthy19_.jpg,97.2195,125.3848,59.1868,41.9015,136.077,126.2982,0.0035,0.0033,0.0974,117.6217,0.0221,0.2379,0.9698,0
healthy200_.jpg,84.4335,131.6138,79.1211,60.0775,111.518,131.6586,0.0,0.0,0.0106,79.139,0.0312,0.2,0.9248,0
healthy201_.jpg,116.7075,148.585,48.4401,40.0717,170.6225,151.231,0.0294,0.2514,0.0052,32.481,0.0306,0.4018,0.9935,0
healthy202_.jpg,135.7165,153.6323,104.2534,48.1219,94.0813,154.4863,0.0,0.0009,0.0,12.4839,0.0607,0.4869,0.9973,0
healthy203_.jpg,98.5673,133.9233,72.1825,47.953,124.4536,133.9602,0.0,0.0009,0.0,45.3175,0.0235,0.2475,0.9853,0
healthy204_.jpg,86.9437,125.6508,60.5497,49.2659,139.6993,125.7203,0.0,0.0008,0.0,111.7028,0.0198,0.1756,0.9635,0
healthy205_.jpg,86.3523,164.9108,61.0547,53.5347,163.6974,164.9108,0.0,0.0,0.0,57.0641,0.0281,0.2384,0.9365,0
healthy206_.jpg,89.259,159.4565,61.3639,52.6763,159.9425,159.5039,0.0,0.012,0.0,84.2974,0.0248,0.1611,0.9467,0
healthy207_.jpg,106.0478,136.5532,73.3776,44.8353,130.4515,136.5585,0.0,0.0,0.0259,78.5503,0.0178,0.1964,0.9853,0
healthy208_.jpg,120.556,153.9105,84.927,44.2444,119.0354,153.9138,0.0,0.0,0.0006,77.9489,0.0204,0.1831,0.967,0
healthy209_.jpg,109.8871,144.3119,84.61,47.5464,110.2922,144.9578,0.0059,0.0001,0.0089,33.9853,0.0249,0.2645,0.9867,0
healthy20_.jpg,128.1729,156.1342,62.6989,36.6223,152.0826,159.5537,0.0206,0.0458,0.0149,59.0714,0.0286,0.2551,0.9805,0
healthy21_.jpg,93.6007,129.1472,82.0914,56.6373,101.2756,129.1472,0.0,0.0,0.0204,64.0333,0.0287,0.3027,0.9633,0
healthy22_.jpg,163.6954,190.317,155.4746,76.9179,92.2395,196.3902,0.0,0.0,0.0,69.8659,0.0892,0.5296,0.9919,0
healthy23_.jpg,91.0006,144.8549,60.1173,49.716,146.3113,144.8961,0.0,0.0,0.0286,6.6696,0.068,0.5306,0.9948,0
healthy24_.jpg,80.8623,133.5907,58.9945,53.2088,139.8815,133.6184,0.0,0.0,0.0817,42.3671,0.0345,0.2883,0.982,0
healthy25_.jpg,95.1273,147.3541,67.0121,50.6723,140.4474,147.6292,0.0,0.0062,0.0186,54.0431,0.0292,0.2154,0.964,0
healthy26_.jpg,97.1112,135.476,91.8907,56.8571,99.0984,136.3484,0.0043,0.0,0.0107,38.3905,0.029,0.2719,0.9725,0
healthy27_.jpg,99.4665,135.5302,88.7966,53.7286,100.969,136.5179,0.0058,0.0,0.0164,39.3947,0.0277,0.2624,0.9756,0
healthy28_.jpg,123.0098,150.2369,105.955,58.162,85.2949,150.5232,0.0,0.0002,0.0,71.3326,0.0303,0.27,0.9658,0
healthy29_.jpg,126.211,139.9927,127.0372,71.6513,45.8736,141.2306,0.0,0.0,0.0,36.3431,0.0534,0.4138,0.9937,0
healthy2_.jpg,117.8789,145.6125,89.7468,44.213,104.9765,148.8411,0.0143,0.0043,0.0087,102.4701,0.026,0.2376,0.9557,0
healthy30_.jpg,107.4478,149.0045,97.9516,58.8124,101.4697,149.1234,0.0,0.0,0.0,109.6334,0.0195,0.1899,0.9573,0
healthy31_.jpg,113.7716,139.2276,90.4409,47.8142,112.2663,139.7311,0.0,0.0,0.0002,105.2333,0.0759,0.2888,0.9852,0
healthy32_.jpg,107.1045,131.6018,88.1833,51.8491,91.9531,131.6488,0.0002,0.0035,0.0019,63.0271,0.0237,0.2089,0.9602,0
healthy33_.jpg,95.1059,112.7617,94.7198,64.6963,66.8497,113.0556,0.0,0.0,0.0471,97.6102,0.0233,0.2339,0.9784,0
healthy34_.jpg,90.3024,153.4513,61.323,54.4176,156.6942,153.5591,0.0,0.0081,0.0029,95.9404,0.0192,0.2062,0.9692,0
healthy35_.jpg,101.6752,154.5814,74.9474,51.8373,133.8085,154.6852,0.0,0.0,0.0,103.1662,0.0268,0.1771,0.8457,0
healthy36_.jpg,84.2543,134.9482,77.29,58.3809,119.3867,135.1181,0.0,0.0,0.0054,96.6631,0.0214,0.1697,0.9374,0
healthy37_.jpg,113.8482,153.2421,84.132,52.4901,121.8138,153.2734,0.0,0.0006,0.0,137.8422,0.0232,0.1306,0.8537,0
healthy38_.jpg,117.0161,143.3989,93.5863,52.2837,98.8521,143.599,0.0028,0.0174,0.0017,93.7369,0.0216,0.2194,0.961,0
healthy39_.jpg,99.0049,159.5166,62.2209,50.8215,157.1553,159.5483,0.0,0.0001,0.0,102.3892,0.0247,0.1537,0.8743,0
healthy3_.jpg,120.7422,160.1221,67.5108,42.8947,148.2903,160.2518,0.0006,0.0341,0.0132,72.2374,0.0271,0.2596,0.9673,0
healthy40_.jpg,83.0644,108.3536,86.107,64.3902,72.1856,108.3637,0.0,0.0,0.0064,36.5769,0.029,0.3169,0.9813,0
healthy41_.jpg,89.396,142.3573,80.1876,57.6895,121.1321,143.0006,0.0,0.0,0.0,113.1412,0.0315,0.2075,0.8771,0
healthy42_.jpg,157.4747,180.316,118.3492,38.4586,99.9786,180.574,0.0001,0.0002,0.0,77.1152,0.1449,0.3857,0.9827,0
healthy43_.jpg,107.2033,137.4021,98.0482,58.0778,88.0651,137.4029,0.0,0.0,0.0354,51.04,0.0277,0.3566,0.9822,0
healthy44_.jpg,156.7084,178.6546,120.1335,39.614,97.8147,178.7857,0.0,0.0048,0.0,88.2173,0.1509,0.3649,0.9808,0
healthy45_.jpg,126.5573,144.1377,108.0897,48.8427,78.8872,144.636,0.0,0.0,0.0,48.2129,0.0725,0.3463,0.991,0
healthy46_.jpg,93.0744,113.8245,87.1573,59.8509,71.791,113.9277,0.0,0.0,0.0,14.1205,0.0454,0.3715,0.9891,0
healthy47_.jpg,137.8069,172.047,78.2542,43.5546,139.6949,172.3118,0.0,0.0515,0.0003,48.9773,0.0344,0.2863,0.9669,0
healthy48_.jpg,148.1423,156.9987,141.1941,76.7802,52.0117,160.9934,0.0046,0.0,0.069,75.0773,0.0617,0.4662,0.9888,0
healthy49_.jpg,123.0927,161.7192,75.0102,42.6531,144.9364,161.8575,0.0002,0.0004,0.0,122.2525,0.0575,0.2234,0.9532,0
healthy4_.jpg,96.0002,135.1772,91.019,59.8094,101.7669,135.3455,0.0,0.0001,0.0012,80.9278,0.0227,0.2199,0.965,0
healthy50_.jpg,101.8664,165.819,64.2025,50.0311,157.676,165.8337,0.0,0.0,0.0,113.6969,0.0294,0.1673,0.8009,0
healthy51_.jpg,104.7101,153.7466,81.5238,55.8502,129.1585,154.0832,0.0,0.0008,0.0013,64.9526,0.0208,0.2239,0.9703,0
healthy52_.jpg,99.8015,152.2615,74.881,59.2217,129.0651,153.0914,0.0,0.0159,0.0077,60.2291,0.0279,0.2579,0.9663,0
healthy53_.jpg,66.7991,108.7266,78.6215,54.6574,102.8282,113.3308,0.0,0.0,0.1455,13.3045,0.0375,0.4484,0.9963,0
healthy54_.jpg,77.9965,126.7375,88.8074,49.0299,104.5314,131.211,0.0,0.0,0.0273,15.7204,0.036,0.4313,0.9958,0
healthy55_.jpg,92.2552,134.0393,91.788,61.8603,98.9349,134.1581,0.0,0.0,0.0152,142.406,0.027,0.2044,0.8988,0
healthy56_.jpg,102.3114,124.0603,87.5675,53.2429,85.4841,124.2974,0.0012,0.0,0.012,76.2715,0.0302,0.3337,0.964,0
healthy57_.jpg,110.4918,131.3098,76.2198,44.7701,111.8903,131.6333,0.0,0.0,0.0633,60.248,0.031,0.3657,0.9845,0
healthy58_.jpg,95.183,132.4654,71.2001,51.7675,118.0079,132.994,0.0,0.0,0.0411,82.9557,0.0331,0.3252,0.9716,0
healthy59_.jpg,85.2559,110.1038,79.8949,58.842,80.167,110.1697,0.0,0.0,0.0633,144.6023,0.0307,0.2117,0.9094,0
healthy5_.jpg,91.573,132.3982,93.8653,62.841,89.4428,132.4307,0.0,0.0,0.0,84.0131,0.0321,0.196,0.9117,0
healthy60_.jpg,96.7846,162.2266,83.9893,58.3052,133.9338,162.4331,0.0,0.0,0.0,36.2911,0.0315,0.2415,0.9438,0
healthy61_.jpg,132.1528,158.74,90.4928,43.1694,125.7616,159.0038,0.0001,0.0001,0.0,35.0797,0.0844,0.3038,0.9925,0
healthy62_.jpg,109.6864,139.6948,96.2782,53.611,87.5121,139.8307,0.0004,0.0002,0.0002,90.8889,0.0398,0.2072,0.9557,0
healthy63_.jpg,117.5798,138.3105,111.8278,60.5461,66.2392,139.1763,0.0,0.0001,0.0028,79.8757,0.0551,0.2795,0.9868,0
healthy64_.jpg,86.2508,112.5401,87.8665,63.5563,70.879,112.5568,0.0,0.0,0.0157,53.0126,0.0413,0.3064,0.9598,0
healthy65_.jpg,94.8614,147.0578,76.6616,59.4558,125.7305,147.4209,0.0,0.0,0.0341,8.3906,0.0537,0.468,0.9946,0
healthy66_.jpg,100.3249,133.868,94.5648,57.1452,87.1261,134.6763,0.0,0.0,0.0078,65.2991,0.034,0.3177,0.9656,0
healthy67_.jpg,104.2345,140.0549,87.029,52.0729,101.5975,140.4752,0.0,0.0,0.004,103.416,0.0243,0.2331,0.9404,0
healthy68_.jpg,98.6763,160.5383,62.7754,55.6075,151.472,161.3561,0.0,0.0062,0.0182,128.8516,0.0199,0.1716,0.947,0
healthy69_.jpg,129.2368,141.8705,92.4578,45.3692,95.584,142.4564,0.0003,0.0019,0.0,72.7942,0.0286,0.2858,0.9582,0
healthy6_.jpg,108.8872,139.2032,97.6936,54.4294,83.8473,139.2814,0.0,0.0,0.0,55.6382,0.0331,0.2384,0.9496,0
healthy70_.jpg,82.5792,125.6544,81.7563,63.5144,113.906,126.0685,0.0,0.0,0.009,127.7035,0.0268,0.1389,0.8971,0
healthy71_.jpg,91.247,164.2287,68.9427,57.4728,153.3212,164.8688,0.0,0.0003,0.0,53.3828,0.0276,0.2497,0.9497,0
healthy72_.jpg,140.2132,158.7189,132.6559,69.4105,78.3857,164.8663,0.0,0.0,0.0003,44.5659,0.0624,0.479,0.9933,0
healthy73_.jpg,163.5955,177.2222,163.001,86.1863,65.8549,187.8257,0.001,0.0,0.002,37.9964,0.0767,0.5404,0.9909,0
healthy74_.jpg,149.1295,172.6851,121.2085,63.0002,100.6422,175.6003,0.0,0.0002,0.0,56.5587,0.0492,0.3811,0.9894,0
healthy75_.jpg,118.021,169.784,62.671,47.3837,164.4973,169.9454,0.0,0.0377,0.0,93.5967,0.0283,0.1957,0.9613,0
healthy76_.jpg,116.93,158.9066,81.6506,45.3654,137.3855,159.0875,0.0,0.0,0.0101,89.5717,0.1102,0.2866,0.9823,0
healthy77_.jpg,100.5925,145.9217,48.7564,47.6219,172.1285,146.0375,0.0001,0.0136,0.0083,71.1982,0.0228,0.215,0.9773,0
healthy78_.jpg,104.8428,153.5968,51.7917,49.2869,171.2159,153.7508,0.0,0.035,0.0033,88.0167,0.0195,0.1866,0.9679,0
healthy79_.jpg,94.258,141.1003,94.1286,62.1392,98.0023,142.2148,0.0,0.0,0.0096,86.7711,0.0301,0.2858,0.945,0
healthy7_.jpg,118.7432,154.8551,90.7218,49.5793,111.918,155.0113,0.0,0.0024,0.0,88.8916,0.022,0.175,0.9567,0
healthy80_.jpg,86.0469,117.1886,81.1338,57.1397,89.9715,117.3859,0.0,0.0,0.0202,145.9819,0.0197,0.1689,0.9347,0
healthy81_.jpg,75.8459,132.2138,70.2031,59.881,132.3104,132.3284,0.0,0.0,0.0039,53.6576,0.0388,0.2756,0.9445,0
healthy82_.jpg,86.6571,139.3453,75.2157,58.044,117.7614,139.6211,0.0,0.0,0.0101,62.6443,0.0389,0.3287,0.9556,0
healthy83_.jpg,83.9464,121.3526,84.4038,66.1482,97.5641,122.2901,0.0,0.0,0.0174,9.5097,0.0454,0.3885,0.9907,0
healthy84_.jpg,81.1477,123.7244,89.4917,67.0568,99.5687,123.8385,0.0,0.0,0.0096,9.1442,0.0444,0.3882,0.9898,0
healthy85_.jpg,96.8046,130.2035,92.8374,58.1183,81.4667,130.2036,0.0,0.0,0.0028,29.5268,0.0474,0.3531,0.9776,0
healthy86_.jpg,97.6922,132.2302,98.2677,59.3211,84.4342,132.3333,0.0,0.0,0.018,93.0339,0.0272,0.3447,0.9721,0
healthy89_.jpg,93.9316,141.343,80.0164,54.8519,118.3837,141.344,0.0,0.0007,0.0037,137.3058,0.0235,0.1621,0.8756,0
healthy8_.jpg,77.3786,142.8509,74.8827,59.0145,147.4011,144.2701,0.0,0.0,0.0005,16.2287,0.039,0.41,0.989,0
healthy90_.jpg,97.7993,131.8235,94.6275,58.5225,85.753,131.9017,0.0,0.0034,0.0457,108.0343,0.0219,0.296,0.9681,0
healthy91_.jpg,91.0555,121.6356,65.5941,47.2043,122.0,121.6359,0.0,0.0,0.176,89.1788,0.0272,0.2467,0.977,0
healthy92_.jpg,86.5904,112.745,74.433,52.0896,95.9709,112.7599,0.0,0.0,0.1943,95.5556,0.026,0.2969,0.981,0
healthy93_.jpg,82.6553,122.4215,85.4199,64.7435,91.5552,122.5382,0.0,0.003,0.0337,60.6032,0.0285,0.2009,0.9666,0
healthy94_.jpg,77.9961,118.8528,83.6738,66.2598,97.4207,119.0146,0.0,0.0,0.0289,17.979,0.038,0.3206,0.9881,0
healthy95_.jpg,94.0869,128.1473,60.8549,48.743,132.7925,128.1603,0.0,0.0028,0.0693,100.1133,0.027,0.297,0.9792,0
healthy96_.jpg,111.066,149.7625,47.9643,42.8783,169.8784,149.7628,0.0,0.1258,0.0308,61.3037,0.0254,0.2945,0.9834,0
healthy97_.jpg,111.92,133.9781,78.6427,46.9196,115.9608,134.8202,0.0098,0.0,0.0001,94.2227,0.0379,0.2551,0.9618,0
healthy98_.jpg,136.566,158.4616,140.5923,73.192,73.3119,166.2953,0.0002,0.0,0.0,45.6951,0.0987,0.4961,0.9945,0
healthy99_.jpg,96.4445,133.6845,82.3893,53.1377,102.2901,133.8757,0.0,0.0,0.0001,106.6593,0.0287,0.1939,0.8983,0
healthy9_.jpg,75.4128,138.8114,75.7164,62.4472,134.5319,139.1582,0.0,0.0,0.0348,61.7923,0.0352,0.248,0.9568,0
1000maize_valid_streak virus.JPG,91.7145,111.5309,65.9332,44.345,104.854,111.5823,0.0,0.0008,0.1856,321.0291,0.0223,0.2285,0.9477,1
1001maize_valid_streak virus.JPG,129.9736,139.2119,85.3808,40.0523,111.2254,140.3958,0.0033,0.0001,0.0006,656.2497,0.0141,0.1108,0.7757,1
1002maize_valid_streak virus.JPG,122.2796,139.9626,86.0022,38.7922,107.3014,142.4456,0.0149,0.0002,0.018,49.3916,0.0209,0.2564,0.9853,1
1003maize_valid_streak virus.JPG,135.2805,162.1837,106.4364,54.4129,102.7234,164.0233,0.0001,0.0008,0.0,133.4597,0.0276,0.2192,0.9573,1
102maize_valid_streak virus.JPG,79.7723,107.609,87.6489,69.2376,68.6522,109.6223,0.0,0.0,0.1114,105.8422,0.0667,0.2618,0.9747,1
103maize_valid_streak virus.JPG,86.7035,117.5028,95.2768,75.1964,71.4319,119.7131,0.0,0.0,0.0312,145.1126,0.0186,0.189,0.9479,1
106maize_valid_streak virus.JPG,88.9482,124.5917,91.4258,58.1273,88.3344,124.7501,0.0001,0.0,0.1146,121.1932,0.0857,0.2734,0.9784,1
107maize_valid_streak virus.JPG,97.7664,137.8695,101.2423,63.8473,93.2095,138.0429,0.0002,0.0,0.0,190.2674,0.0172,0.1513,0.9372,1
10maize_valid_streak virus.JPG,81.8706,101.6761,66.7736,43.2688,86.7575,102.7137,0.0063,0.0,0.1591,100.3257,0.1329,0.3548,0.9773,1
11maize_valid_streak virus.JPG,97.1581,121.0912,80.9177,50.9872,94.3597,122.2876,0.0065,0.0,0.0,203.7829,0.0263,0.2327,0.8662,1
130maize_valid_streak virus.JPG,139.9555,132.8296,59.6884,24.5827,132.3576,140.6548,0.0639,0.2298,0.1579,59.74,0.1322,0.3787,0.9925,1
131maize_valid_streak virus.JPG,162.974,153.0394,68.6125,26.6681,150.4733,163.8283,0.1069,0.2678,0.0,5.834,0.0366,0.4331,0.9978,1
134maize_valid_streak virus.JPG,89.0302,101.1647,82.3372,57.0784,70.7968,104.4701,0.0004,0.0,0.204,199.5353,0.0337,0.245,0.9553,1
135maize_valid_streak virus.JPG,90.7017,102.5996,83.5503,58.8392,69.7706,106.3089,0.0004,0.0,0.1941,230.6684,0.0317,0.2346,0.9455,1
138maize_valid_streak virus.JPG,83.3625,98.4344,82.6188,49.4763,55.9475,100.1404,0.0,0.0,0.2117,83.2457,0.1399,0.3394,0.9857,1
139maize_valid_streak virus.JPG,96.7136,114.3478,95.3808,57.2745,61.8091,116.4342,0.0,0.0,0.0609,53.1679,0.0254,0.3045,0.9822,1
13maize_valid_streak virus.JPG,100.0436,103.561,42.7391,31.4099,159.0839,108.8848,0.0692,0.0003,0.0036,15.2048,0.0396,0.4146,0.9864,1
142maize_valid_streak virus.JPG,94.5833,105.7926,78.4275,43.5084,79.3269,109.4501,0.0012,0.0002,0.0852,106.3284,0.0622,0.3042,0.9783,1
143maize_valid_streak virus.JPG,101.0126,111.9094,83.1352,45.5059,81.935,116.788,0.0021,0.0003,0.0034,153.5427,0.0217,0.2387,0.9564,1
146maize_valid_streak virus.JPG,77.8585,121.324,84.6231,66.0929,100.266,121.6963,0.0,0.0,0.0599,79.0613,0.0213,0.2226,0.9719,1
147maize_valid_streak virus.JPG,79.8186,124.0062,86.7205,66.5759,98.5141,124.3824,0.0,0.0,0.0399,75.1048,0.0195,0.2065,0.97,1
14maize_valid_streak virus.JPG,108.5615,97.9459,67.3859,20.7708,94.7821,110.946,0.1029,0.0062,0.1698,171.0377,0.1428,0.2955,0.9751,1
150maize_valid_streak virus.JPG,84.2662,116.732,94.4408,60.6257,76.7148,116.8247,0.0,0.0,0.1759,673.3868,0.1332,0.2315,0.8874,1
151maize_valid_streak virus.JPG,96.6032,134.5603,107.3238,69.085,86.7931,134.6556,0.0,0.0,0.018,1123.0992,0.012,0.1146,0.5715,1
154maize_valid_streak virus.JPG,153.8727,150.6571,89.3528,28.5785,124.8191,161.5962,0.0821,0.0198,0.0021,1535.0915,0.008,0.0322,0.5643,1
155maize_valid_streak virus.JPG,148.2407,158.7374,84.4927,34.3941,121.1679,159.8977,0.0132,0.0253,0.0,145.9548,0.0178,0.1346,0.9044,1
15maize_valid_streak virus.JPG,129.082,116.2882,79.3342,22.7171,108.1184,131.9077,0.1213,0.0105,0.0002,90.3284,0.0183,0.1976,0.9765,1
160maize_train_streak virus.JPG,152.5753,154.5699,145.7216,90.1842,64.7602,162.9601,0.0055,0.0,0.0298,1518.6427,0.0078,0.0332,0.7839,1
160maize_valid_streak virus.JPG,77.206,109.8963,68.2626,52.8203,103.2361,110.2399,0.0001,0.0,0.0948,222.953,0.0393,0.2294,0.9241,1
161maize_train_streak virus.JPG,129.9072,132.7629,116.1867,79.8897,83.5483,139.9728,0.0107,0.0,0.0075,146.6877,0.0524,0.3684,0.9774,1
161maize_valid_streak virus.JPG,80.8891,115.2136,71.0168,54.3516,105.3964,115.5638,0.0001,0.0,0.0419,275.9498,0.0203,0.2005,0.8655,1
162maize_train_streak virus.JPG,118.9053,120.7183,111.8396,75.187,63.8379,128.7208,0.0066,0.0,0.1573,119.0651,0.1411,0.4792,0.9884,1
163maize_train_streak virus.JPG,143.1903,145.1103,136.4233,88.9284,70.3331,155.4295,0.0082,0.0,0.0052,277.8159,0.0454,0.3578,0.9543,1
164maize_train_streak virus.JPG,131.4878,135.3178,116.3768,75.6449,81.8447,140.8057,0.0102,0.0,0.037,1498.7747,0.0073,0.032,0.7559,1
164maize_valid_streak virus.JPG,78.0591,116.3732,64.2156,48.9873,110.2146,116.4607,0.0,0.0,0.1328,145.3509,0.0935,0.3056,0.9635,1
165maize_train_streak virus.JPG,104.7523,110.4638,78.5827,59.1868,105.0264,114.1498,0.0204,0.0001,0.0089,73.367,0.0374,0.3209,0.9778,1
165maize_valid_streak virus.JPG,87.934,130.1146,72.1021,53.5236,116.3658,130.2223,0.0002,0.0,0.0137,76.167,0.0219,0.2154,0.9525,1
166maize_train_streak virus.JPG,118.1016,121.9377,101.7749,73.904,87.231,127.8454,0.0125,0.0,0.0283,234.5296,0.0339,0.3216,0.9574,1
167maize_train_streak virus.JPG,121.5323,125.4408,105.0474,74.8159,86.1652,131.6794,0.0126,0.0,0.004,214.9524,0.0319,0.307,0.9577,1
168maize_valid_streak virus.JPG,84.2025,122.9762,99.1415,66.6535,85.6997,123.1127,0.0,0.0,0.1122,96.9716,0.0693,0.331,0.9797,1
169maize_valid_streak virus.JPG,89.7598,131.2767,104.8326,70.6618,88.7937,131.4401,0.0,0.0,0.0364,270.956,0.0207,0.1918,0.9106,1
172maize_valid_streak virus.JPG,104.1053,122.2133,100.2694,54.851,59.3283,122.768,0.0003,0.0,0.086,161.7139,0.0267,0.223,0.9577,1
173maize_valid_streak virus.JPG,106.6738,125.3495,102.5536,55.4378,57.692,125.9219,0.0004,0.0,0.0591,178.0736,0.0203,0.2067,0.9435,1
176maize_train_streak virus.JPG,146.8973,150.0386,133.0467,81.8525,75.3294,156.1539,0.009,0.0,0.0276,1434.3236,0.0076,0.034,0.8022,1
177maize_train_streak virus.JPG,101.8683,109.5792,69.4151,49.4994,122.5109,112.4138,0.0193,0.0,0.0,74.9118,0.0322,0.2651,0.9814,1
178maize_train_streak virus.JPG,126.5606,129.4699,113.0144,75.6104,76.7911,136.3213,0.012,0.0,0.0769,346.8957,0.0737,0.3761,0.9581,1
179maize_train_streak virus.JPG,137.9655,141.0734,123.6853,80.5539,80.3714,148.8802,0.0132,0.0,0.0013,168.4839,0.0433,0.3368,0.9733,1
17maize_valid_streak virus.JPG,101.0767,99.617,41.0053,28.7623,164.9496,109.8985,0.0988,0.0047,0.0105,48.1003,0.0263,0.265,0.9699,1
180maize_train_streak virus.JPG,182.4354,196.1519,154.7374,66.9815,71.9374,197.9895,0.0,0.0142,0.0001,1116.8413,0.0097,0.0444,0.7272,1
181maize_train_streak virus.JPG,136.0697,158.9486,87.5017,44.1374,119.4844,159.1882,0.0,0.0329,0.0,116.8555,0.0235,0.2201,0.9258,1
182maize_train_streak virus.JPG,148.386,161.7849,120.9065,58.7531,76.4269,164.3169,0.0,0.0346,0.1407,260.2444,0.1273,0.4064,0.976,1
183maize_train_streak virus.JPG,176.7702,191.1224,149.9702,70.5867,74.9921,194.4304,0.0,0.0326,0.0,74.7907,0.0628,0.386,0.9806,1
189maize_valid_streak virus.JPG,120.084,136.7104,63.8439,36.4866,143.7886,140.1276,0.0392,0.0194,0.0,62.0807,0.0232,0.2266,0.9607,1
18maize_valid_streak virus.JPG,108.5719,130.1017,42.0068,35.9666,159.2545,130.1639,0.0002,0.2672,0.1314,151.2483,0.106,0.2589,0.9794,1
190maize_valid_streak virus.JPG,78.8027,113.596,73.0067,49.4713,87.7388,113.6731,0.0,0.0,0.1962,156.2921,0.1291,0.2981,0.9714,1
191maize_valid_streak virus.JPG,89.7826,129.9975,82.066,55.6995,98.564,130.0481,0.0,0.0,0.0454,29.5137,0.0293,0.3086,0.9877,1
196maize_train_streak virus.JPG,149.5137,154.7848,138.2001,84.5376,74.1316,162.2015,0.0008,0.0,0.0131,1468.3213,0.0076,0.0335,0.7746,1
197maize_train_streak virus.JPG,112.9164,123.5188,82.8047,55.3779,114.0879,127.0658,0.0024,0.0001,0.0,110.7015,0.0553,0.3142,0.9726,1
198maize_train_streak virus.JPG,122.5588,127.5606,111.3963,72.8277,74.5837,135.304,0.0011,0.0,0.1148,271.5497,0.1119,0.4308,0.9693,1
199maize_train_streak virus.JPG,140.5431,145.6927,129.6494,83.1406,78.6638,155.2687,0.0017,0.0,0.0001,214.9725,0.0723,0.3966,0.9616,1
19maize_valid_streak virus.JPG,121.6513,146.6342,48.2142,39.1357,174.1673,146.6775,0.0003,0.2704,0.0,280.213,0.0136,0.1177,0.931,1
1maize_valid_streak virus.JPG,102.474,118.4659,40.2172,35.8045,173.6771,122.4016,0.0552,0.0115,0.001,35.7697,0.0403,0.3278,0.9633,1
200maize_train_streak virus.JPG,121.9496,131.4292,97.5886,62.9598,105.3964,134.794,0.0021,0.0001,0.0217,1689.0738,0.0075,0.031,0.6746,1
200maize_valid_streak virus.JPG,92.0655,116.8123,70.9888,41.6863,90.3,116.8899,0.0,0.0031,0.241,74.091,0.1056,0.3712,0.9897,1
201maize_train_streak virus.JPG,96.6711,109.3721,58.9396,44.6746,132.0479,110.4056,0.0043,0.0002,0.0,302.4398,0.0201,0.1528,0.8454,1
201maize_valid_streak virus.JPG,99.4357,126.3936,76.5601,45.2564,97.7227,126.5807,0.0,0.0031,0.1701,210.2858,0.0229,0.2601,0.9588,1
202maize_train_streak virus.JPG,88.419,97.385,62.512,47.8649,103.3263,99.4583,0.003,0.0,0.1657,302.4765,0.1446,0.3207,0.9503,1
203maize_train_streak virus.JPG,111.8428,121.4659,85.2551,62.1237,110.71,125.2233,0.0036,0.0001,0.0003,397.6993,0.0271,0.242,0.9023,1
204maize_train_streak virus.JPG,130.8566,140.0571,104.6336,63.5588,98.9182,143.0623,0.0021,0.0002,0.0075,1664.9079,0.0077,0.0317,0.6643,1
204maize_valid_streak virus.JPG,89.9299,109.1619,64.6957,43.9347,105.5219,109.2216,0.0,0.0006,0.207,267.7135,0.0299,0.238,0.9589,1
205maize_train_streak virus.JPG,113.5166,124.7864,77.8461,52.4027,115.9151,126.1196,0.0033,0.0004,0.0,302.0117,0.0357,0.1934,0.9157,1
205maize_valid_streak virus.JPG,91.7054,111.5394,65.9161,44.3289,105.02,111.5878,0.0,0.0004,0.1855,321.2294,0.0223,0.2286,0.9477,1
206maize_train_streak virus.JPG,113.2673,122.3759,85.9828,59.0256,100.786,125.2841,0.0028,0.0002,0.0507,367.8138,0.0467,0.2653,0.9231,1
207maize_train_streak virus.JPG,121.2403,130.4979,93.5831,62.7607,101.0296,133.9284,0.0028,0.0002,0.0,346.578,0.0334,0.2469,0.9087,1
208maize_train_streak virus.JPG,169.379,170.8912,169.2022,102.4951,51.0451,181.5399,0.0003,0.0,0.0151,1364.4961,0.0088,0.0347,0.7853,1
208maize_valid_streak virus.JPG,119.4969,127.9486,77.0241,37.1499,107.3728,128.6594,0.0055,0.0,0.0853,564.8818,0.0639,0.1529,0.8826,1
209maize_train_streak virus.JPG,162.3978,164.0936,164.4801,100.057,54.0826,177.8049,0.0002,0.0,0.0,114.706,0.0852,0.4212,0.9787,1
209maize_valid_streak virus.JPG,129.971,139.2166,85.3622,40.0312,111.1556,140.303,0.0038,0.0,0.0005,656.3974,0.014,0.1108,0.7757,1
210maize_train_streak virus.JPG,152.7046,153.9141,154.4648,96.9962,55.9262,167.2044,0.0003,0.0,0.051,170.9991,0.0774,0.4319,0.9774,1
211maize_train_streak virus.JPG,161.1244,162.3718,163.0027,100.6396,56.8941,176.5603,0.0006,0.0,0.0005,174.5297,0.0716,0.3938,0.9683,1
212maize_train_streak virus.JPG,165.4715,185.8344,118.2195,51.9506,109.1588,186.5095,0.0,0.0282,0.0003,1225.9735,0.0085,0.0408,0.7219,1
212maize_valid_streak virus.JPG,107.446,127.3844,71.8924,35.8776,101.9271,128.0432,0.0062,0.0024,0.1782,69.9978,0.1394,0.4146,0.9902,1
213maize_train_streak virus.JPG,153.8728,177.5255,91.9095,44.9321,130.3534,177.9751,0.0,0.0992,0.0,50.3843,0.0382,0.2699,0.9794,1
213maize_valid_streak virus.JPG,126.2851,150.2585,85.9316,41.0726,112.4124,151.0903,0.0069,0.0027,0.0153,10.7994,0.0308,0.3609,0.9954,1
214maize_train_streak virus.JPG,131.5718,150.3834,87.8304,44.6909,105.0423,151.1454,0.0,0.0501,0.1503,322.4783,0.1338,0.3122,0.9674,1
215maize_train_streak virus.JPG,158.33,179.565,110.7376,54.1398,112.5049,180.9646,0.0,0.0555,0.0,72.6404,0.0568,0.3078,0.982,1
216maize_train_streak virus.JPG,148.8674,157.0767,132.9295,68.1558,81.6443,162.7183,0.0056,0.0005,0.0288,1491.3054,0.0074,0.0327,0.7653,1
216maize_valid_streak virus.JPG,127.9025,149.3561,103.0352,48.7066,81.399,150.3588,0.0,0.0002,0.1625,142.8511,0.1436,0.3908,0.9856,1
217maize_train_streak virus.JPG,132.72,143.5949,100.2364,56.8499,106.2189,147.8155,0.0123,0.0028,0.0,147.307,0.0452,0.2766,0.9503,1
217maize_valid_streak virus.JPG,157.3751,182.0407,130.2081,59.6751,87.3376,183.866,0.0,0.0002,0.0,124.8253,0.0615,0.2869,0.9666,1
218maize_train_streak virus.JPG,118.1711,125.4458,104.3196,59.6573,74.1238,131.1245,0.0071,0.0008,0.188,117.0016,0.1503,0.4592,0.988,1
219maize_train_streak virus.JPG,139.4019,147.8846,123.9833,69.2652,85.6884,155.3492,0.0085,0.0017,0.0314,237.4688,0.0384,0.3031,0.9561,1
220maize_train_streak virus.JPG,114.4728,123.4518,93.078,62.4855,105.0147,126.3988,0.0019,0.0,0.0413,1702.5693,0.0074,0.0311,0.6891,1
220maize_valid_streak virus.JPG,140.1541,143.3853,120.4679,57.8952,74.1541,154.6491,0.0206,0.0,0.0149,1370.7396,0.008,0.0345,0.6485,1
221maize_train_streak virus.JPG,85.987,98.8432,45.1805,37.6252,143.9781,98.893,0.0045,0.0,0.0,256.7975,0.0211,0.1176,0.7915,1
221maize_valid_streak virus.JPG,124.677,154.0739,127.4753,64.6576,59.3887,154.1829,0.0,0.0,0.0,18.4366,0.0312,0.3097,0.9874,1
222maize_train_streak virus.JPG,88.8402,97.5237,65.4542,52.4294,106.6553,99.7951,0.0027,0.0,0.1208,315.0307,0.1006,0.2869,0.9439,1
223maize_train_streak virus.JPG,104.4643,113.7105,80.4407,61.4617,111.2406,117.0068,0.0032,0.0,0.0021,404.8594,0.0245,0.2057,0.9063,1
248maize_valid_streak virus.JPG,129.7874,138.6126,105.8645,37.7221,81.9938,140.2638,0.0026,0.0,0.0436,1379.9097,0.007,0.0351,0.7881,1
249maize_valid_streak virus.JPG,137.1733,148.141,115.0755,40.4886,62.5769,148.5734,0.0002,0.0,0.0,98.9014,0.0153,0.1701,0.9756,1
24maize_valid_streak virus.JPG,98.0567,94.0121,45.8502,24.0643,133.9127,103.2746,0.0344,0.0528,0.194,160.1731,0.1189,0.3626,0.9797,1
250maize_valid_streak virus.JPG,119.5894,130.5638,93.8848,36.9041,91.2692,132.2468,0.0022,0.0,0.0958,1454.096,0.0069,0.0337,0.7807,1
251maize_valid_streak virus.JPG,129.0185,143.56,99.1431,40.0096,86.0926,144.4709,0.0043,0.0,0.0104,147.1372,0.0169,0.198,0.9624,1
252maize_train_streak virus.JPG,164.9141,182.2666,118.8186,45.0624,99.8944,182.6251,0.0002,0.0216,0.0001,1295.4881,0.0085,0.0365,0.6056,1
252maize_valid_streak virus.JPG,123.4003,149.5457,105.4575,51.2297,90.1147,151.002,0.0001,0.0,0.0107,1463.5505,0.0077,0.0334,0.6341,1
253maize_train_streak virus.JPG,154.3676,173.4329,91.1062,37.0094,122.8826,173.5045,0.0001,0.0653,0.0,24.8859,0.0267,0.2714,0.9831,1
253maize_valid_streak virus.JPG,128.493,161.5146,117.2188,53.6682,78.4316,161.9186,0.0,0.0,0.0023,71.7761,0.0191,0.2005,0.9686,1
254maize_train_streak virus.JPG,149.0183,166.4699,103.2196,44.2513,101.4379,166.834,0.0001,0.048,0.0435,364.0378,0.0399,0.2428,0.9142,1
254maize_valid_streak virus.JPG,124.9178,140.0642,107.2221,45.7158,80.0522,141.8548,0.0037,0.0,0.0392,1477.0309,0.0071,0.0335,0.7368,1
255maize_train_streak virus.JPG,156.732,174.7693,109.7151,46.5311,102.0644,175.2936,0.0001,0.0484,0.0,51.6491,0.0362,0.3205,0.9785,1
255maize_valid_streak virus.JPG,111.3789,130.6792,94.4529,48.1077,82.104,132.0498,0.0015,0.0001,0.021,149.6676,0.0141,0.1489,0.9575,1
256maize_train_streak virus.JPG,138.8279,141.8682,101.0488,28.7775,94.8308,149.2046,0.0036,0.0001,0.0182,2020.5113,0.0069,0.0284,0.607,1
256maize_valid_streak virus.JPG,154.7168,166.4639,108.7423,46.3758,108.2359,167.8257,0.0047,0.0054,0.0006,1500.4178,0.008,0.0333,0.6094,1
257maize_train_streak virus.JPG,144.1644,158.7382,100.9314,37.5142,99.5287,159.9304,0.0008,0.0006,0.0016,531.37,0.0109,0.0772,0.8038,1
257maize_valid_streak virus.JPG,133.6889,145.8883,73.8714,35.3451,129.8303,146.8059,0.0037,0.0189,0.0,104.4133,0.0194,0.1416,0.9131,1
258maize_train_streak virus.JPG,115.0625,118.3722,80.3388,27.6304,89.4062,124.7588,0.0034,0.0,0.1211,521.5883,0.0936,0.2043,0.922,1
258maize_valid_streak virus.JPG,113.731,130.1895,103.8567,69.779,71.7643,133.5539,0.0005,0.0,0.0754,1480.9985,0.007,0.0335,0.7495,1
259maize_train_streak virus.JPG,129.2506,132.4518,90.3753,28.9242,94.2258,139.9879,0.004,0.0002,0.0051,745.9372,0.0136,0.1254,0.8146,1
259maize_valid_streak virus.JPG,122.4572,159.7567,119.5829,60.8863,80.7759,160.1335,0.0,0.0,0.0,133.966,0.0155,0.1453,0.9477,1
25maize_valid_streak virus.JPG,107.421,101.8755,49.3556,25.2156,151.3084,113.3479,0.0337,0.0522,0.0814,195.2649,0.0299,0.2842,0.9686,1
260maize_train_streak virus.JPG,138.3099,149.3848,103.4882,53.3678,108.9674,152.0504,0.0113,0.0024,0.0035,1580.0576,0.0077,0.0317,0.6188,1
260maize_valid_streak virus.JPG,144.9115,168.3235,122.6099,56.7069,74.9087,170.5604,0.0007,0.0039,0.0087,1359.4594,0.0079,0.0349,0.6634,1
261maize_train_streak virus.JPG,131.6239,143.3278,100.6898,58.5654,107.9216,147.666,0.0149,0.0062,0.0,77.6673,0.0547,0.3511,0.9769,1
261maize_valid_streak virus.JPG,122.413,158.3779,117.5163,77.561,72.5072,160.7026,0.0,0.0,0.0,75.0665,0.0258,0.2525,0.956,1
262maize_train_streak virus.JPG,112.8093,122.9708,78.4408,47.2699,108.8243,125.5161,0.0145,0.0049,0.1074,294.6987,0.0869,0.2669,0.9458,1
262maize_valid_streak virus.JPG,126.3275,151.2152,112.6335,60.3032,78.7979,152.4734,0.0,0.0,0.0154,1485.7426,0.0074,0.0335,0.6717,1
263maize_train_streak virus.JPG,128.7291,140.0159,92.8039,53.5926,112.5775,143.3186,0.0158,0.0063,0.0,271.7008,0.0281,0.2182,0.909,1
263maize_valid_streak virus.JPG,128.3657,158.317,110.5624,52.5148,82.8299,158.5299,0.0,0.0,0.0,110.8707,0.0176,0.1836,0.9596,1
264maize_train_streak virus.JPG,151.6079,161.3432,111.7146,34.59,93.2137,165.0975,0.0036,0.0004,0.0076,2133.299,0.0072,0.0272,0.5152,1
264maize_valid_streak virus.JPG,130.9372,150.7237,100.7438,42.4389,98.2051,151.0306,0.0003,0.0,0.0056,1477.2717,0.0081,0.032,0.5645,1
265maize_train_streak virus.JPG,152.0897,167.2874,112.7352,40.014,89.0009,167.7174,0.0002,0.0002,0.0,382.2926,0.0126,0.0767,0.834,1
265maize_valid_streak virus.JPG,131.0354,151.4395,100.4293,43.7467,90.5356,151.4769,0.0,0.0,0.0,49.8484,0.0215,0.2149,0.9717,1
266maize_train_streak virus.JPG,141.9298,151.9281,101.164,34.6649,93.6933,155.7856,0.003,0.0005,0.0049,721.9707,0.0105,0.0834,0.7766,1
266maize_valid_streak virus.JPG,116.5114,135.9653,93.5894,44.931,95.1052,136.6354,0.0009,0.0,0.0658,1630.8134,0.0073,0.032,0.6855,1
267maize_train_streak virus.JPG,142.3514,152.3665,101.3871,34.6809,93.8651,156.2906,0.0032,0.0005,0.0035,884.5698,0.0102,0.0813,0.733,1
267maize_valid_streak virus.JPG,110.892,131.2318,87.8353,45.9862,88.3115,131.9989,0.0,0.0,0.0642,259.2462,0.0189,0.2206,0.9349,1
268maize_valid_streak virus.JPG,130.8598,126.6437,95.3527,30.3323,82.2513,131.4268,0.103,0.0011,0.0808,119.961,0.0684,0.3652,0.9791,1
269maize_valid_streak virus.JPG,143.9978,139.2978,107.3256,34.6721,80.2169,144.6416,0.106,0.0013,0.0,66.4368,0.0378,0.3274,0.981,1
270maize_valid_streak virus.JPG,132.5506,154.2264,111.903,46.0481,81.4682,155.0244,0.0001,0.0,0.0097,1895.8448,0.0077,0.0292,0.4575,1
271maize_valid_streak virus.JPG,134.9603,158.0817,114.1765,47.0428,73.2804,158.0878,0.0,0.0,0.0,300.7325,0.0138,0.0801,0.8036,1
272maize_valid_streak virus.JPG,132.1257,154.7803,110.345,46.9522,84.838,154.986,0.0,0.0,0.0014,1433.0221,0.0087,0.0324,0.4798,1
273maize_valid_streak virus.JPG,128.2372,151.0774,109.1582,48.2264,74.8961,151.1585,0.0,0.0,0.0,31.0976,0.026,0.2583,0.9766,1
274maize_valid_streak virus.JPG,126.1371,145.0329,106.9023,50.2797,83.3899,146.0213,0.0001,0.0,0.0287,1503.632,0.0077,0.0327,0.6423,1
275maize_valid_streak virus.JPG,124.1303,145.5816,103.9874,50.7141,81.3565,146.2298,0.0,0.0,0.0132,116.2596,0.0173,0.1606,0.9448,1
276maize_valid_streak virus.JPG,122.1805,144.0856,112.9209,57.045,77.4733,145.4979,0.0,0.0,0.0369,1442.4773,0.0077,0.0339,0.669,1
277maize_valid_streak virus.JPG,133.557,161.6604,137.1983,64.4598,57.1831,162.2659,0.0,0.0,0.0,122.6201,0.0184,0.1497,0.9034,1
278maize_valid_streak virus.JPG,131.0916,148.972,107.7408,44.6635,87.4703,151.0264,0.0059,0.0,0.0059,1521.1639,0.0082,0.0323,0.5332,1
279maize_valid_streak virus.JPG,118.2745,142.1962,114.2013,57.1868,66.414,143.8516,0.0054,0.0,0.0,116.1513,0.02,0.1666,0.9127,1
280maize_valid_streak virus.JPG,154.2811,166.4465,116.659,49.824,97.0732,168.0995,0.0047,0.0009,0.0006,1369.6295,0.0083,0.0367,0.6929,1
281maize_valid_streak virus.JPG,134.6658,147.4445,87.7774,40.5,111.0877,148.8827,0.0016,0.0017,0.0,61.4024,0.0258,0.2071,0.9685,1
282maize_valid_streak virus.JPG,121.7707,140.9867,109.4551,64.7805,71.7659,143.175,0.0009,0.0,0.0575,1372.944,0.0079,0.0334,0.7064,1
283maize_valid_streak virus.JPG,126.1508,154.9574,116.0962,53.8129,73.1429,156.0116,0.0051,0.0,0.0,9.1106,0.0396,0.4219,0.9906,1
284maize_train_streak virus.JPG,116.8031,141.1899,88.2745,45.7637,114.4674,141.7338,0.0028,0.0005,0.0386,1450.5728,0.007,0.0337,0.7487,1
284maize_valid_streak virus.JPG,119.4123,142.5074,106.6092,62.7034,77.5322,143.6342,0.0,0.0,0.0703,1366.1356,0.0077,0.0336,0.7338,1
285maize_train_streak virus.JPG,111.2075,139.5183,83.0276,47.2815,112.8079,139.6371,0.0024,0.0001,0.014,129.8015,0.0151,0.1756,0.9738,1
285maize_valid_streak virus.JPG,114.1753,142.5574,103.2709,62.0129,74.6232,143.5813,0.0,0.0,0.0512,7.8563,0.0379,0.4656,0.9973,1
286maize_train_streak virus.JPG,94.6248,116.9496,67.8555,39.9182,104.6413,117.3328,0.002,0.0001,0.1725,397.7185,0.1297,0.2436,0.9504,1
286maize_valid_streak virus.JPG,119.9258,143.1534,107.3254,65.737,69.8718,144.4568,0.0001,0.0,0.0869,1381.8652,0.0075,0.0326,0.7952,1
287maize_train_streak virus.JPG,106.3221,132.2019,76.3089,45.6613,117.9104,132.7641,0.0041,0.0003,0.019,208.5318,0.0136,0.147,0.9572,1
287maize_valid_streak virus.JPG,145.4192,185.257,121.4267,48.8493,88.3107,185.2615,0.0,0.0,0.0,14.2702,0.0444,0.3998,0.9707,1
288maize_train_streak virus.JPG,121.4402,145.2162,90.5328,45.1256,114.2331,145.7567,0.0017,0.0009,0.0478,1357.296,0.007,0.0352,0.7871,1
288maize_valid_streak virus.JPG,112.2241,131.4194,99.4057,57.449,63.9102,133.8427,0.0,0.0,0.0484,1394.8471,0.0076,0.0339,0.6998,1
289maize_train_streak virus.JPG,142.3539,172.1147,92.1395,41.4761,121.7349,172.1598,0.0,0.0012,0.0,66.3821,0.0185,0.1807,0.9723,1
289maize_valid_streak virus.JPG,107.9364,132.5781,92.9611,54.0488,67.2312,134.6074,0.0,0.0,0.0031,44.7147,0.0264,0.3089,0.9867,1
28maize_valid_streak virus.JPG,78.3669,120.7073,80.0165,53.9821,92.8754,120.8622,0.0,0.0,0.1641,204.5135,0.1333,0.2576,0.9614,1
290maize_train_streak virus.JPG,97.5699,120.0291,68.6496,39.8939,106.601,120.3433,0.0004,0.0006,0.1744,423.0527,0.1247,0.2313,0.9514,1
290maize_valid_streak virus.JPG,119.5176,144.3538,133.0515,76.8509,59.4317,147.0279,0.0,0.0,0.0113,1688.054,0.008,0.0312,0.5343,1
291maize_train_streak virus.JPG,111.0486,136.5629,78.6616,45.0082,118.3882,137.1199,0.0016,0.0007,0.0331,116.1524,0.0157,0.1801,0.9793,1
291maize_valid_streak virus.JPG,120.3399,162.7633,148.3112,79.2948,70.3004,163.0841,0.0,0.0,0.0,287.3907,0.0193,0.1544,0.8755,1
292maize_train_streak virus.JPG,185.1622,193.8776,154.5895,65.6528,70.1123,196.8809,0.005,0.0267,0.0004,1151.3634,0.0101,0.0455,0.7111,1
293maize_train_streak virus.JPG,142.8839,160.2858,96.621,41.2082,105.1349,160.3544,0.0,0.0157,0.0,46.1091,0.0291,0.2869,0.9693,1
294maize_train_streak virus.JPG,148.0652,156.9048,118.9493,54.8701,69.5295,159.3617,0.0001,0.0524,0.1699,258.2454,0.1456,0.3904,0.9784,1
295maize_train_streak virus.JPG,179.9306,188.6963,149.8237,68.996,72.9087,193.2886,0.01,0.0523,0.0,79.659,0.031,0.3287,0.9791,1
296maize_train_streak virus.JPG,130.2117,130.1029,68.6718,30.222,143.5316,139.0522,0.0791,0.0239,0.0189,1586.9986,0.0079,0.0318,0.5612,1
297maize_train_streak virus.JPG,127.2428,132.3385,57.9737,31.4569,149.8473,137.2872,0.0469,0.0967,0.0053,84.4607,0.0217,0.2332,0.956,1
298maize_train_streak virus.JPG,104.0424,105.426,48.5641,28.2057,133.6702,112.0906,0.0806,0.0353,0.148,209.8557,0.1163,0.2774,0.9585,1
299maize_train_streak virus.JPG,120.4942,120.3604,56.2432,30.0789,148.057,129.5106,0.1067,0.0401,0.0096,247.7538,0.0183,0.1898,0.8957,1
29maize_valid_streak virus.JPG,93.5455,144.1466,95.1143,62.1757,103.4315,144.2814,0.0,0.0,0.0,101.4068,0.0256,0.2172,0.9272,1
2maize_valid_streak virus.JPG,105.411,107.5716,62.3316,29.003,111.8228,116.1192,0.0427,0.0268,0.1022,76.672,0.0786,0.3074,0.9846,1
300maize_train_streak virus.JPG,150.2918,144.5824,88.1866,27.5483,124.2029,158.018,0.1048,0.0091,0.0031,1606.7012,0.0079,0.0314,0.5512,1
301maize_train_streak virus.JPG,144.2087,141.6843,83.2176,29.2061,119.2787,152.8259,0.1295,0.0076,0.0,206.0409,0.0164,0.1448,0.9127,1
302maize_train_streak virus.JPG,117.4638,116.8406,65.9016,26.3942,109.1434,125.1066,0.083,0.0119,0.1707,200.7481,0.1421,0.2741,0.9708,1
303maize_train_streak virus.JPG,140.8089,134.9896,77.0994,27.6705,126.2509,148.7656,0.1401,0.0128,0.0002,317.1228,0.0154,0.1433,0.8684,1
304maize_train_streak virus.JPG,135.7853,146.6843,104.7911,54.0242,104.1359,149.7234,0.0113,0.0016,0.0057,1436.1473,0.0077,0.0332,0.6662,1
305maize_train_streak virus.JPG,122.4043,133.4185,86.2436,51.6156,115.9095,137.1588,0.0189,0.0053,0.0,54.657,0.0405,0.2956,0.982,1
306maize_train_streak virus.JPG,107.5667,117.2618,77.5814,46.375,100.4122,119.9594,0.0146,0.0026,0.1289,274.9453,0.109,0.2845,0.9531,1
307maize_train_streak virus.JPG,126.0058,137.0789,94.2869,54.2846,106.6098,140.8411,0.0156,0.0045,0.0,118.7209,0.0319,0.2594,0.962,1
308maize_train_streak virus.JPG,153.8727,150.6571,89.3528,28.5785,124.8191,161.5962,0.0821,0.0198,0.0021,1535.0915,0.008,0.0322,0.5643,1
309maize_train_streak virus.JPG,148.2407,158.7374,84.4927,34.3941,121.1679,159.8977,0.0132,0.0253,0.0,145.9548,0.0178,0.1346,0.9044,1
310maize_train_streak virus.JPG,125.4736,126.2086,69.8778,28.0629,113.334,133.1024,0.065,0.026,0.1475,108.3791,0.1198,0.291,0.9834,1
311maize_train_streak virus.JPG,144.2241,140.9315,78.1729,28.6761,126.9135,152.1661,0.1094,0.0284,0.0,203.182,0.0153,0.1413,0.9121,1
312maize_train_streak virus.JPG,120.9779,125.1585,62.9421,32.4835,148.1121,131.7729,0.0608,0.0257,0.026,1436.788,0.0081,0.0336,0.581,1
313maize_train_streak virus.JPG,129.5743,141.6276,60.6492,34.6021,148.3977,141.6397,0.0014,0.0905,0.0,35.0917,0.0292,0.3326,0.9787,1
314maize_train_streak virus.JPG,94.048,99.1031,42.6778,29.6008,136.7021,103.5952,0.0538,0.0403,0.1712,101.1518,0.1294,0.3255,0.9793,1
315maize_train_streak virus.JPG,110.7154,114.9981,49.6731,32.1317,154.3499,121.7312,0.0836,0.044,0.0194,106.8084,0.0218,0.2336,0.9513,1
316maize_train_streak virus.JPG,80.284,80.0524,47.2298,30.5389,141.0123,86.1486,0.0169,0.0,0.1373,1346.1023,0.0094,0.0332,0.3781,1
317maize_train_streak virus.JPG,80.3501,87.4175,37.5806,34.5704,147.6582,87.5523,0.0153,0.0,0.0726,62.9233,0.0234,0.1862,0.935,1
318maize_train_streak virus.JPG,62.935,63.5777,29.2436,29.4188,140.0155,68.6979,0.009,0.0,0.1893,94.0029,0.0801,0.2447,0.9431,1
319maize_train_streak virus.JPG,69.4651,69.0082,31.7171,30.1288,150.4954,75.6022,0.0114,0.0,0.1064,95.123,0.0229,0.1779,0.905,1
320maize_train_streak virus.JPG,71.7095,78.2766,45.6507,36.4289,136.4821,79.0734,0.0048,0.0,0.1879,1294.4077,0.0098,0.0352,0.3398,1
321maize_train_streak virus.JPG,63.8006,71.4848,32.0725,36.1158,142.349,71.5839,0.0051,0.0,0.1318,39.0619,0.0295,0.2476,0.9489,1
322maize_train_streak virus.JPG,52.2862,58.5259,26.0211,32.3535,130.2386,59.0551,0.0029,0.0,0.2828,89.405,0.1185,0.2797,0.9428,1
323maize_train_streak virus.JPG,60.5521,67.4456,29.851,35.2186,145.5932,68.3505,0.0034,0.0,0.1824,63.7842,0.0263,0.2125,0.9202,1
324maize_train_streak virus.JPG,81.5527,81.761,47.4728,30.3104,143.0074,88.1437,0.0159,0.0001,0.1306,1311.3595,0.0093,0.0347,0.4372,1
325maize_train_streak virus.JPG,77.7861,83.7342,35.8704,34.0044,151.5005,86.0916,0.0199,0.0,0.0341,63.1261,0.0245,0.217,0.9397,1
326maize_train_streak virus.JPG,60.9784,62.2637,27.6619,28.014,136.5409,67.1994,0.0075,0.0,0.2156,181.3827,0.1258,0.3142,0.9139,1
327maize_train_streak virus.JPG,70.6519,70.6264,31.7516,30.064,153.6353,77.5216,0.0156,0.0,0.0951,54.5951,0.0278,0.2555,0.9527,1
328maize_train_streak virus.JPG,160.7361,177.1016,113.4355,47.5972,104.3474,177.6561,0.0004,0.0307,0.0003,1320.1221,0.0084,0.0358,0.6165,1
329maize_train_streak virus.JPG,129.6302,151.2015,71.1819,38.2832,136.4078,151.2252,0.0001,0.0401,0.0,37.3601,0.0275,0.2513,0.9677,1
32maize_valid_streak virus.JPG,136.4358,150.6216,121.5436,65.0943,78.2267,154.7009,0.0,0.0,0.0145,122.0186,0.0332,0.3219,0.9791,1
330maize_train_streak virus.JPG,132.2976,147.7703,87.5549,41.757,101.7835,148.3118,0.0001,0.0529,0.1122,121.3914,0.0938,0.363,0.9813,1
331maize_train_streak virus.JPG,152.2242,168.9757,104.2048,48.5126,106.6753,169.96,0.0001,0.0585,0.0,78.395,0.0283,0.2631,0.97,1
332maize_train_streak virus.JPG,74.1606,81.5136,46.374,36.6242,138.9185,82.4467,0.0075,0.0,0.1783,1271.5812,0.0095,0.0349,0.4321,1
332maize_valid_streak virus.JPG,103.5741,138.9946,122.8466,85.3479,81.1193,141.1119,0.0,0.0,0.0128,1654.3509,0.0079,0.0313,0.5403,1
333maize_train_streak virus.JPG,69.3369,79.2939,35.4159,37.4365,142.5567,79.2986,0.0087,0.0,0.0621,3.7312,0.0511,0.5369,0.9957,1
333maize_valid_streak virus.JPG,91.7064,132.3987,116.3193,90.4499,84.6432,134.371,0.0,0.0,0.0,235.169,0.0199,0.1828,0.8999,1
334maize_train_streak virus.JPG,54.2634,61.215,26.2506,31.632,129.5698,61.7203,0.0085,0.0,0.2805,169.465,0.1471,0.2827,0.9169,1
334maize_valid_streak virus.JPG,116.1718,152.3462,124.1685,68.6208,78.6357,152.4747,0.0,0.0,0.0017,1610.0704,0.0088,0.0308,0.3808,1
335maize_train_streak virus.JPG,62.9938,70.6697,30.6426,35.5094,148.9584,71.7341,0.0107,0.0,0.1737,15.7351,0.0349,0.3655,0.9854,1
335maize_valid_streak virus.JPG,105.7033,142.7685,127.0945,77.2808,68.5869,143.0108,0.0,0.0,0.0,101.3449,0.024,0.1988,0.9082,1
336maize_train_streak virus.JPG,88.3136,84.9036,48.8023,26.8581,146.2924,93.9755,0.0207,0.0002,0.0907,1278.6745,0.0091,0.0352,0.4702,1
336maize_valid_streak virus.JPG,172.1038,180.61,124.3721,45.5242,92.604,182.0707,0.0032,0.0209,0.0002,1328.023,0.0084,0.0365,0.6098,1
337maize_train_streak virus.JPG,78.4774,76.4317,34.9488,27.8767,152.7419,84.4594,0.0137,0.0,0.0291,6.6951,0.0464,0.4593,0.9949,1
337maize_valid_streak virus.JPG,156.9251,166.9903,92.9014,34.2722,114.7623,168.1286,0.0005,0.0369,0.0,53.4334,0.025,0.2081,0.9367,1
338maize_train_streak virus.JPG,65.8672,64.7183,29.1357,25.4661,134.0208,71.0633,0.0125,0.0,0.1837,75.4737,0.1452,0.3671,0.9695,1
338maize_valid_streak virus.JPG,121.289,156.5865,125.6323,65.411,77.7587,157.1275,0.0,0.0,0.0259,1483.3051,0.0076,0.0332,0.6626,1
339maize_train_streak virus.JPG,78.1164,74.1757,33.8978,27.1385,155.5501,83.9284,0.0226,0.0,0.0246,23.3566,0.0358,0.3448,0.9813,1
339maize_valid_streak virus.JPG,119.3612,159.1315,122.8466,63.2753,76.1145,159.2682,0.0,0.0,0.0001,134.3358,0.0161,0.1436,0.9405,1
33maize_valid_streak virus.JPG,138.9132,153.2065,123.7623,65.14,76.9474,157.4229,0.0001,0.0,0.0,107.7659,0.0328,0.3093,0.9803,1
344maize_valid_streak virus.JPG,107.8602,142.7629,121.2729,72.4164,81.2142,145.5262,0.0,0.0,0.0118,1747.6413,0.0078,0.0303,0.5172,1
345maize_valid_streak virus.JPG,104.9628,141.7231,122.4267,75.9586,76.7718,145.235,0.0,0.0,0.0,346.0834,0.0225,0.2002,0.8323,1
346maize_valid_streak virus.JPG,127.7534,142.9394,123.2313,59.1481,57.7301,144.1403,0.0,0.0006,0.04,1438.3647,0.0073,0.0329,0.7233,1
347maize_valid_streak virus.JPG,122.7884,144.3823,125.3685,64.1426,50.7379,144.6689,0.0,0.0,0.0,100.7258,0.0175,0.1664,0.9549,1
348maize_valid_streak virus.JPG,113.7582,130.8671,117.8539,75.7483,57.0273,132.7227,0.0001,0.0,0.0871,1415.8953,0.0069,0.0345,0.7904,1
349maize_valid_streak virus.JPG,141.8678,167.5796,146.4397,65.7091,49.6566,168.0726,0.0,0.0,0.0032,96.6053,0.0175,0.173,0.965,1
350maize_valid_streak virus.JPG,133.2858,150.5573,128.1955,63.4596,60.8436,153.6579,0.0007,0.0,0.0121,1569.9998,0.0075,0.0319,0.6306,1
351maize_valid_streak virus.JPG,122.9543,147.3043,125.0282,64.9323,57.6382,148.2172,0.0,0.0,0.0004,171.7018,0.0154,0.1421,0.9402,1
352maize_valid_streak virus.JPG,122.7419,148.366,129.2543,80.8357,64.1323,151.1408,0.0,0.0,0.0209,1482.8881,0.0074,0.0341,0.6917,1
353maize_valid_streak virus.JPG,104.9963,133.1624,111.8857,83.2182,70.4323,135.7515,0.0,0.0,0.0,60.5733,0.0261,0.2958,0.9867,1
354maize_valid_streak virus.JPG,153.5137,159.5218,126.7284,65.1827,90.0116,165.9147,0.0172,0.0035,0.0274,1250.8146,0.008,0.0384,0.836,1
355maize_valid_streak virus.JPG,143.0326,156.843,108.6293,56.6318,103.1915,160.4839,0.0021,0.0111,0.0,64.9433,0.0487,0.299,0.9856,1
356maize_valid_streak virus.JPG,136.1923,156.4989,127.0514,54.6804,61.9039,156.9645,0.0,0.0,0.0056,1432.6012,0.0078,0.0343,0.6474,1
357maize_valid_streak virus.JPG,131.5474,151.8206,122.4276,55.3009,59.7263,152.2314,0.0001,0.0,0.0,57.3069,0.0179,0.1936,0.9799,1
358maize_valid_streak virus.JPG,110.7973,123.8328,106.4629,66.2178,62.7241,125.7831,0.0,0.0,0.0921,1453.8265,0.0073,0.0323,0.7342,1
359maize_valid_streak virus.JPG,110.4049,124.1517,107.4886,76.3685,54.2614,126.9361,0.0,0.0,0.0822,65.3021,0.0243,0.2541,0.9852,1
360maize_valid_streak virus.JPG,105.9525,126.4671,109.3757,77.1541,65.1581,128.4639,0.0,0.0,0.0866,1435.8511,0.0071,0.0339,0.7637,1
361maize_valid_streak virus.JPG,120.6044,152.4642,123.3831,63.0258,64.9528,152.8376,0.0,0.0,0.0167,85.7587,0.0184,0.2299,0.9779,1
362maize_valid_streak virus.JPG,107.6161,120.317,104.0336,83.5357,70.3918,127.0502,0.0,0.0,0.0569,1637.1567,0.0074,0.0314,0.6722,1
363maize_valid_streak virus.JPG,129.1665,163.1252,137.3577,67.4996,59.2904,163.6582,0.0,0.0,0.0,128.2358,0.0195,0.2021,0.9294,1
364maize_valid_streak virus.JPG,115.5153,137.0998,110.8595,69.4233,74.5996,138.964,0.0,0.0074,0.04,1354.0474,0.0072,0.0344,0.7699,1
365maize_valid_streak virus.JPG,128.4316,154.7813,130.0283,63.5426,58.1614,155.248,0.0,0.0027,0.0001,20.8458,0.0251,0.3306,0.9934,1
366maize_valid_streak virus.JPG,108.606,115.6229,102.5328,75.5274,86.8931,124.3333,0.0,0.0,0.0627,46.5676,0.0694,0.5189,0.994,1
367maize_valid_streak virus.JPG,119.1566,126.1002,113.9015,81.1382,85.5148,135.9785,0.0,0.0,0.0,17.5106,0.0584,0.521,0.9974,1
368maize_valid_streak virus.JPG,109.6857,124.2325,106.7286,62.0438,65.1866,126.8137,0.0003,0.0,0.0829,1489.0635,0.0075,0.0321,0.703,1
369maize_valid_streak virus.JPG,109.8516,130.6617,108.0553,59.0314,62.4979,131.7848,0.0,0.0,0.0836,189.8344,0.0208,0.1801,0.9448,1
36maize_valid_streak virus.JPG,106.7748,126.5151,99.0114,52.8632,76.1453,129.0465,0.0017,0.0,0.0404,90.8403,0.0327,0.2927,0.9721,1
370maize_valid_streak virus.JPG,120.8995,134.6674,105.3714,45.9518,76.0061,137.3146,0.0007,0.0,0.0279,1540.3849,0.0074,0.0313,0.6618,1
371maize_valid_streak virus.JPG,120.0295,139.0893,108.5216,52.2319,65.2392,139.4304,0.0,0.0,0.0,113.2481,0.0154,0.1431,0.9602,1
372maize_valid_streak virus.JPG,105.9801,124.1773,95.0978,51.139,82.2899,125.3305,0.0,0.0,0.0488,1818.0482,0.0074,0.0296,0.5738,1
373maize_valid_streak virus.JPG,132.8857,153.068,122.0477,54.551,59.2389,153.5958,0.0,0.0,0.0,63.5061,0.0318,0.3723,0.9676,1
374maize_valid_streak virus.JPG,119.1049,150.8313,111.9052,63.0717,90.4889,151.5376,0.0001,0.0112,0.0074,1615.3873,0.0078,0.0323,0.5814,1
375maize_valid_streak virus.JPG,106.5733,139.9838,101.5385,64.2663,88.2714,140.376,0.0,0.0087,0.003,262.5094,0.0154,0.153,0.8944,1
376maize_valid_streak virus.JPG,116.8173,145.6446,119.5175,71.9224,74.799,148.0225,0.0,0.0,0.0128,1377.9488,0.0081,0.0353,0.6625,1
377maize_valid_streak virus.JPG,109.0044,145.7927,117.0824,66.8257,68.7065,146.1947,0.0,0.0,0.0,19.6472,0.0345,0.2763,0.9724,1
378maize_valid_streak virus.JPG,141.7422,153.1519,104.1471,58.3983,111.9839,155.0972,0.008,0.0104,0.0033,1340.0915,0.0083,0.0352,0.7641,1
379maize_valid_streak virus.JPG,111.0397,126.9438,58.1372,41.383,147.9096,127.799,0.0131,0.0123,0.0,24.9652,0.0373,0.3152,0.9872,1
37maize_valid_streak virus.JPG,110.7644,131.614,102.7797,53.9248,74.6561,134.2093,0.0018,0.0001,0.0,40.7859,0.0245,0.2603,0.9819,1
380maize_valid_streak virus.JPG,112.1809,128.8073,108.5547,65.518,71.3047,133.396,0.0002,0.0,0.0302,1418.3658,0.0077,0.0325,0.6639,1
381maize_valid_streak virus.JPG,124.5804,152.0878,131.7018,67.4181,52.6933,152.5418,0.0,0.0,0.0,59.5941,0.0261,0.2284,0.9594,1
382maize_valid_streak virus.JPG,126.0827,148.3473,114.1183,53.615,81.3606,148.696,0.0,0.0,0.0192,1834.9706,0.0071,0.0297,0.6222,1
383maize_valid_streak virus.JPG,124.5233,149.544,100.1083,47.0234,97.3508,149.5524,0.0,0.0,0.0,69.0957,0.0246,0.3492,0.9828,1
384maize_valid_streak virus.JPG,118.2069,139.8166,126.3609,69.2586,65.724,141.6532,0.0009,0.0,0.0091,1499.9388,0.0082,0.0329,0.5637,1
385maize_valid_streak virus.JPG,105.4995,135.2044,126.8864,79.892,64.1457,136.334,0.0,0.0,0.0,55.5792,0.0478,0.2992,0.9721,1
386maize_valid_streak virus.JPG,113.6652,130.4832,99.3585,49.9322,82.5135,132.3422,0.0021,0.0003,0.0489,1959.2526,0.0073,0.0291,0.5683,1
387maize_valid_streak virus.JPG,129.4157,150.434,122.9458,57.5139,56.8317,151.378,0.0,0.0,0.0,244.3429,0.0135,0.0972,0.8968,1
388maize_valid_streak virus.JPG,127.6495,139.0145,125.2242,64.4652,64.4881,144.1078,0.0014,0.0,0.0425,2128.1313,0.0065,0.0278,0.677,1
389maize_valid_streak virus.JPG,117.946,132.7743,111.9372,65.6728,70.2294,138.3746,0.0007,0.0,0.0025,412.2652,0.016,0.1577,0.8995,1
392maize_valid_streak virus.JPG,113.7344,125.8864,97.8357,47.491,83.6148,128.0217,0.0009,0.0,0.0483,1613.1915,0.0073,0.0316,0.649,1
393maize_valid_streak virus.JPG,134.9186,148.8725,123.0791,52.989,53.3152,149.2293,0.0003,0.0,0.0,158.4367,0.0167,0.149,0.9332,1
394maize_valid_streak virus.JPG,137.0544,155.1141,129.1637,56.7649,57.7491,155.6716,0.0001,0.0,0.0041,1505.1329,0.0082,0.033,0.5369,1
395maize_valid_streak virus.JPG,132.3475,151.3941,119.5515,51.6964,58.316,151.4184,0.0,0.0,0.0,75.5781,0.0192,0.1866,0.9606,1
396maize_valid_streak virus.JPG,148.797,163.181,125.9329,47.7208,76.2923,165.5053,0.0033,0.0003,0.0024,1737.8232,0.0077,0.0318,0.5476,1
397maize_valid_streak virus.JPG,149.2823,167.3583,137.7523,54.233,53.7774,168.2312,0.0,0.0,0.0,155.457,0.0177,0.1189,0.8839,1
398maize_valid_streak virus.JPG,128.384,139.1261,113.6336,50.2538,63.7646,141.1178,0.0015,0.0001,0.0061,1508.1182,0.0081,0.0315,0.5572,1
399maize_valid_streak virus.JPG,125.6858,136.5868,114.8567,52.4978,52.1734,138.7962,0.0001,0.0,0.0,83.6754,0.0187,0.1994,0.9614,1
3maize_valid_streak virus.JPG,116.6418,117.2913,68.5843,29.258,116.8885,127.874,0.0564,0.0298,0.0,68.9338,0.0224,0.2469,0.9771,1
400maize_valid_streak virus.JPG,113.3062,130.6384,107.9981,57.1587,66.4991,131.0115,0.0003,0.0,0.0302,2376.4764,0.0073,0.0262,0.3946,1
401maize_valid_streak virus.JPG,113.4994,132.7378,113.0482,61.7862,51.1459,132.9228,0.0,0.0,0.0,705.0069,0.0105,0.0565,0.7125,1
402maize_valid_streak virus.JPG,173.9555,185.8999,117.4871,50.1792,107.2067,186.6497,0.0016,0.0551,0.0,1239.4999,0.0101,0.0424,0.6082,1
403maize_valid_streak virus.JPG,150.7466,165.1157,80.7006,35.2788,130.9141,165.4042,0.0,0.1384,0.0,30.5707,0.0341,0.2465,0.9277,1
40maize_valid_streak virus.JPG,103.8764,116.3373,76.6939,34.9573,89.0565,118.431,0.0017,0.0,0.1742,123.2818,0.0556,0.2734,0.9773,1
41maize_valid_streak virus.JPG,110.0611,122.8676,81.095,35.6758,90.0047,125.3152,0.0019,0.0,0.135,80.4823,0.0212,0.2557,0.9811,1
468maize_train_streak virus.JPG,134.9477,126.7274,93.4192,22.8445,95.7464,140.1603,0.0401,0.001,0.0116,1365.3037,0.0078,0.0336,0.6735,1
469maize_train_streak virus.JPG,134.8995,133.7083,91.0391,28.9389,95.4492,144.5236,0.0522,0.0024,0.0,21.1441,0.0259,0.319,0.9935,1
470maize_train_streak virus.JPG,104.4267,97.8088,69.33,20.5794,83.7775,109.1702,0.0399,0.0022,0.1707,62.447,0.145,0.4008,0.9898,1
471maize_train_streak virus.JPG,125.2808,117.0458,82.7219,23.0432,94.5542,130.6756,0.0457,0.0025,0.0,23.1,0.0264,0.3073,0.9921,1
472maize_train_streak virus.JPG,134.3919,125.88,81.1543,25.8723,122.8489,142.2704,0.1283,0.0044,0.0051,1362.2363,0.0083,0.0339,0.6021,1
473maize_train_streak virus.JPG,129.1888,126.1176,69.8535,29.0558,131.872,140.0888,0.1615,0.0121,0.0,2.1825,0.045,0.5818,0.9988,1
474maize_train_streak virus.JPG,121.5489,113.076,67.4528,26.4958,127.6617,129.3404,0.1453,0.007,0.0281,47.5184,0.0304,0.3296,0.9828,1
475maize_train_streak virus.JPG,124.6831,115.9579,69.4674,26.098,125.4786,132.6399,0.1473,0.0078,0.0,11.3271,0.0333,0.3976,0.9948,1
476maize_train_streak virus.JPG,158.8499,157.764,113.4853,28.5657,88.1968,166.8336,0.021,0.0011,0.0041,1355.6063,0.0081,0.0343,0.6549,1
477maize_train_streak virus.JPG,147.8156,148.6186,103.3372,29.5641,87.3723,157.4043,0.0107,0.0008,0.0,19.1491,0.0306,0.3673,0.993,1
478maize_train_streak virus.JPG,146.3155,145.7165,101.3663,28.9701,89.6545,154.5971,0.0157,0.0023,0.0222,97.7881,0.0245,0.2583,0.9714,1
479maize_train_streak virus.JPG,149.6297,148.8101,103.551,28.6879,88.0417,158.0397,0.0177,0.0024,0.0,24.953,0.0291,0.3471,0.9908,1
480maize_train_streak virus.JPG,160.5309,172.9484,127.7574,54.3164,88.8998,174.8756,0.0032,0.0007,0.0006,1296.1199,0.0084,0.0378,0.7278,1
480maize_valid_streak virus.JPG,134.5691,132.3558,89.9112,29.0001,107.0184,142.1559,0.0441,0.0139,0.0086,1511.5561,0.0078,0.0335,0.6114,1
481maize_train_streak virus.JPG,140.1576,155.2455,104.3564,49.5683,101.1419,157.8127,0.0011,0.0006,0.0,80.0238,0.046,0.2517,0.9777,1
481maize_valid_streak virus.JPG,132.8811,140.4811,97.9254,36.1534,86.1959,144.8515,0.0108,0.0082,0.0,81.9645,0.0215,0.2672,0.9709,1
482maize_train_streak virus.JPG,131.9559,143.6975,103.3907,49.0641,87.816,147.0141,0.0006,0.0006,0.117,129.8737,0.1036,0.3884,0.9841,1
482maize_valid_streak virus.JPG,137.1751,129.7174,88.5689,25.409,111.265,146.4407,0.0601,0.0151,0.0083,1407.1773,0.0079,0.0332,0.6212,1
483maize_train_streak virus.JPG,152.6297,165.627,122.29,56.0817,91.7925,170.0692,0.0012,0.0011,0.0,81.4732,0.0497,0.2902,0.9809,1
483maize_valid_streak virus.JPG,123.4581,123.6317,80.7255,29.4387,106.229,137.1843,0.0584,0.0041,0.0,42.26,0.0277,0.3329,0.9815,1
484maize_train_streak virus.JPG,134.0109,142.347,120.6615,45.7627,77.8275,151.8749,0.0046,0.001,0.0038,1424.3379,0.008,0.0326,0.615,1
484maize_valid_streak virus.JPG,126.3712,124.35,92.3235,30.7414,95.7489,134.7477,0.0295,0.0007,0.0249,1452.7522,0.0076,0.0323,0.6613,1
485maize_train_streak virus.JPG,118.731,148.4615,125.1007,62.8882,76.6001,149.3676,0.0,0.0,0.0,70.7774,0.0191,0.1818,0.9731,1
485maize_valid_streak virus.JPG,109.5428,111.4567,75.9735,33.9224,96.9391,120.0259,0.0492,0.0,0.0022,49.2137,0.0215,0.243,0.9781,1
486maize_train_streak virus.JPG,100.958,110.2617,92.2175,41.9372,72.2401,118.246,0.0049,0.0001,0.1539,97.7999,0.1278,0.3683,0.9826,1
486maize_valid_streak virus.JPG,132.7993,123.1255,94.6749,26.6241,96.0486,139.0302,0.0405,0.0,0.0349,1440.754,0.0076,0.0323,0.6676,1
487maize_train_streak virus.JPG,124.3068,132.9936,110.7893,45.8464,76.803,142.6192,0.006,0.0002,0.0005,75.3573,0.0251,0.2405,0.9699,1
487maize_valid_streak virus.JPG,114.5409,117.0176,87.1921,33.6353,86.1703,123.3896,0.019,0.0,0.0427,24.4243,0.0285,0.3903,0.9945,1
488maize_train_streak virus.JPG,124.2113,139.5919,105.6459,49.9956,79.1173,140.4053,0.0008,0.0,0.0558,1662.5968,0.0068,0.0326,0.7246,1
488maize_valid_streak virus.JPG,152.1181,154.037,152.5036,93.8286,53.8497,166.7173,0.0004,0.0,0.0574,108.2851,0.1025,0.5209,0.9847,1
489maize_train_streak virus.JPG,117.0697,131.1183,104.5527,60.3272,61.6465,131.9161,0.0,0.0,0.1188,130.694,0.0297,0.2256,0.9812,1
489maize_valid_streak virus.JPG,162.7351,164.567,163.5772,99.0435,52.4863,178.2483,0.0006,0.0001,0.0,95.2881,0.1096,0.5038,0.9789,1
490maize_train_streak virus.JPG,98.701,112.1549,82.3679,44.1953,68.9537,112.7228,0.0001,0.0,0.2171,237.844,0.1351,0.2716,0.9725,1
490maize_valid_streak virus.JPG,163.1004,181.5598,163.0482,78.941,65.9919,188.292,0.0,0.0,0.0023,1219.3296,0.0088,0.041,0.809,1
491maize_train_streak virus.JPG,114.2093,129.9733,94.7484,51.129,77.1171,130.9164,0.0004,0.0,0.0727,391.2194,0.0149,0.1458,0.9238,1
491maize_valid_streak virus.JPG,131.5283,156.1161,127.3056,68.4139,88.5326,164.4613,0.0,0.0,0.0,148.574,0.0302,0.2537,0.9715,1
492maize_train_streak virus.JPG,174.3373,186.3419,147.4182,61.7931,76.9858,188.7925,0.0091,0.0112,0.0099,1100.3495,0.0115,0.0508,0.8369,1
492maize_valid_streak virus.JPG,128.5821,137.2421,89.0299,34.8619,114.5013,148.812,0.0323,0.0005,0.0076,1449.6794,0.0079,0.0323,0.628,1
493maize_train_streak virus.JPG,158.1239,179.0926,120.5274,59.3252,98.6461,180.5745,0.0,0.0248,0.0,26.9782,0.0573,0.4135,0.9933,1
493maize_valid_streak virus.JPG,119.0992,142.6857,81.2995,41.8089,116.6046,147.5966,0.0134,0.0008,0.0,91.3731,0.0192,0.207,0.9619,1
494maize_train_streak virus.JPG,164.1188,176.6909,138.1006,67.8884,81.5035,180.2278,0.0137,0.018,0.0374,113.7757,0.0537,0.3918,0.9865,1
494maize_valid_streak virus.JPG,103.7487,133.0716,100.8101,59.8427,92.2635,133.4437,0.0008,0.0,0.0062,1559.312,0.0091,0.0316,0.3662,1
495maize_train_streak virus.JPG,169.7715,182.2345,143.2607,69.1994,80.3651,186.079,0.0151,0.0183,0.0058,82.2053,0.052,0.3832,0.9886,1
495maize_valid_streak virus.JPG,94.91,121.7904,82.2206,53.5901,94.5299,122.0848,0.0027,0.0,0.0,125.7008,0.0294,0.2643,0.8937,1
496maize_train_streak virus.JPG,113.5623,131.7425,94.7146,47.3261,89.1189,132.8302,0.0006,0.0,0.0368,1568.4273,0.0074,0.0324,0.6611,1
496maize_valid_streak virus.JPG,125.6338,130.777,96.7957,37.8491,89.7938,137.3041,0.0305,0.002,0.0133,1677.8027,0.008,0.031,0.5178,1
497maize_train_streak virus.JPG,92.3319,115.4442,77.8933,50.51,93.7806,115.527,0.0001,0.0,0.0007,49.5343,0.031,0.282,0.9843,1
497maize_valid_streak virus.JPG,102.4585,118.3607,81.3495,46.35,87.806,119.2251,0.019,0.005,0.0002,329.8943,0.0131,0.0983,0.8488,1
498maize_train_streak virus.JPG,94.5387,112.5191,76.7175,43.6455,84.293,113.2552,0.0004,0.0,0.1187,209.6932,0.0783,0.2268,0.9582,1
498maize_valid_streak virus.JPG,124.211,106.2957,81.1448,16.9093,116.5027,126.2365,0.0594,0.0053,0.1369,1268.1865,0.0071,0.0365,0.8408,1
499maize_train_streak virus.JPG,103.4132,121.9581,83.7842,47.3737,86.9544,123.1421,0.0006,0.0,0.0379,245.1279,0.0154,0.1586,0.9291,1
499maize_valid_streak virus.JPG,117.6511,98.7495,71.1275,17.3049,137.436,120.6234,0.0783,0.0003,0.2581,54.4872,0.0459,0.4069,0.9947,1
500maize_train_streak virus.JPG,111.9409,121.632,84.9669,35.9737,101.2996,124.6907,0.0057,0.0,0.0982,1380.8161,0.007,0.0351,0.7833,1
501maize_train_streak virus.JPG,156.0331,168.2272,119.4351,36.7095,84.0516,168.5506,0.0,0.0,0.0,37.4077,0.0256,0.3946,0.992,1
502maize_train_streak virus.JPG,96.3762,106.1936,69.7467,34.9824,95.6134,108.9021,0.0037,0.0,0.1813,283.4239,0.0675,0.2126,0.9583,1
503maize_train_streak virus.JPG,101.8719,111.7296,73.144,35.9351,100.1932,115.0741,0.0054,0.0,0.1215,114.7625,0.0168,0.1951,0.9793,1
504maize_train_streak virus.JPG,115.5835,123.9602,85.2934,34.4444,107.8573,127.7552,0.0069,0.0001,0.0955,1294.5676,0.007,0.036,0.8254,1
505maize_train_streak virus.JPG,113.9782,123.8176,77.002,34.6114,115.3274,127.58,0.0071,0.0001,0.0233,35.7264,0.0207,0.281,0.9943,1
506maize_train_streak virus.JPG,102.334,110.653,70.7491,33.8518,109.1516,114.5291,0.0043,0.0,0.1359,290.8396,0.0367,0.1931,0.9609,1
507maize_train_streak virus.JPG,105.7395,114.3856,73.1152,34.5403,109.7836,118.51,0.0041,0.0001,0.1097,70.5167,0.02,0.2426,0.9897,1
508maize_train_streak virus.JPG,116.4616,128.4696,92.2342,39.3074,89.9632,130.0987,0.0043,0.0,0.0824,1337.1055,0.0072,0.0356,0.7673,1
509maize_train_streak virus.JPG,117.8796,133.1012,90.1471,41.2603,87.5409,134.0242,0.0058,0.0,0.0246,36.1273,0.0197,0.2401,0.9894,1
510maize_train_streak virus.JPG,102.4168,114.055,78.4974,39.2067,84.4895,115.6847,0.0051,0.0,0.166,337.1786,0.041,0.1737,0.942,1
511maize_train_streak virus.JPG,106.5108,118.6055,81.1976,40.0674,86.3509,120.4469,0.0059,0.0,0.1216,45.2737,0.0208,0.265,0.9907,1
512maize_train_streak virus.JPG,103.986,120.7689,84.5071,42.8463,94.2781,121.8324,0.0018,0.0017,0.0777,1375.0231,0.0078,0.0339,0.6679,1
513maize_train_streak virus.JPG,91.257,115.0995,73.5155,48.4251,96.4004,115.1197,0.0003,0.0007,0.0008,23.0646,0.0284,0.324,0.9852,1
514maize_train_streak virus.JPG,91.9871,108.8719,72.1892,43.301,91.6313,109.982,0.0018,0.0035,0.1251,369.1307,0.0176,0.1449,0.8836,1
515maize_train_streak virus.JPG,93.4526,110.4637,73.1527,43.2619,90.6416,111.6578,0.0021,0.0035,0.1115,51.2965,0.023,0.263,0.9829,1
516maize_train_streak virus.JPG,143.3782,146.4163,128.2103,25.0329,46.8921,149.1986,0.0033,0.0001,0.0575,1311.5332,0.0072,0.0376,0.8192,1
517maize_train_streak virus.JPG,179.9102,192.3774,157.5532,42.7826,49.1939,192.7477,0.0,0.0,0.0283,129.5853,0.0162,0.1553,0.9709,1
518maize_train_streak virus.JPG,117.3213,121.1385,102.5944,24.5238,42.7123,123.496,0.0029,0.0,0.21,197.5381,0.2424,0.4426,0.9819,1
519maize_train_streak virus.JPG,134.5629,138.106,117.8204,25.4299,45.9275,141.0861,0.0048,0.0001,0.0738,97.1361,0.2879,0.4102,0.9857,1
520maize_train_streak virus.JPG,170.8864,171.6451,138.624,32.5302,66.3381,178.1515,0.0036,0.0003,0.038,1168.6203,0.0082,0.0403,0.8465,1
521maize_train_streak virus.JPG,197.3009,206.926,172.3174,39.2284,43.2915,207.1799,0.0,0.0,0.0,83.2423,0.0195,0.1602,0.9507,1
522maize_train_streak virus.JPG,161.5066,162.059,126.9261,32.927,69.3664,169.6396,0.0042,0.0,0.0539,463.2004,0.1094,0.2416,0.9411,1
523maize_train_streak virus.JPG,164.5276,164.8124,128.761,32.9227,68.0534,172.7817,0.004,0.0001,0.0371,72.6038,0.1235,0.3057,0.9901,1
524maize_train_streak virus.JPG,155.6411,169.5274,117.609,53.1389,101.0897,170.9579,0.0079,0.0159,0.0018,1248.2536,0.0084,0.0382,0.7804,1
525maize_train_streak virus.JPG,109.5675,136.0269,56.8871,40.2768,149.1763,136.0794,0.0,0.0199,0.0,49.1154,0.032,0.2541,0.9458,1
526maize_train_streak virus.JPG,115.494,129.2229,79.3934,40.6582,99.1337,130.0721,0.0054,0.0175,0.1704,163.6504,0.1467,0.4272,0.9828,1
527maize_train_streak virus.JPG,148.3819,162.2727,109.5252,54.5294,103.6205,164.3755,0.0109,0.0235,0.0,55.5031,0.0514,0.3915,0.9894,1
528maize_train_streak virus.JPG,155.4132,177.1649,111.3147,48.6201,110.6359,177.7318,0.0,0.0156,0.0002,1273.888,0.0083,0.039,0.6725,1
529maize_train_streak virus.JPG,130.9483,155.695,73.3958,39.0597,136.9871,155.6975,0.0,0.0274,0.0,53.8504,0.0317,0.2609,0.9458,1
530maize_train_streak virus.JPG,130.831,152.204,87.01,45.5557,113.5857,152.9566,0.0,0.03,0.0862,126.4379,0.07,0.2934,0.9793,1
531maize_train_streak virus.JPG,147.3122,169.7178,102.6469,50.8496,113.2721,170.7488,0.0,0.0307,0.0,50.6631,0.0333,0.3096,0.9846,1
532maize_train_streak virus.JPG,120.7988,125.6418,97.1917,36.444,82.864,128.8775,0.0053,0.0009,0.0968,1370.7249,0.0068,0.034,0.8103,1
533maize_train_streak virus.JPG,112.3132,118.3254,87.3177,35.9201,80.0683,121.3611,0.0026,0.0011,0.1259,63.7613,0.0218,0.2561,0.9901,1
534maize_train_streak virus.JPG,100.989,106.1702,79.1346,32.1591,71.1823,108.6167,0.0034,0.0007,0.2313,451.6715,0.1231,0.261,0.9483,1
535maize_train_streak virus.JPG,111.2743,116.0201,85.8932,37.6223,79.7372,119.6085,0.0064,0.0007,0.1334,131.3657,0.0188,0.2039,0.9797,1
536maize_train_streak virus.JPG,129.7874,138.6126,105.8645,37.7221,81.9938,140.2638,0.0026,0.0,0.0436,1379.9097,0.007,0.0351,0.7881,1
537maize_train_streak virus.JPG,137.1733,148.141,115.0755,40.4886,62.5769,148.5734,0.0002,0.0,0.0,98.9014,0.0153,0.1701,0.9756,1
538maize_train_streak virus.JPG,104.7424,113.2536,83.7992,33.428,69.316,114.0551,0.0009,0.0,0.1945,335.0775,0.1451,0.2365,0.9629,1
539maize_train_streak virus.JPG,120.7362,129.5933,94.8336,37.513,81.8701,131.5155,0.0051,0.0,0.046,109.4143,0.0156,0.1919,0.981,1
540maize_train_streak virus.JPG,126.3495,131.0577,101.036,35.4116,80.8679,134.125,0.0053,0.0014,0.0748,1337.3699,0.0069,0.0343,0.8058,1
541maize_train_streak virus.JPG,145.4741,155.9124,120.5104,39.4767,62.4446,156.7159,0.0004,0.0,0.0,56.0904,0.0187,0.2128,0.9851,1
542maize_train_streak virus.JPG,102.0087,106.6703,80.3326,30.3768,65.838,109.1175,0.0002,0.0,0.2269,374.4059,0.1485,0.3009,0.9592,1
543maize_train_streak virus.JPG,116.7498,121.5234,89.7973,36.0482,78.7718,124.849,0.0035,0.0015,0.0791,74.8173,0.0211,0.2669,0.9876,1
544maize_train_streak virus.JPG,119.5894,130.5638,93.8848,36.9041,91.2692,132.2468,0.0022,0.0,0.0958,1454.096,0.0069,0.0337,0.7807,1
545maize_train_streak virus.JPG,129.0185,143.56,99.1431,40.0096,86.0926,144.4709,0.0043,0.0,0.0104,147.1372,0.0169,0.198,0.9624,1
546maize_train_streak virus.JPG,94.4147,103.2612,71.6528,31.6507,76.1744,104.8112,0.0023,0.0,0.2797,116.1812,0.1453,0.3532,0.9867,1
547maize_train_streak virus.JPG,109.4877,120.6463,82.4345,36.5959,88.6666,122.5358,0.0023,0.0,0.1381,210.2971,0.0188,0.2215,0.9635,1
548maize_train_streak virus.JPG,137.7162,152.4212,107.3381,40.3242,88.9056,152.9475,0.0004,0.0,0.0227,1584.6102,0.0073,0.0336,0.679,1
549maize_train_streak virus.JPG,146.685,160.9095,111.3549,39.2661,81.7512,160.9962,0.0,0.0003,0.0001,203.2186,0.0153,0.1251,0.9118,1
54maize_valid_streak virus.JPG,96.7691,105.8008,36.9459,26.7527,135.5557,109.545,0.0028,0.2422,0.1998,61.9362,0.1025,0.3412,0.9912,1
550maize_train_streak virus.JPG,108.5942,120.9199,82.6506,34.8759,75.8832,121.3839,0.0003,0.0,0.1954,166.4158,0.1463,0.3122,0.9797,1
551maize_train_streak virus.JPG,127.9586,143.0175,96.5875,40.3256,88.4821,143.6193,0.0003,0.0001,0.0246,285.9318,0.0134,0.1417,0.9262,1
552maize_train_streak virus.JPG,123.4003,149.5457,105.4575,51.2297,90.1147,151.002,0.0001,0.0,0.0107,1463.5505,0.0077,0.0334,0.6341,1
553maize_train_streak virus.JPG,128.493,161.5146,117.2188,53.6682,78.4316,161.9186,0.0,0.0,0.0023,71.7761,0.0191,0.2005,0.9686,1
554maize_train_streak virus.JPG,109.248,135.5197,91.3116,50.9328,92.9249,136.936,0.0,0.0,0.0385,154.348,0.0231,0.183,0.9579,1
555maize_train_streak virus.JPG,113.3857,140.122,94.7402,51.1657,90.3305,141.697,0.0,0.0,0.0018,149.3654,0.0151,0.1501,0.947,1
556maize_train_streak virus.JPG,115.2955,141.6337,91.4744,48.8626,104.239,142.9973,0.0001,0.0,0.014,1399.042,0.008,0.0327,0.6264,1
556maize_valid_streak virus.JPG,129.7633,149.2809,89.0179,39.6553,111.9497,150.6171,0.0033,0.0166,0.0273,1357.7194,0.0079,0.034,0.6776,1
557maize_train_streak virus.JPG,109.2117,141.8663,81.3865,46.7844,114.3345,141.9674,0.0,0.0,0.0,15.3187,0.0275,0.3234,0.9924,1
557maize_valid_streak virus.JPG,129.2155,154.3311,85.8883,41.9536,114.4882,155.1166,0.0055,0.0375,0.0,12.4361,0.0335,0.3645,0.9898,1
558maize_train_streak virus.JPG,90.0219,114.4339,68.5138,42.3113,95.1693,115.1481,0.0,0.0,0.1629,185.0831,0.1345,0.2507,0.9692,1
558maize_valid_streak virus.JPG,108.2649,135.9648,101.1442,56.3258,89.553,137.2344,0.0,0.0004,0.0047,1396.3095,0.0091,0.0333,0.49,1
559maize_train_streak virus.JPG,105.2304,132.0147,80.4076,48.7905,104.4862,133.4359,0.0,0.0,0.0031,42.0373,0.02,0.2212,0.9832,1
559maize_valid_streak virus.JPG,86.3008,124.9559,91.6782,64.9098,91.1444,125.0132,0.0,0.0,0.0,4.5435,0.0584,0.5247,0.9925,1
55maize_valid_streak virus.JPG,105.1647,114.5857,41.1916,28.4032,145.3798,119.2345,0.0032,0.2404,0.1199,97.1502,0.022,0.2406,0.9816,1
560maize_train_streak virus.JPG,124.9178,140.0642,107.2221,45.7158,80.0522,141.8548,0.0037,0.0,0.0392,1477.0309,0.0071,0.0335,0.7368,1
560maize_valid_streak virus.JPG,122.8132,124.3218,61.9202,31.1649,141.9219,132.2817,0.0825,0.0323,0.0393,154.1027,0.0213,0.2083,0.9538,1
561maize_train_streak virus.JPG,111.3789,130.6792,94.4529,48.1077,82.104,132.0498,0.0015,0.0001,0.021,149.6676,0.0141,0.1489,0.9575,1
561maize_valid_streak virus.JPG,125.8275,127.1159,63.1935,30.7201,141.2195,135.5855,0.088,0.0337,0.0111,142.422,0.0178,0.1944,0.9474,1
562maize_train_streak virus.JPG,104.2013,118.1829,87.4597,42.2734,74.4032,119.982,0.0044,0.0,0.1476,169.3469,0.0949,0.2298,0.9752,1
562maize_valid_streak virus.JPG,122.8811,137.1371,93.3488,37.2653,95.9414,139.3324,0.001,0.0017,0.0368,1387.5998,0.0076,0.0342,0.7088,1
563maize_train_streak virus.JPG,114.9889,130.3528,96.2257,45.6662,79.1896,132.4688,0.0056,0.0,0.0431,191.0443,0.0127,0.1382,0.9581,1
563maize_valid_streak virus.JPG,123.8135,143.3997,87.8063,39.8309,102.7474,144.0384,0.001,0.0035,0.0026,26.5403,0.0276,0.3221,0.9907,1
564maize_train_streak virus.JPG,143.5213,161.7692,102.5777,48.6514,114.7122,164.274,0.0198,0.0225,0.0187,1318.1014,0.0076,0.0371,0.7444,1
564maize_valid_streak virus.JPG,110.8443,120.3552,91.1304,29.526,79.6128,127.0483,0.0012,0.0,0.0314,1405.1173,0.0081,0.0333,0.6088,1
565maize_train_streak virus.JPG,120.4925,148.5087,65.036,40.0923,146.1381,148.5114,0.0004,0.0157,0.0,31.8303,0.0282,0.2784,0.9725,1
565maize_valid_streak virus.JPG,104.1828,122.1586,86.146,34.2968,78.6384,127.3801,0.0,0.0,0.0017,41.6625,0.041,0.3869,0.9833,1
566maize_train_streak virus.JPG,118.3078,137.0024,78.6767,44.7334,113.7303,138.7782,0.0238,0.0303,0.1168,219.6702,0.0918,0.2911,0.9687,1
566maize_valid_streak virus.JPG,108.7368,116.8611,81.9156,30.7635,95.7922,120.1916,0.0021,0.0003,0.1429,1331.5366,0.0072,0.0354,0.7936,1
567maize_train_streak virus.JPG,134.6689,153.5802,92.4999,50.1335,118.4357,156.4305,0.0383,0.0317,0.0163,59.4361,0.0225,0.3044,0.9866,1
567maize_valid_streak virus.JPG,115.3817,132.4668,83.9599,38.9922,96.0443,133.604,0.0004,0.0001,0.0881,71.4909,0.0209,0.2232,0.98,1
568maize_train_streak virus.JPG,154.7168,166.4639,108.7423,46.3758,108.2359,167.8257,0.0047,0.0054,0.0006,1500.4178,0.008,0.0333,0.6094,1
568maize_valid_streak virus.JPG,123.531,147.2252,92.0123,42.7199,110.3013,147.7116,0.0011,0.0001,0.0262,1395.2468,0.0081,0.0337,0.6397,1
569maize_train_streak virus.JPG,133.6889,145.8883,73.8714,35.3451,129.8303,146.8059,0.0037,0.0189,0.0,104.4133,0.0194,0.1416,0.9131,1
569maize_valid_streak virus.JPG,127.1722,154.3757,94.143,44.5012,102.9318,154.4137,0.0003,0.0001,0.0,24.3163,0.0313,0.2886,0.9788,1
56maize_train_streak virus.JPG,164.4825,172.5369,85.5462,32.7301,140.7695,174.5908,0.025,0.1015,0.0078,1363.9165,0.0083,0.0331,0.6652,1
570maize_train_streak virus.JPG,128.7544,139.7202,85.6809,42.3387,107.7943,141.4468,0.0018,0.0098,0.1003,283.1881,0.0793,0.2267,0.9529,1
570maize_valid_streak virus.JPG,115.3246,134.085,86.2128,41.5424,105.2835,134.2686,0.0006,0.0,0.0483,1414.7423,0.008,0.0336,0.6334,1
571maize_train_streak virus.JPG,145.6604,157.7828,99.7995,47.0633,110.764,160.0622,0.002,0.0116,0.0,228.5062,0.0223,0.1715,0.9216,1
571maize_valid_streak virus.JPG,118.4275,142.4132,84.3383,42.5241,106.246,142.415,0.0,0.0,0.0,33.9186,0.03,0.2157,0.9511,1
572maize_train_streak virus.JPG,113.731,130.1895,103.8567,69.779,71.7643,133.5539,0.0005,0.0,0.0754,1480.9985,0.007,0.0335,0.7495,1
572maize_valid_streak virus.JPG,146.4373,149.4994,83.1667,31.1601,135.1096,159.4225,0.0756,0.0062,0.0025,1423.5774,0.0083,0.0326,0.5684,1
573maize_train_streak virus.JPG,122.4572,159.7567,119.5829,60.8863,80.7759,160.1335,0.0,0.0,0.0,133.966,0.0155,0.1453,0.9477,1
573maize_valid_streak virus.JPG,122.2911,141.9504,64.4538,37.5469,140.8427,142.7537,0.0024,0.0014,0.0,6.7964,0.0751,0.5532,0.986,1
574maize_train_streak virus.JPG,93.7717,111.4013,85.4492,63.3451,64.4921,113.8051,0.0002,0.0,0.1728,444.1925,0.0945,0.2299,0.9354,1
574maize_valid_streak virus.JPG,117.212,123.8966,77.8479,32.1057,114.6014,127.2995,0.004,0.0075,0.0967,1373.2756,0.0071,0.0337,0.7592,1
575maize_train_streak virus.JPG,103.6366,120.6832,93.5593,70.5647,67.4739,124.2446,0.0007,0.0,0.081,189.0194,0.0149,0.1579,0.9616,1
575maize_valid_streak virus.JPG,121.4466,126.7249,76.3181,30.4214,107.4194,131.9227,0.0091,0.0055,0.1096,82.4318,0.0169,0.1756,0.9816,1
576maize_train_streak virus.JPG,138.4773,164.3961,103.1515,54.7533,106.6161,166.1732,0.0041,0.0102,0.0018,1399.2339,0.0083,0.0338,0.5608,1
576maize_valid_streak virus.JPG,139.7238,156.0397,118.7501,64.2323,89.4465,158.0384,0.0005,0.0001,0.003,1278.0514,0.0086,0.0376,0.7993,1
577maize_train_streak virus.JPG,136.3615,167.1765,81.6224,45.1469,133.3179,168.2113,0.0025,0.0375,0.0,44.4664,0.0226,0.2402,0.9747,1
577maize_valid_streak virus.JPG,112.9061,134.3538,86.0328,55.2913,116.42,137.1997,0.0,0.0,0.0,77.5913,0.0468,0.2903,0.9822,1
578maize_train_streak virus.JPG,108.423,131.4736,76.8723,46.905,99.947,133.0086,0.0049,0.019,0.1629,107.0758,0.1343,0.3296,0.9848,1
578maize_valid_streak virus.JPG,129.4212,136.0507,82.4458,28.0364,116.0433,141.1424,0.006,0.0214,0.0541,1426.2279,0.0071,0.0324,0.7565,1
579maize_train_streak virus.JPG,128.5505,155.3743,92.4046,54.6846,109.1489,157.1922,0.007,0.0194,0.0,85.1257,0.0202,0.2031,0.9585,1
579maize_valid_streak virus.JPG,109.398,118.2519,64.7483,28.5498,117.3648,122.7812,0.0003,0.027,0.0674,36.15,0.0363,0.3711,0.9938,1
57maize_train_streak virus.JPG,174.2269,182.7889,89.4576,32.6592,132.1503,183.3347,0.0035,0.188,0.0,57.7585,0.0294,0.2162,0.9475,1
57maize_valid_streak virus.JPG,126.3347,130.5435,108.6035,86.94,81.9657,134.7379,0.0012,0.0,0.005,107.8411,0.0471,0.4031,0.9792,1
580maize_train_streak virus.JPG,144.9115,168.3235,122.6099,56.7069,74.9087,170.5604,0.0007,0.0039,0.0087,1359.4594,0.0079,0.0349,0.6634,1
580maize_valid_streak virus.JPG,117.7754,124.9356,79.3333,31.8078,112.5584,128.6645,0.0054,0.0062,0.0357,1484.5504,0.0076,0.0318,0.6595,1
581maize_train_streak virus.JPG,122.413,158.3779,117.5163,77.561,72.5072,160.7026,0.0,0.0,0.0,75.0665,0.0258,0.2525,0.956,1
581maize_valid_streak virus.JPG,111.5709,125.4228,72.6339,37.826,112.9849,126.2522,0.0094,0.0026,0.0003,89.6847,0.0177,0.1651,0.9593,1
582maize_train_streak virus.JPG,127.4603,150.5303,106.2912,54.7792,75.0344,152.8131,0.0014,0.0069,0.0625,264.8269,0.0442,0.2321,0.9493,1
582maize_valid_streak virus.JPG,85.626,106.3369,77.7707,52.2853,90.3312,106.8685,0.0001,0.0,0.1138,1371.9729,0.0081,0.0334,0.6224,1
583maize_train_streak virus.JPG,135.4335,160.1892,112.6061,57.0584,76.0703,162.5995,0.0012,0.0069,0.0009,100.6628,0.017,0.185,0.9666,1
583maize_valid_streak virus.JPG,84.4754,108.8441,78.4624,57.2625,77.8223,109.4869,0.0,0.0,0.0906,33.3723,0.0263,0.3013,0.984,1
584maize_train_streak virus.JPG,156.2382,166.746,105.9124,38.0158,106.2829,171.6226,0.0243,0.0148,0.0022,1412.1906,0.0084,0.0342,0.5381,1
584maize_valid_streak virus.JPG,49.0565,46.6443,22.0917,25.4005,133.8541,54.8961,0.003,0.0,0.3042,20.304,0.1525,0.5427,0.9832,1
585maize_train_streak virus.JPG,159.2825,161.5587,87.828,30.5908,125.6178,170.5614,0.116,0.0558,0.0,16.7932,0.0297,0.3139,0.9884,1
585maize_valid_streak virus.JPG,59.7285,57.0368,26.6934,29.0106,154.3738,66.9058,0.0066,0.0,0.1569,20.7664,0.0497,0.3941,0.959,1
586maize_train_streak virus.JPG,123.4953,133.0599,77.6335,31.3909,100.9679,136.9561,0.0292,0.0241,0.1679,152.2221,0.1416,0.35,0.9797,1
586maize_valid_streak virus.JPG,139.4792,120.8543,61.1357,22.7035,158.983,142.2928,0.2019,0.073,0.012,1357.453,0.0079,0.0349,0.6582,1
587maize_train_streak virus.JPG,147.0013,157.7754,95.4942,37.9924,108.1267,162.9318,0.0333,0.0258,0.0,98.0037,0.0242,0.2794,0.948,1
587maize_valid_streak virus.JPG,118.6068,100.039,42.8349,22.5657,169.6234,121.7367,0.1954,0.0886,0.0011,38.1441,0.0297,0.3347,0.9872,1
588maize_train_streak virus.JPG,126.3275,151.2152,112.6335,60.3032,78.7979,152.4734,0.0,0.0,0.0154,1485.7426,0.0074,0.0335,0.6717,1
588maize_valid_streak virus.JPG,111.4441,125.44,91.6054,41.5177,87.3785,126.7417,0.0005,0.0,0.0773,1376.368,0.0074,0.033,0.7278,1
589maize_train_streak virus.JPG,128.3657,158.317,110.5624,52.5148,82.8299,158.5299,0.0,0.0,0.0,110.8707,0.0176,0.1836,0.9596,1
589maize_valid_streak virus.JPG,124.055,143.5532,102.9441,46.0231,76.6919,143.713,0.0,0.0,0.0057,4.0466,0.0445,0.5747,0.9981,1
58maize_train_streak virus.JPG,136.531,144.0375,66.3158,30.0046,129.4071,145.7525,0.026,0.1709,0.1457,73.1587,0.118,0.349,0.9912,1
58maize_valid_streak virus.JPG,95.6808,107.5128,62.7804,37.7917,112.7319,108.9207,0.0016,0.0026,0.1461,425.5916,0.0209,0.217,0.9203,1
590maize_train_streak virus.JPG,113.813,139.1243,100.0106,59.0878,79.9935,140.3027,0.0,0.0,0.0288,146.9982,0.0195,0.1902,0.9627,1
590maize_valid_streak virus.JPG,100.5484,101.4636,79.3799,32.3902,85.7913,108.1485,0.009,0.0,0.1065,1346.6292,0.008,0.0344,0.7285,1
591maize_train_streak virus.JPG,116.2678,141.9067,102.2446,60.4063,77.949,143.2094,0.0,0.0,0.002,176.8678,0.0157,0.1659,0.9472,1
591maize_valid_streak virus.JPG,102.2144,105.3047,78.9321,32.2566,78.8724,112.0363,0.0114,0.0,0.0227,33.351,0.0272,0.3139,0.9917,1
592maize_train_streak virus.JPG,121.1599,155.8762,99.5223,55.548,102.6381,156.6801,0.0,0.0,0.0066,1468.8338,0.008,0.0327,0.5895,1
592maize_valid_streak virus.JPG,110.4316,126.3834,93.5888,49.6397,77.6257,129.5445,0.0001,0.0051,0.0444,1403.1759,0.0077,0.0337,0.6939,1
593maize_train_streak virus.JPG,126.7784,164.6742,106.7772,52.076,96.0431,164.6778,0.0,0.0,0.0,77.4959,0.0187,0.1878,0.9655,1
593maize_valid_streak virus.JPG,110.9247,145.2487,88.4504,50.3994,100.4145,145.7162,0.0008,0.0332,0.0,50.9358,0.0196,0.2196,0.9817,1
594maize_train_streak virus.JPG,96.8969,129.2478,76.6219,47.4311,97.9482,129.7272,0.0001,0.0,0.1486,483.9302,0.1203,0.2025,0.9225,1
594maize_valid_streak virus.JPG,120.5452,141.2212,67.0354,38.2339,146.6518,142.3712,0.0057,0.0548,0.0376,1354.1409,0.0075,0.0332,0.7102,1
595maize_train_streak virus.JPG,111.2003,146.9193,89.0051,55.5112,103.3495,147.7326,0.0,0.0,0.0002,159.0056,0.0154,0.1473,0.9336,1
595maize_valid_streak virus.JPG,92.2428,118.3206,43.3553,40.7109,161.1829,118.363,0.0,0.0451,0.0897,54.3057,0.026,0.3039,0.9843,1
596maize_train_streak virus.JPG,130.9372,150.7237,100.7438,42.4389,98.2051,151.0306,0.0003,0.0,0.0056,1477.2717,0.0081,0.032,0.5645,1
596maize_valid_streak virus.JPG,116.7805,132.1722,79.5291,38.2622,117.1152,133.7889,0.01,0.0186,0.0455,1352.1869,0.0077,0.0334,0.6915,1
597maize_train_streak virus.JPG,131.0354,151.4395,100.4293,43.7467,90.5356,151.4769,0.0,0.0,0.0,49.8484,0.0215,0.2149,0.9717,1
597maize_valid_streak virus.JPG,111.3811,131.2303,76.887,41.1033,111.847,131.7849,0.0038,0.0211,0.0072,11.7405,0.0303,0.3893,0.9962,1
598maize_train_streak virus.JPG,113.2584,131.7688,84.5316,40.889,95.906,131.9511,0.0001,0.0,0.0809,433.6056,0.0573,0.1332,0.8982,1
598maize_valid_streak virus.JPG,128.6235,141.31,67.1664,34.6407,151.109,146.373,0.0376,0.0075,0.003,1380.4829,0.0095,0.0336,0.4222,1
599maize_train_streak virus.JPG,121.018,141.1562,89.968,42.3764,98.9854,141.4811,0.0002,0.0,0.0006,111.9573,0.0167,0.1571,0.9475,1
599maize_valid_streak virus.JPG,113.3862,132.4245,50.6116,36.7111,160.5035,134.1798,0.0181,0.0031,0.0,11.0263,0.0614,0.4064,0.9772,1
59maize_train_streak virus.JPG,155.4555,164.0875,73.9934,32.7079,146.1095,166.2492,0.0299,0.1988,0.0035,121.198,0.0206,0.2065,0.9601,1
59maize_valid_streak virus.JPG,97.773,109.7944,63.8892,37.7052,112.7116,111.3198,0.0021,0.0031,0.1248,134.6925,0.0177,0.2137,0.9734,1
5maize_valid_streak virus.JPG,102.3638,111.5725,40.3245,33.0603,169.2871,116.752,0.0667,0.0032,0.0055,105.9474,0.025,0.2015,0.9089,1
600maize_train_streak virus.JPG,141.5294,161.692,113.7145,43.5108,85.5108,161.718,0.0002,0.0,0.0018,1440.3572,0.0083,0.0334,0.5545,1
600maize_valid_streak virus.JPG,107.4858,129.8507,86.4032,43.8521,108.421,135.7616,0.0077,0.0005,0.0191,1449.018,0.0081,0.0332,0.6046,1
601maize_train_streak virus.JPG,126.2425,148.5446,93.8875,43.1452,96.6781,148.5837,0.0001,0.0,0.0,36.3321,0.0234,0.2333,0.9779,1
601maize_valid_streak virus.JPG,107.9094,133.4565,85.0689,43.1157,105.6245,140.295,0.0092,0.0004,0.0,62.2077,0.024,0.2562,0.9704,1
602maize_train_streak virus.JPG,110.9572,127.8831,86.7119,37.7373,77.149,127.9259,0.0001,0.0,0.1703,239.9223,0.1428,0.2322,0.9666,1
602maize_valid_streak virus.JPG,111.0532,128.8047,78.9912,39.2474,119.5335,134.3106,0.0157,0.0025,0.0319,1397.4409,0.0076,0.0347,0.7108,1
603maize_train_streak virus.JPG,131.6972,152.2855,103.3833,43.5563,85.5584,152.3141,0.0003,0.0,0.0,113.5418,0.0167,0.1445,0.9424,1
603maize_valid_streak virus.JPG,110.8354,136.2549,74.285,42.5215,123.3326,139.6309,0.032,0.0056,0.0,73.4171,0.0279,0.2888,0.9831,1
604maize_train_streak virus.JPG,116.5114,135.9653,93.5894,44.931,95.1052,136.6354,0.0009,0.0,0.0658,1630.8134,0.0073,0.032,0.6855,1
604maize_valid_streak virus.JPG,116.2752,121.3597,85.0919,30.5212,98.903,128.6376,0.0114,0.0009,0.0321,1404.831,0.0079,0.0339,0.6702,1
605maize_train_streak virus.JPG,110.892,131.2318,87.8353,45.9862,88.3115,131.9989,0.0,0.0,0.0642,259.2462,0.0189,0.2206,0.9349,1
605maize_valid_streak virus.JPG,93.8466,105.8221,74.748,36.8362,85.9856,110.8279,0.0057,0.0,0.0011,14.549,0.0455,0.535,0.9924,1
606maize_train_streak virus.JPG,91.9499,108.6927,72.0278,39.2568,80.4742,109.3293,0.0001,0.0,0.2329,151.3685,0.1425,0.3351,0.9792,1
606maize_valid_streak virus.JPG,105.1166,108.766,58.3448,26.3613,125.5178,114.777,0.004,0.1361,0.1387,1300.6474,0.0076,0.0353,0.7938,1
607maize_train_streak virus.JPG,106.1527,126.1177,82.2443,45.0376,93.7514,126.8531,0.0006,0.0,0.0742,308.8639,0.0179,0.2182,0.9237,1
607maize_valid_streak virus.JPG,119.2634,134.9903,47.4102,31.8356,149.0329,138.145,0.0022,0.2989,0.0893,37.5738,0.0255,0.3174,0.992,1
608maize_train_streak virus.JPG,128.7649,155.3077,112.3007,49.1399,82.0204,155.5037,0.0,0.0,0.0049,1940.6401,0.0078,0.0281,0.4181,1
609maize_train_streak virus.JPG,125.2524,154.1595,106.2349,49.26,81.7598,154.1607,0.0,0.0,0.0,370.0681,0.0135,0.0707,0.7294,1
60maize_train_streak virus.JPG,143.8481,147.9209,71.7944,30.6842,150.2689,154.5474,0.0523,0.0735,0.0075,1396.5837,0.0075,0.0333,0.7235,1
610maize_train_streak virus.JPG,102.5635,125.3667,88.3305,42.943,72.0557,125.4468,0.0,0.0,0.1706,360.4451,0.1419,0.2169,0.946,1
611maize_train_streak virus.JPG,118.6242,145.7648,101.7809,49.2024,81.8569,145.9693,0.0,0.0,0.0,613.4143,0.0112,0.0744,0.7035,1
61maize_train_streak virus.JPG,147.3596,161.3849,68.027,34.5701,152.9298,162.0642,0.0041,0.209,0.0,108.2983,0.0288,0.257,0.9682,1
61maize_valid_streak virus.JPG,142.1795,143.8011,132.0507,102.3727,61.6439,149.6792,0.0005,0.0,0.0,90.7481,0.079,0.5112,0.9822,1
62maize_train_streak virus.JPG,111.4756,116.4958,49.0636,27.797,137.2092,121.5233,0.0306,0.1155,0.1711,131.8942,0.1427,0.3752,0.9834,1
62maize_valid_streak virus.JPG,91.0731,107.1513,58.7719,33.6111,105.7946,109.3452,0.0054,0.0015,0.1712,88.4516,0.1429,0.3745,0.9823,1
63maize_train_streak virus.JPG,134.5508,138.9373,59.2586,30.754,156.5907,145.7704,0.0397,0.1478,0.0003,153.952,0.0231,0.2504,0.9615,1
63maize_valid_streak virus.JPG,110.3941,128.9502,71.5486,37.7642,118.07,131.7139,0.0069,0.002,0.0001,70.9382,0.0257,0.284,0.9537,1
64maize_train_streak virus.JPG,134.9147,141.6907,129.4895,84.222,81.3717,149.996,0.0002,0.0,0.041,1307.9512,0.008,0.0353,0.838,1
64maize_valid_streak virus.JPG,120.9127,148.6078,94.613,56.04,123.3977,150.5129,0.0002,0.0008,0.0069,1488.9265,0.0079,0.0328,0.7235,1
656maize_valid_streak virus.JPG,92.4323,121.109,80.8845,50.8929,97.9582,122.1809,0.0,0.0,0.0321,1387.4135,0.0089,0.0341,0.4761,1
657maize_valid_streak virus.JPG,88.3843,131.5124,80.5022,55.9151,101.3363,131.5157,0.0,0.0,0.0017,27.6606,0.0398,0.3284,0.9665,1
658maize_valid_streak virus.JPG,113.6794,124.0631,100.7995,57.0327,72.8905,131.1928,0.0141,0.0,0.0577,64.9716,0.0424,0.3085,0.9812,1
659maize_valid_streak virus.JPG,119.2127,129.0655,104.9878,59.6216,72.9995,137.1814,0.0148,0.0,0.0036,24.2357,0.0272,0.2985,0.9888,1
65maize_train_streak virus.JPG,112.3051,122.3889,99.4382,71.6997,106.9197,130.3017,0.0001,0.0,0.0,19.09,0.0643,0.4802,0.9974,1
65maize_valid_streak virus.JPG,101.7993,130.5432,55.4497,41.6116,150.4689,130.5992,0.0011,0.0044,0.0,116.768,0.0248,0.2753,0.9158,1
660maize_valid_streak virus.JPG,133.4885,153.5858,58.2004,36.8989,166.7872,154.2087,0.0031,0.2116,0.0232,1398.8972,0.0074,0.0326,0.7081,1
661maize_valid_streak virus.JPG,112.8541,140.5034,34.3057,38.8391,191.8345,140.8155,0.0017,0.2286,0.0,140.7516,0.0155,0.1391,0.9576,1
662maize_valid_streak virus.JPG,116.657,134.2466,61.1925,39.7535,153.4685,134.4948,0.0011,0.0884,0.0591,1547.7184,0.0071,0.0328,0.7595,1
663maize_valid_streak virus.JPG,112.7484,130.7954,48.2154,37.5768,165.6668,131.297,0.0008,0.1409,0.0262,354.537,0.0215,0.1736,0.9347,1
664maize_valid_streak virus.JPG,128.5966,147.0715,67.4054,39.5305,153.3305,147.2906,0.0006,0.0945,0.0389,1454.6598,0.0071,0.0338,0.7936,1
665maize_valid_streak virus.JPG,111.5924,134.3498,52.7515,39.7668,162.5202,134.5221,0.0001,0.0771,0.0017,267.9038,0.0179,0.1527,0.9482,1
666maize_valid_streak virus.JPG,122.0355,137.1046,69.6672,34.8353,138.6292,138.6368,0.0035,0.0436,0.0625,1635.4638,0.007,0.032,0.7038,1
667maize_valid_streak virus.JPG,104.8966,126.4055,61.0847,40.392,137.6868,126.5204,0.0021,0.0034,0.0,147.3193,0.0163,0.1541,0.9335,1
668maize_valid_streak virus.JPG,127.9091,152.0495,105.0801,46.0409,92.059,152.0693,0.0001,0.0,0.0124,1439.9284,0.0077,0.0327,0.6436,1
669maize_valid_streak virus.JPG,130.7517,154.3754,105.4764,44.6796,84.7975,154.3835,0.0,0.0,0.0,14.0936,0.028,0.3505,0.9934,1
66maize_train_streak virus.JPG,123.8161,130.7405,118.0893,82.6109,88.0403,140.9417,0.0,0.0,0.0101,125.7741,0.0474,0.4402,0.9828,1
670maize_valid_streak virus.JPG,159.7041,161.1913,91.5752,29.8125,125.1816,164.8677,0.0201,0.0425,0.0186,1352.0407,0.0079,0.0335,0.7302,1
671maize_valid_streak virus.JPG,166.7317,172.797,93.5446,32.5413,118.302,173.7539,0.0013,0.0444,0.0,28.9292,0.0282,0.2624,0.9785,1
672maize_valid_streak virus.JPG,111.0009,131.2727,89.9089,45.575,98.9814,131.3298,0.0004,0.0,0.0623,1447.5364,0.0073,0.0334,0.7143,1
673maize_valid_streak virus.JPG,126.233,148.7428,104.629,45.5095,86.684,148.7902,0.0002,0.0,0.0,35.1733,0.0274,0.2942,0.9894,1
674maize_valid_streak virus.JPG,92.1708,114.9107,83.3939,59.6721,93.0887,115.4235,0.0002,0.0002,0.1202,1384.0205,0.0073,0.0336,0.751,1
675maize_valid_streak virus.JPG,94.8641,125.7326,84.1936,54.0123,93.8125,125.7554,0.0003,0.0,0.0101,43.7871,0.0209,0.279,0.9861,1
676maize_valid_streak virus.JPG,123.8391,150.8715,112.0944,56.5448,84.7812,151.5955,0.0001,0.0005,0.0058,1538.2763,0.0081,0.0326,0.5226,1
677maize_valid_streak virus.JPG,121.4454,151.4646,116.684,64.1053,78.8495,152.2736,0.0,0.0003,0.0,157.1446,0.0201,0.1734,0.9164,1
678maize_valid_streak virus.JPG,123.683,139.4815,99.9199,48.2616,89.914,140.0653,0.0002,0.0015,0.034,1468.2402,0.0074,0.033,0.6937,1
679maize_valid_streak virus.JPG,104.3663,121.324,80.758,45.3431,95.1969,122.1627,0.0001,0.0,0.0078,102.8866,0.0226,0.2196,0.9713,1
67maize_train_streak virus.JPG,125.4046,132.3715,119.7014,82.8679,87.6633,142.8064,0.0002,0.0,0.0,46.5316,0.0469,0.4273,0.9935,1
680maize_valid_streak virus.JPG,138.6238,166.0899,96.7714,43.3473,119.8656,166.1512,0.0,0.0075,0.0052,1810.4199,0.0072,0.0343,0.6568,1
681maize_valid_streak virus.JPG,131.7441,162.0905,82.6379,42.7897,130.3975,162.1972,0.0,0.0098,0.0,532.9355,0.0191,0.1604,0.8775,1
682maize_valid_streak virus.JPG,114.5845,131.515,95.4824,41.2783,78.5985,133.4622,0.0007,0.0011,0.1224,238.4625,0.0939,0.2575,0.9717,1
683maize_valid_streak virus.JPG,127.5498,145.2223,105.5778,45.0119,81.4024,147.7778,0.0012,0.0027,0.0099,313.7242,0.0156,0.1782,0.942,1
684maize_valid_streak virus.JPG,107.9439,140.1057,76.7247,48.0968,133.322,140.1614,0.0001,0.0079,0.0262,2053.5341,0.007,0.0282,0.5817,1
685maize_valid_streak virus.JPG,79.3581,111.5622,56.66,50.8422,135.8434,111.6795,0.0003,0.0025,0.0077,488.5281,0.0122,0.089,0.8445,1
686maize_valid_streak virus.JPG,114.9201,152.9323,71.9348,46.3443,150.8559,153.1041,0.0001,0.0219,0.0014,2046.4246,0.008,0.0267,0.3284,1
687maize_valid_streak virus.JPG,117.5987,150.671,53.9902,40.4012,167.5643,150.6899,0.0001,0.0712,0.0,172.2522,0.0235,0.2865,0.8996,1
688maize_train_streak virus.JPG,107.8637,137.5318,122.9473,74.8393,73.021,139.956,0.0,0.0,0.0154,1676.2194,0.0078,0.0316,0.5496,1
688maize_valid_streak virus.JPG,103.6209,155.7353,89.6876,57.551,128.0925,155.9499,0.0,0.0012,0.0015,1725.7603,0.0083,0.0301,0.4145,1
689maize_train_streak virus.JPG,113.3891,149.4697,139.1672,83.9148,65.7234,151.6044,0.0,0.0,0.0,257.9455,0.0194,0.2007,0.9026,1
689maize_valid_streak virus.JPG,94.4836,151.1754,67.4085,51.5553,148.0782,151.3148,0.0,0.003,0.0,474.7987,0.0128,0.0866,0.7363,1
68maize_train_streak virus.JPG,174.9008,190.9901,123.0549,49.2066,103.6274,191.8867,0.0007,0.0612,0.0,1244.3426,0.0089,0.0401,0.6268,1
68maize_valid_streak virus.JPG,92.703,114.4526,56.7366,36.9567,114.0991,115.2139,0.0017,0.0323,0.1659,96.4241,0.1343,0.3525,0.9823,1
690maize_train_streak virus.JPG,84.5694,112.7487,100.1547,66.4982,66.9858,114.6425,0.0,0.0,0.1403,165.3256,0.1146,0.2784,0.9697,1
690maize_valid_streak virus.JPG,98.7892,130.5191,91.9922,64.1599,92.8475,131.2694,0.0002,0.0,0.0328,1427.1942,0.0083,0.0342,0.569,1
691maize_train_streak virus.JPG,97.6245,128.0548,113.0133,74.8672,71.1205,130.5262,0.0,0.0,0.0024,346.3461,0.0194,0.1904,0.8636,1
691maize_valid_streak virus.JPG,85.2531,122.7164,68.8212,54.407,115.479,122.9411,0.0,0.0,0.0,19.6784,0.0355,0.3999,0.9836,1
692maize_train_streak virus.JPG,119.5176,144.3538,133.0515,76.8509,59.4317,147.0279,0.0,0.0,0.0113,1688.054,0.008,0.0312,0.5343,1
692maize_valid_streak virus.JPG,165.3351,172.9682,143.7698,62.8665,70.2035,178.3834,0.0034,0.0106,0.0007,1275.4596,0.0081,0.0366,0.6556,1
693maize_train_streak virus.JPG,120.3399,162.7633,148.3112,79.2948,70.3004,163.0841,0.0,0.0,0.0,287.3907,0.0193,0.1544,0.8755,1
693maize_valid_streak virus.JPG,176.2341,182.6302,159.1623,74.9188,74.9695,195.4311,0.0011,0.0646,0.0,4.8874,0.1334,0.6455,0.9977,1
694maize_train_streak virus.JPG,102.7147,127.5892,116.697,74.8669,59.794,130.1837,0.0,0.0,0.0609,109.0819,0.0448,0.2533,0.9723,1
694maize_valid_streak virus.JPG,160.5808,157.5796,78.0687,29.2244,144.6562,163.7386,0.0673,0.1182,0.0146,1299.3084,0.0079,0.0344,0.7045,1
695maize_train_streak virus.JPG,109.2182,134.7804,122.9567,76.8467,58.2618,137.5404,0.0,0.0,0.0012,359.5131,0.0214,0.2003,0.8508,1
695maize_valid_streak virus.JPG,171.3181,170.7353,75.2822,29.9302,145.795,173.6693,0.0033,0.3273,0.0,3.4216,0.0442,0.4888,0.9971,1
696maize_train_streak virus.JPG,100.6548,138.5265,111.7417,72.9254,84.1071,139.5459,0.0,0.0,0.0156,1858.9033,0.008,0.0301,0.4168,1
696maize_valid_streak virus.JPG,99.6418,129.0407,111.7646,76.7736,74.6546,130.7848,0.0,0.0,0.0429,1524.7794,0.0078,0.0319,0.5899,1
697maize_train_streak virus.JPG,94.1946,143.0884,107.1978,67.7952,95.0336,143.0954,0.0,0.0,0.0,508.3658,0.0118,0.0638,0.7029,1
697maize_valid_streak virus.JPG,94.3952,119.9706,105.4944,84.3191,66.6615,123.2678,0.0,0.0,0.0083,72.1185,0.023,0.2281,0.9676,1
698maize_train_streak virus.JPG,77.3208,112.3499,88.0285,62.5697,77.3759,113.0259,0.0,0.0,0.1606,232.7775,0.1314,0.2562,0.9537,1
698maize_valid_streak virus.JPG,110.9314,125.3917,107.7986,59.8662,56.9841,126.307,0.0001,0.0,0.0574,1525.3359,0.0074,0.0318,0.676,1
699maize_train_streak virus.JPG,90.076,128.6782,101.36,72.9682,82.6041,129.7169,0.0,0.0,0.0059,530.018,0.0154,0.1494,0.7194,1
699maize_valid_streak virus.JPG,108.4354,125.2718,105.6078,56.7946,49.3337,125.7071,0.0007,0.0,0.0193,86.7942,0.0239,0.2857,0.9741,1
69maize_train_streak virus.JPG,154.124,173.5085,87.5127,37.296,127.9019,174.2539,0.0,0.1065,0.0,30.069,0.0347,0.3109,0.9662,1
69maize_valid_streak virus.JPG,110.5687,137.4159,66.2734,41.8799,132.1571,138.1632,0.0017,0.0402,0.0051,215.6968,0.0191,0.1927,0.8875,1
6maize_valid_streak virus.JPG,116.0228,114.3163,84.7232,28.7288,81.4311,123.7878,0.0316,0.0,0.1208,137.1282,0.0958,0.2497,0.977,1
700maize_train_streak virus.JPG,152.879,164.186,106.3535,45.7775,109.5871,165.5893,0.006,0.0048,0.0006,1466.5838,0.0082,0.0337,0.5945,1
700maize_valid_streak virus.JPG,98.6236,137.7293,98.7503,61.0334,94.8597,137.7545,0.0,0.0,0.0055,1425.2649,0.0085,0.034,0.5152,1
701maize_train_streak virus.JPG,141.3271,153.2334,91.3062,43.8571,116.8034,155.1178,0.0044,0.0164,0.0,46.2933,0.0303,0.2626,0.9803,1
701maize_valid_streak virus.JPG,99.8447,138.8476,103.5063,64.001,82.238,138.908,0.0,0.0,0.0,27.2123,0.0263,0.2802,0.9802,1
702maize_train_streak virus.JPG,115.6074,125.6762,72.2974,36.8651,106.1441,126.7852,0.0022,0.0091,0.1615,143.2766,0.1375,0.3006,0.9789,1
702maize_valid_streak virus.JPG,106.7634,135.9443,115.532,71.0135,72.8991,136.3623,0.0,0.0,0.0111,1490.8793,0.008,0.0328,0.594,1
703maize_train_streak virus.JPG,143.727,155.3555,97.2956,46.4072,111.8326,157.6295,0.0023,0.0124,0.0,198.2692,0.0225,0.1673,0.9241,1
703maize_valid_streak virus.JPG,99.4317,131.5639,109.4493,68.838,72.0754,131.6334,0.0,0.0,0.0,79.9429,0.0245,0.2062,0.9662,1
704maize_train_streak virus.JPG,113.6232,145.1772,117.0634,68.7829,74.683,146.9383,0.0,0.0,0.0065,1787.892,0.008,0.0303,0.4743,1
704maize_valid_streak virus.JPG,98.5843,127.0073,103.9205,66.3808,80.2745,127.1641,0.0,0.0,0.0332,1820.4831,0.0077,0.03,0.5527,1
705maize_train_streak virus.JPG,104.2995,148.2806,112.788,66.1236,85.3059,148.7452,0.0,0.0,0.0,383.0827,0.0135,0.1152,0.8298,1
705maize_valid_streak virus.JPG,93.8503,123.3537,98.1443,64.3697,75.0797,123.433,0.0,0.0,0.0021,387.1861,0.0248,0.1464,0.844,1
706maize_train_streak virus.JPG,86.6605,117.4114,92.0334,57.4187,69.2805,118.2196,0.0,0.0,0.1664,304.2894,0.1371,0.2772,0.9502,1
706maize_valid_streak virus.JPG,113.4988,118.4151,93.6203,33.4141,60.0504,121.7992,0.0038,0.0001,0.2866,280.4771,0.1422,0.323,0.9793,1
707maize_train_streak virus.JPG,103.2388,135.6321,107.0263,68.833,73.8499,137.4827,0.0,0.0,0.0005,461.3857,0.0176,0.1725,0.786,1
707maize_valid_streak virus.JPG,133.4181,138.1436,107.7476,37.6028,68.7173,143.2901,0.0048,0.0001,0.1327,72.7933,0.0334,0.2677,0.9924,1
708maize_train_streak virus.JPG,110.3501,140.6776,118.5252,70.5021,71.7963,142.3156,0.0,0.0,0.01,1947.2308,0.008,0.0296,0.4258,1
708maize_valid_streak virus.JPG,149.6959,160.1947,110.6049,49.1591,98.0406,163.045,0.0009,0.0028,0.0237,142.9822,0.0373,0.2438,0.9652,1
709maize_train_streak virus.JPG,113.3106,158.7223,132.0553,72.4127,78.7114,159.3665,0.0,0.0,0.0,358.6884,0.0132,0.1045,0.8474,1
709maize_valid_streak virus.JPG,153.9256,164.8256,114.3499,49.5845,95.9704,167.879,0.0008,0.0047,0.0,106.3205,0.0376,0.2349,0.9679,1
70maize_train_streak virus.JPG,141.5888,156.645,93.1017,43.0713,102.4707,157.9331,0.0,0.0852,0.1417,128.4989,0.1241,0.4111,0.9856,1
710maize_train_streak virus.JPG,88.0528,116.6454,95.8236,63.4998,68.5988,118.2305,0.0,0.0,0.1299,446.4899,0.1035,0.2288,0.9113,1
710maize_valid_streak virus.JPG,111.2786,133.1876,114.1276,65.7655,70.9534,133.9856,0.0,0.0,0.107,1366.1664,0.0072,0.0343,0.7915,1
711maize_train_streak virus.JPG,100.243,131.235,108.7472,70.5914,70.1271,133.0349,0.0,0.0,0.0014,614.6905,0.0178,0.1472,0.7113,1
711maize_valid_streak virus.JPG,106.986,131.8644,110.1552,65.4315,66.6008,132.4375,0.0,0.0,0.0974,32.4829,0.0271,0.359,0.9939,1
712maize_train_streak virus.JPG,111.1129,135.2346,109.7513,64.3782,68.329,136.9334,0.0,0.0,0.0259,1951.2039,0.0074,0.0286,0.515,1
712maize_valid_streak virus.JPG,93.5805,121.4879,103.0708,67.6062,79.3963,122.6222,0.0,0.0,0.0634,1376.3644,0.0078,0.0339,0.6748,1
713maize_train_streak virus.JPG,110.7296,137.8592,114.9699,79.8537,56.2135,139.438,0.0,0.0,0.016,562.58,0.0146,0.1387,0.8322,1
713maize_valid_streak virus.JPG,93.8503,128.7309,104.7461,67.1417,73.4641,129.0415,0.0,0.0,0.0124,55.4915,0.0223,0.2432,0.9766,1
714maize_train_streak virus.JPG,86.9945,109.0444,86.6695,57.6423,58.9959,110.2816,0.0,0.0,0.1735,396.3374,0.1446,0.2644,0.9357,1
714maize_valid_streak virus.JPG,148.4517,159.2295,115.4658,52.0469,91.8187,161.7096,0.0043,0.0167,0.0009,1355.7225,0.0082,0.035,0.6032,1
715maize_train_streak virus.JPG,100.8777,125.5369,99.4958,64.7015,65.7057,127.3002,0.0001,0.0,0.0098,623.9581,0.0168,0.1598,0.7757,1
715maize_valid_streak virus.JPG,112.0473,129.5921,64.3314,41.6677,134.3128,129.7775,0.0033,0.006,0.0,6.684,0.0452,0.4305,0.9935,1
716maize_train_streak virus.JPG,116.416,138.7888,110.4023,61.7796,72.0461,140.2039,0.0,0.0,0.0376,2013.6562,0.0071,0.0303,0.5953,1
716maize_valid_streak virus.JPG,111.4601,142.4703,118.7117,65.6779,79.9174,142.9354,0.0003,0.0001,0.0493,1475.1998,0.0074,0.0326,0.6898,1
717maize_train_streak virus.JPG,107.188,133.2361,101.9065,61.5628,73.2175,134.2978,0.0,0.0,0.0214,604.3894,0.0151,0.1566,0.8284,1
717maize_valid_streak virus.JPG,103.5263,142.5522,114.0162,68.7324,83.416,142.6718,0.001,0.0,0.0168,124.8683,0.016,0.1345,0.9379,1
718maize_train_streak virus.JPG,101.2005,123.9114,95.2254,57.2371,69.9956,124.9858,0.0,0.0,0.0854,277.3979,0.0495,0.2016,0.9459,1
718maize_valid_streak virus.JPG,109.6089,149.0771,81.6245,50.3464,120.0052,149.5222,0.0,0.0001,0.0247,1568.3787,0.0078,0.0316,0.5745,1
719maize_train_streak virus.JPG,106.3826,129.6718,100.2088,61.9682,70.6696,131.1593,0.0,0.0,0.0321,761.8897,0.0153,0.1628,0.8085,1
719maize_valid_streak virus.JPG,105.6189,152.9662,74.2443,55.735,129.0129,153.5828,0.0,0.0,0.0059,233.2922,0.0168,0.1523,0.8728,1
71maize_train_streak virus.JPG,167.7842,184.6332,115.6173,50.8341,106.996,186.3649,0.0001,0.0872,0.0,73.0528,0.0543,0.3257,0.9734,1
720maize_train_streak virus.JPG,117.263,142.3803,106.991,56.6071,80.3996,144.5172,0.0008,0.0002,0.0239,1566.563,0.0075,0.032,0.6324,1
720maize_valid_streak virus.JPG,175.505,181.9072,95.2322,32.2467,130.335,183.3481,0.0132,0.1154,0.0018,1314.2849,0.0087,0.0343,0.5757,1
721maize_train_streak virus.JPG,117.0322,147.5917,101.1519,50.6516,88.9951,149.3237,0.0011,0.0004,0.0,98.8445,0.0203,0.2221,0.9581,1
721maize_valid_streak virus.JPG,179.2204,186.4369,86.1673,32.1807,138.5958,186.9864,0.0004,0.3776,0.0,64.7764,0.0255,0.2061,0.9385,1
722maize_train_streak virus.JPG,101.5508,125.7411,90.9337,53.449,78.3798,127.816,0.0006,0.0001,0.0732,214.0094,0.0431,0.2151,0.9524,1
722maize_valid_streak virus.JPG,98.238,136.3732,107.6561,64.3712,91.5903,137.9062,0.0004,0.0,0.0236,1462.4239,0.0078,0.033,0.6219,1
723maize_train_streak virus.JPG,107.2009,132.7777,96.7406,56.6715,78.7585,135.1257,0.0007,0.0002,0.0132,265.3602,0.0161,0.1775,0.9139,1
723maize_valid_streak virus.JPG,92.2638,142.0804,109.3644,70.0618,94.8526,142.1301,0.0,0.0,0.0,59.9243,0.0192,0.1769,0.9712,1
724maize_train_streak virus.JPG,114.648,138.9108,106.7623,57.1393,79.7169,140.5032,0.0004,0.0,0.0323,1874.9527,0.0071,0.0297,0.5968,1
725maize_train_streak virus.JPG,128.082,158.2753,118.7774,56.121,73.3509,158.8462,0.0,0.0,0.0,201.2811,0.0154,0.1368,0.9015,1
726maize_train_streak virus.JPG,93.3018,116.5014,85.951,49.373,73.271,117.6142,0.0002,0.0,0.1558,412.0466,0.118,0.2179,0.9351,1
727maize_train_streak virus.JPG,104.0916,129.0762,96.2784,57.3544,77.8014,130.835,0.0003,0.0,0.0239,526.5472,0.012,0.1181,0.8473,1
728maize_train_streak virus.JPG,162.9546,179.7703,118.7712,45.4783,97.6876,180.1837,0.0016,0.0045,0.0001,1310.6417,0.0086,0.0351,0.5539,1
729maize_train_streak virus.JPG,131.2999,154.4847,75.7712,38.8183,132.2766,154.4902,0.0,0.0126,0.0,14.8195,0.0356,0.3516,0.986,1
72maize_train_streak virus.JPG,102.0091,114.4078,83.4616,60.0452,120.0556,117.9804,0.0005,0.0,0.0561,1308.5442,0.0088,0.035,0.7901,1
72maize_valid_streak virus.JPG,76.3125,97.2372,73.4333,58.9394,68.9501,99.1004,0.0,0.0,0.1899,147.1702,0.0809,0.3036,0.9687,1
730maize_train_streak virus.JPG,125.9546,140.9818,84.9136,37.2536,93.0251,141.4022,0.0004,0.0085,0.1692,187.3039,0.1465,0.3432,0.9772,1
731maize_train_streak virus.JPG,154.265,171.5938,109.4201,46.1235,99.3946,172.2354,0.0004,0.0103,0.0,27.6148,0.0331,0.3571,0.9853,1
732maize_train_streak virus.JPG,114.223,137.3736,101.5483,54.3478,84.2528,138.066,0.0,0.0,0.0196,1651.6662,0.0076,0.0317,0.625,1
733maize_train_streak virus.JPG,106.899,132.0052,95.3723,55.3258,82.1777,132.4298,0.0,0.0,0.0,181.4186,0.0212,0.2093,0.9546,1
734maize_train_streak virus.JPG,90.5047,110.476,80.2005,47.8709,72.6523,111.1536,0.0,0.0,0.16,169.4461,0.1324,0.2881,0.9744,1
735maize_train_streak virus.JPG,104.3591,127.9759,91.5484,54.4614,81.7966,128.8069,0.0001,0.0,0.0025,351.2126,0.0164,0.1506,0.8918,1
736maize_train_streak virus.JPG,108.0655,135.0151,108.73,62.4356,75.5659,136.745,0.0,0.0,0.0139,1505.3432,0.0088,0.0321,0.4923,1
737maize_train_streak virus.JPG,94.5346,138.1559,102.1127,65.6653,90.189,138.372,0.0,0.0,0.0,118.7053,0.0245,0.1654,0.9153,1
738maize_train_streak virus.JPG,88.0192,113.5359,88.757,55.2698,72.1125,114.9984,0.0,0.0,0.1179,107.4686,0.092,0.2848,0.9739,1
739maize_train_streak virus.JPG,98.0009,125.3205,98.8482,62.5189,73.2312,127.1802,0.0,0.0,0.0074,176.4424,0.0224,0.1961,0.8972,1
73maize_train_streak virus.JPG,97.4052,110.3322,77.4936,61.3284,129.6615,116.5397,0.0007,0.0,0.0,14.538,0.0658,0.4666,0.9976,1
73maize_valid_streak virus.JPG,85.6291,105.9738,80.9333,63.0607,69.6691,108.7384,0.0,0.0,0.0992,92.7287,0.0228,0.2635,0.9716,1
740maize_train_streak virus.JPG,106.9055,136.8444,111.808,70.3319,79.2048,138.721,0.0,0.0,0.0138,1452.0756,0.0079,0.0334,0.623,1
741maize_train_streak virus.JPG,101.8813,137.7158,111.6333,68.8927,75.1297,138.89,0.0,0.0,0.0,81.255,0.0225,0.2592,0.9696,1
742maize_train_streak virus.JPG,81.1288,108.926,87.8704,61.6572,70.3923,110.2394,0.0,0.0,0.1698,203.129,0.1422,0.327,0.9669,1
743maize_train_streak virus.JPG,96.4356,127.3611,101.6288,70.4494,78.4825,129.3359,0.0001,0.0,0.0,118.8975,0.0227,0.2358,0.9554,1
744maize_train_streak virus.JPG,155.3943,163.6478,123.8722,53.9927,88.3787,166.9382,0.0089,0.0016,0.0156,1440.0497,0.0082,0.0407,0.7839,1
745maize_train_streak virus.JPG,128.5471,137.3841,91.313,47.0984,108.1119,141.5742,0.0176,0.002,0.0091,215.4731,0.0264,0.2286,0.9617,1
746maize_train_streak virus.JPG,121.1392,128.8482,93.9868,45.6871,82.3409,133.0484,0.0096,0.0018,0.1703,308.1408,0.1467,0.3297,0.971,1
747maize_train_streak virus.JPG,148.4186,156.9467,117.8698,55.5459,91.64,162.4684,0.0102,0.0035,0.0098,287.1863,0.0303,0.2587,0.9565,1
748maize_train_streak virus.JPG,104.1505,138.2329,106.6545,76.2774,77.4441,140.64,0.0004,0.0008,0.0178,1588.1583,0.0084,0.031,0.4922,1
749maize_train_streak virus.JPG,94.7426,151.3105,99.8271,64.035,102.0454,151.4543,0.0,0.0,0.0,164.8753,0.0234,0.1369,0.8489,1
74maize_train_streak virus.JPG,71.5471,83.4177,51.2535,47.5711,122.0512,86.6239,0.0004,0.0,0.1543,55.059,0.1379,0.501,0.9905,1
750maize_train_streak virus.JPG,78.3262,112.4962,81.7801,61.9007,73.8715,114.0359,0.0007,0.0001,0.1726,172.8081,0.1439,0.2967,0.968,1
751maize_train_streak virus.JPG,94.1975,128.8295,96.801,76.4589,75.4185,131.2991,0.0004,0.0014,0.0028,241.9172,0.0203,0.1799,0.8708,1
752maize_train_streak virus.JPG,104.7644,131.4002,107.0956,83.3605,65.9388,134.6643,0.0,0.0,0.0322,1651.8307,0.008,0.0317,0.5328,1
753maize_train_streak virus.JPG,103.4938,163.3071,110.9471,63.6918,98.3805,163.3071,0.0,0.0,0.0,221.2549,0.0231,0.1427,0.8063,1
754maize_train_streak virus.JPG,88.2377,115.1321,90.9924,77.8148,63.8901,117.9475,0.0,0.0,0.0833,262.9882,0.0597,0.2619,0.929,1
755maize_train_streak virus.JPG,94.5509,121.6612,96.9374,83.7962,63.0723,124.9818,0.0,0.0,0.0101,308.1018,0.021,0.2112,0.8634,1
756maize_train_streak virus.JPG,105.0393,140.1231,106.6782,71.1071,87.19,143.2812,0.0006,0.001,0.0199,1487.138,0.008,0.0336,0.5989,1
757maize_train_streak virus.JPG,100.7039,153.4255,101.3431,58.0174,106.9825,154.3546,0.0008,0.0043,0.0013,89.5803,0.0228,0.2332,0.9585,1
758maize_train_streak virus.JPG,92.6071,127.9514,94.4461,69.9787,88.4175,131.1558,0.0006,0.0019,0.0331,163.9422,0.0225,0.2199,0.9463,1
759maize_train_streak virus.JPG,94.9265,130.7478,96.7358,71.339,85.9956,134.0964,0.0006,0.002,0.0069,158.6834,0.0203,0.2074,0.937,1
75maize_train_streak virus.JPG,91.5035,104.3765,70.1125,58.6776,129.884,109.0282,0.0008,0.0,0.0,29.2563,0.049,0.391,0.9944,1
760maize_train_streak virus.JPG,118.4945,128.199,118.9831,97.5374,47.8594,132.8965,0.0,0.0001,0.0472,1408.7188,0.0073,0.033,0.7375,1
761maize_train_streak virus.JPG,127.9393,136.6864,130.6051,85.5396,35.3196,140.7546,0.0,0.0,0.0027,64.8621,0.0203,0.2583,0.9827,1
762maize_train_streak virus.JPG,89.9304,96.0744,90.5891,87.7412,38.1355,100.603,0.0,0.0,0.1874,220.745,0.1333,0.3433,0.9672,1
763maize_train_streak virus.JPG,108.5195,118.5884,109.1768,97.7866,43.7094,123.4301,0.0,0.0,0.0303,94.0104,0.0209,0.2557,0.9779,1
764maize_train_streak virus.JPG,109.5637,124.1848,107.4283,68.2939,63.4729,126.7005,0.0,0.0,0.0238,1715.5339,0.0078,0.0316,0.5507,1
765maize_train_streak virus.JPG,116.2169,134.8817,118.958,65.4734,47.7179,135.4641,0.0,0.0,0.0,203.6297,0.0143,0.1157,0.924,1
766maize_train_streak virus.JPG,86.5935,100.3861,85.4306,57.2055,55.7584,102.1139,0.0,0.0,0.1443,216.5611,0.1161,0.2353,0.9568,1
767maize_train_streak virus.JPG,99.3321,114.2371,97.1201,68.9474,60.1423,116.923,0.0,0.0,0.0008,350.7587,0.0144,0.1163,0.8645,1
768maize_train_streak virus.JPG,113.3152,142.2941,118.9768,71.1368,77.5791,143.9495,0.0009,0.0001,0.007,1789.9284,0.0079,0.0304,0.4862,1
769maize_train_streak virus.JPG,103.6391,139.7622,117.4709,70.5892,76.2643,140.1717,0.0,0.0,0.0,143.129,0.0197,0.1683,0.9295,1
76maize_train_streak virus.JPG,138.4425,142.0792,139.0097,92.9318,69.5205,152.6311,0.0,0.0,0.059,1302.4064,0.0081,0.0348,0.8319,1
76maize_valid_streak virus.JPG,84.0147,100.1216,67.8142,51.8958,75.9667,102.2882,0.0016,0.0,0.1292,132.8522,0.0739,0.3094,0.9666,1
770maize_train_streak virus.JPG,96.0245,124.9744,102.2463,66.2472,76.6616,126.1711,0.0002,0.0,0.0719,926.1409,0.0457,0.1312,0.7514,1
771maize_train_streak virus.JPG,103.3041,133.0433,108.9808,71.1958,76.445,134.7573,0.0005,0.0,0.0024,467.2013,0.0144,0.1078,0.7936,1
772maize_train_streak virus.JPG,119.5692,137.2721,114.6506,59.104,64.9762,139.2768,0.0003,0.0,0.0317,1456.5965,0.0079,0.0324,0.6403,1
773maize_train_streak virus.JPG,117.4564,144.8396,128.659,71.2598,52.3679,144.893,0.0,0.0,0.0,19.8083,0.0328,0.3592,0.9836,1
774maize_train_streak virus.JPG,99.1863,116.2355,95.9134,54.7541,58.2558,117.7603,0.0,0.0,0.1434,139.9675,0.0962,0.2585,0.974,1
775maize_train_streak virus.JPG,109.3277,127.258,104.2209,59.4697,62.5527,129.3788,0.0,0.0,0.0303,103.1488,0.0181,0.1924,0.9637,1
776maize_train_streak virus.JPG,192.8223,199.905,165.8448,76.4537,61.5997,202.1205,0.0014,0.0172,0.0001,1151.7643,0.0108,0.0438,0.7318,1
777maize_train_streak virus.JPG,166.0021,177.4061,121.482,56.8801,97.1159,179.9408,0.0,0.0465,0.0,129.2046,0.0461,0.2796,0.9642,1
778maize_train_streak virus.JPG,155.8107,162.1463,132.8364,64.4949,60.3115,165.8363,0.0001,0.0268,0.1622,183.8426,0.1515,0.4711,0.9858,1
779maize_train_streak virus.JPG,188.1072,195.3235,163.0536,77.6663,65.3217,200.1309,0.0002,0.0313,0.0,166.3572,0.0662,0.3591,0.9597,1
77maize_train_streak virus.JPG,116.4772,121.5385,113.4614,86.3532,82.8703,131.9474,0.0,0.0,0.0041,40.8426,0.066,0.4337,0.9932,1
77maize_valid_streak virus.JPG,90.9688,107.0002,73.1116,55.6409,77.2134,109.7659,0.0019,0.0,0.0602,270.5653,0.0251,0.2939,0.8985,1
780maize_train_streak virus.JPG,121.3213,133.9229,112.3384,55.3364,63.5637,137.5047,0.0013,0.0,0.0309,1441.3166,0.0075,0.0329,0.6913,1
781maize_train_streak virus.JPG,119.7863,134.9494,111.966,57.2614,55.943,138.0375,0.0004,0.0,0.0001,71.591,0.0203,0.2422,0.9786,1
782maize_train_streak virus.JPG,96.8426,107.9392,89.0173,50.1229,58.1889,111.3165,0.0018,0.0,0.1521,293.3772,0.1163,0.2653,0.9552,1
783maize_train_streak virus.JPG,111.0538,124.0249,102.1007,56.1413,60.8855,127.8245,0.0025,0.0,0.0093,120.5543,0.0176,0.1952,0.9654,1
784maize_train_streak virus.JPG,121.4067,133.1184,111.6506,53.0916,60.7907,134.9183,0.0005,0.0,0.0214,1530.2863,0.0078,0.0324,0.6094,1
784maize_valid_streak virus.JPG,125.8463,154.5242,95.5534,42.8224,109.1231,156.011,0.0038,0.0001,0.0163,1748.9345,0.0078,0.03,0.5333,1
785maize_train_streak virus.JPG,131.8451,147.8791,135.6248,68.5868,37.727,148.9444,0.0001,0.0,0.0,42.916,0.03,0.3913,0.9843,1
785maize_valid_streak virus.JPG,110.1128,149.3357,80.4525,46.3892,119.6936,149.9163,0.0018,0.0,0.0013,373.2125,0.0145,0.094,0.753,1
786maize_train_streak virus.JPG,109.6454,121.5537,100.1023,53.0441,59.4104,123.3109,0.0004,0.0,0.0229,175.5949,0.0164,0.1601,0.9398,1
786maize_valid_streak virus.JPG,133.4547,154.4034,100.4713,41.4351,104.4571,155.9516,0.0046,0.0001,0.0318,1349.0363,0.0072,0.034,0.7632,1
787maize_train_streak virus.JPG,111.2949,123.2144,101.301,53.2651,58.4865,125.1567,0.0004,0.0,0.0062,191.198,0.0149,0.1434,0.9295,1
787maize_valid_streak virus.JPG,147.6559,169.9186,112.0987,41.8088,91.5026,169.9956,0.0009,0.0002,0.0464,36.7324,0.0206,0.2419,0.9921,1
788maize_train_streak virus.JPG,130.0693,141.3502,94.0822,48.4101,110.0263,143.2431,0.0117,0.0037,0.0121,1467.8516,0.0084,0.0372,0.7312,1
788maize_valid_streak virus.JPG,85.967,114.999,87.9782,61.6264,90.1556,115.5807,0.0006,0.0,0.1198,1353.9217,0.0076,0.0353,0.7019,1
789maize_train_streak virus.JPG,100.9219,116.1546,54.2033,40.5526,146.1188,117.5859,0.0147,0.0167,0.0041,127.983,0.0233,0.1786,0.9551,1
789maize_valid_streak virus.JPG,74.2118,103.4473,76.2455,60.0131,84.6794,103.8513,0.0,0.0,0.2261,22.2996,0.032,0.3992,0.9949,1
78maize_train_streak virus.JPG,107.1532,110.6397,106.7421,78.1054,66.6593,120.4228,0.0,0.0,0.1621,106.5924,0.1442,0.5513,0.9893,1
790maize_train_streak virus.JPG,105.0044,115.3928,69.85,41.816,110.2451,117.7579,0.0153,0.0052,0.1218,269.7969,0.0976,0.2616,0.9614,1
790maize_valid_streak virus.JPG,95.1235,125.0707,93.736,58.0834,92.0243,125.3599,0.0002,0.0,0.0797,1374.0037,0.0075,0.0329,0.7032,1
791maize_train_streak virus.JPG,121.6532,133.0953,84.6971,48.5498,112.9781,135.8324,0.0168,0.0072,0.0017,220.1867,0.0292,0.2335,0.9566,1
791maize_valid_streak virus.JPG,88.3174,120.5379,88.951,60.3141,84.77,120.7453,0.0001,0.0,0.0597,31.1497,0.0252,0.3087,0.9898,1
792maize_train_streak virus.JPG,124.0292,138.3155,115.7643,55.2402,59.9131,139.1458,0.0003,0.0,0.0182,1572.5766,0.0076,0.0323,0.6137,1
792maize_valid_streak virus.JPG,152.8604,160.7941,77.752,33.2821,146.2758,162.2351,0.011,0.1104,0.0114,1364.1634,0.0076,0.0345,0.7137,1
793maize_train_streak virus.JPG,125.2639,141.375,119.6767,57.6411,48.1438,141.6961,0.0001,0.0,0.0,84.9355,0.0175,0.1733,0.9636,1
793maize_valid_streak virus.JPG,154.413,163.1907,61.4128,32.6653,163.0426,163.9629,0.0073,0.399,0.0002,73.6135,0.0206,0.197,0.9719,1
794maize_train_streak virus.JPG,99.428,112.5091,92.6536,49.9207,54.9785,113.1117,0.0002,0.0,0.1327,196.7591,0.1068,0.2242,0.9654,1
794maize_valid_streak virus.JPG,114.4635,150.1014,119.6169,63.9966,82.0878,150.1727,0.0,0.0,0.0159,1390.0388,0.0081,0.034,0.6167,1
795maize_train_streak virus.JPG,114.0927,128.696,105.5265,55.2838,57.951,129.6231,0.0003,0.0,0.0009,239.1739,0.0135,0.1205,0.9161,1
795maize_valid_streak virus.JPG,116.3888,155.6337,130.5761,70.3396,68.2884,155.7292,0.0,0.0,0.0065,4.3746,0.0675,0.5917,0.9952,1
796maize_train_streak virus.JPG,110.769,137.4995,109.7363,77.4223,70.3108,139.8442,0.0,0.0,0.0378,1415.5084,0.0074,0.0338,0.707,1
796maize_valid_streak virus.JPG,97.5471,136.7771,88.9868,56.4181,105.1252,136.9802,0.0001,0.0,0.0289,1503.3241,0.0083,0.0327,0.5399,1
797maize_train_streak virus.JPG,121.3397,161.9623,126.1815,67.0743,69.9505,162.365,0.0,0.0,0.0,69.6237,0.021,0.2045,0.9672,1
797maize_valid_streak virus.JPG,106.8299,150.6766,113.8103,65.3644,81.081,150.9011,0.0,0.0,0.0001,117.0253,0.0185,0.1493,0.9264,1
798maize_train_streak virus.JPG,92.4731,118.4723,91.6763,69.4404,66.213,120.3583,0.0,0.0,0.1008,151.0637,0.0761,0.2802,0.973,1
798maize_valid_streak virus.JPG,91.0663,131.1603,87.7546,59.3122,112.273,131.5506,0.0006,0.0,0.0101,1424.7145,0.0086,0.034,0.5042,1
799maize_train_streak virus.JPG,100.5272,127.9502,99.476,77.8888,67.1006,130.371,0.0,0.0,0.0081,93.94,0.0234,0.2435,0.9744,1
799maize_valid_streak virus.JPG,76.552,122.2031,62.6571,53.9251,132.4106,122.2224,0.0,0.0,0.0,61.7039,0.0232,0.2082,0.9562,1
79maize_train_streak virus.JPG,128.6377,132.4359,128.7096,91.5223,75.7512,144.6352,0.0001,0.0,0.0074,49.5283,0.0479,0.4284,0.9927,1
7maize_valid_streak virus.JPG,129.3973,125.7063,92.8376,29.8825,88.5063,137.9236,0.0392,0.0002,0.0,93.1767,0.0172,0.1819,0.9704,1
800maize_valid_streak virus.JPG,115.0156,145.9685,113.6056,59.193,75.1292,145.9875,0.0,0.0,0.0273,1420.8224,0.0077,0.0337,0.6668,1
801maize_valid_streak virus.JPG,129.753,160.6467,130.5214,61.6368,56.9265,160.7822,0.0,0.0,0.0,12.1301,0.0366,0.5005,0.994,1
802maize_valid_streak virus.JPG,95.7557,152.4984,81.6592,56.213,133.3704,152.6992,0.0,0.001,0.0173,1559.7333,0.0089,0.0323,0.4466,1
803maize_valid_streak virus.JPG,90.5908,148.0483,69.4026,53.783,137.4554,148.4131,0.0,0.0,0.0141,145.7762,0.0247,0.2357,0.9142,1
804maize_valid_streak virus.JPG,97.7614,121.1693,90.1652,65.0673,57.5289,122.9152,0.0,0.0,0.1186,80.365,0.0855,0.3474,0.9879,1
805maize_valid_streak virus.JPG,108.3489,132.0726,99.7381,70.4526,56.741,134.2339,0.0,0.0,0.0147,50.766,0.0247,0.2809,0.9879,1
806maize_valid_streak virus.JPG,103.7707,124.5478,98.3622,54.3451,74.598,124.959,0.0002,0.0,0.061,1540.886,0.0076,0.031,0.6412,1
807maize_valid_streak virus.JPG,127.7013,151.6346,125.5103,60.3734,51.5808,151.9402,0.0,0.0,0.0,51.9053,0.0267,0.231,0.9686,1
808maize_valid_streak virus.JPG,107.0709,132.1954,106.6765,59.6422,68.8731,132.2583,0.0,0.0,0.0398,1413.1128,0.0083,0.0349,0.6011,1
809maize_valid_streak virus.JPG,111.2896,138.7078,112.4705,61.6817,57.8787,138.7078,0.0,0.0,0.0,14.8922,0.0434,0.4255,0.9797,1
80maize_train_streak virus.JPG,104.4384,113.489,92.8456,67.9264,109.2021,118.6766,0.0002,0.0,0.0976,1268.9876,0.0084,0.0353,0.832,1
80maize_valid_streak virus.JPG,72.4819,99.2279,65.5022,47.5996,79.956,99.9915,0.0,0.0,0.163,95.4245,0.1375,0.3629,0.975,1
810maize_valid_streak virus.JPG,111.8061,150.128,95.357,52.7992,104.6752,150.175,0.0,0.0,0.0035,1416.3598,0.0092,0.034,0.4383,1
811maize_valid_streak virus.JPG,106.0947,144.1897,95.0256,55.188,91.1122,144.2083,0.0,0.0,0.0,18.5214,0.0328,0.3132,0.9844,1
812maize_valid_streak virus.JPG,195.0646,208.8972,166.6538,47.6145,60.073,209.288,0.0,0.0007,0.0,1095.3362,0.0114,0.0487,0.5646,1
813maize_valid_streak virus.JPG,183.3374,199.8995,149.9766,50.3417,69.6406,200.3062,0.0,0.0001,0.0,66.955,0.0585,0.2937,0.9607,1
814maize_valid_streak virus.JPG,110.9324,143.7423,108.8163,59.6492,84.4799,143.9675,0.0012,0.0004,0.0182,1397.5272,0.0079,0.0327,0.6289,1
815maize_valid_streak virus.JPG,111.5902,152.0202,122.6172,68.286,70.7755,152.1169,0.0,0.0,0.0,7.998,0.0737,0.557,0.9894,1
816maize_valid_streak virus.JPG,173.4698,169.9631,89.6377,28.3314,136.1137,178.8473,0.0554,0.1241,0.0086,1322.883,0.0088,0.0343,0.6522,1
817maize_valid_streak virus.JPG,174.3809,174.9186,84.5225,30.2368,136.9596,181.7571,0.0352,0.321,0.0,32.5972,0.0386,0.3045,0.9453,1
818maize_valid_streak virus.JPG,97.9721,133.5691,87.6355,56.069,103.7795,133.5991,0.0,0.0,0.08,1325.0551,0.0081,0.0348,0.6923,1
819maize_valid_streak virus.JPG,112.4369,156.296,94.0138,52.2326,104.8554,156.2962,0.0,0.0,0.0,19.8875,0.0333,0.3387,0.9808,1
81maize_train_streak virus.JPG,56.222,71.0446,26.8546,41.6058,164.3834,71.2433,0.0,0.0,0.036,10.3602,0.0633,0.425,0.9831,1
81maize_valid_streak virus.JPG,86.8052,115.6287,77.5855,55.6307,84.4551,116.7578,0.0,0.0,0.0038,36.2196,0.032,0.3058,0.9746,1
820maize_valid_streak virus.JPG,113.8349,140.3162,114.3093,60.1841,65.04,140.4197,0.0,0.0,0.0313,1401.2829,0.008,0.0346,0.6421,1
821maize_valid_streak virus.JPG,112.5577,140.8287,116.1952,64.0509,58.8171,140.8988,0.0,0.0,0.0049,7.7617,0.0425,0.469,0.9966,1
822maize_valid_streak virus.JPG,105.1973,129.9021,105.2091,59.9241,66.716,130.0483,0.0001,0.0,0.0419,1381.3752,0.0087,0.0346,0.5799,1
823maize_valid_streak virus.JPG,116.267,140.3703,115.4772,60.6169,51.413,140.4687,0.0,0.0,0.0004,31.7734,0.0317,0.2951,0.9773,1
824maize_valid_streak virus.JPG,95.0675,140.5292,85.9942,57.6478,116.5353,140.7743,0.0,0.0,0.0284,1417.2872,0.0084,0.0336,0.5825,1
825maize_valid_streak virus.JPG,81.7346,131.6297,72.195,56.2188,122.6171,131.8418,0.0,0.0,0.0,31.6837,0.0339,0.322,0.9772,1
826maize_valid_streak virus.JPG,109.2029,148.2518,89.409,52.2916,111.8832,148.6576,0.0001,0.0001,0.0313,1385.7204,0.0079,0.0345,0.6434,1
827maize_valid_streak virus.JPG,118.4595,162.854,89.5466,48.573,118.3749,163.1761,0.0,0.001,0.0,13.5238,0.0368,0.4185,0.9893,1
828maize_valid_streak virus.JPG,122.9449,129.404,72.2005,31.5559,115.0175,136.2244,0.1086,0.0167,0.1139,93.1387,0.0905,0.2962,0.98,1
829maize_valid_streak virus.JPG,137.8466,144.2986,79.1471,33.2101,125.0381,152.3475,0.1287,0.0276,0.0,44.3208,0.0272,0.2427,0.9627,1
82maize_train_streak virus.JPG,72.2637,81.2508,58.3152,52.8408,112.7947,85.8884,0.0001,0.0,0.1842,105.6643,0.1494,0.4829,0.9853,1
830maize_valid_streak virus.JPG,128.6956,135.4125,75.8966,33.5664,129.232,139.4807,0.0382,0.0191,0.0259,1511.4076,0.0077,0.0324,0.6238,1
831maize_valid_streak virus.JPG,123.4386,131.8049,65.6674,34.4903,131.1107,134.9237,0.0606,0.0563,0.0115,214.213,0.0202,0.2166,0.9243,1
832maize_valid_streak virus.JPG,89.397,133.4449,94.6974,65.1747,110.1595,133.5833,0.0,0.0,0.0173,1405.3147,0.0084,0.034,0.5889,1
833maize_valid_streak virus.JPG,85.5419,134.7922,91.9956,66.0095,109.2862,135.1031,0.0,0.0,0.0,61.185,0.0258,0.266,0.9723,1
834maize_valid_streak virus.JPG,92.7426,129.6549,101.3518,67.1083,94.6133,130.6907,0.0001,0.0,0.0104,1452.3827,0.0089,0.0332,0.5152,1
835maize_valid_streak virus.JPG,80.9641,124.115,91.4062,67.9747,98.7205,124.8491,0.0,0.0,0.0,22.1428,0.0518,0.4949,0.9876,1
836maize_valid_streak virus.JPG,189.649,200.9081,170.4662,69.2522,60.1449,204.6276,0.0101,0.0003,0.0003,1112.4614,0.0121,0.0507,0.7699,1
837maize_valid_streak virus.JPG,152.9083,178.0177,118.4018,54.143,101.5437,180.1785,0.0,0.0012,0.0,117.5751,0.0392,0.2761,0.9608,1
838maize_valid_streak virus.JPG,93.7715,149.8556,76.805,55.5047,136.2585,149.9763,0.0,0.0,0.0179,1454.9241,0.0098,0.0335,0.3661,1
839maize_valid_streak virus.JPG,82.9434,143.8559,58.7027,51.9093,152.6192,143.8559,0.0,0.0,0.0,26.129,0.0574,0.2974,0.9408,1
83maize_train_streak virus.JPG,93.9587,103.5294,79.4584,66.1965,120.8949,109.8456,0.0001,0.0,0.0197,22.8142,0.0515,0.4305,0.9966,1
840maize_valid_streak virus.JPG,94.6286,135.8099,74.0303,50.3366,126.627,136.0168,0.0017,0.0,0.0314,1356.4971,0.0087,0.0343,0.544,1
841maize_valid_streak virus.JPG,91.2013,135.2954,69.1708,49.5704,122.4363,135.5172,0.0,0.0,0.0373,3.5644,0.0609,0.5246,0.9979,1
842maize_valid_streak virus.JPG,164.5776,166.3697,79.4068,29.8177,145.5317,170.855,0.0272,0.179,0.013,1312.9268,0.0087,0.034,0.6813,1
843maize_valid_streak virus.JPG,156.1004,161.6527,68.5425,31.3877,149.2548,163.029,0.0014,0.4824,0.0134,8.8541,0.0525,0.5073,0.997,1
844maize_valid_streak virus.JPG,99.7145,136.6127,93.0887,55.4687,96.3954,136.6423,0.0,0.0,0.0495,1348.0714,0.0082,0.0339,0.6477,1
845maize_valid_streak virus.JPG,99.9403,140.8777,89.6487,54.9673,98.0704,140.8996,0.0,0.0,0.0108,7.9315,0.0389,0.3979,0.9952,1
846maize_valid_streak virus.JPG,103.8543,130.3121,91.6751,50.4101,94.8009,130.4731,0.0,0.0,0.0794,1336.2351,0.0072,0.033,0.7581,1
847maize_valid_streak virus.JPG,113.4817,144.6394,98.8476,50.9234,86.6603,144.6395,0.0,0.0,0.0026,23.4448,0.0239,0.2692,0.9891,1
848maize_valid_streak virus.JPG,153.1662,165.9186,108.9512,43.9731,105.6559,166.3489,0.0046,0.025,0.0007,1315.7039,0.0083,0.0363,0.6969,1
849maize_valid_streak virus.JPG,134.5164,149.1435,87.2504,37.3002,114.3216,149.1799,0.0073,0.0158,0.0,15.3319,0.0468,0.469,0.9934,1
84maize_train_streak virus.JPG,146.1525,145.9319,88.2585,29.7126,122.4541,155.812,0.0681,0.0089,0.0046,1638.893,0.0078,0.0311,0.5618,1
84maize_valid_streak virus.JPG,111.9753,131.8154,50.1099,39.4485,166.1652,132.2081,0.0002,0.1178,0.075,62.005,0.0337,0.4385,0.9909,1
850maize_valid_streak virus.JPG,108.8914,149.8018,100.3545,56.5787,98.7329,149.863,0.0,0.0002,0.021,1357.2199,0.008,0.0345,0.6575,1
851maize_valid_streak virus.JPG,128.3445,168.1031,126.3417,58.9154,70.7884,168.1032,0.0,0.0,0.0001,25.2332,0.0259,0.278,0.9868,1
852maize_valid_streak virus.JPG,119.8157,147.8521,102.3892,49.9913,92.5665,147.9384,0.0004,0.0,0.0431,1751.9603,0.0072,0.0307,0.6407,1
853maize_valid_streak virus.JPG,111.683,144.8711,108.1559,59.4065,75.1741,144.9387,0.0,0.0,0.0,124.7777,0.0232,0.2929,0.9458,1
854maize_valid_streak virus.JPG,136.754,149.135,93.2447,47.1522,100.9233,151.0513,0.0001,0.0624,0.1304,260.3406,0.11,0.2896,0.9702,1
855maize_valid_streak virus.JPG,161.4227,174.7606,113.8364,55.333,106.3188,177.4228,0.0002,0.0721,0.0,229.1069,0.0386,0.2194,0.9423,1
856maize_valid_streak virus.JPG,104.4083,129.9975,86.7168,48.8977,101.6317,130.0671,0.0003,0.0,0.0773,1782.3891,0.0071,0.0301,0.6545,1
857maize_valid_streak virus.JPG,120.8913,150.2601,98.3677,48.7541,90.7878,150.2603,0.0,0.0,0.0,451.1195,0.0123,0.0854,0.7984,1
858maize_valid_streak virus.JPG,146.4223,162.2696,145.2093,76.4177,76.9856,169.1622,0.0,0.0,0.0379,1275.854,0.0076,0.0382,0.84,1
859maize_valid_streak virus.JPG,118.6266,140.823,106.0149,63.8457,110.8068,147.9429,0.0,0.0,0.0002,201.7361,0.049,0.2511,0.9705,1
85maize_train_streak virus.JPG,146.6183,150.9142,87.9993,32.1509,115.3862,157.8723,0.0669,0.0095,0.0,254.6967,0.0164,0.1423,0.8794,1
85maize_valid_streak virus.JPG,113.8978,134.0574,51.0142,39.2916,165.968,134.473,0.0002,0.1208,0.0576,213.2292,0.021,0.1947,0.9677,1
860maize_valid_streak virus.JPG,108.0657,136.0442,96.6918,52.5506,92.6813,136.0887,0.0001,0.0,0.0813,1717.6346,0.0071,0.0305,0.6825,1
861maize_valid_streak virus.JPG,129.3604,162.1268,115.2417,53.4644,78.2471,162.166,0.0,0.0,0.0,224.7109,0.015,0.1137,0.863,1
862maize_valid_streak virus.JPG,98.4354,127.5023,82.4284,48.4945,105.4135,127.5933,0.0,0.0,0.0914,1679.7758,0.0072,0.0317,0.6601,1
863maize_valid_streak virus.JPG,129.2791,161.3246,104.2707,47.3773,91.0677,161.3246,0.0,0.0,0.0,160.4034,0.0182,0.1588,0.8859,1
864maize_valid_streak virus.JPG,100.872,119.8031,82.0412,46.0966,98.8713,119.9022,0.0,0.0,0.1704,1598.0815,0.0068,0.0344,0.795,1
865maize_valid_streak virus.JPG,108.99,128.4038,82.4096,43.1264,91.5114,128.5814,0.0,0.0,0.2018,436.6408,0.024,0.2107,0.9433,1
866maize_valid_streak virus.JPG,162.4356,167.2196,77.5625,31.1998,147.7258,169.5134,0.0172,0.1939,0.0136,1289.1811,0.0087,0.035,0.6855,1
867maize_valid_streak virus.JPG,160.1809,165.6623,70.8553,31.2968,148.2183,167.4714,0.005,0.5219,0.0015,12.2453,0.0491,0.4388,0.9946,1
868maize_valid_streak virus.JPG,102.402,117.7672,86.3557,46.411,91.5215,117.8807,0.0001,0.0001,0.1873,1651.1448,0.0068,0.0327,0.7932,1
869maize_valid_streak virus.JPG,170.6872,184.3843,138.0963,40.5808,64.9919,184.5248,0.0,0.0,0.0,155.5972,0.0254,0.2844,0.8936,1
86maize_train_streak virus.JPG,118.6092,120.4026,67.8693,28.3749,112.2321,127.8424,0.0651,0.0103,0.1441,232.4218,0.1181,0.26,0.9628,1
86maize_valid_streak virus.JPG,115.1547,118.0753,61.1905,27.7982,120.7497,126.6031,0.0756,0.0017,0.1702,114.3764,0.1429,0.3488,0.9828,1
870maize_valid_streak virus.JPG,120.9929,127.2103,82.2684,39.8913,114.8033,128.6201,0.0215,0.0,0.0412,1796.5999,0.0073,0.0303,0.6012,1
871maize_valid_streak virus.JPG,114.1743,120.7554,72.7176,39.5695,114.7819,122.2475,0.0243,0.0,0.0005,429.5462,0.0199,0.1733,0.8461,1
872maize_valid_streak virus.JPG,153.5459,162.2913,124.4134,54.5375,90.4747,165.4865,0.0068,0.0,0.0092,1912.5266,0.007,0.0295,0.6489,1
873maize_valid_streak virus.JPG,134.12,145.1725,106.8218,55.9204,100.3998,149.329,0.0039,0.0,0.0,270.9254,0.0444,0.2843,0.9442,1
874maize_valid_streak virus.JPG,137.3663,146.7428,94.2622,39.2983,111.7821,147.6762,0.0084,0.0,0.0124,2042.8403,0.0072,0.0284,0.5208,1
875maize_valid_streak virus.JPG,125.8346,135.7742,77.366,35.3016,117.7615,136.1781,0.0074,0.0,0.0,685.9884,0.0106,0.0583,0.7115,1
87maize_train_streak virus.JPG,136.5538,136.3511,77.0367,29.8694,124.5129,146.5155,0.0825,0.0107,0.0008,325.3342,0.016,0.1543,0.8729,1
87maize_valid_streak virus.JPG,136.4064,138.8845,71.4648,30.9446,138.6016,149.4923,0.0955,0.0039,0.0003,94.3964,0.0227,0.2172,0.9569,1
90maize_valid_streak virus.JPG,92.2378,115.2637,82.6911,45.1223,70.5808,115.3638,0.0,0.0,0.179,220.3214,0.1423,0.2574,0.9669,1
91maize_valid_streak virus.JPG,110.761,137.9902,99.8851,53.1603,78.2538,138.172,0.0,0.0,0.0155,105.8716,0.0169,0.1932,0.9639,1
94maize_valid_streak virus.JPG,67.1953,94.4203,69.3015,58.4685,77.3274,94.8679,0.0,0.0,0.1843,326.5842,0.138,0.265,0.9369,1
95maize_valid_streak virus.JPG,78.618,109.086,80.9441,70.2952,84.2953,109.8799,0.0,0.0,0.0538,109.1085,0.0203,0.2131,0.9665,1
964maize_valid_streak virus.JPG,128.0562,131.8514,89.2946,29.1515,94.921,139.0506,0.0017,0.0002,0.0054,781.5115,0.0133,0.1157,0.79,1
965maize_valid_streak virus.JPG,108.0441,137.027,83.4479,49.7676,109.4386,137.159,0.0025,0.0007,0.0094,140.6118,0.0171,0.2071,0.9714,1
966maize_valid_streak virus.JPG,124.4553,156.5885,75.6416,40.2593,132.095,157.7806,0.0071,0.0157,0.0171,49.1217,0.0303,0.2684,0.9743,1
967maize_valid_streak virus.JPG,118.0225,157.4884,72.5021,44.1346,138.7105,158.3424,0.0002,0.0117,0.0,65.2404,0.0311,0.2306,0.9169,1
968maize_valid_streak virus.JPG,101.7157,110.4711,75.9371,33.9632,90.2974,113.3024,0.0042,0.0,0.1988,143.6994,0.025,0.2672,0.9779,1
969maize_valid_streak virus.JPG,121.554,148.7587,109.9542,55.6184,75.8072,150.4953,0.0001,0.0,0.0015,85.9336,0.0183,0.2266,0.9702,1
970maize_valid_streak virus.JPG,123.0504,132.249,108.4864,49.8166,53.7193,132.9914,0.0032,0.0001,0.0106,386.7616,0.0147,0.1561,0.9033,1
971maize_valid_streak virus.JPG,116.7692,130.3837,106.2709,55.4399,61.5155,132.9977,0.0001,0.0,0.0014,150.7013,0.0176,0.1976,0.9589,1
972maize_valid_streak virus.JPG,102.5353,129.3622,88.6073,45.1218,95.1121,134.6935,0.0003,0.0005,0.0018,28.9315,0.0269,0.3355,0.99,1
973maize_valid_streak virus.JPG,116.5943,134.2399,96.824,51.7823,87.1896,136.0899,0.0064,0.0001,0.0001,281.9506,0.0132,0.129,0.911,1
974maize_valid_streak virus.JPG,116.5568,139.258,87.2579,47.548,101.8878,140.3787,0.0,0.0148,0.0514,308.5042,0.0126,0.1369,0.9365,1
975maize_valid_streak virus.JPG,115.0014,144.0272,95.296,51.8706,96.2571,145.0385,0.0,0.0043,0.0196,168.7832,0.0142,0.1561,0.9521,1
976maize_valid_streak virus.JPG,103.6877,102.1907,69.1857,27.5132,106.1017,115.745,0.041,0.0013,0.0006,71.0097,0.0347,0.299,0.9704,1
977maize_valid_streak virus.JPG,122.6306,116.8508,79.5499,27.323,102.7875,130.5391,0.0678,0.0036,0.0008,224.4529,0.0176,0.188,0.9262,1
978maize_valid_streak virus.JPG,129.0923,116.2874,79.3424,22.7341,108.126,131.9747,0.1209,0.011,0.0002,90.347,0.0183,0.1978,0.9765,1
979maize_valid_streak virus.JPG,134.4183,152.0157,79.2496,35.7923,130.8488,152.1509,0.0004,0.037,0.0027,558.424,0.0602,0.1561,0.8665,1
980maize_valid_streak virus.JPG,138.9189,153.2064,123.7706,65.1755,76.9682,157.4438,0.0001,0.0001,0.0,107.6848,0.0329,0.3099,0.9803,1
981maize_valid_streak virus.JPG,115.6635,143.3023,92.1242,48.7157,95.5559,144.2306,0.0001,0.0008,0.0,24.6285,0.0289,0.3479,0.9908,1
982maize_valid_streak virus.JPG,110.7704,131.6128,102.7842,54.0339,74.7473,134.2434,0.0019,0.0001,0.0,40.7611,0.0245,0.261,0.982,1
983maize_valid_streak virus.JPG,140.814,159.2404,98.8089,45.8302,105.7326,161.3183,0.0025,0.0074,0.0,216.2836,0.0161,0.1517,0.9034,1
984maize_valid_streak virus.JPG,105.1652,114.5794,41.2054,28.3901,145.1835,119.3325,0.0032,0.2403,0.12,97.1411,0.022,0.2411,0.9816,1
985maize_valid_streak virus.JPG,97.1422,108.0675,66.5865,34.8803,110.1511,110.5892,0.0045,0.0056,0.1624,101.6382,0.0219,0.2371,0.9849,1
986maize_valid_streak virus.JPG,85.6394,105.9702,80.9362,63.2078,69.7745,108.7436,0.0,0.0,0.0992,92.686,0.0228,0.263,0.9716,1
987maize_valid_streak virus.JPG,97.7099,117.438,78.4827,55.8822,84.6372,119.7287,0.0082,0.0001,0.0713,103.2728,0.0204,0.2396,0.9663,1
988maize_valid_streak virus.JPG,110.7619,137.9858,99.8991,53.2567,78.4056,138.1782,0.0,0.0,0.0155,105.7305,0.0169,0.1934,0.9639,1
989maize_valid_streak virus.JPG,78.6233,109.081,80.9499,70.3386,84.443,109.8828,0.0,0.0,0.0537,109.1216,0.0203,0.2127,0.9665,1
98maize_valid_streak virus.JPG,86.045,124.4088,51.7563,42.0581,137.0616,124.5705,0.0,0.027,0.1613,304.4237,0.1309,0.257,0.9469,1
990maize_valid_streak virus.JPG,74.7504,104.9991,78.2844,68.4344,87.2711,105.515,0.0,0.0,0.0805,297.9373,0.0219,0.2222,0.9071,1
991maize_valid_streak virus.JPG,97.1252,118.454,99.5976,62.6534,66.6861,119.1957,0.0,0.0,0.1575,102.1604,0.0198,0.2304,0.9785,1
992maize_valid_streak virus.JPG,90.713,102.5916,83.5656,59.0494,69.9023,106.3328,0.0004,0.0,0.1943,230.5382,0.0316,0.2347,0.9456,1
993maize_valid_streak virus.JPG,91.9814,114.4779,92.1929,82.969,77.0254,119.1906,0.0,0.0,0.0049,41.3074,0.0267,0.2854,0.9906,1
994maize_valid_streak virus.JPG,96.607,134.5582,107.3256,69.1109,86.9246,134.6851,0.0,0.0,0.0181,1122.7519,0.012,0.1149,0.5716,1
995maize_valid_streak virus.JPG,117.456,143.7363,84.4897,41.9966,111.6885,145.2637,0.0075,0.0094,0.009,396.9563,0.013,0.1124,0.8705,1
996maize_valid_streak virus.JPG,86.1393,147.5093,59.8742,52.5484,151.2331,147.5234,0.0,0.0,0.0192,119.9228,0.0266,0.2267,0.9156,1
997maize_valid_streak virus.JPG,106.6738,125.3476,102.5536,55.5518,57.869,125.9363,0.0004,0.0,0.0592,177.9818,0.0203,0.2073,0.9435,1
998maize_valid_streak virus.JPG,83.7436,120.0373,82.2722,60.4306,95.0665,120.267,0.0001,0.0,0.0118,83.757,0.0231,0.2328,0.9606,1
999maize_valid_streak virus.JPG,89.7826,129.9957,82.0724,55.734,98.6183,130.0516,0.0,0.0,0.0454,29.5004,0.0293,0.3089,0.9877,1
99maize_valid_streak virus.JPG,101.7104,147.5634,63.9568,48.7872,151.4074,147.8228,0.0,0.0321,0.0,652.9093,0.0136,0.1178,0.6686,1
9maize_valid_streak virus.JPG,109.3968,112.8252,44.1591,30.7526,164.4964,120.2611,0.0798,0.0037,0.0072,50.2438,0.0256,0.255,0.9681,1
streak virus1000_.jpg,134.2387,126.194,55.5446,27.1723,154.5614,139.0953,0.2277,0.1253,0.0,46.4482,0.0245,0.2728,0.9803,1
streak virus1001_.jpg,141.6595,114.6981,54.9386,20.7064,160.9578,143.2747,0.3502,0.0835,0.0001,133.7147,0.0173,0.1605,0.9573,1
streak virus1002_.jpg,129.929,110.8796,47.807,23.0365,166.6494,132.8264,0.2521,0.1235,0.0006,68.6807,0.0218,0.2435,0.9758,1
streak virus1003_.jpg,158.3506,146.2355,69.5392,25.7978,149.1365,160.6081,0.1521,0.1491,0.0,99.5993,0.0193,0.191,0.9753,1
streak virus1004_.jpg,118.7502,125.6125,63.9388,33.4749,131.7222,129.7903,0.0422,0.0334,0.0164,196.6692,0.0197,0.2276,0.9295,1
streak virus1005_.jpg,127.1394,129.8284,71.3736,31.4101,124.7635,136.5237,0.0649,0.0074,0.0026,141.9364,0.0232,0.2435,0.9435,1
streak virus1006_.jpg,109.2952,121.2671,55.2445,36.0452,139.8774,122.3906,0.021,0.0683,0.0329,311.0697,0.019,0.2013,0.8968,1
streak virus1007_.jpg,129.5483,129.1149,68.2841,29.5319,133.5129,138.815,0.0877,0.0268,0.0055,265.7177,0.0166,0.164,0.897,1
streak virus1008_.jpg,133.3804,137.0228,68.9723,31.2443,135.9899,143.4914,0.063,0.0439,0.004,321.1754,0.0157,0.1486,0.8632,1
streak virus1009_.jpg,136.5548,136.3468,77.0436,29.8829,124.4149,146.527,0.0824,0.0114,0.0008,325.2915,0.016,0.1541,0.8729,1
streak virus100_.jpg,111.26,139.5766,84.803,56.5586,129.6256,143.2569,0.0001,0.0013,0.0,239.4945,0.025,0.1985,0.9476,1
streak virus1010_.jpg,97.9149,103.5974,49.7523,33.0943,140.4007,107.6872,0.0647,0.0029,0.0071,51.8835,0.0337,0.329,0.9643,1
streak virus1011_.jpg,93.0891,98.7556,44.8771,33.0541,147.1763,103.3559,0.0554,0.0002,0.0029,31.2941,0.0428,0.389,0.9735,1
streak virus101_.jpg,139.4082,147.8791,123.9779,69.3249,85.7738,155.4037,0.0087,0.0019,0.0315,237.4457,0.0385,0.3033,0.9561,1
streak virus102_.jpg,128.7301,140.0147,92.8017,53.647,112.6218,143.3895,0.0166,0.0069,0.0,271.6723,0.028,0.2184,0.909,1
streak virus103_.jpg,124.0542,135.1094,91.0749,53.6493,110.1639,139.0604,0.0182,0.0054,0.0,133.0821,0.0338,0.2454,0.9577,1
streak virus104_.jpg,126.0127,137.0767,94.2967,54.3375,106.6368,140.9069,0.0162,0.0051,0.0,118.714,0.032,0.2595,0.962,1
streak virus105_.jpg,152.63,159.634,126.6483,65.2292,89.3941,165.2812,0.0058,0.0146,0.0067,203.8394,0.0395,0.3473,0.9681,1
streak virus106_.jpg,145.0922,155.6399,99.1501,50.5022,111.3326,158.1009,0.0069,0.0367,0.0,156.1856,0.0281,0.2425,0.9399,1
streak virus107_.jpg,138.2567,148.5967,100.0481,53.6875,112.0646,151.567,0.0122,0.0261,0.0125,234.3628,0.0255,0.2642,0.9553,1
streak virus108_.jpg,178.8549,187.7944,165.518,76.4549,66.9126,196.1327,0.0011,0.0023,0.0037,183.3299,0.0737,0.3692,0.9638,1
streak virus109_.jpg,152.6293,165.6269,122.2981,56.1461,91.8517,170.1288,0.0013,0.0013,0.0,81.3791,0.0499,0.2907,0.9809,1
streak virus10_.jpg,148.3833,162.267,109.5344,54.6723,103.5767,164.3886,0.0109,0.025,0.0,55.4737,0.0516,0.3916,0.9894,1
streak virus110_.jpg,145.6636,157.7808,99.8011,47.1094,110.8142,160.1257,0.0019,0.0132,0.0,228.5007,0.0223,0.1716,0.9216,1
streak virus111_.jpg,153.9292,164.825,114.3551,49.6345,96.0026,167.9289,0.0008,0.0048,0.0,106.3484,0.0378,0.2354,0.9679,1
streak virus112_.jpg,179.2541,187.9895,166.7471,78.2924,66.2624,196.6762,0.001,0.0023,0.0003,136.1863,0.0732,0.3835,0.9702,1
streak virus113_.jpg,145.781,158.356,109.7835,51.1459,99.2557,162.0103,0.0012,0.0016,0.0,108.1524,0.0438,0.2387,0.9714,1
streak virus114_.jpg,143.7316,155.3506,97.301,46.4469,111.8633,157.6847,0.0022,0.0134,0.0,198.092,0.0225,0.1674,0.9242,1
streak virus115_.jpg,148.4176,156.9451,117.8856,55.6687,91.5999,162.5428,0.0103,0.0042,0.0098,287.0822,0.0303,0.2592,0.9566,1
streak virus116_.jpg,121.6563,133.0918,84.7136,48.6566,112.8257,135.8988,0.0172,0.0095,0.0017,220.1325,0.0291,0.2341,0.9566,1
streak virus117_.jpg,147.3629,158.3529,102.099,42.9361,101.5776,161.3602,0.0067,0.0071,0.0,169.6015,0.0212,0.173,0.9385,1
streak virus118_.jpg,132.1036,139.6569,112.3232,29.0598,58.5747,141.1167,0.0023,0.0059,0.0,54.0281,0.4508,0.5837,0.9786,1
streak virus11_.jpg,163.1279,175.4625,124.0032,59.7571,93.3044,177.4667,0.0038,0.0604,0.0,72.2166,0.0537,0.3529,0.9827,1
streak virus120_.jpg,133.7216,146.1285,90.0626,48.6549,115.4739,147.9163,0.0146,0.0175,0.0,34.7127,0.0423,0.3272,0.9905,1
streak virus121_.jpg,145.6,151.5191,120.0538,65.9191,94.974,160.8231,0.0173,0.0055,0.0336,123.1743,0.0345,0.3259,0.9834,1
streak virus122_.jpg,124.8788,141.2969,86.8017,47.2764,112.7191,143.3269,0.0031,0.0174,0.0,46.8258,0.0295,0.2579,0.9819,1
streak virus123_.jpg,140.2446,154.1705,104.7846,56.0772,106.8305,157.7419,0.0046,0.0181,0.0,83.6233,0.0447,0.2857,0.9814,1
streak virus124_.jpg,133.191,144.5873,95.1188,57.8712,115.9565,148.0315,0.017,0.0097,0.0002,103.1456,0.0565,0.2773,0.9793,1
streak virus125_.jpg,174.689,184.2938,131.763,66.0307,94.8844,188.1142,0.0001,0.1203,0.0174,100.5388,0.072,0.3464,0.9802,1
streak virus126_.jpg,151.1164,164.5434,85.9987,44.1625,133.3188,166.0615,0.0001,0.2217,0.0,96.1395,0.0308,0.1993,0.9602,1
streak virus127_.jpg,166.9728,179.048,110.8916,49.9986,109.7841,181.0936,0.0,0.1335,0.0,53.9012,0.0614,0.2974,0.9804,1
streak virus128_.jpg,203.7946,211.7182,165.0226,33.7851,66.9282,212.6831,0.0,0.0304,0.0,63.539,0.2571,0.4442,0.9812,1
streak virus129_.jpg,180.675,192.1031,120.0255,32.8879,99.3031,192.5792,0.0,0.0135,0.0,49.0883,0.0655,0.2374,0.9636,1
streak virus12_.jpg,166.9358,176.3993,129.4384,55.4036,85.4927,178.0249,0.0017,0.0648,0.0,48.6746,0.0503,0.3349,0.9889,1
streak virus131_.jpg,167.6315,181.3031,159.5899,80.6796,67.6474,188.6528,0.0006,0.0,0.0001,20.7699,0.0528,0.437,0.9945,1
streak virus132_.jpg,113.2418,126.878,100.1838,62.4588,96.2425,132.1267,0.0003,0.0,0.0215,73.8332,0.0261,0.2909,0.9896,1
streak virus133_.jpg,157.0634,168.6452,142.3735,73.9562,79.3847,176.2401,0.024,0.0015,0.0,111.3507,0.0382,0.3352,0.9761,1
streak virus134_.jpg,139.9175,149.5423,147.9127,86.9848,68.507,162.8406,0.0014,0.0,0.0395,87.1717,0.0341,0.3789,0.9845,1
streak virus135_.jpg,123.6005,134.2676,120.4092,74.4788,82.6226,143.0999,0.0031,0.0,0.0387,68.3721,0.0316,0.3909,0.9874,1
streak virus136_.jpg,137.6053,148.043,146.9691,87.531,71.051,162.1716,0.0028,0.0,0.0346,102.9311,0.0357,0.3718,0.9817,1
streak virus137_.jpg,97.6064,112.0058,97.6866,71.1028,97.4859,119.2554,0.0,0.0,0.1085,52.4415,0.0306,0.3496,0.9927,1
streak virus138_.jpg,126.9008,141.7219,42.9941,34.1384,182.5259,147.2611,0.041,0.0666,0.0,34.033,0.0299,0.3057,0.9751,1
streak virus139_.jpg,129.8979,143.0754,44.8157,33.4675,180.9707,149.8209,0.0606,0.0343,0.0,51.4529,0.0298,0.2387,0.9501,1
streak virus13_.jpg,184.2007,190.4334,173.5187,85.7293,51.6158,196.7811,0.006,0.0143,0.0003,74.2374,0.0826,0.4278,0.9829,1
streak virus140_.jpg,123.6454,138.4673,41.9515,34.4464,182.1063,143.5619,0.0293,0.0987,0.0,17.8423,0.0334,0.3689,0.9891,1
streak virus141_.jpg,137.4824,140.0182,71.5609,31.0173,139.0291,150.7119,0.105,0.007,0.0004,92.0103,0.0236,0.2201,0.9562,1
streak virus142_.jpg,157.3141,159.3743,94.4636,31.312,115.3784,168.8074,0.0948,0.0069,0.0,32.8029,0.0289,0.3123,0.9826,1
streak virus143_.jpg,118.981,131.267,54.3119,34.3483,156.8303,136.8734,0.0522,0.0038,0.0008,29.1655,0.0403,0.3149,0.9742,1
streak virus144_.jpg,136.4061,138.8838,71.4624,30.9423,138.6011,149.5167,0.0956,0.0042,0.0003,94.3892,0.0227,0.2177,0.9569,1
streak virus145_.jpg,133.3157,138.1656,70.7878,32.1805,137.4688,148.636,0.0782,0.0015,0.001,23.2822,0.0365,0.3374,0.9861,1
streak virus146_.jpg,156.7566,152.4018,74.5781,28.3315,141.1525,160.1181,0.0523,0.1207,0.0019,122.0919,0.0181,0.1997,0.9701,1
streak virus147_.jpg,175.8441,170.7638,78.3415,28.3291,143.8294,177.1251,0.0362,0.2317,0.0,19.4796,0.0318,0.3263,0.9905,1
streak virus148_.jpg,165.8612,166.3686,90.3736,29.9408,123.321,170.7065,0.0224,0.065,0.0011,124.4907,0.0173,0.1718,0.9614,1
streak virus149_.jpg,147.829,143.0154,68.315,28.064,144.8954,151.2371,0.06,0.1351,0.0071,106.5719,0.0178,0.2031,0.9739,1
streak virus14_.jpg,164.1678,172.3951,138.9618,65.9924,75.9514,176.0113,0.0194,0.0064,0.0004,41.4833,0.0736,0.4809,0.9937,1
streak virus150_.jpg,162.9761,153.036,68.6221,26.6662,150.4564,163.8428,0.1067,0.2681,0.0,5.822,0.0366,0.4337,0.9978,1
streak virus151_.jpg,150.851,152.1761,80.2368,30.0199,129.3334,156.2195,0.0131,0.0589,0.01,102.1267,0.0179,0.2054,0.9746,1
streak virus152_.jpg,155.7152,153.5431,75.9137,29.1307,138.7536,159.2031,0.0502,0.0984,0.0077,111.6689,0.0162,0.163,0.971,1
streak virus153_.jpg,161.0999,161.2257,88.2515,29.7555,124.4411,165.3492,0.0123,0.0347,0.0015,85.0046,0.0181,0.1905,0.9784,1
streak virus154_.jpg,151.6693,148.3061,66.1701,29.0675,149.8385,154.938,0.0888,0.1701,0.0158,14.2514,0.0262,0.3255,0.9957,1
streak virus155_.jpg,161.2841,158.3954,76.9455,28.7398,139.732,164.1388,0.0437,0.1152,0.0053,71.4188,0.0184,0.1961,0.9803,1
streak virus156_.jpg,167.6792,166.8916,86.3017,29.5548,129.2176,170.8139,0.0145,0.0618,0.0014,40.8554,0.0231,0.2542,0.9868,1
streak virus157_.jpg,166.9613,173.6886,84.4029,32.2881,133.7434,175.3351,0.0147,0.2473,0.0,93.6373,0.0202,0.1966,0.9545,1
streak virus158_.jpg,173.0445,179.2085,98.7096,32.367,116.7902,180.6501,0.0083,0.0752,0.0,49.1734,0.0238,0.249,0.9667,1
streak virus159_.jpg,165.4282,173.5024,74.8463,32.5413,147.0734,174.4497,0.0087,0.3948,0.0,51.045,0.0256,0.2651,0.9783,1
streak virus15_.jpg,156.0989,167.3621,118.5339,55.9217,91.1142,168.782,0.0047,0.0594,0.0,80.131,0.0382,0.319,0.9771,1
streak virus160_.jpg,171.1219,176.5465,86.2087,31.81,132.9486,178.8504,0.0163,0.2325,0.0,70.2012,0.0215,0.2057,0.9617,1
streak virus161_.jpg,176.7553,178.0157,95.8959,30.4547,122.1843,182.8127,0.0153,0.1043,0.0,21.6784,0.0302,0.2969,0.9789,1
streak virus162_.jpg,170.0477,178.2407,77.2306,32.5796,145.9993,178.9836,0.0064,0.3713,0.0,30.8064,0.0291,0.309,0.9876,1
streak virus163_.jpg,143.9072,151.9065,65.0746,32.9623,154.1567,153.6733,0.0104,0.1941,0.0001,132.7386,0.0163,0.1658,0.965,1
streak virus164_.jpg,125.9216,136.8774,47.9081,34.0296,172.1906,137.5531,0.0095,0.2347,0.0001,89.3263,0.0209,0.2194,0.9767,1
streak virus165_.jpg,172.187,176.749,86.0836,31.5337,133.7891,179.3347,0.0097,0.2623,0.0,100.6054,0.0204,0.1825,0.9395,1
streak virus166_.jpg,164.7665,161.006,78.5913,28.4207,139.9804,170.4887,0.0726,0.2978,0.0025,61.1701,0.0272,0.2463,0.9772,1
streak virus167_.jpg,172.7167,167.423,91.0599,27.8938,127.3327,178.1979,0.0859,0.1319,0.0,25.2479,0.0361,0.3494,0.99,1
streak virus168_.jpg,155.6582,157.3727,68.1036,29.9601,149.7893,162.211,0.0271,0.4407,0.004,34.2332,0.0354,0.311,0.9889,1
streak virus169_.jpg,163.5444,159.8571,78.2754,28.6451,140.3832,169.4811,0.0726,0.2743,0.0009,56.8818,0.0259,0.2495,0.9805,1
streak virus16_.jpg,185.0309,189.3225,172.6598,86.9089,53.1648,197.1687,0.0201,0.0114,0.0003,82.7515,0.0645,0.4215,0.982,1
streak virus170_.jpg,153.2906,158.1639,65.969,31.2336,152.2911,160.683,0.01,0.467,0.0013,21.0184,0.0407,0.3734,0.9928,1
streak virus171_.jpg,175.1766,169.0211,95.5221,27.7835,123.1647,180.4203,0.0943,0.0661,0.0009,32.1104,0.0283,0.2936,0.9889,1
streak virus172_.jpg,106.0665,111.4532,69.5577,43.5014,135.1373,113.7804,0.0201,0.0086,0.0526,145.3288,0.0198,0.2159,0.9773,1
streak virus173_.jpg,97.4447,103.8686,57.3462,42.8789,150.6467,105.6807,0.0256,0.0034,0.0725,59.1755,0.0212,0.2657,0.9887,1
streak virus174_.jpg,103.3322,109.384,66.137,44.1233,135.7913,111.3952,0.0178,0.016,0.0383,62.3762,0.0289,0.2915,0.9902,1
streak virus175_.jpg,81.191,88.7619,45.8565,39.0499,153.8327,89.8204,0.0183,0.0023,0.1698,229.3937,0.0207,0.1865,0.9453,1
streak virus176_.jpg,89.8028,96.9377,56.19,37.2514,138.5308,98.2493,0.0184,0.0053,0.1319,241.8491,0.0299,0.2398,0.9533,1
streak virus177_.jpg,74.9287,82.7793,37.4094,42.4873,166.4168,83.7134,0.0199,0.0,0.1832,234.0705,0.0168,0.1336,0.924,1
streak virus178_.jpg,119.2848,117.1265,81.4196,33.3304,105.7308,120.9788,0.0754,0.0009,0.0678,188.0529,0.0247,0.2092,0.96,1
streak virus179_.jpg,143.9954,139.2975,107.33,34.7703,80.2054,144.6598,0.1061,0.0013,0.0,66.362,0.0379,0.3285,0.981,1
streak virus17_.jpg,146.2599,160.4966,103.2925,52.8485,105.4487,161.6441,0.0068,0.0456,0.0,108.8321,0.031,0.2977,0.9677,1
streak virus180_.jpg,93.3402,93.795,54.2232,32.2479,132.7979,96.2355,0.0459,0.0007,0.1491,98.3451,0.0232,0.2131,0.9746,1
streak virus183_.jpg,143.0726,138.7517,102.3249,42.0386,90.5694,143.8685,0.1206,0.0015,0.0,61.5395,0.0382,0.3213,0.9837,1
streak virus184_.jpg,130.0703,127.1736,90.9195,40.6328,95.4873,131.3304,0.0834,0.0008,0.0,42.2007,0.0317,0.3236,0.9878,1
streak virus185_.jpg,135.6053,132.9171,112.0072,86.4093,81.8322,138.3966,0.0355,0.0,0.0402,59.6847,0.0477,0.3937,0.9905,1
streak virus186_.jpg,134.4029,131.6845,95.4321,39.4266,101.284,136.1912,0.0734,0.005,0.0595,196.6982,0.0283,0.2304,0.9662,1
streak virus187_.jpg,113.2623,112.7271,72.5409,37.0159,121.5868,115.9963,0.0544,0.005,0.1018,132.007,0.0272,0.2221,0.9754,1
streak virus188_.jpg,159.5087,154.1786,122.997,44.7282,74.611,160.1787,0.0924,0.0065,0.0,87.8002,0.0413,0.3339,0.9778,1
streak virus189_.jpg,122.0262,119.0947,76.7187,37.9831,112.2534,123.2416,0.1081,0.0009,0.0007,123.4698,0.0209,0.1976,0.9588,1
streak virus18_.jpg,161.5414,171.3429,126.3154,60.8562,87.0426,173.5775,0.0025,0.0448,0.0,70.8561,0.0458,0.3247,0.9833,1
streak virus190_.jpg,109.02,107.79,64.621,35.9541,120.3629,110.8477,0.081,0.0006,0.0016,44.111,0.0258,0.2654,0.98,1
streak virus191_.jpg,133.1514,128.7732,85.9981,39.0456,107.087,133.8609,0.1388,0.0011,0.0,60.7699,0.0253,0.2473,0.9809,1
streak virus192_.jpg,128.6589,125.1239,86.6346,40.6162,102.8435,129.7358,0.1028,0.0003,0.0005,146.4943,0.0245,0.2051,0.9566,1
streak virus193_.jpg,109.9373,108.4066,64.5946,38.9954,121.4991,111.7801,0.0924,0.0004,0.0014,68.2563,0.0233,0.233,0.9687,1
streak virus194_.jpg,122.4918,140.431,50.0376,35.7505,171.4148,141.2797,0.0132,0.0549,0.0,128.1604,0.0215,0.2252,0.9428,1
streak virus195_.jpg,129.556,147.3621,53.1179,35.3747,170.1162,148.2416,0.0106,0.0768,0.0,146.9492,0.0209,0.2169,0.9331,1
streak virus196_.jpg,149.7714,154.3,54.7321,30.241,168.7652,161.7612,0.0754,0.2892,0.0,41.6933,0.027,0.3108,0.9778,1
streak virus197_.jpg,153.7188,161.5031,55.0569,31.7079,170.1251,164.368,0.0413,0.457,0.0,58.2958,0.0308,0.3616,0.9614,1
streak virus198_.jpg,153.5251,161.7937,54.9047,31.8942,170.5023,164.3438,0.0374,0.4619,0.0,53.6031,0.0309,0.3583,0.9643,1
streak virus199_.jpg,158.3064,164.7184,57.8258,31.4542,167.699,167.3622,0.0413,0.4946,0.0,70.2814,0.0327,0.3534,0.9453,1
streak virus19_.jpg,159.5575,171.2309,129.6509,66.1868,84.566,173.7679,0.0064,0.0214,0.0,66.9012,0.0498,0.4063,0.9867,1
streak virus200_.jpg,158.3317,164.0625,57.9275,31.2198,167.2462,167.0101,0.0501,0.4863,0.0,72.6141,0.0299,0.33,0.9471,1
streak virus201_.jpg,150.4915,158.95,54.4468,31.7316,170.5685,162.9181,0.0451,0.3804,0.0,68.3208,0.0244,0.2972,0.9641,1
streak virus20_.jpg,156.6808,159.4754,119.1876,54.7,96.6384,168.2243,0.0558,0.0436,0.0158,122.5275,0.0551,0.3171,0.9849,1
streak virus218_.jpg,134.5551,138.9347,59.2607,30.7514,156.5955,145.8063,0.0397,0.1471,0.0003,153.8407,0.0231,0.2505,0.9615,1
streak virus220_.jpg,119.1602,126.0996,113.8959,81.1506,85.5952,135.9934,0.0001,0.0,0.0,17.4797,0.0585,0.5214,0.9974,1
streak virus221_.jpg,91.5089,104.376,70.1114,58.7005,129.9415,109.0439,0.0008,0.0,0.0,29.2184,0.0491,0.3922,0.9945,1
streak virus222_.jpg,128.6387,132.4381,128.7024,91.5345,75.8284,144.6485,0.0001,0.0,0.0074,49.489,0.048,0.4296,0.9927,1
streak virus223_.jpg,111.5199,118.0345,104.3856,80.3636,89.3114,125.8128,0.0001,0.0,0.0079,22.1656,0.058,0.4829,0.9967,1
streak virus224_.jpg,93.9623,103.5265,79.4575,66.208,120.9392,109.8558,0.0001,0.0,0.0197,22.7842,0.0515,0.4309,0.9966,1
streak virus225_.jpg,119.3521,122.7206,120.7286,88.5051,74.5365,135.198,0.0003,0.0,0.0086,10.9879,0.0804,0.5337,0.9982,1
streak virus226_.jpg,96.0582,104.5361,89.5909,72.3938,105.6696,114.2345,0.0002,0.0,0.0105,40.8438,0.0389,0.3602,0.9923,1
streak virus227_.jpg,77.5597,89.2345,54.1527,53.7228,139.5256,92.1091,0.0001,0.0,0.0031,15.0314,0.0494,0.4062,0.9962,1
streak virus228_.jpg,110.1857,115.9896,117.8406,87.5666,80.7471,132.064,0.0002,0.0,0.0195,10.6332,0.0503,0.4726,0.9979,1
streak virus229_.jpg,106.6621,114.4333,103.2077,78.2551,95.5686,125.0735,0.0001,0.0,0.0038,25.771,0.0426,0.4122,0.9957,1
streak virus22_.jpg,113.8648,111.9395,52.5642,28.9877,147.6644,122.9456,0.1544,0.0501,0.0452,67.4603,0.0215,0.2564,0.9768,1
streak virus230_.jpg,84.5205,95.3767,65.4975,60.109,127.9574,99.5335,0.0,0.0,0.0063,8.6531,0.0551,0.4713,0.9981,1
streak virus231_.jpg,155.8041,155.3394,149.1938,108.54,52.9802,163.6425,0.0009,0.0,0.0073,94.0432,0.0661,0.4795,0.981,1
streak virus257_.jpg,111.848,121.4641,85.2523,62.2251,110.6744,125.2462,0.0038,0.0001,0.0004,397.5422,0.0272,0.2427,0.9023,1
streak virus258_.jpg,121.2445,130.4937,93.5919,62.8691,101.0218,133.9503,0.0029,0.0003,0.0,346.4971,0.0335,0.2479,0.9087,1
streak virus259_.jpg,161.123,162.3742,163.0017,100.7433,56.9303,176.5825,0.0006,0.0,0.0005,174.5015,0.0717,0.3942,0.9683,1
streak virus25_.jpg,158.3339,179.559,110.7436,54.2371,112.4903,180.966,0.0,0.0576,0.0,72.5784,0.0567,0.3079,0.982,1
streak virus260_.jpg,104.4662,113.709,80.4423,61.5682,111.1611,117.0227,0.0033,0.0,0.0022,404.7489,0.0246,0.2059,0.9063,1
streak virus265_.jpg,109.4424,122.0921,55.2305,35.3518,147.1927,123.3052,0.0188,0.0058,0.0,53.5383,0.0252,0.2573,0.9729,1
streak virus266_.jpg,109.3278,122.7986,50.4608,35.2904,155.5408,124.4571,0.0243,0.0067,0.0,27.803,0.0301,0.3261,0.9816,1
streak virus267_.jpg,111.7616,124.1803,64.9584,35.8696,132.9427,124.726,0.0066,0.0027,0.0,23.5133,0.0328,0.3647,0.9915,1
streak virus268_.jpg,110.4515,120.7647,62.5925,35.7658,133.9205,121.8577,0.0222,0.0028,0.0,86.9849,0.0248,0.2467,0.9657,1
streak virus269_.jpg,111.5134,119.7616,66.699,34.5986,124.2276,120.6517,0.033,0.0022,0.0,27.7251,0.032,0.3428,0.9896,1
streak virus26_.jpg,156.7381,174.7655,109.7178,46.5597,102.0366,175.3017,0.0001,0.0497,0.0,51.6239,0.0363,0.3208,0.9786,1
streak virus270_.jpg,129.2492,132.4532,90.3925,28.9931,94.2412,140.0606,0.0039,0.0003,0.0051,745.7287,0.0136,0.1251,0.8147,1
streak virus271_.jpg,128.0562,131.8514,89.2946,29.1515,94.921,139.0506,0.0017,0.0002,0.0054,781.5115,0.0133,0.1157,0.79,1
streak virus272_.jpg,142.3492,152.362,101.4024,34.7686,93.9068,156.3643,0.0032,0.0009,0.0035,884.6009,0.0102,0.0813,0.733,1
streak virus273_.jpg,128.2583,136.8477,64.92,33.1031,138.1064,138.4797,0.0327,0.0923,0.0037,42.8901,0.0263,0.3258,0.9806,1
streak virus274_.jpg,113.939,140.1299,71.4535,40.5568,129.9246,140.5602,0.0017,0.025,0.0502,291.5417,0.0146,0.1529,0.9249,1
streak virus275_.jpg,120.1669,157.6092,69.7354,42.7511,144.002,157.7298,0.0001,0.0596,0.0492,80.3909,0.0287,0.2946,0.9756,1
streak virus276_.jpg,124.3342,156.1359,80.0343,42.124,127.1896,156.6744,0.0014,0.0423,0.0217,139.1946,0.0228,0.2345,0.9554,1
streak virus277_.jpg,106.3296,132.1993,76.3145,45.7639,117.719,132.7708,0.004,0.0004,0.0191,208.5947,0.0136,0.1469,0.9572,1
streak virus278_.jpg,108.0441,137.027,83.4479,49.7676,109.4386,137.159,0.0025,0.0007,0.0094,140.6118,0.0171,0.2071,0.9714,1
streak virus279_.jpg,111.0572,136.5605,78.6625,45.1174,118.1435,137.1265,0.0017,0.0008,0.0338,116.192,0.0157,0.1806,0.9793,1
streak virus27_.jpg,179.9242,188.7,149.8261,69.2437,72.9341,193.319,0.0098,0.0532,0.0,79.7236,0.0311,0.3291,0.9791,1
streak virus280_.jpg,129.9584,127.1742,66.3936,28.9512,137.1858,138.5237,0.1213,0.0279,0.0051,250.8544,0.0168,0.1713,0.9005,1
streak virus281_.jpg,120.4948,120.3589,56.2436,30.0899,147.9474,129.5276,0.1067,0.043,0.0097,247.5761,0.0183,0.1901,0.8958,1
streak virus282_.jpg,140.8042,134.9907,77.114,27.6901,126.1272,148.7773,0.1398,0.0141,0.0002,317.0855,0.0154,0.1432,0.8684,1
streak virus283_.jpg,125.8268,127.1148,63.2012,30.7348,141.1199,135.6016,0.0881,0.0358,0.0111,142.2373,0.0179,0.1948,0.9474,1
streak virus284_.jpg,144.2263,140.9316,78.1731,28.6897,126.8336,152.1823,0.1094,0.0302,0.0,203.0546,0.0153,0.1416,0.9122,1
streak virus285_.jpg,110.708,114.9988,49.6817,32.1419,154.2715,121.7425,0.0835,0.0465,0.0194,106.6651,0.0218,0.2336,0.9513,1
streak virus286_.jpg,69.4637,69.0067,31.7224,30.1326,150.1921,75.6112,0.0114,0.0,0.1073,94.9869,0.0229,0.1777,0.9052,1
streak virus287_.jpg,60.5568,67.4387,29.8667,35.2243,145.1363,68.3526,0.0034,0.0,0.1834,63.7953,0.0263,0.2128,0.9202,1
streak virus288_.jpg,78.8113,71.5267,33.8129,25.3253,154.5662,83.4213,0.0195,0.0,0.0351,24.7183,0.0318,0.2937,0.9793,1
streak virus289_.jpg,70.6527,70.6229,31.7611,30.0838,153.2687,77.5307,0.0155,0.0,0.0958,54.5389,0.0278,0.2552,0.9528,1
streak virus28_.jpg,152.2286,168.9676,104.2107,48.7051,106.6554,169.9801,0.0001,0.0601,0.0,78.3053,0.0283,0.2624,0.97,1
streak virus290_.jpg,62.9968,70.6625,30.651,35.5437,148.459,71.7325,0.011,0.0,0.1749,15.7247,0.0349,0.365,0.9854,1
streak virus291_.jpg,78.1137,74.1727,33.9098,27.1548,155.3461,83.9376,0.0232,0.0,0.0246,23.3446,0.0358,0.345,0.9813,1
streak virus292_.jpg,60.3794,52.7955,24.5691,25.3487,162.1902,65.8109,0.017,0.0,0.2323,52.935,0.0352,0.2951,0.922,1
streak virus293_.jpg,59.7322,57.0347,26.6965,29.0122,154.2935,66.9119,0.0066,0.0,0.1568,20.7407,0.0497,0.3941,0.959,1
streak virus294_.jpg,69.9584,69.3063,32.0711,28.7838,151.3678,76.4308,0.0078,0.0,0.1286,88.7441,0.024,0.198,0.9261,1
streak virus295_.jpg,73.8568,75.1273,36.1584,30.1938,144.799,80.8394,0.0135,0.0,0.0974,66.1285,0.0274,0.2562,0.9524,1
streak virus296_.jpg,66.9111,67.0577,28.6281,29.3703,158.3268,74.1999,0.0034,0.0,0.1265,30.7928,0.0336,0.3002,0.9641,1
streak virus297_.jpg,71.6705,71.8736,33.1574,29.3132,150.3021,78.4713,0.0091,0.0,0.1047,89.9016,0.0235,0.1946,0.9244,1
streak virus298_.jpg,75.5193,75.1469,37.2532,29.0194,142.276,81.5305,0.0192,0.0,0.1183,45.9342,0.0301,0.2986,0.9711,1
streak virus299_.jpg,68.6318,69.4055,29.8749,29.6379,156.2585,76.1089,0.0038,0.0,0.0971,35.447,0.0326,0.284,0.958,1
streak virus29_.jpg,164.9481,174.7225,142.1534,70.6522,73.9601,180.6262,0.0026,0.0258,0.0,78.6857,0.0294,0.3253,0.9782,1
streak virus2_.jpg,120.635,132.1911,61.2576,34.4919,146.7934,138.2613,0.0867,0.0233,0.0038,93.3099,0.0204,0.1932,0.9464,1
streak virus300_.jpg,62.155,63.5169,27.702,30.1677,156.9363,70.0857,0.001,0.0,0.1948,86.7288,0.0256,0.2089,0.919,1
streak virus301_.jpg,70.8622,71.4776,33.4837,29.3248,149.2662,78.7316,0.0018,0.0,0.1237,53.3543,0.0316,0.3046,0.961,1
streak virus302_.jpg,53.3395,61.7951,21.9511,35.3588,170.5931,64.8455,0.0,0.0,0.2059,42.6778,0.033,0.2756,0.9375,1
streak virus303_.jpg,126.2781,125.412,66.97,30.3392,130.6809,134.7343,0.1192,0.0254,0.0078,277.9143,0.0221,0.2588,0.907,1
streak virus304_.jpg,134.5221,175.4322,59.5956,40.5345,172.1644,175.8799,0.0038,0.1108,0.0002,69.5792,0.0241,0.2699,0.9705,1
streak virus305_.jpg,133.2558,171.8312,58.2802,40.0669,171.8352,172.3816,0.0075,0.1162,0.0008,43.8502,0.0278,0.3246,0.9821,1
streak virus306_.jpg,130.3075,170.8513,57.9129,40.5998,172.7492,171.4224,0.0048,0.0797,0.0004,68.5094,0.0234,0.2675,0.9731,1
streak virus307_.jpg,125.1098,167.9305,52.5834,40.8544,177.6803,168.7993,0.0033,0.0661,0.0,14.7107,0.0369,0.3925,0.9907,1
streak virus308_.jpg,115.0743,147.5581,70.6137,41.4722,135.4443,148.5178,0.0073,0.0156,0.0158,67.4438,0.022,0.2273,0.9699,1
streak virus309_.jpg,124.4553,156.5885,75.6416,40.2593,132.095,157.7806,0.0071,0.0157,0.0171,49.1217,0.0303,0.2684,0.9743,1
streak virus30_.jpg,170.0078,176.2627,121.6637,52.61,89.7185,178.8919,0.009,0.0645,0.0,18.9795,0.05,0.4142,0.9943,1
streak virus310_.jpg,116.3771,156.1642,73.1744,44.278,138.5295,156.3145,0.0012,0.0041,0.0065,77.8949,0.0205,0.193,0.9536,1
streak virus311_.jpg,118.1555,157.9943,73.3094,44.3239,137.3443,158.6246,0.0004,0.0064,0.0003,64.9571,0.0321,0.2237,0.9094,1
streak virus312_.jpg,116.6198,156.6326,69.8728,44.1974,141.112,157.1225,0.0005,0.0008,0.0007,59.6862,0.0355,0.2339,0.9138,1
streak virus313_.jpg,118.0225,157.4884,72.5021,44.1346,138.7105,158.3424,0.0002,0.0117,0.0,65.2404,0.0311,0.2306,0.9169,1
streak virus314_.jpg,119.4754,117.8228,86.9621,42.2435,94.3792,131.4214,0.0886,0.0,0.0029,59.0441,0.0209,0.2148,0.9745,1
streak virus315_.jpg,132.6713,128.0963,102.4053,50.0295,84.6361,144.7374,0.0775,0.0001,0.0004,51.4136,0.0212,0.2109,0.9774,1
streak virus316_.jpg,114.8062,111.2707,74.3746,32.4801,108.1419,126.0697,0.1537,0.0003,0.0047,37.8877,0.0253,0.2678,0.9793,1
streak virus317_.jpg,130.2761,133.5412,110.039,58.35,74.0348,145.1042,0.0273,0.0001,0.0128,39.1276,0.0223,0.2525,0.9855,1
streak virus318_.jpg,105.98,122.5924,95.3177,56.3271,77.6177,127.4031,0.0078,0.0,0.0198,34.6659,0.0245,0.2601,0.9858,1
streak virus319_.jpg,119.216,129.0654,104.9817,60.0134,73.101,137.2156,0.0143,0.0,0.0037,24.2219,0.0272,0.2982,0.9888,1
streak virus31_.jpg,146.0159,160.2263,113.0781,57.8569,92.3984,162.6486,0.0006,0.0198,0.0,72.1825,0.0254,0.2928,0.9804,1
streak virus320_.jpg,93.1949,116.6984,86.5505,53.9473,81.4091,118.3254,0.0002,0.0,0.037,13.8139,0.0357,0.3897,0.9942,1
streak virus321_.jpg,136.5833,138.6291,92.6668,28.674,101.0329,149.2147,0.0247,0.0027,0.0,26.2554,0.0234,0.3133,0.9925,1
streak virus322_.jpg,161.3285,171.5002,122.6907,34.75,82.7161,178.5786,0.0165,0.0052,0.0,21.232,0.033,0.3693,0.9927,1
streak virus323_.jpg,134.3962,145.3308,86.0843,32.7823,114.6853,152.3251,0.0118,0.0028,0.0,11.6612,0.0355,0.4214,0.994,1
streak virus324_.jpg,125.2796,117.0442,82.7218,23.0422,94.5707,130.7115,0.0455,0.0025,0.0,23.0709,0.0264,0.3076,0.9921,1
streak virus325_.jpg,124.6875,115.9524,69.4719,26.0934,125.4702,132.6478,0.1472,0.0078,0.0,11.3086,0.0334,0.398,0.9948,1
streak virus326_.jpg,149.6261,148.8098,103.5639,28.7207,88.0585,158.0755,0.0174,0.0024,0.0,24.9222,0.0291,0.3473,0.9908,1
streak virus327_.jpg,124.3122,132.9925,110.7849,45.9282,76.9192,142.6603,0.006,0.0002,0.0005,75.2835,0.0251,0.2405,0.9699,1
streak virus328_.jpg,106.916,124.2371,86.8318,49.1868,84.5313,125.2803,0.0006,0.0,0.0608,299.573,0.0143,0.1552,0.9322,1
streak virus329_.jpg,114.2133,129.9709,94.7627,51.4153,77.1052,130.9335,0.0005,0.0,0.0727,391.1692,0.0149,0.1465,0.9238,1
streak virus32_.jpg,169.7812,182.227,143.2803,69.9102,80.3755,186.1074,0.0151,0.0189,0.0059,82.2807,0.0522,0.3837,0.9886,1
streak virus330_.jpg,103.4162,121.9522,83.7969,47.4269,86.9535,123.151,0.0007,0.0,0.0379,245.0679,0.0154,0.1584,0.9291,1
streak virus331_.jpg,127.561,145.2157,105.5848,45.1491,81.4097,147.7968,0.0012,0.0028,0.0099,313.5917,0.0157,0.1789,0.9421,1
streak virus332_.jpg,101.8773,111.7282,73.1572,35.9625,99.9713,115.0916,0.0054,0.0001,0.1217,114.7019,0.0168,0.1955,0.9793,1
streak virus333_.jpg,105.7421,114.3847,73.1271,34.6582,109.5393,118.5224,0.0042,0.0001,0.1099,70.4182,0.0201,0.2426,0.9897,1
streak virus334_.jpg,106.5157,118.6029,81.2036,40.0897,86.1519,120.4611,0.0059,0.0,0.1214,45.2775,0.0208,0.2655,0.9907,1
streak virus335_.jpg,107.097,118.5325,82.9983,37.9578,87.1869,120.9005,0.0039,0.0033,0.1092,117.3381,0.0167,0.1922,0.9772,1
streak virus336_.jpg,93.4514,110.4612,73.164,43.3559,90.4302,111.6714,0.0021,0.0036,0.1116,51.28,0.023,0.2624,0.9829,1
streak virus337_.jpg,134.5678,138.1067,117.8204,25.6747,45.9314,141.1032,0.0047,0.0001,0.0737,97.0887,0.2881,0.4105,0.9857,1
streak virus338_.jpg,164.5316,164.8107,128.7708,32.9927,68.0933,172.8265,0.004,0.0001,0.037,72.6334,0.1235,0.306,0.99,1
streak virus339_.jpg,133.4238,138.1416,107.7517,37.7615,68.7491,143.3158,0.0048,0.0001,0.1328,72.7901,0.0333,0.2674,0.9924,1
streak virus33_.jpg,147.3262,169.7118,102.6672,50.8823,113.2164,170.745,0.0,0.0322,0.0,50.6196,0.0334,0.3096,0.9846,1
streak virus340_.jpg,111.2752,116.0207,85.8974,37.8042,79.7423,119.6376,0.0065,0.0007,0.1333,131.331,0.0188,0.2043,0.9797,1
streak virus341_.jpg,120.7343,129.5937,94.8436,37.5768,81.8955,131.5546,0.0053,0.0,0.0461,109.3593,0.0156,0.1907,0.981,1
streak virus342_.jpg,116.7619,121.5166,89.8106,36.2035,78.733,124.8804,0.0036,0.0014,0.079,74.7474,0.0211,0.2679,0.9876,1
streak virus343_.jpg,109.49,120.6438,82.4433,36.661,88.5868,122.5368,0.0024,0.0,0.1381,210.2192,0.0188,0.2219,0.9635,1
streak virus344_.jpg,101.7157,110.4711,75.9371,33.9632,90.2974,113.3024,0.0042,0.0,0.1988,143.6994,0.025,0.2672,0.9779,1
streak virus345_.jpg,127.9635,143.0115,96.6001,40.4071,88.3608,143.6235,0.0003,0.0001,0.0246,285.5789,0.0134,0.1418,0.9263,1
streak virus346_.jpg,113.3914,140.1182,94.7521,51.2987,90.4108,141.7149,0.0,0.0,0.0018,149.2679,0.0151,0.1507,0.947,1
streak virus347_.jpg,121.554,148.7587,109.9542,55.6184,75.8072,150.4953,0.0001,0.0,0.0015,85.9336,0.0183,0.2266,0.9702,1
streak virus348_.jpg,105.2379,132.0087,80.4189,48.8942,104.5055,133.4416,0.0,0.0,0.003,41.9939,0.0201,0.2214,0.9832,1
streak virus349_.jpg,114.9964,130.3482,96.2269,45.7473,79.3028,132.4975,0.0057,0.0001,0.043,190.9439,0.0127,0.1372,0.9581,1
streak virus34_.jpg,134.674,153.5752,92.4998,50.2559,118.4233,156.4434,0.0386,0.0322,0.0163,59.3663,0.0225,0.3041,0.9866,1
streak virus350_.jpg,103.6384,120.6786,93.571,70.7035,67.5608,124.2726,0.0008,0.0,0.0808,188.9809,0.0149,0.1572,0.9616,1
streak virus351_.jpg,128.5572,155.3706,92.4098,54.778,109.1753,157.2083,0.007,0.0205,0.0,85.1154,0.0202,0.2028,0.9585,1
streak virus352_.jpg,135.4372,160.1869,112.6039,57.244,76.1171,162.6223,0.0013,0.0073,0.0009,100.6038,0.017,0.1855,0.9666,1
streak virus353_.jpg,147.0053,157.7729,95.4957,37.9945,108.1364,162.9412,0.0332,0.027,0.0,97.9917,0.0242,0.2803,0.948,1
streak virus354_.jpg,113.5642,138.5769,90.5502,55.8878,91.2536,139.7236,0.0,0.0,0.0203,137.5118,0.0159,0.1659,0.9527,1
streak virus355_.jpg,116.2773,141.9019,102.2624,60.5216,78.1554,143.2234,0.0,0.0,0.002,176.8095,0.0157,0.1662,0.9472,1
streak virus356_.jpg,111.2145,146.909,89.0287,55.6893,103.4094,147.735,0.0001,0.0,0.0002,158.9291,0.0153,0.1473,0.9336,1
streak virus357_.jpg,121.0316,141.1519,89.9849,42.4733,98.8675,141.4852,0.0002,0.0,0.0006,111.8743,0.0167,0.1572,0.9476,1
streak virus358_.jpg,131.6989,152.2863,103.3963,43.6739,85.5054,152.3201,0.0003,0.0,0.0,113.4005,0.0167,0.1452,0.9424,1
streak virus359_.jpg,106.158,126.1105,82.2592,45.081,93.7266,126.8616,0.0006,0.0,0.0741,308.7443,0.0179,0.2189,0.9238,1
streak virus35_.jpg,113.3501,133.1053,63.8855,43.9157,143.4817,135.8614,0.0546,0.0496,0.0339,29.177,0.0241,0.3418,0.9919,1
streak virus360_.jpg,116.8887,141.0262,90.4213,45.0811,99.0451,141.7646,0.0001,0.0,0.0185,204.3622,0.0135,0.1212,0.931,1
streak virus361_.jpg,118.6355,145.7563,101.7939,49.3052,82.0104,145.9644,0.0,0.0,0.0,613.2897,0.0112,0.0744,0.7034,1
streak virus362_.jpg,122.5533,144.6453,101.4565,46.4607,80.9815,145.4716,0.0007,0.0,0.01,566.7723,0.0119,0.0932,0.7441,1
streak virus363_.jpg,103.3867,117.3577,82.8793,46.7208,82.7234,120.286,0.0026,0.0,0.1444,74.9376,0.0225,0.2391,0.9828,1
streak virus364_.jpg,122.3407,145.2585,100.2353,47.0272,84.5559,145.5074,0.0,0.0,0.0,72.7235,0.0202,0.1803,0.9496,1
streak virus365_.jpg,119.4899,144.6857,95.5598,47.0356,91.4742,144.7311,0.0001,0.0,0.0,89.6097,0.0199,0.1711,0.9335,1
streak virus366_.jpg,124.2592,147.5231,99.6614,46.2156,88.1973,147.9881,0.0001,0.0002,0.0,111.0565,0.0188,0.1712,0.9288,1
streak virus367_.jpg,115.9396,135.1331,96.2623,50.5739,81.7311,136.2723,0.0,0.0,0.0235,179.9847,0.0152,0.1613,0.9394,1
streak virus368_.jpg,111.3162,133.5255,100.4906,55.3983,78.8452,134.4223,0.0,0.0,0.0149,124.542,0.0155,0.1605,0.9555,1
streak virus369_.jpg,112.0069,134.2869,102.3564,57.37,75.5689,135.7854,0.0,0.0,0.0402,107.2439,0.0169,0.1863,0.9659,1
streak virus36_.jpg,177.436,191.2557,153.6799,71.5359,71.6355,194.5556,0.0001,0.0088,0.0,56.2013,0.0462,0.3939,0.9875,1
streak virus370_.jpg,121.3415,139.5075,97.3289,44.661,87.2143,141.6344,0.0104,0.0,0.0008,158.0066,0.0176,0.166,0.9184,1
streak virus371_.jpg,119.4623,136.3163,95.1729,54.999,79.5573,137.6115,0.0005,0.0,0.0805,61.8846,0.0214,0.2254,0.982,1
streak virus372_.jpg,111.4833,130.9011,99.061,65.899,68.2798,133.2926,0.0019,0.0,0.0732,29.4802,0.0239,0.2797,0.9915,1
streak virus373_.jpg,121.1812,140.0828,94.2193,56.2908,84.1253,141.2368,0.0003,0.0001,0.085,42.4821,0.0228,0.2815,0.9893,1
streak virus374_.jpg,107.244,125.1794,87.4095,70.3122,77.9117,127.4519,0.0001,0.0,0.1828,24.627,0.0258,0.3455,0.996,1
streak virus375_.jpg,109.1812,132.6004,96.3044,63.2529,73.6076,133.9038,0.0,0.0,0.0945,43.9908,0.0226,0.2698,0.9888,1
streak virus376_.jpg,120.6075,141.951,98.3603,56.3675,76.85,142.7872,0.0,0.0,0.0969,186.8976,0.0161,0.1593,0.956,1
streak virus377_.jpg,109.6732,133.744,96.9109,66.3566,65.1272,135.1454,0.0003,0.0,0.0917,104.6672,0.0212,0.2091,0.9816,1
streak virus378_.jpg,111.5085,137.7066,102.7271,69.7053,60.2637,139.0692,0.0,0.0,0.0473,77.9921,0.0233,0.2299,0.9863,1
streak virus379_.jpg,108.3497,132.0704,99.7422,70.6059,56.7446,134.2432,0.0,0.0,0.0146,50.725,0.0247,0.2811,0.9879,1
streak virus37_.jpg,153.3411,174.071,114.2678,58.415,105.0534,175.7873,0.0,0.0219,0.0,44.2725,0.0551,0.3591,0.9899,1
streak virus380_.jpg,101.8461,121.69,88.932,57.8331,60.4025,124.1472,0.0,0.0,0.0206,58.0371,0.0257,0.2949,0.9831,1
streak virus381_.jpg,97.6267,128.0521,113.0154,74.8924,71.2329,130.5594,0.0,0.0,0.0024,346.2781,0.0194,0.1902,0.8636,1
streak virus382_.jpg,109.2218,134.7794,122.9609,76.7943,58.3873,137.5674,0.0,0.0,0.0012,359.4724,0.0214,0.2007,0.8508,1
streak virus383_.jpg,90.0814,128.6751,101.3569,73.086,82.7328,129.7298,0.0,0.0,0.0057,529.8131,0.0154,0.1494,0.7194,1
streak virus384_.jpg,103.2367,135.6318,107.0292,68.9261,74.0283,137.5014,0.0,0.0,0.0005,461.3438,0.0176,0.1724,0.786,1
streak virus385_.jpg,100.2501,131.2315,108.7571,70.5751,70.2819,133.061,0.0,0.0,0.0014,614.3254,0.0178,0.1474,0.7114,1
streak virus386_.jpg,100.8802,125.5355,99.5017,64.7962,65.9214,127.3165,0.0001,0.0,0.0098,623.9502,0.0168,0.1599,0.7757,1
streak virus387_.jpg,106.3963,129.6603,100.2157,62.1434,70.822,131.1655,0.0,0.0,0.0321,761.6381,0.0153,0.1631,0.8085,1
streak virus388_.jpg,107.2027,132.775,96.7407,56.7792,78.8636,135.1404,0.0007,0.0002,0.0132,265.362,0.0161,0.1775,0.9139,1
streak virus389_.jpg,104.0964,129.0716,96.2988,57.4537,77.9419,130.8507,0.0003,0.0,0.0239,526.4421,0.012,0.1184,0.8474,1
streak virus38_.jpg,154.267,171.5898,109.4285,46.2154,99.3915,172.2542,0.0005,0.0112,0.0,27.5975,0.0331,0.3584,0.9853,1
streak virus390_.jpg,104.3647,127.9754,91.5501,54.6737,81.9422,128.8442,0.0001,0.0,0.0025,351.1454,0.0164,0.1505,0.8918,1
streak virus391_.jpg,98.0097,125.3138,98.8555,62.5791,73.3065,127.2026,0.0,0.0,0.0074,176.3842,0.0224,0.1967,0.8972,1
streak virus392_.jpg,96.4402,127.3622,101.6391,70.5444,78.5425,129.3531,0.0001,0.0,0.0,118.7665,0.0227,0.2367,0.9554,1
streak virus393_.jpg,94.1989,128.8286,96.8079,76.6851,75.5661,131.328,0.0004,0.0015,0.0028,241.8863,0.0203,0.1799,0.8708,1
streak virus394_.jpg,94.5548,121.6607,96.9329,84.018,63.1937,124.9992,0.0,0.0,0.0101,307.9485,0.021,0.2112,0.8634,1
streak virus395_.jpg,94.9322,130.7423,96.7511,71.4685,86.0752,134.1291,0.0006,0.002,0.0069,158.5899,0.0203,0.2074,0.937,1
streak virus396_.jpg,108.5264,118.5862,109.1745,97.9808,43.9557,123.4896,0.0,0.0,0.0303,93.9938,0.0209,0.2554,0.9779,1
streak virus397_.jpg,99.3428,114.2331,97.1313,69.1902,60.4797,116.9752,0.0,0.0,0.0008,350.7379,0.0143,0.1163,0.8645,1
streak virus398_.jpg,103.3197,133.0352,108.9815,71.33,76.8464,134.8183,0.0005,0.0,0.0024,466.9828,0.0144,0.107,0.7937,1
streak virus399_.jpg,109.3329,127.2523,104.236,59.5718,62.7685,129.4111,0.0,0.0,0.0303,102.9608,0.0181,0.1928,0.9638,1
streak virus39_.jpg,188.1109,195.3162,163.0562,77.7989,65.3601,200.1928,0.0001,0.0324,0.0,166.2973,0.0663,0.3597,0.9597,1
streak virus3_.jpg,137.8486,144.296,79.1519,33.2111,125.0206,152.3601,0.1287,0.0278,0.0,44.2832,0.0272,0.2433,0.9628,1
streak virus400_.jpg,111.0565,124.0248,102.1021,56.2527,61.0971,127.8508,0.0025,0.0,0.0093,120.496,0.0176,0.1946,0.9654,1
streak virus401_.jpg,111.308,123.2068,101.3137,53.6319,58.7953,125.2096,0.0005,0.0,0.0064,191.1686,0.015,0.144,0.9295,1
streak virus402_.jpg,114.098,128.6878,105.5315,55.7578,58.2569,129.678,0.0004,0.0,0.001,238.9665,0.0135,0.1206,0.9161,1
streak virus403_.jpg,100.5348,127.9449,99.4854,77.9341,67.2648,130.3809,0.0,0.0,0.0081,93.8817,0.0234,0.244,0.9744,1
streak virus404_.jpg,97.3211,121.612,95.4369,82.2509,64.96,124.7165,0.0,0.0,0.0016,100.8661,0.0271,0.2553,0.9723,1
streak virus405_.jpg,104.5387,136.2783,83.8618,65.115,98.3778,138.823,0.0,0.0,0.0077,53.8671,0.0215,0.2737,0.9864,1
streak virus406_.jpg,119.4202,159.8912,106.9883,62.9804,92.4024,161.8284,0.0,0.0007,0.0047,14.609,0.0279,0.3369,0.9952,1
streak virus407_.jpg,88.0875,128.5451,88.3967,70.1489,96.7847,130.331,0.0006,0.0013,0.038,204.5701,0.0219,0.236,0.9402,1
streak virus408_.jpg,103.0266,129.9668,94.0636,57.0742,79.2797,130.7139,0.0054,0.0002,0.0687,67.5133,0.0225,0.2819,0.9818,1
streak virus409_.jpg,121.656,141.9448,99.4751,49.4906,85.8225,143.3765,0.0049,0.0003,0.0201,164.2757,0.018,0.206,0.9487,1
streak virus40_.jpg,161.4246,174.7564,113.84,55.4391,106.3187,177.4895,0.0002,0.0754,0.0,229.0364,0.0388,0.2192,0.9423,1
streak virus410_.jpg,115.9454,136.3801,98.7858,63.4229,76.0962,138.7401,0.0,0.0,0.0191,307.7581,0.017,0.1872,0.9062,1
streak virus411_.jpg,108.9712,122.4252,107.3717,61.4724,47.6314,123.6243,0.0013,0.0,0.014,581.3031,0.0131,0.1183,0.8003,1
streak virus412_.jpg,123.0504,132.249,108.4864,49.8166,53.7193,132.9914,0.0032,0.0001,0.0106,386.7616,0.0147,0.1561,0.9033,1
streak virus413_.jpg,93.6587,111.9329,89.9093,62.8598,73.0307,113.379,0.0001,0.0,0.0439,843.3574,0.0208,0.1854,0.7741,1
streak virus414_.jpg,94.0548,126.1792,102.8606,76.5024,82.1654,128.9609,0.0,0.0,0.0052,346.2315,0.021,0.2068,0.8845,1
streak virus415_.jpg,105.5405,127.2801,109.9302,75.9112,61.3561,129.5158,0.0,0.0,0.0083,684.9634,0.0117,0.1036,0.7878,1
streak virus416_.jpg,93.1852,129.4287,112.8527,85.9341,79.5599,131.626,0.0,0.0,0.0003,344.7471,0.0166,0.1559,0.8546,1
streak virus417_.jpg,88.4392,127.2407,95.1589,66.6938,93.6923,127.4509,0.0,0.0,0.0111,229.2727,0.0159,0.1665,0.9147,1
streak virus418_.jpg,106.1327,142.7205,113.8987,68.5449,78.3035,142.8745,0.0,0.0,0.0,244.3921,0.02,0.1799,0.8078,1
streak virus419_.jpg,85.7062,112.1208,88.5083,66.1401,81.8314,113.0535,0.0,0.0,0.0856,101.2703,0.0169,0.1967,0.9751,1
streak virus41_.jpg,163.9976,172.4842,115.5693,47.0634,94.5286,174.5026,0.0003,0.0376,0.0,121.3281,0.0331,0.257,0.9531,1
streak virus420_.jpg,119.1245,138.914,97.6184,47.877,85.7479,139.5711,0.001,0.0002,0.0053,141.0158,0.0175,0.1866,0.9527,1
streak virus421_.jpg,113.673,148.483,117.2993,60.1381,73.6199,148.8959,0.0,0.0,0.0343,163.4146,0.0692,0.2074,0.9455,1
streak virus423_.jpg,97.6371,133.4287,111.3677,72.4469,79.7839,136.3003,0.0,0.0,0.0016,449.9829,0.0213,0.1961,0.8134,1
streak virus424_.jpg,116.7692,130.3837,106.2709,55.4399,61.5155,132.9977,0.0001,0.0,0.0014,150.7013,0.0176,0.1976,0.9589,1
streak virus425_.jpg,109.7986,127.2937,102.2193,56.7001,62.3533,128.3396,0.0,0.0,0.0045,175.3178,0.0175,0.1811,0.9425,1
streak virus426_.jpg,117.8899,133.4694,113.0088,59.7622,55.7029,134.7942,0.0001,0.0,0.0356,129.6299,0.017,0.2001,0.9687,1
streak virus427_.jpg,104.167,119.1457,100.2569,57.5637,56.3806,120.0006,0.0001,0.0,0.1113,153.9421,0.0218,0.2254,0.9648,1
streak virus428_.jpg,107.5818,122.1495,108.4278,66.6845,46.6384,123.4969,0.0,0.0,0.0642,141.3292,0.0141,0.1475,0.9612,1
streak virus429_.jpg,103.4972,120.9753,107.6505,76.4865,51.976,123.1575,0.0001,0.0,0.1032,140.0426,0.0168,0.1941,0.9759,1
streak virus42_.jpg,192.0695,196.5575,175.2628,81.5384,49.9086,201.6916,0.0017,0.0103,0.0038,154.3826,0.0506,0.3401,0.9678,1
streak virus430_.jpg,123.5082,141.1374,118.3384,64.049,60.0753,144.5704,0.0016,0.0001,0.0016,245.8929,0.0136,0.1363,0.919,1
streak virus431_.jpg,117.6482,142.1293,114.475,65.4685,70.9094,145.4065,0.0008,0.0,0.0038,163.2752,0.016,0.1671,0.9394,1
streak virus432_.jpg,113.2969,135.5959,113.3421,67.9497,61.2432,138.0764,0.0001,0.0,0.0023,126.0267,0.0167,0.1697,0.9491,1
streak virus433_.jpg,112.6893,139.0692,119.3694,80.9482,62.6335,141.9915,0.0,0.0,0.0013,153.5286,0.0167,0.1834,0.9578,1
streak virus434_.jpg,117.01,136.0435,96.3427,49.1825,83.9189,137.2654,0.0022,0.0002,0.0003,48.6874,0.0253,0.2535,0.9776,1
streak virus435_.jpg,126.6429,147.4301,117.3692,55.15,61.2666,148.0093,0.0,0.0,0.0,118.9839,0.015,0.1393,0.9595,1
streak virus436_.jpg,107.8923,133.4606,96.3061,60.2028,84.2053,136.2681,0.0001,0.0,0.002,131.1326,0.0166,0.1758,0.9519,1
streak virus437_.jpg,121.0595,136.2217,112.0491,61.6491,60.0191,138.4006,0.0,0.0,0.0029,160.2593,0.0152,0.1653,0.9613,1
streak virus438_.jpg,100.3417,113.4715,95.7907,69.1827,58.0075,115.7507,0.0,0.0,0.1169,136.4266,0.0191,0.2083,0.9687,1
streak virus439_.jpg,92.8517,107.242,94.7794,81.8091,56.9204,110.3889,0.0,0.0,0.109,117.324,0.0213,0.2376,0.9756,1
streak virus43_.jpg,184.2074,189.3286,158.9114,65.6368,53.5601,191.9532,0.0012,0.002,0.0053,89.0296,0.0581,0.3309,0.9785,1
streak virus440_.jpg,95.4083,116.6609,98.9743,77.6292,60.0217,118.8081,0.0,0.0,0.085,118.4686,0.0199,0.2141,0.9765,1
streak virus441_.jpg,108.5539,121.7756,103.3309,73.6626,60.7483,126.953,0.0002,0.0,0.0231,489.2418,0.0197,0.2058,0.8937,1
streak virus442_.jpg,97.2846,110.2922,93.6364,85.4714,65.6709,117.2827,0.0001,0.0,0.0458,319.7223,0.0291,0.2852,0.9157,1
streak virus443_.jpg,107.0147,118.8955,98.6216,64.7216,60.603,123.1805,0.0,0.0,0.0113,154.308,0.02,0.2256,0.9653,1
streak virus444_.jpg,105.9686,128.2927,101.021,70.4051,71.7773,130.3732,0.0,0.0153,0.0174,62.5021,0.0195,0.2536,0.9876,1
streak virus445_.jpg,84.4353,112.1536,85.4919,77.3089,81.314,114.8256,0.0002,0.0048,0.008,57.5172,0.0255,0.2703,0.9792,1
streak virus446_.jpg,96.5429,121.8723,104.2035,73.7268,59.6215,123.1145,0.0,0.0,0.0085,35.7678,0.026,0.32,0.9865,1
streak virus447_.jpg,99.3188,113.867,95.988,63.6211,60.4464,116.7195,0.0007,0.0,0.1062,161.4054,0.023,0.2353,0.9581,1
streak virus448_.jpg,95.5998,119.7966,98.2618,66.978,78.2521,122.8692,0.0111,0.0,0.0045,202.637,0.016,0.1597,0.9358,1
streak virus449_.jpg,106.0924,128.4612,104.2538,71.0408,61.5813,131.2799,0.0,0.0,0.0049,141.5137,0.0178,0.1922,0.9534,1
streak virus44_.jpg,157.8252,169.2762,115.6014,53.2688,97.7968,171.736,0.0005,0.0393,0.0,182.2871,0.0277,0.221,0.9526,1
streak virus450_.jpg,110.9967,124.9426,94.8891,46.4228,74.6475,127.8501,0.0007,0.0,0.0103,177.8239,0.0146,0.1529,0.9471,1
streak virus451_.jpg,92.6182,117.7194,96.5457,66.8448,66.1032,119.2439,0.0,0.0,0.0712,321.0089,0.0174,0.1788,0.8917,1
streak virus452_.jpg,95.6521,114.19,84.0309,51.5868,80.7872,115.5553,0.0,0.0,0.0275,500.2879,0.0166,0.1816,0.8365,1
streak virus453_.jpg,106.4215,129.971,96.1403,59.7954,79.8216,131.9664,0.0005,0.0,0.0004,296.7101,0.0165,0.1626,0.8711,1
streak virus454_.jpg,109.2021,141.6868,101.401,63.2895,91.009,142.4698,0.0004,0.0122,0.0023,337.4815,0.0155,0.1574,0.8787,1
streak virus455_.jpg,110.7666,115.3664,93.324,65.5523,76.4021,124.671,0.0007,0.0012,0.0003,59.1084,0.0299,0.2971,0.9837,1
streak virus456_.jpg,102.5353,129.3622,88.6073,45.1218,95.1121,134.6935,0.0003,0.0005,0.0018,28.9315,0.0269,0.3355,0.99,1
streak virus457_.jpg,107.0993,136.3001,109.6152,72.8007,73.6463,138.9656,0.0,0.0,0.0001,46.3046,0.0213,0.2297,0.9846,1
streak virus458_.jpg,98.285,126.1066,79.6742,58.1772,104.5857,129.9828,0.0,0.0,0.0009,35.3016,0.0261,0.2563,0.9793,1
streak virus459_.jpg,102.009,118.6686,98.0503,67.3348,68.3339,123.5199,0.0,0.0,0.0046,89.7044,0.0246,0.2501,0.9698,1
streak virus45_.jpg,185.1863,189.3665,169.3495,80.7509,50.6501,194.517,0.0012,0.0093,0.0093,164.4323,0.0468,0.328,0.9693,1
streak virus460_.jpg,116.067,139.1459,103.3329,53.4731,81.9856,139.5448,0.0,0.0,0.0162,558.701,0.0106,0.0812,0.8499,1
streak virus461_.jpg,112.3606,135.8317,111.55,62.1212,76.2049,137.2476,0.0001,0.0,0.0039,292.1276,0.0145,0.1467,0.9249,1
streak virus462_.jpg,107.9708,129.9038,116.0009,69.1943,64.1855,131.814,0.0008,0.0,0.0031,146.5814,0.0241,0.207,0.9323,1
streak virus463_.jpg,102.0533,138.8676,124.3554,79.2837,79.4275,141.299,0.0017,0.0,0.0177,199.5889,0.0163,0.1612,0.9211,1
streak virus464_.jpg,103.3236,120.3753,88.3813,50.6051,81.4088,122.5306,0.0011,0.0004,0.0612,650.4632,0.0145,0.1515,0.8064,1
streak virus465_.jpg,101.6134,113.2838,93.5097,52.1914,69.6182,116.7236,0.0043,0.0,0.1371,1283.6685,0.0159,0.1353,0.7391,1
streak virus466_.jpg,118.0559,129.6517,115.2925,66.1664,63.8603,135.3345,0.003,0.0,0.0417,938.4894,0.0126,0.1313,0.8371,1
streak virus467_.jpg,96.3694,126.8237,101.1995,65.4304,80.8314,127.1588,0.0,0.0,0.0046,427.1314,0.0159,0.1188,0.8623,1
streak virus468_.jpg,103.4355,115.7285,86.4707,48.0024,82.7429,118.0984,0.0007,0.0,0.0416,300.9457,0.0137,0.1535,0.912,1
streak virus469_.jpg,116.5943,134.2399,96.824,51.7823,87.1896,136.0899,0.0064,0.0001,0.0001,281.9506,0.0132,0.129,0.911,1
streak virus46_.jpg,162.8438,172.4819,131.41,61.0701,81.0765,175.5432,0.0008,0.0246,0.0,161.85,0.037,0.2666,0.9621,1
streak virus470_.jpg,127.1684,145.5408,119.0993,56.9958,57.2329,146.1389,0.0,0.0,0.0,152.1788,0.0157,0.135,0.9219,1
streak virus471_.jpg,128.5569,147.5685,98.7583,48.5912,93.7844,149.7641,0.0058,0.0099,0.0,257.1254,0.0211,0.2028,0.8811,1
streak virus472_.jpg,139.7902,154.559,115.9151,47.842,78.2853,157.1982,0.0077,0.0016,0.0,498.582,0.0125,0.1216,0.8223,1
streak virus473_.jpg,121.0054,151.3921,113.6289,60.2578,87.3277,152.6528,0.0002,0.0004,0.0,733.7724,0.0112,0.0901,0.7751,1
streak virus474_.jpg,118.5229,129.375,103.4026,50.5571,62.3961,131.4785,0.0007,0.0004,0.0,138.5182,0.0177,0.1842,0.9348,1
streak virus475_.jpg,121.7322,132.7618,103.7431,46.0079,65.229,133.7789,0.0011,0.0,0.0158,509.7878,0.0129,0.1174,0.8133,1
streak virus476_.jpg,103.083,120.7785,97.371,57.2819,64.5859,121.2647,0.0009,0.0,0.0171,1056.9295,0.0112,0.1,0.6047,1
streak virus477_.jpg,108.7158,119.6911,96.4765,53.2621,70.3924,123.7325,0.002,0.0,0.0006,52.7978,0.0227,0.2713,0.9807,1
streak virus478_.jpg,113.2242,125.705,103.8886,54.7171,66.4931,129.7194,0.01,0.0,0.0026,124.7981,0.0179,0.1946,0.9511,1
streak virus479_.jpg,90.8104,120.4163,99.8894,69.1515,89.7824,126.6227,0.0001,0.0,0.0013,717.1007,0.022,0.1963,0.7683,1
streak virus47_.jpg,181.3956,186.5472,156.5847,65.9099,54.3568,189.259,0.0018,0.0036,0.0034,82.3353,0.0564,0.3293,0.9785,1
streak virus480_.jpg,96.9198,122.7805,91.4457,52.0802,85.6376,128.4425,0.0,0.0,0.0058,841.45,0.0204,0.2145,0.7917,1
streak virus481_.jpg,99.2053,124.8355,90.235,43.4898,94.8823,132.3032,0.0076,0.0,0.0023,346.9034,0.0202,0.2057,0.8656,1
streak virus482_.jpg,93.332,136.059,93.8395,55.4788,106.5195,140.0742,0.0045,0.0,0.0,330.7401,0.0203,0.192,0.8033,1
streak virus483_.jpg,100.4235,126.2948,102.2439,62.0383,85.3977,131.6395,0.0039,0.0,0.0032,327.4932,0.0175,0.17,0.854,1
streak virus484_.jpg,96.4741,124.3177,109.7968,61.1356,87.2829,130.9364,0.0011,0.0,0.0024,403.0149,0.0178,0.1842,0.8503,1
streak virus487_.jpg,108.9381,114.8901,99.0801,93.1955,72.7466,123.5403,0.0001,0.0,0.0884,674.6479,0.0248,0.2144,0.9024,1
streak virus488_.jpg,120.426,120.5561,103.4623,58.8644,71.7415,134.6144,0.0013,0.0,0.0026,252.1225,0.0274,0.2745,0.9627,1
streak virus489_.jpg,101.4638,93.1439,90.0252,117.0935,73.5738,108.6604,0.0,0.0,0.0316,79.9636,0.0384,0.3406,0.9874,1
streak virus48_.jpg,172.7528,181.4542,146.6337,71.9994,74.4135,185.932,0.0007,0.0296,0.0,190.8894,0.0505,0.3199,0.9582,1
streak virus490_.jpg,104.6857,141.616,110.3732,70.603,84.2303,143.0246,0.0,0.0,0.001,639.7544,0.0127,0.1201,0.7866,1
streak virus491_.jpg,107.1293,149.1639,111.8598,70.249,88.7447,151.1322,0.0,0.0,0.0,577.9973,0.0143,0.1333,0.7229,1
streak virus492_.jpg,112.307,145.7007,116.5479,65.7621,80.7477,147.5397,0.0,0.0,0.0015,275.8263,0.0154,0.1686,0.9185,1
streak virus493_.jpg,110.2632,120.6551,99.6365,84.835,68.9451,127.9661,0.0001,0.0,0.0306,249.9711,0.0201,0.2333,0.9526,1
streak virus494_.jpg,117.5425,126.9077,102.8382,68.9776,69.7409,133.1858,0.0003,0.0,0.0104,570.9143,0.0157,0.1874,0.8869,1
streak virus495_.jpg,111.9295,124.1988,101.8243,69.8335,73.96,133.1892,0.0002,0.0,0.0032,232.3047,0.0269,0.2265,0.9621,1
streak virus496_.jpg,109.7842,122.7602,102.1801,66.6488,67.4587,127.6741,0.0,0.0,0.0444,118.5346,0.0226,0.2222,0.9763,1
streak virus497_.jpg,103.2229,112.9884,95.9936,92.5601,73.992,120.4269,0.0001,0.0,0.0629,272.1054,0.0268,0.2041,0.9531,1
streak virus498_.jpg,99.9965,109.0581,93.629,69.3697,64.9487,113.9756,0.0001,0.0,0.0787,261.051,0.0207,0.2014,0.9428,1
streak virus499_.jpg,116.932,125.648,108.7383,79.3786,62.9789,133.3879,0.0002,0.0,0.003,179.5882,0.0185,0.2248,0.956,1
streak virus49_.jpg,149.1355,163.0517,105.1418,54.7363,111.8499,165.7461,0.0031,0.0617,0.0,288.0929,0.0363,0.2062,0.937,1
streak virus4_.jpg,105.3029,124.2853,45.0897,36.745,166.837,127.0746,0.0347,0.0244,0.0062,63.712,0.0267,0.242,0.9533,1
streak virus500_.jpg,103.5656,103.9801,91.808,87.4005,69.9305,113.8375,0.0,0.0,0.0502,216.3072,0.03,0.2334,0.9644,1
streak virus501_.jpg,113.5579,124.9395,97.6298,64.3963,79.179,133.9236,0.0001,0.0,0.0054,178.6174,0.0182,0.1995,0.9612,1
streak virus502_.jpg,111.7997,129.8918,97.5699,52.9522,75.5488,132.8623,0.0002,0.0,0.0077,55.5221,0.0195,0.2108,0.9797,1
streak virus503_.jpg,98.92,118.616,97.5358,60.6619,72.365,122.5551,0.0001,0.0,0.0084,117.1945,0.0171,0.1826,0.9609,1
streak virus504_.jpg,103.1621,119.3496,87.3316,56.6633,87.3683,123.3917,0.0021,0.0,0.0043,82.5515,0.0179,0.1826,0.9699,1
streak virus505_.jpg,109.5145,121.3242,89.7627,45.3031,79.9403,124.0692,0.0009,0.0003,0.0142,104.2048,0.018,0.1792,0.9586,1
streak virus506_.jpg,118.2225,134.8249,102.2723,52.1821,74.252,136.53,0.0003,0.0002,0.0002,82.224,0.0182,0.1932,0.9655,1
streak virus507_.jpg,107.2781,143.1682,113.2665,67.7991,80.0289,146.6473,0.0,0.0,0.0014,53.9784,0.0194,0.2149,0.979,1
streak virus508_.jpg,112.4249,133.6936,95.2931,49.137,86.0086,139.6351,0.0119,0.0,0.0214,139.3867,0.0166,0.1852,0.9614,1
streak virus509_.jpg,106.5081,136.5954,107.8255,68.1591,86.028,142.598,0.0027,0.0,0.0003,164.272,0.0177,0.1652,0.9451,1
streak virus50_.jpg,145.3741,157.517,96.244,44.5674,109.1818,158.9086,0.001,0.0452,0.0,183.1137,0.0294,0.2252,0.9215,1
streak virus510_.jpg,115.5783,134.8789,103.457,52.7683,79.6087,139.8015,0.0126,0.0,0.0006,55.7303,0.0199,0.2122,0.9759,1
streak virus511_.jpg,107.716,146.9898,126.2709,74.3278,85.4059,151.6079,0.0057,0.0,0.001,85.6066,0.0178,0.172,0.9607,1
streak virus512_.jpg,116.5568,139.258,87.2579,47.548,101.8878,140.3787,0.0,0.0148,0.0514,308.5042,0.0126,0.1369,0.9365,1
streak virus513_.jpg,131.1829,149.9014,104.4434,47.85,85.7028,151.7253,0.0004,0.0388,0.0089,237.7448,0.0154,0.1535,0.9249,1
streak virus514_.jpg,103.8166,132.9453,94.7563,56.4598,85.8098,133.3965,0.0,0.0052,0.031,103.8943,0.0167,0.1925,0.9644,1
streak virus515_.jpg,115.0014,144.0272,95.296,51.8706,96.2571,145.0385,0.0,0.0043,0.0196,168.7832,0.0142,0.1561,0.9521,1
streak virus516_.jpg,116.2025,138.5624,98.7976,51.4271,89.3056,141.1495,0.0,0.0031,0.0498,173.8583,0.0136,0.1627,0.9654,1
streak virus517_.jpg,92.1234,107.8863,82.0311,61.0924,80.9111,111.4446,0.0,0.0,0.0649,72.4489,0.0207,0.2283,0.9833,1
streak virus518_.jpg,108.8855,129.7392,98.751,57.2087,75.9724,131.4459,0.0005,0.0,0.014,91.6319,0.0172,0.2113,0.9777,1
streak virus519_.jpg,96.726,119.4083,98.6834,74.1441,69.6328,122.9781,0.0,0.0,0.0,97.7305,0.0185,0.1873,0.9571,1
streak virus51_.jpg,185.1276,193.6829,155.2997,72.2954,73.0066,198.192,0.0001,0.0457,0.0,188.0696,0.0541,0.3324,0.9551,1
streak virus520_.jpg,125.2814,144.0562,130.3388,76.6408,53.605,147.1423,0.0,0.0,0.0,124.4379,0.0148,0.1734,0.9715,1
streak virus521_.jpg,91.2225,124.6275,95.9467,68.4355,85.5964,126.8894,0.0002,0.0,0.0231,100.5483,0.0196,0.1941,0.9507,1
streak virus522_.jpg,109.7057,139.7972,115.4753,70.7169,77.27,142.3758,0.0005,0.0,0.0139,65.156,0.0236,0.2713,0.9868,1
streak virus523_.jpg,105.7385,126.7936,100.1221,72.968,78.4003,131.9537,0.0002,0.0072,0.0006,107.1282,0.0216,0.2417,0.9668,1
streak virus524_.jpg,111.9431,135.2536,78.0712,42.5322,124.5089,142.1589,0.009,0.0078,0.0,88.155,0.0213,0.2036,0.9657,1
streak virus525_.jpg,120.1897,144.19,71.8864,39.7276,136.4516,148.3459,0.0078,0.0781,0.0002,116.0375,0.0187,0.1798,0.97,1
streak virus526_.jpg,153.5377,145.5589,104.2475,26.0891,97.4821,160.1829,0.0713,0.0005,0.0007,146.6588,0.0159,0.1789,0.977,1
streak virus527_.jpg,126.1102,125.1805,87.0027,29.7517,100.7567,134.1391,0.0438,0.0008,0.0295,135.2444,0.0182,0.2278,0.9781,1
streak virus528_.jpg,100.4656,101.1769,68.3265,29.8169,108.1082,108.5779,0.0249,0.0003,0.1632,114.836,0.0205,0.2284,0.9825,1
streak virus529_.jpg,135.3181,115.2487,82.931,20.8476,105.1591,136.824,0.1436,0.0,0.0005,114.6124,0.0198,0.2107,0.959,1
streak virus52_.jpg,161.9062,176.2282,112.6013,54.7777,110.2691,178.8377,0.0004,0.0915,0.0,282.9899,0.0434,0.2213,0.9335,1
streak virus530_.jpg,122.0652,123.7699,89.2414,37.8209,91.174,135.9869,0.0269,0.0,0.0006,178.6069,0.02,0.1783,0.948,1
streak virus531_.jpg,125.563,124.6789,98.6317,41.5486,81.5695,139.0317,0.0111,0.0,0.0,130.2991,0.023,0.2384,0.9618,1
streak virus532_.jpg,105.5814,108.5132,73.7553,37.9962,105.1886,119.0891,0.0145,0.0,0.0001,167.5381,0.0236,0.1973,0.9438,1
streak virus533_.jpg,120.2456,116.5719,77.4117,27.2325,107.8535,130.6465,0.0305,0.001,0.0,55.8707,0.0265,0.2899,0.9873,1
streak virus534_.jpg,128.91,122.7324,90.2538,34.3344,90.6348,140.2611,0.0773,0.0,0.0,26.1498,0.0246,0.2995,0.9905,1
streak virus535_.jpg,119.9977,128.5485,80.4422,35.2413,106.6431,135.1803,0.0711,0.0001,0.0227,42.5084,0.0233,0.2928,0.9874,1
streak virus536_.jpg,116.6446,114.1114,76.352,31.0413,107.3539,129.3281,0.104,0.0013,0.0,48.1447,0.0266,0.3048,0.9835,1
streak virus537_.jpg,107.2516,109.6527,79.3775,36.8384,92.4574,121.1477,0.0792,0.0002,0.0003,64.0584,0.0249,0.2844,0.9716,1
streak virus538_.jpg,83.1097,94.0397,67.504,46.5382,88.0768,97.5672,0.0072,0.0,0.1626,68.0413,0.0257,0.2592,0.9866,1
streak virus539_.jpg,112.5866,119.0625,85.666,37.0106,87.942,126.2577,0.0312,0.0,0.0304,85.2667,0.0187,0.2332,0.9788,1
streak virus53_.jpg,157.5588,177.2629,139.6581,69.775,93.0297,184.5123,0.0,0.0011,0.005,200.7166,0.0389,0.3158,0.9727,1
streak virus540_.jpg,121.6366,106.3957,73.1826,21.4656,111.0937,125.9323,0.1058,0.0118,0.0025,256.9629,0.0249,0.2537,0.9329,1
streak virus541_.jpg,100.2572,90.578,64.605,24.7039,112.6185,106.2689,0.0826,0.0041,0.0642,209.3661,0.0239,0.244,0.9602,1
streak virus542_.jpg,120.326,117.7926,88.3163,32.6711,91.9434,131.6808,0.0621,0.0,0.0088,198.9841,0.0188,0.1934,0.9515,1
streak virus543_.jpg,118.6117,122.9193,89.887,37.6766,90.6254,133.2457,0.0548,0.0003,0.0044,187.3005,0.0173,0.1816,0.9518,1
streak virus544_.jpg,116.351,115.2467,76.8922,26.3746,104.6535,129.4108,0.0531,0.0055,0.0,65.4194,0.0317,0.2725,0.968,1
streak virus545_.jpg,103.6877,102.1907,69.1857,27.5132,106.1017,115.745,0.041,0.0013,0.0006,71.0097,0.0347,0.299,0.9704,1
streak virus546_.jpg,129.1188,127.0182,81.0569,27.1234,111.1488,142.3899,0.0555,0.0161,0.0029,189.0587,0.0157,0.1735,0.9428,1
streak virus547_.jpg,113.0169,105.9236,71.977,25.4665,107.5095,121.3117,0.0607,0.0013,0.0145,215.8788,0.0183,0.191,0.9335,1
streak virus548_.jpg,122.6306,116.8508,79.5499,27.323,102.7875,130.5391,0.0678,0.0036,0.0008,224.4529,0.0176,0.188,0.9262,1
streak virus549_.jpg,124.9423,122.706,78.9264,29.0816,106.7133,132.761,0.0758,0.0232,0.0,150.513,0.02,0.2087,0.9424,1
streak virus54_.jpg,157.8009,183.0465,131.6132,64.0739,95.737,186.9708,0.0,0.0013,0.0,175.126,0.041,0.2602,0.9631,1
streak virus550_.jpg,140.3121,158.9426,99.4624,37.8105,101.3427,164.2347,0.023,0.015,0.0002,104.575,0.0166,0.184,0.9704,1
streak virus551_.jpg,116.6395,117.2888,68.5938,29.2806,116.8914,127.9524,0.0562,0.0311,0.0,68.9099,0.0225,0.2472,0.9771,1
streak virus552_.jpg,127.8985,120.2894,78.1444,25.5663,110.4356,137.4085,0.0915,0.0293,0.0003,56.0493,0.0242,0.2689,0.9771,1
streak virus553_.jpg,121.9668,116.4492,83.2805,29.162,96.4625,129.414,0.0518,0.0,0.0292,84.2999,0.0187,0.2059,0.9719,1
streak virus555_.jpg,116.1394,117.1221,76.2251,31.6818,104.8026,128.3314,0.0442,0.0313,0.0005,74.1452,0.019,0.1974,0.9727,1
streak virus556_.jpg,115.9596,108.9957,65.126,24.8198,120.3456,124.791,0.0675,0.0504,0.017,63.2184,0.0203,0.2355,0.9818,1
streak virus557_.jpg,122.7301,112.8484,83.3949,26.6692,95.8679,129.1932,0.0546,0.0,0.0202,95.5301,0.0182,0.1998,0.9692,1
streak virus558_.jpg,129.3962,125.7062,92.8517,29.955,88.5017,137.972,0.0397,0.0002,0.0,93.0666,0.0172,0.182,0.9704,1
streak virus559_.jpg,87.1548,84.0445,67.0054,35.4551,83.3128,93.1291,0.054,0.0,0.3202,431.4492,0.0241,0.2468,0.9276,1
streak virus55_.jpg,155.6848,175.2483,162.0902,81.974,72.7757,188.0135,0.0,0.0,0.0,140.9921,0.0365,0.3544,0.9773,1
streak virus560_.jpg,109.257,124.4523,73.1787,38.3967,119.2835,133.8469,0.0412,0.0001,0.0046,145.9525,0.0179,0.1944,0.952,1
streak virus561_.jpg,94.7564,119.6324,74.2491,46.0533,113.1187,124.7812,0.0034,0.0001,0.0033,131.0963,0.0221,0.2143,0.9485,1
streak virus562_.jpg,118.9282,127.5126,77.9493,34.769,114.9326,139.6707,0.0468,0.0004,0.0004,130.3173,0.0185,0.1932,0.9524,1
streak virus563_.jpg,96.8847,118.1901,78.0587,45.8606,96.1431,121.6547,0.006,0.0001,0.0006,158.8509,0.0277,0.2681,0.9318,1
streak virus564_.jpg,97.1687,121.0848,80.9282,51.0184,94.3608,122.3108,0.0065,0.0,0.0,203.8326,0.0263,0.2327,0.8661,1
streak virus565_.jpg,93.5969,123.1962,90.4158,59.8441,90.0521,123.6324,0.002,0.0,0.0,176.7314,0.0344,0.2942,0.8382,1
streak virus566_.jpg,98.9783,107.6234,65.7965,38.7403,111.2003,112.9353,0.0298,0.0276,0.0391,368.0859,0.0133,0.1122,0.8728,1
streak virus567_.jpg,115.5566,120.8383,85.9305,37.9047,88.8608,127.5395,0.0615,0.0027,0.0,322.2605,0.0152,0.1401,0.853,1
streak virus568_.jpg,119.8562,128.9953,75.6745,34.4425,116.5088,135.2414,0.0496,0.0331,0.0034,303.7486,0.0176,0.1693,0.9157,1
streak virus569_.jpg,115.3628,94.994,67.7648,17.0582,126.4703,117.5251,0.0847,0.0072,0.1858,124.8248,0.0252,0.2862,0.9836,1
streak virus56_.jpg,130.2602,152.7105,124.4918,65.9744,77.9814,158.6334,0.0,0.0,0.0,125.5377,0.0319,0.2644,0.9754,1
streak virus570_.jpg,139.3372,139.1088,102.838,29.9798,84.085,146.5831,0.0072,0.0001,0.0178,140.4283,0.0161,0.1727,0.9798,1
streak virus571_.jpg,121.0888,112.0812,70.2202,24.832,115.1587,125.707,0.1264,0.0284,0.0107,119.3182,0.0197,0.2129,0.9619,1
streak virus572_.jpg,118.9744,109.9807,72.2825,25.37,107.3971,122.813,0.0986,0.0329,0.0081,134.4759,0.0186,0.196,0.9596,1
streak virus573_.jpg,119.496,117.5038,86.0809,30.6287,88.3891,125.9432,0.0412,0.0021,0.0007,89.8836,0.0194,0.2202,0.9791,1
streak virus574_.jpg,111.6457,110.7732,83.091,34.7752,85.3241,118.7741,0.0465,0.0007,0.0047,84.5615,0.0198,0.2229,0.9791,1
streak virus575_.jpg,129.0923,116.2874,79.3424,22.7341,108.126,131.9747,0.1209,0.011,0.0002,90.347,0.0183,0.1978,0.9765,1
streak virus576_.jpg,135.4594,124.1139,92.559,22.1462,98.0253,138.6158,0.0491,0.0067,0.0205,163.1676,0.0154,0.1602,0.9774,1
streak virus577_.jpg,141.311,152.3242,107.0533,44.2149,92.6372,153.095,0.0007,0.0058,0.0307,445.7436,0.092,0.2292,0.9417,1
streak virus578_.jpg,134.5945,148.7964,89.4935,35.4209,112.8067,149.0374,0.0007,0.0149,0.0204,558.4058,0.0991,0.1984,0.9028,1
streak virus579_.jpg,134.4183,152.0157,79.2496,35.7923,130.8488,152.1509,0.0004,0.037,0.0027,558.424,0.0602,0.1561,0.8665,1
streak virus57_.jpg,158.6724,181.2222,146.4646,73.8377,89.4249,189.5441,0.0,0.0007,0.0,197.4147,0.0418,0.2955,0.9605,1
streak virus580_.jpg,121.9015,142.0498,60.6694,37.9776,150.1162,142.093,0.0001,0.0743,0.0056,516.0969,0.0166,0.127,0.8548,1
streak virus581_.jpg,111.975,135.7562,44.7997,38.7953,171.2578,135.7992,0.0004,0.1529,0.0031,494.9691,0.0124,0.1056,0.8606,1
streak virus582_.jpg,145.3659,168.7156,48.9121,36.8277,180.9143,168.7995,0.0,0.484,0.0101,286.628,0.0153,0.1263,0.9356,1
streak virus583_.jpg,121.6594,146.6285,48.2282,39.2557,174.0683,146.6797,0.0003,0.2695,0.0,280.0967,0.0138,0.1184,0.9311,1
streak virus584_.jpg,140.3991,167.1613,51.1505,37.7842,179.957,167.196,0.0,0.3051,0.0,317.9654,0.0133,0.1056,0.9202,1
streak virus585_.jpg,103.8934,126.8163,38.0797,38.761,180.7326,126.9118,0.0003,0.1806,0.0081,257.2305,0.0158,0.1229,0.9372,1
streak virus586_.jpg,100.2249,132.7105,44.3031,41.1917,171.4738,132.7743,0.0,0.0296,0.0233,212.4058,0.0192,0.1342,0.8913,1
streak virus587_.jpg,128.2423,138.3338,57.5937,34.1853,157.5808,140.2424,0.0136,0.1262,0.0057,736.1976,0.0115,0.0918,0.8168,1
streak virus588_.jpg,134.533,152.7555,63.5911,36.3144,153.5878,153.3347,0.0013,0.111,0.0002,378.1348,0.0133,0.1265,0.8654,1
streak virus589_.jpg,116.4168,140.5328,56.2432,38.5658,154.7185,140.6474,0.0004,0.0446,0.0058,272.5186,0.0179,0.1715,0.8607,1
streak virus58_.jpg,148.4912,166.7596,110.4721,59.6232,114.2869,169.5903,0.0015,0.0292,0.0308,279.184,0.0477,0.2851,0.9696,1
streak virus590_.jpg,103.2435,130.8785,58.4431,42.776,143.8841,131.2079,0.0021,0.0271,0.0102,137.8397,0.0216,0.2309,0.9373,1
streak virus591_.jpg,113.8865,133.073,58.4863,40.4026,142.3182,133.4996,0.0024,0.1621,0.0,129.2755,0.0154,0.1426,0.9689,1
streak virus592_.jpg,102.0137,124.5244,80.375,46.4317,99.4936,124.8071,0.0014,0.0,0.0,78.4827,0.0185,0.1968,0.9736,1
streak virus593_.jpg,95.9235,114.4857,70.0151,42.9449,110.3841,115.724,0.0049,0.0029,0.0102,76.3877,0.0213,0.2239,0.9735,1
streak virus594_.jpg,118.3001,135.8168,65.6118,36.9913,139.7319,136.6117,0.0015,0.0179,0.0575,36.9275,0.0199,0.2766,0.9923,1
streak virus595_.jpg,121.789,135.9214,48.6591,34.1766,164.3546,138.1563,0.0045,0.2408,0.0589,185.7391,0.0199,0.2221,0.9656,1
streak virus596_.jpg,109.2508,121.507,52.8391,34.2271,152.8346,124.1318,0.0231,0.0636,0.1532,241.2453,0.0222,0.2214,0.9604,1
streak virus597_.jpg,107.4313,101.8726,49.3706,25.1963,151.2634,113.3987,0.0334,0.0537,0.0816,195.4018,0.0299,0.2846,0.9685,1
streak virus598_.jpg,96.1662,133.3923,72.8491,48.5563,126.8263,137.3494,0.0163,0.0001,0.0149,75.2726,0.0194,0.1922,0.9727,1
streak virus599_.jpg,101.5136,134.5995,81.2702,50.0473,107.2993,134.6929,0.0007,0.0001,0.0205,70.4447,0.0186,0.178,0.9715,1
streak virus59_.jpg,163.7078,187.9973,111.4511,52.2115,115.3483,188.7523,0.0,0.0605,0.0,372.9022,0.0345,0.1882,0.895,1
streak virus5_.jpg,179.972,186.4487,162.8922,76.1014,58.0286,190.7585,0.0027,0.0123,0.0165,71.6131,0.0727,0.3995,0.9873,1
streak virus600_.jpg,95.8151,127.522,84.5483,64.6123,85.3817,128.5782,0.0002,0.0,0.0138,223.3618,0.021,0.2334,0.9052,1
streak virus601_.jpg,103.0711,133.3789,97.9654,66.9571,69.8281,134.3364,0.0,0.0,0.0012,50.4362,0.023,0.2522,0.9773,1
streak virus602_.jpg,101.5292,126.7385,96.8671,69.8229,62.2347,128.0264,0.0001,0.0001,0.0072,110.0212,0.022,0.2269,0.9618,1
streak virus603_.jpg,107.7519,124.0435,101.9498,69.3174,49.0173,125.6478,0.0,0.0001,0.0075,87.5227,0.0237,0.2492,0.9778,1
streak virus604_.jpg,99.4677,110.1637,94.7393,81.564,47.3255,113.3613,0.0,0.0005,0.0109,23.8968,0.0309,0.3256,0.993,1
streak virus605_.jpg,104.5892,147.1838,75.8798,48.9877,126.6511,147.236,0.0001,0.0005,0.0,48.8791,0.0274,0.2767,0.961,1
streak virus606_.jpg,96.8317,144.2666,84.5392,55.6232,112.6514,144.4756,0.0001,0.0,0.0,54.8731,0.0259,0.2515,0.9548,1
streak virus607_.jpg,91.6916,139.7748,91.5016,61.0129,101.8487,140.0355,0.0,0.0,0.0,85.5444,0.0258,0.2277,0.9337,1
streak virus608_.jpg,93.5582,144.1411,95.1243,62.212,103.5628,144.2991,0.0,0.0,0.0,101.2885,0.0256,0.2176,0.9273,1
streak virus609_.jpg,92.2417,139.3422,89.959,61.051,104.2136,139.4266,0.0,0.0009,0.0,98.0954,0.0243,0.2321,0.9245,1
streak virus60_.jpg,144.4376,158.9676,118.444,61.9914,87.1641,161.7273,0.0001,0.0016,0.0002,130.7027,0.0507,0.2887,0.9759,1
streak virus610_.jpg,105.2029,141.5614,93.2355,56.0922,94.5216,142.3795,0.0004,0.0003,0.0001,56.8892,0.027,0.2948,0.96,1
streak virus611_.jpg,96.5758,133.0438,65.7192,52.4854,123.286,133.3926,0.0,0.0002,0.0414,149.8592,0.0166,0.1499,0.9385,1
streak virus612_.jpg,97.7584,136.1511,73.9648,51.467,116.7102,136.3523,0.0,0.0,0.0016,117.5552,0.0193,0.176,0.936,1
streak virus613_.jpg,96.4365,133.4408,82.6643,53.7267,98.5906,134.7367,0.0,0.0,0.0,86.1756,0.0239,0.2454,0.9497,1
streak virus614_.jpg,103.8811,136.2204,86.3909,64.8254,88.337,137.5317,0.0001,0.0003,0.02,154.6659,0.0167,0.1668,0.945,1
streak virus615_.jpg,92.011,120.5297,80.6589,73.7391,82.6176,122.6284,0.0004,0.0,0.0706,176.5848,0.0146,0.1482,0.9554,1
streak virus616_.jpg,112.6863,150.2608,102.2284,67.0692,88.2327,151.6974,0.0,0.0017,0.0,144.786,0.0199,0.1963,0.9161,1
streak virus617_.jpg,117.9465,133.3129,74.5998,33.9689,106.9996,137.6083,0.0033,0.0675,0.0151,136.3878,0.0189,0.2149,0.9622,1
streak virus618_.jpg,99.9596,113.0504,73.6925,37.277,87.3363,116.5264,0.001,0.0073,0.0371,179.5915,0.0203,0.2037,0.9566,1
streak virus619_.jpg,129.5574,142.8313,72.5748,36.3909,123.7976,144.5629,0.0041,0.065,0.0357,73.2622,0.0206,0.2903,0.9858,1
streak virus61_.jpg,138.9189,153.2064,123.7706,65.1755,76.9682,157.4438,0.0001,0.0001,0.0,107.6848,0.0329,0.3099,0.9803,1
streak virus620_.jpg,120.2182,139.7885,78.2972,39.5668,111.1478,141.4633,0.004,0.038,0.0163,40.6224,0.0234,0.2813,0.9868,1
streak virus621_.jpg,125.9724,140.6798,92.0753,43.2957,81.6999,142.7308,0.0002,0.007,0.0031,53.5538,0.0306,0.3189,0.9906,1
streak virus622_.jpg,115.6635,143.3023,92.1242,48.7157,95.5559,144.2306,0.0001,0.0008,0.0,24.6285,0.0289,0.3479,0.9908,1
streak virus623_.jpg,98.1092,126.1419,90.6183,56.2733,88.6136,127.5276,0.0001,0.0005,0.0,14.8557,0.0372,0.3654,0.9895,1
streak virus624_.jpg,110.7704,131.6128,102.7842,54.0339,74.7473,134.2434,0.0019,0.0001,0.0,40.7611,0.0245,0.261,0.982,1
streak virus625_.jpg,99.5244,112.8504,80.2262,40.2444,82.9809,116.6374,0.0013,0.0005,0.0846,35.9844,0.0282,0.3101,0.9889,1
streak virus628_.jpg,96.8426,106.056,80.2888,34.7731,72.3772,112.4414,0.0003,0.0,0.0221,54.4272,0.0302,0.3102,0.9823,1
streak virus629_.jpg,100.619,110.307,80.6028,29.6538,75.1652,117.105,0.0012,0.0,0.0008,65.0278,0.0312,0.3021,0.9721,1
streak virus62_.jpg,137.0763,150.8036,123.5134,62.1531,69.5902,154.247,0.0,0.0,0.0,42.8084,0.0348,0.3494,0.9907,1
streak virus630_.jpg,98.0828,106.1027,70.109,31.0363,89.7032,109.7956,0.0023,0.0008,0.2272,71.671,0.0275,0.2982,0.9869,1
streak virus631_.jpg,110.069,122.8589,81.1024,35.7673,89.9663,125.3273,0.0022,0.0001,0.1352,80.4597,0.0212,0.2554,0.9811,1
streak virus632_.jpg,117.2094,133.634,85.492,36.6286,97.0814,137.6407,0.0109,0.0003,0.0192,41.3473,0.0207,0.2448,0.9868,1
streak virus633_.jpg,113.359,137.4702,80.7487,42.5526,111.7164,137.9874,0.0007,0.0002,0.0193,61.6439,0.0214,0.2267,0.9769,1
streak virus634_.jpg,130.0928,148.6452,94.4751,40.2401,99.9257,148.8572,0.0001,0.0038,0.0468,80.2071,0.0183,0.2124,0.9788,1
streak virus635_.jpg,104.8923,123.921,74.8721,41.3596,104.2479,124.1344,0.0016,0.0,0.0612,58.0938,0.0212,0.2413,0.9781,1
streak virus636_.jpg,110.2085,124.1999,63.1013,34.4584,131.0192,127.0529,0.0043,0.0145,0.0538,133.8268,0.0169,0.1946,0.9654,1
streak virus637_.jpg,107.2137,113.7027,65.4618,31.7851,114.7285,117.5539,0.0062,0.013,0.1415,95.4765,0.0179,0.1955,0.9798,1
streak virus638_.jpg,124.4155,134.7329,79.6197,33.2557,111.279,137.8371,0.0038,0.0036,0.0166,98.557,0.0154,0.173,0.9751,1
streak virus639_.jpg,119.3879,125.4385,79.6641,30.5733,104.8512,131.478,0.0097,0.0,0.0259,104.4518,0.0181,0.2105,0.974,1
streak virus63_.jpg,131.6905,148.0618,111.4626,63.7833,91.9367,151.969,0.0001,0.0002,0.0,89.5408,0.0496,0.3551,0.9851,1
streak virus640_.jpg,139.92,145.3547,102.1449,30.9674,87.6885,152.5743,0.0271,0.0025,0.0279,118.8548,0.0143,0.1536,0.979,1
streak virus641_.jpg,119.9796,126.7037,70.8348,28.1526,116.2149,132.1693,0.0133,0.031,0.0502,147.6103,0.0179,0.2085,0.97,1
streak virus642_.jpg,110.5001,119.4557,70.0346,30.3084,107.6644,123.4159,0.0019,0.0245,0.1259,105.7474,0.022,0.235,0.9803,1
streak virus643_.jpg,107.6241,114.7993,67.5511,31.7118,112.0503,118.7669,0.0059,0.0118,0.016,136.3783,0.0178,0.1976,0.9563,1
streak virus644_.jpg,94.5405,115.0703,69.0836,44.3761,106.1336,116.1946,0.0002,0.0162,0.063,46.8613,0.022,0.2927,0.9868,1
streak virus645_.jpg,74.6627,95.7581,65.972,52.324,84.9073,96.3635,0.0001,0.0,0.1583,59.5819,0.0252,0.2933,0.976,1
streak virus646_.jpg,89.8564,110.4313,76.4798,53.5721,81.4704,111.5404,0.0,0.0,0.0908,56.2645,0.0222,0.2747,0.983,1
streak virus647_.jpg,91.6941,106.5543,70.1392,46.6485,86.2083,107.9871,0.0001,0.0033,0.1195,26.748,0.0273,0.3536,0.9935,1
streak virus648_.jpg,101.1371,115.272,80.4727,41.8808,83.3121,116.7,0.0008,0.0,0.0905,32.4663,0.0231,0.3127,0.9917,1
streak virus649_.jpg,93.037,109.943,74.851,43.9766,86.1594,110.929,0.0002,0.0006,0.0524,85.4559,0.0211,0.2449,0.9713,1
streak virus650_.jpg,88.319,101.4744,74.3506,52.0629,70.0498,103.5606,0.0001,0.0013,0.0835,88.2105,0.0243,0.286,0.9698,1
streak virus651_.jpg,90.3302,91.1434,68.1048,33.4098,78.9692,98.1717,0.0127,0.0,0.0862,53.2511,0.0271,0.2798,0.9862,1
streak virus652_.jpg,92.1845,100.7456,78.6054,47.8963,67.7617,105.995,0.0003,0.0,0.032,62.1218,0.0254,0.2409,0.9807,1
streak virus653_.jpg,100.3585,116.879,83.1116,50.2445,73.7726,120.1293,0.0001,0.0068,0.0354,76.1881,0.0208,0.2231,0.978,1
streak virus654_.jpg,93.438,130.1321,71.5661,57.2628,110.7569,131.2536,0.0,0.0003,0.0509,80.1897,0.023,0.2377,0.9745,1
streak virus655_.jpg,110.5352,131.8143,54.0711,37.7954,152.242,133.0276,0.0082,0.0868,0.0491,75.0806,0.0212,0.2552,0.9793,1
streak virus656_.jpg,104.5007,123.1182,56.2992,38.2297,136.7601,123.8641,0.0115,0.0779,0.0938,58.8345,0.0204,0.2635,0.9843,1
streak virus657_.jpg,106.4458,122.1616,67.5098,38.036,117.2057,123.8139,0.0184,0.0261,0.0551,37.4046,0.0217,0.2673,0.9883,1
streak virus658_.jpg,99.3769,114.5993,73.7353,39.2756,98.6235,117.0349,0.0135,0.0,0.0558,31.1662,0.0234,0.3025,0.9903,1
streak virus659_.jpg,97.3023,119.9884,75.2054,43.7601,108.2414,126.2554,0.0084,0.0013,0.004,105.5931,0.0221,0.2219,0.9568,1
streak virus660_.jpg,100.9113,119.6103,67.3592,39.1924,120.5824,125.2831,0.0279,0.0049,0.0083,136.5143,0.0233,0.2254,0.9642,1
streak virus661_.jpg,90.2564,103.3737,59.3141,37.599,119.6391,109.3611,0.0249,0.0044,0.0197,134.6431,0.027,0.2404,0.9623,1
streak virus662_.jpg,93.7633,101.4906,62.0637,33.8185,110.5113,108.3803,0.0256,0.0013,0.0401,121.4012,0.0248,0.2534,0.9671,1
streak virus663_.jpg,106.3777,111.742,74.1228,30.6964,96.2744,119.1778,0.0224,0.0006,0.001,72.2753,0.0265,0.2825,0.9768,1
streak virus664_.jpg,99.7915,107.8611,42.0293,28.042,135.5474,112.5668,0.0042,0.2086,0.1513,68.6664,0.0246,0.2697,0.9872,1
streak virus665_.jpg,94.7721,98.4832,44.9714,26.7311,125.593,105.115,0.0054,0.1709,0.1564,70.8498,0.0263,0.2861,0.987,1
streak virus666_.jpg,107.3038,114.6918,44.3452,27.8447,136.1268,119.4661,0.0033,0.2643,0.1062,81.8604,0.0239,0.2552,0.9856,1
streak virus667_.jpg,105.1652,114.5794,41.2054,28.3901,145.1835,119.3325,0.0032,0.2403,0.12,97.1411,0.022,0.2411,0.9816,1
streak virus668_.jpg,113.8147,122.4638,61.0055,30.5528,124.3047,126.9111,0.0045,0.1674,0.0444,102.5718,0.0195,0.2267,0.9812,1
streak virus669_.jpg,101.2843,109.4772,64.0099,31.7669,110.6877,113.1258,0.0026,0.0487,0.1425,93.3551,0.0226,0.251,0.9853,1
streak virus670_.jpg,97.1422,108.0675,66.5865,34.8803,110.1511,110.5892,0.0045,0.0056,0.1624,101.6382,0.0219,0.2371,0.9849,1
streak virus671_.jpg,110.1128,123.8014,69.0102,35.8391,123.3652,128.1088,0.0202,0.0269,0.022,136.7237,0.017,0.1884,0.9718,1
streak virus672_.jpg,80.9821,91.0941,52.8321,38.4673,111.9392,93.0894,0.0023,0.0001,0.2348,74.128,0.0236,0.2679,0.9849,1
streak virus673_.jpg,97.7696,109.7931,63.8969,37.7079,112.5962,111.3545,0.0021,0.0033,0.125,134.596,0.0177,0.2138,0.9735,1
streak virus674_.jpg,91.5041,103.4977,58.6201,36.9594,122.0606,105.5861,0.0018,0.001,0.0829,206.2163,0.0167,0.1818,0.9511,1
streak virus675_.jpg,113.5711,126.1323,71.1475,34.5394,120.8692,129.3757,0.023,0.0152,0.0504,314.2244,0.0147,0.1625,0.9317,1
streak virus676_.jpg,103.3543,121.3575,55.3335,37.1619,140.7134,122.8524,0.0038,0.0451,0.0255,268.9734,0.0151,0.156,0.9125,1
streak virus677_.jpg,114.04,136.9365,66.8134,38.6542,135.8862,137.7632,0.0026,0.0107,0.0,93.0768,0.0197,0.1945,0.9595,1
streak virus678_.jpg,112.4589,137.3288,61.6042,38.9633,145.3324,138.2941,0.0029,0.0115,0.0,150.2871,0.0184,0.1633,0.9129,1
streak virus679_.jpg,116.7524,131.6704,66.4882,34.9255,131.664,134.764,0.0138,0.0224,0.0003,65.4825,0.021,0.225,0.9712,1
streak virus680_.jpg,110.3954,128.9501,71.559,37.7789,117.9994,131.7215,0.0068,0.0022,0.0001,70.8671,0.0257,0.2844,0.9538,1
streak virus681_.jpg,118.5749,134.4167,74.4913,37.1536,120.6319,135.2667,0.0093,0.0034,0.0036,82.505,0.0225,0.2576,0.9671,1
streak virus682_.jpg,106.9103,101.1476,66.8825,25.4146,112.3195,111.7601,0.0497,0.0,0.0304,65.4533,0.0219,0.263,0.9856,1
streak virus683_.jpg,114.2385,117.2529,74.1607,27.3453,104.6882,126.9176,0.0306,0.0025,0.0036,129.4558,0.0204,0.2121,0.9365,1
streak virus684_.jpg,120.6184,121.3858,79.8388,25.7462,98.7825,131.8785,0.0188,0.004,0.0005,103.1854,0.0215,0.2271,0.9551,1
streak virus685_.jpg,91.6273,92.327,58.2411,26.6496,102.7879,96.92,0.0159,0.0006,0.2859,84.4076,0.0377,0.3187,0.9859,1
streak virus686_.jpg,103.9808,107.0984,63.8864,29.312,108.617,109.932,0.0175,0.0034,0.2268,113.5566,0.0282,0.261,0.9801,1
streak virus687_.jpg,109.9184,112.5849,68.057,29.2795,110.3401,115.6453,0.0169,0.0031,0.1949,158.8806,0.0254,0.2344,0.9734,1
streak virus688_.jpg,121.8287,123.7794,74.5304,28.8319,113.3394,128.5941,0.0221,0.01,0.1563,99.7515,0.0227,0.2645,0.9855,1
streak virus689_.jpg,96.3303,94.5125,64.426,23.8866,94.6623,102.271,0.0072,0.0011,0.0664,46.7034,0.0354,0.3581,0.99,1
streak virus690_.jpg,101.1255,120.0679,57.4623,36.9569,136.5359,121.9059,0.0055,0.0339,0.0169,190.9203,0.019,0.2183,0.9416,1
streak virus691_.jpg,104.7701,124.3928,60.1103,37.3258,133.2138,125.9173,0.0024,0.0433,0.019,206.5025,0.0184,0.2071,0.9276,1
streak virus692_.jpg,110.5759,137.4122,66.2828,41.8925,132.1451,138.1755,0.0017,0.0402,0.0051,215.5632,0.0191,0.1931,0.8876,1
streak virus693_.jpg,102.8476,131.0234,57.4709,42.6662,140.3572,131.8214,0.0006,0.0546,0.0039,203.6771,0.0212,0.2162,0.8971,1
streak virus694_.jpg,103.7635,131.0663,53.5397,41.2448,149.1563,132.0342,0.0114,0.0908,0.0346,110.3183,0.0197,0.2344,0.966,1
streak virus695_.jpg,106.1069,136.1574,60.5903,40.9679,144.9281,137.5255,0.0077,0.0316,0.0247,171.8723,0.0208,0.1642,0.9457,1
streak virus696_.jpg,97.5943,112.24,79.9693,45.31,87.3012,119.6643,0.0182,0.0001,0.0465,78.1465,0.021,0.2356,0.9712,1
streak virus697_.jpg,84.8854,105.703,79.1187,55.1853,75.5788,109.6493,0.0023,0.0,0.0809,68.763,0.0245,0.2806,0.9733,1
streak virus698_.jpg,87.9224,111.6709,87.067,62.6929,69.8622,114.5592,0.0,0.0,0.0716,83.1252,0.0235,0.2687,0.9718,1
streak virus699_.jpg,85.6394,105.9702,80.9362,63.2078,69.7745,108.7436,0.0,0.0,0.0992,92.686,0.0228,0.263,0.9716,1
streak virus6_.jpg,167.2326,174.8169,129.2262,48.5281,82.3408,175.8528,0.0008,0.0442,0.0,74.1753,0.0499,0.3273,0.9824,1
streak virus700_.jpg,89.4823,107.2022,73.1811,49.9431,82.7577,110.8997,0.0025,0.0001,0.0724,121.2359,0.0218,0.2422,0.9608,1
streak virus702_.jpg,89.7995,106.4307,75.0206,60.4202,75.4648,108.6643,0.0003,0.0,0.0674,111.326,0.0232,0.2572,0.9625,1
streak virus703_.jpg,92.4893,108.7455,73.3135,59.7082,79.6529,111.6148,0.0101,0.0,0.0395,286.2571,0.0259,0.2891,0.8843,1
streak virus704_.jpg,90.9714,106.9998,73.1219,55.6574,77.1614,109.7834,0.0019,0.0,0.0602,270.4644,0.0251,0.2946,0.8985,1
streak virus705_.jpg,105.1488,100.0626,66.068,24.4351,90.9752,107.9586,0.0052,0.0242,0.4216,23.1992,0.0395,0.3676,0.9981,1
streak virus706_.jpg,107.6142,115.4748,81.5091,45.7397,77.0658,120.7105,0.012,0.0064,0.0498,34.9775,0.0253,0.3073,0.9934,1
streak virus707_.jpg,102.1391,110.3988,71.8883,37.8453,88.1264,115.588,0.0227,0.005,0.0867,34.9779,0.0275,0.3236,0.9914,1
streak virus708_.jpg,97.5177,100.6785,63.0896,41.755,99.1571,108.8384,0.046,0.0002,0.1794,58.0415,0.027,0.2888,0.9841,1
streak virus709_.jpg,90.8029,95.0321,59.8446,42.4478,96.441,102.5972,0.0487,0.0,0.219,41.5679,0.0285,0.3071,0.9882,1
streak virus710_.jpg,104.1962,107.8509,70.7723,42.0703,94.5534,117.3549,0.0556,0.001,0.1167,62.0644,0.0229,0.2568,0.9833,1
streak virus711_.jpg,95.0738,95.4876,63.4425,40.5787,97.6982,106.5584,0.0608,0.0,0.1771,51.6547,0.0247,0.2637,0.9847,1
streak virus712_.jpg,85.3735,113.5289,74.6034,54.1419,87.7761,114.8209,0.0,0.0006,0.0015,33.0222,0.0356,0.3193,0.9774,1
streak virus713_.jpg,86.8075,115.6274,77.587,55.7192,84.5199,116.7595,0.0,0.0,0.0038,36.1784,0.032,0.3056,0.9746,1
streak virus714_.jpg,82.0109,111.0416,69.8167,50.7558,95.1077,112.1283,0.0001,0.0,0.011,24.8168,0.0337,0.3435,0.9812,1
streak virus715_.jpg,85.1968,113.7706,66.3602,49.3131,103.1731,114.676,0.0001,0.0023,0.0203,52.0793,0.026,0.273,0.9718,1
streak virus716_.jpg,100.8636,136.1969,69.5011,48.617,118.5517,136.8356,0.0001,0.0744,0.0054,62.8252,0.0229,0.2592,0.9728,1
streak virus717_.jpg,123.9334,144.7219,44.1455,36.5338,176.189,145.5175,0.003,0.2706,0.0281,197.9787,0.0141,0.1625,0.9487,1
streak virus718_.jpg,115.6907,133.1931,52.345,36.4404,158.7714,133.8815,0.0021,0.1505,0.0605,345.9708,0.0134,0.1763,0.9325,1
streak virus719_.jpg,106.5024,125.0605,46.8649,38.9358,164.1123,125.4352,0.0005,0.1434,0.034,366.8724,0.0186,0.1649,0.935,1
streak virus71_.jpg,173.9935,189.2605,146.521,63.2165,72.9443,191.1008,0.0002,0.0037,0.0,93.4714,0.0597,0.3379,0.9824,1
streak virus720_.jpg,119.2625,138.7568,53.8266,38.7794,163.5225,139.1204,0.0001,0.1412,0.0201,273.8164,0.0164,0.1623,0.9572,1
streak virus721_.jpg,113.9028,134.0564,51.0208,39.2935,165.8748,134.4952,0.0003,0.122,0.0577,213.1853,0.021,0.1949,0.9677,1
streak virus722_.jpg,101.0815,121.053,44.6783,40.0288,160.1888,121.5437,0.0027,0.1226,0.0477,422.35,0.0143,0.1237,0.9221,1
streak virus723_.jpg,93.2608,110.2095,55.9598,36.9762,129.3762,111.9632,0.002,0.017,0.1071,376.5015,0.0195,0.1739,0.9083,1
streak virus724_.jpg,112.2337,127.4741,56.7214,34.7452,142.3808,129.2463,0.005,0.057,0.0947,356.778,0.0179,0.1721,0.9223,1
streak virus725_.jpg,99.531,127.2714,87.2431,53.9973,88.8392,127.3509,0.0005,0.0005,0.0,119.8262,0.0161,0.1669,0.9646,1
streak virus726_.jpg,110.7619,137.9858,99.8991,53.2567,78.4056,138.1782,0.0,0.0,0.0155,105.7305,0.0169,0.1934,0.9639,1
streak virus727_.jpg,117.8558,142.6329,94.3635,46.0354,92.1951,142.6553,0.0,0.0,0.0081,95.8942,0.0176,0.1982,0.9656,1
streak virus728_.jpg,96.76,116.345,76.4665,50.963,96.2678,117.0752,0.0004,0.0,0.096,98.8217,0.0188,0.2236,0.9768,1
streak virus729_.jpg,100.259,121.2328,77.8316,45.2378,100.1173,121.3013,0.0007,0.0001,0.082,141.0122,0.0156,0.1854,0.9646,1
streak virus72_.jpg,120.2173,130.3737,65.6148,34.4996,138.3754,137.4765,0.0698,0.0077,0.0054,89.709,0.0183,0.1851,0.9651,1
streak virus730_.jpg,89.3461,111.5809,71.8485,47.893,100.061,111.6663,0.0003,0.0001,0.118,151.1583,0.0172,0.1944,0.9637,1
streak virus731_.jpg,80.7884,104.5617,71.2041,60.8317,91.3458,105.1811,0.0001,0.0002,0.1671,131.3048,0.0206,0.2268,0.9713,1
streak virus732_.jpg,78.6233,109.081,80.9499,70.3386,84.443,109.8828,0.0,0.0,0.0537,109.1216,0.0203,0.2127,0.9665,1
streak virus733_.jpg,86.0115,119.2619,86.8962,74.391,85.7622,120.6378,0.0001,0.0,0.0034,240.3534,0.0191,0.1826,0.9114,1
streak virus734_.jpg,113.9434,141.3576,101.562,56.4275,84.8498,142.1036,0.0,0.0007,0.0,199.4903,0.0178,0.1686,0.8969,1
streak virus735_.jpg,84.8375,124.9239,90.437,66.9028,94.3501,125.552,0.0,0.0,0.0055,428.563,0.0144,0.1175,0.7592,1
streak virus736_.jpg,97.6808,134.9452,92.1481,66.4378,89.6528,135.4495,0.0,0.0,0.013,281.7224,0.0148,0.1633,0.9041,1
streak virus737_.jpg,113.4429,129.5634,88.5264,48.1797,90.3773,130.2056,0.0003,0.0003,0.0046,144.2771,0.0193,0.195,0.9601,1
streak virus738_.jpg,94.9682,117.1568,81.0282,55.3348,86.2284,117.434,0.0,0.0011,0.0359,210.6265,0.0171,0.1704,0.9225,1
streak virus739_.jpg,130.0249,159.2805,86.7446,43.6678,122.8627,159.4595,0.0001,0.0093,0.0,678.1257,0.0259,0.1503,0.8602,1
streak virus73_.jpg,144.2056,151.9555,110.4294,51.9449,95.6621,157.5986,0.0395,0.0021,0.0268,156.5626,0.0403,0.2562,0.982,1
streak virus740_.jpg,97.6438,131.1221,64.5013,47.8686,138.3491,131.2571,0.0002,0.0142,0.0033,875.9975,0.0099,0.0828,0.7823,1
streak virus741_.jpg,108.8545,148.3364,76.7813,48.8756,133.924,148.4567,0.0003,0.006,0.0,900.4488,0.0129,0.1054,0.6767,1
streak virus742_.jpg,104.7398,143.4766,58.7991,45.8668,158.1192,143.6816,0.0001,0.0403,0.0,802.9452,0.012,0.0865,0.5661,1
streak virus743_.jpg,101.7192,147.5586,63.9611,48.7945,151.3631,147.8248,0.0,0.0329,0.0,652.7152,0.0136,0.1184,0.6686,1
streak virus744_.jpg,109.4666,153.361,83.1825,54.1823,132.5107,154.1885,0.0,0.0048,0.0,425.1055,0.0171,0.1493,0.7543,1
streak virus745_.jpg,93.1492,146.3181,78.4402,57.4374,130.7798,146.6283,0.0,0.0026,0.0,440.9861,0.0156,0.1411,0.7454,1
streak virus746_.jpg,87.4075,139.2008,79.7878,61.2468,131.3365,140.5105,0.0,0.0055,0.0019,433.2161,0.0161,0.1398,0.7555,1
streak virus747_.jpg,88.5899,120.7893,81.4393,64.273,90.3147,121.5664,0.0005,0.0,0.0239,57.4736,0.0217,0.2435,0.9719,1
streak virus748_.jpg,98.7939,120.9174,102.2494,66.0266,68.6154,121.597,0.0,0.0019,0.0264,128.5866,0.0166,0.1617,0.9556,1
streak virus749_.jpg,105.6697,129.1201,106.2044,62.7188,66.7854,129.4716,0.0005,0.0006,0.0684,157.0046,0.0162,0.1542,0.9514,1
streak virus74_.jpg,156.5611,164.3326,137.0021,64.331,73.0021,172.2786,0.0049,0.0234,0.0,26.9945,0.0454,0.459,0.9901,1
streak virus750_.jpg,86.7123,117.4999,95.2818,75.2218,71.4669,119.7288,0.0,0.0,0.0311,144.976,0.0186,0.1888,0.948,1
streak virus751_.jpg,79.2751,108.6664,88.887,72.9238,77.8196,110.1188,0.0,0.0,0.0129,151.0851,0.0244,0.2178,0.9492,1
streak virus752_.jpg,88.9768,118.9156,101.5235,77.0751,71.3734,120.8112,0.0,0.0,0.0356,178.76,0.017,0.1693,0.9274,1
streak virus753_.jpg,93.2584,114.2275,94.4247,70.8976,61.6049,115.6516,0.0002,0.0,0.0235,215.2099,0.0172,0.1741,0.918,1
streak virus754_.jpg,100.5121,115.2826,97.2788,59.995,52.5378,116.2922,0.0003,0.0,0.04,208.993,0.0193,0.2059,0.9404,1
streak virus755_.jpg,103.5956,118.7957,103.8549,64.3531,50.884,119.6316,0.0,0.0,0.0475,100.0233,0.0227,0.2314,0.9795,1
streak virus756_.jpg,99.093,142.5653,90.7399,56.6295,97.8569,142.6002,0.0001,0.0,0.0068,99.6887,0.0208,0.2236,0.949,1
streak virus757_.jpg,87.9844,127.7722,88.1611,61.0941,93.7126,127.8052,0.0,0.0,0.0,65.3664,0.021,0.1963,0.9599,1
streak virus758_.jpg,85.0528,120.5936,90.7187,66.8944,91.2708,120.8902,0.0001,0.0,0.0087,141.6187,0.018,0.1513,0.9462,1
streak virus759_.jpg,97.7839,137.8634,101.2429,63.9118,93.3966,138.0629,0.0002,0.0,0.0,190.2092,0.0172,0.1508,0.9372,1
streak virus75_.jpg,161.8354,169.0084,136.9096,61.5898,78.6541,177.4376,0.0051,0.037,0.0,18.2057,0.0692,0.4948,0.9926,1
streak virus760_.jpg,96.2836,126.0798,105.3675,71.2285,70.7201,126.5255,0.0,0.0,0.0,122.6233,0.0234,0.1895,0.9483,1
streak virus761_.jpg,89.0186,117.7928,93.7989,64.2212,78.2299,117.9148,0.0,0.0,0.0439,26.6906,0.0284,0.3167,0.9904,1
streak virus762_.jpg,87.8107,116.997,93.4065,66.7311,77.1452,117.1819,0.0,0.0,0.0266,473.7894,0.0239,0.1608,0.8326,1
streak virus763_.jpg,74.7504,104.9991,78.2844,68.4344,87.2711,105.515,0.0,0.0,0.0805,297.9373,0.0219,0.2222,0.9071,1
streak virus764_.jpg,94.6424,118.2161,100.1279,67.9563,68.7648,119.7891,0.0,0.0,0.1786,105.136,0.0216,0.2416,0.9808,1
streak virus765_.jpg,97.1252,118.454,99.5976,62.6534,66.6861,119.1957,0.0,0.0,0.1575,102.1604,0.0198,0.2304,0.9785,1
streak virus766_.jpg,100.4151,122.9767,103.0377,65.5659,68.6204,123.9618,0.0,0.0,0.1257,62.3154,0.0231,0.2906,0.9889,1
streak virus767_.jpg,90.221,114.5837,96.5845,69.4725,71.1446,115.5212,0.0,0.0,0.1846,65.5747,0.0288,0.2969,0.9888,1
streak virus768_.jpg,82.9925,111.4783,92.4405,67.9676,75.1089,112.7,0.0,0.0,0.0183,47.3526,0.0322,0.3151,0.9844,1
streak virus769_.jpg,91.7299,139.8224,70.3124,54.8486,128.4835,140.1385,0.0001,0.0,0.0402,373.7407,0.0162,0.123,0.8092,1
streak virus76_.jpg,138.8592,149.7844,106.1484,52.4297,93.6101,153.3554,0.0077,0.0471,0.0,10.0983,0.0408,0.4641,0.9954,1
streak virus770_.jpg,92.85,140.0169,89.1526,61.3502,105.4702,140.1642,0.0003,0.0,0.007,429.3562,0.0149,0.0939,0.7131,1
streak virus771_.jpg,90.9027,133.4521,86.454,60.9768,103.2163,133.6596,0.0,0.0,0.0275,445.3563,0.0132,0.0915,0.7945,1
streak virus772_.jpg,101.1484,132.6178,108.0194,65.8966,77.4012,133.1488,0.0006,0.0,0.0644,135.1429,0.0175,0.1973,0.9619,1
streak virus775_.jpg,99.4186,139.6624,70.4369,50.4253,120.1822,140.1243,0.0,0.0001,0.0154,268.2427,0.0208,0.2108,0.8917,1
streak virus776_.jpg,99.1342,128.8264,74.255,50.2285,96.8706,129.8082,0.0001,0.0003,0.0144,223.7611,0.0256,0.2871,0.9353,1
streak virus777_.jpg,87.561,126.6413,97.2767,64.8027,89.6546,128.2335,0.0007,0.0,0.0088,107.4443,0.0179,0.1795,0.9587,1
streak virus778_.jpg,90.6841,129.3642,102.3002,68.5606,83.5365,129.9505,0.0,0.0,0.0112,91.8938,0.0182,0.176,0.9554,1
streak virus779_.jpg,89.2329,127.9084,97.7166,66.669,84.7718,128.0666,0.0,0.0,0.0129,69.8585,0.0216,0.2151,0.9613,1
streak virus77_.jpg,168.5875,182.9291,169.7252,83.6691,64.0258,193.7653,0.0,0.0,0.0,123.6466,0.0767,0.4404,0.9806,1
streak virus781_.jpg,84.6659,112.3461,90.3715,63.8308,89.9449,113.9825,0.0011,0.0,0.0121,183.458,0.0197,0.1973,0.9271,1
streak virus782_.jpg,95.3094,127.8562,103.4072,65.3706,83.2765,128.9107,0.0001,0.0,0.0138,230.7452,0.0178,0.1862,0.9282,1
streak virus783_.jpg,90.5418,122.3144,88.7048,60.6006,86.8639,122.3453,0.0002,0.0013,0.0041,197.1562,0.0196,0.18,0.9131,1
streak virus784_.jpg,98.3887,133.609,100.7068,62.7302,83.3982,133.6859,0.0,0.0006,0.0004,230.9917,0.0205,0.1627,0.884,1
streak virus785_.jpg,96.5309,122.4981,69.4914,45.8423,113.1395,122.5394,0.0,0.0009,0.0118,45.8123,0.0227,0.2464,0.9826,1
streak virus786_.jpg,95.3446,127.6767,91.3993,58.3016,90.0262,127.7318,0.0,0.0,0.0,75.3283,0.024,0.2649,0.9691,1
streak virus787_.jpg,95.1429,121.0829,88.6047,56.9875,81.1746,121.4663,0.0001,0.0,0.0,74.4388,0.026,0.2197,0.9582,1
streak virus788_.jpg,102.4235,128.504,93.4185,56.6416,87.0396,128.7844,0.0001,0.0001,0.0,152.2097,0.0182,0.1746,0.9459,1
streak virus789_.jpg,97.825,123.9718,96.5726,61.7871,79.516,124.1118,0.0,0.0029,0.0036,133.9165,0.0184,0.1995,0.9481,1
streak virus78_.jpg,163.0648,177.9739,155.3311,74.3603,64.8967,184.9023,0.0,0.0001,0.0,78.6384,0.0751,0.4463,0.9849,1
streak virus790_.jpg,84.1938,115.4624,86.8882,64.7602,93.9841,115.5648,0.0,0.0004,0.0234,100.9349,0.0215,0.2366,0.9607,1
streak virus791_.jpg,100.2591,123.9182,113.7118,92.8816,67.0148,128.1876,0.0001,0.0,0.0,106.5721,0.0226,0.241,0.9693,1
streak virus792_.jpg,124.5997,133.879,105.4526,35.3616,74.0015,141.7791,0.0001,0.0,0.0,57.5553,0.0245,0.2897,0.991,1
streak virus793_.jpg,109.3509,109.2215,100.7494,81.0084,52.7774,116.3187,0.0,0.0,0.0155,26.9095,0.0381,0.4384,0.9965,1
streak virus794_.jpg,138.1921,138.8548,107.1023,29.7856,81.3736,147.339,0.0004,0.0002,0.0033,70.7386,0.0238,0.2906,0.9915,1
streak virus795_.jpg,133.8709,133.7449,97.8045,27.0199,90.6175,146.9406,0.0076,0.0003,0.0003,73.7642,0.0237,0.2712,0.9884,1
streak virus796_.jpg,103.7681,133.7692,96.2684,68.7519,82.4083,137.0151,0.0,0.0,0.0345,89.8864,0.0222,0.2591,0.9732,1
streak virus797_.jpg,97.2716,120.74,95.9083,77.4563,77.3127,125.9803,0.0,0.0,0.0281,114.5415,0.0228,0.2565,0.9681,1
streak virus798_.jpg,93.779,111.0582,88.7291,57.4223,70.3656,114.2295,0.0002,0.0,0.1152,132.884,0.0226,0.2399,0.9658,1
streak virus799_.jpg,108.1503,125.2624,101.2,52.2564,63.9031,126.9943,0.0002,0.0,0.0668,244.9578,0.0161,0.1734,0.9423,1
streak virus79_.jpg,142.0142,159.5182,124.5073,60.3976,75.0583,162.6014,0.0,0.0001,0.0,45.0319,0.0524,0.4098,0.9866,1
streak virus7_.jpg,135.1165,150.7252,91.3433,44.9283,116.4706,151.3607,0.008,0.0117,0.0,51.5158,0.039,0.3607,0.9875,1
streak virus800_.jpg,88.1076,103.3289,83.7369,55.2676,61.9257,104.6789,0.0001,0.0,0.1655,154.3216,0.0214,0.2106,0.9607,1
streak virus801_.jpg,93.8482,103.8744,85.6627,47.5115,64.3609,108.0168,0.0,0.0,0.2211,90.016,0.0326,0.2768,0.982,1
streak virus802_.jpg,102.4342,109.3301,94.5503,74.4941,61.1698,115.6449,0.0,0.0,0.0918,189.8163,0.0266,0.2272,0.9676,1
streak virus803_.jpg,90.713,102.5916,83.5656,59.0494,69.9023,106.3328,0.0004,0.0,0.1943,230.5382,0.0316,0.2347,0.9456,1
streak virus804_.jpg,103.8206,113.016,94.0766,75.0848,70.0623,121.6717,0.0,0.0,0.0098,136.8099,0.0333,0.2732,0.9745,1
streak virus805_.jpg,88.1792,112.8729,92.0662,80.1978,78.0218,116.332,0.0,0.0,0.0298,80.952,0.0215,0.2456,0.9759,1
streak virus806_.jpg,91.9814,114.4779,92.1929,82.969,77.0254,119.1906,0.0,0.0,0.0049,41.3074,0.0267,0.2854,0.9906,1
streak virus807_.jpg,90.7654,115.1024,88.7691,59.9547,75.038,115.6527,0.0,0.0,0.0262,75.7054,0.0184,0.1917,0.9699,1
streak virus808_.jpg,96.7136,114.3499,95.3755,57.2935,61.8719,116.4428,0.0,0.0,0.0607,53.1131,0.0254,0.3047,0.9823,1
streak virus809_.jpg,112.9586,132.1383,99.8453,52.4533,73.0562,133.545,0.0,0.0,0.0,65.6782,0.0225,0.2517,0.9696,1
streak virus80_.jpg,112.7358,136.427,93.7849,57.8602,108.0943,140.3602,0.0,0.0003,0.0,230.9572,0.0319,0.2167,0.9466,1
streak virus810_.jpg,101.5037,113.2341,84.9819,46.7086,78.8968,116.3974,0.0002,0.0,0.0059,91.617,0.0223,0.2356,0.9689,1
streak virus811_.jpg,96.4206,112.3955,92.1858,59.2122,69.8206,115.3858,0.0,0.0,0.004,71.5348,0.0228,0.2597,0.9836,1
streak virus812_.jpg,133.5258,142.4249,108.8977,37.9212,77.6638,147.6552,0.0009,0.0,0.0,50.5625,0.0211,0.2831,0.991,1
streak virus815_.jpg,103.0097,115.9508,96.0,61.5892,67.5879,120.8826,0.0001,0.0,0.0028,240.2981,0.0174,0.1673,0.9131,1
streak virus816_.jpg,103.8976,118.1895,96.4702,54.3917,69.3582,123.2348,0.0003,0.0,0.0015,195.3027,0.0177,0.1803,0.9218,1
streak virus817_.jpg,106.8943,119.575,94.7714,49.3298,74.6611,126.0718,0.0029,0.0,0.0055,151.5733,0.0194,0.2101,0.9434,1
streak virus818_.jpg,109.4344,121.7104,88.2901,45.1565,81.321,124.8278,0.0035,0.0,0.0013,198.1686,0.0162,0.1774,0.9341,1
streak virus819_.jpg,101.0188,111.9063,83.1332,45.7167,82.0225,116.7978,0.002,0.0003,0.0035,153.4026,0.0216,0.2379,0.9565,1
streak virus81_.jpg,172.8947,186.7365,184.2112,90.7581,55.8692,200.0925,0.0,0.0,0.0018,86.3406,0.0569,0.4908,0.9854,1
streak virus820_.jpg,105.7964,124.9609,95.0208,50.1476,79.7099,129.421,0.005,0.0003,0.0,54.3172,0.0212,0.2103,0.9772,1
streak virus821_.jpg,106.0622,135.2682,99.7586,55.3061,82.9147,136.846,0.0002,0.0,0.0453,182.911,0.0176,0.1806,0.9387,1
streak virus822_.jpg,82.4388,129.1008,80.1637,60.2197,109.4244,129.2704,0.0,0.0,0.0377,65.3484,0.0238,0.2751,0.9701,1
streak virus823_.jpg,80.7595,130.5195,90.4832,65.8635,109.7796,130.7226,0.0,0.0,0.004,99.3423,0.0189,0.2084,0.9655,1
streak virus824_.jpg,79.4537,124.3235,77.2491,60.9565,112.6325,124.6195,0.0,0.0,0.0069,66.7256,0.0226,0.246,0.9805,1
streak virus826_.jpg,80.3543,121.5191,90.8296,65.682,97.3729,122.5445,0.0013,0.0,0.0581,150.2731,0.0169,0.1733,0.9422,1
streak virus827_.jpg,79.8217,124.0004,86.7323,66.5844,98.5602,124.3937,0.0,0.0,0.0399,75.0662,0.0196,0.207,0.97,1
streak virus828_.jpg,92.3603,116.159,84.004,55.9092,88.6276,116.6052,0.0,0.0,0.0378,246.6386,0.0142,0.154,0.9221,1
streak virus829_.jpg,86.7597,122.1617,87.1531,61.5845,92.1691,123.0237,0.0004,0.0,0.01,113.1874,0.0222,0.2125,0.9435,1
streak virus82_.jpg,113.3023,136.3684,106.518,65.8461,99.0758,142.9705,0.0,0.0,0.0077,159.2471,0.0253,0.3063,0.961,1
streak virus830_.jpg,78.3432,127.7932,103.7577,71.4024,107.6178,129.4158,0.0,0.0,0.003,131.2983,0.0188,0.1878,0.934,1
streak virus831_.jpg,82.7473,128.82,99.2808,73.2971,97.8351,129.6565,0.0,0.0,0.0,106.2031,0.0211,0.2003,0.9264,1
streak virus832_.jpg,97.5909,130.3368,101.9285,65.6107,79.9262,130.4115,0.0,0.0011,0.0182,1115.5232,0.0105,0.0729,0.5245,1
streak virus833_.jpg,96.607,134.5582,107.3256,69.1109,86.9246,134.6851,0.0,0.0,0.0181,1122.7519,0.012,0.1149,0.5716,1
streak virus834_.jpg,104.3462,131.7187,117.9603,76.9716,69.191,134.8492,0.0001,0.0,0.0022,92.1512,0.0208,0.1953,0.9467,1
streak virus835_.jpg,104.391,130.8264,69.6175,41.5979,123.1701,132.071,0.0051,0.0172,0.0649,271.6942,0.0149,0.1537,0.9256,1
streak virus836_.jpg,117.456,143.7363,84.4897,41.9966,111.6885,145.2637,0.0075,0.0094,0.009,396.9563,0.013,0.1124,0.8705,1
streak virus837_.jpg,111.6017,140.8469,75.6222,41.9034,119.3418,142.2646,0.0047,0.0148,0.0299,276.2909,0.0157,0.1642,0.9076,1
streak virus838_.jpg,115.9436,145.4639,84.8172,42.8401,109.4474,146.9925,0.0079,0.0006,0.0119,451.4015,0.0135,0.118,0.8237,1
streak virus839_.jpg,95.1614,114.3101,63.3162,40.1031,121.3754,116.6753,0.0109,0.0013,0.0773,129.1878,0.0151,0.1645,0.9717,1
streak virus83_.jpg,175.2612,188.5514,175.6372,84.4505,49.031,195.7085,0.0,0.0001,0.0,72.481,0.0883,0.5309,0.9845,1
streak virus840_.jpg,92.0106,112.8883,59.5142,41.1622,125.9787,114.6037,0.0077,0.0004,0.1077,69.5939,0.0204,0.2401,0.9859,1
streak virus841_.jpg,123.9022,145.9644,89.6441,41.5141,105.377,147.5661,0.0066,0.0001,0.038,81.2296,0.0158,0.1873,0.983,1
streak virus842_.jpg,81.839,115.5605,74.3682,55.3471,99.1449,115.9936,0.0001,0.0,0.0653,344.3223,0.0184,0.1886,0.8593,1
streak virus843_.jpg,80.8897,115.2113,71.022,54.387,105.4604,115.5772,0.0002,0.0,0.0418,275.7153,0.0203,0.2006,0.8656,1
streak virus844_.jpg,74.7305,104.6653,76.4944,61.993,86.5547,105.3369,0.0013,0.0,0.161,64.9407,0.0213,0.243,0.9811,1
streak virus845_.jpg,82.9873,116.3504,85.4495,65.4455,81.7793,117.0024,0.0,0.0,0.1195,50.2297,0.0233,0.2675,0.9846,1
streak virus846_.jpg,85.2717,119.1155,92.8981,66.4634,80.8149,119.6889,0.0,0.0,0.0868,40.2026,0.0288,0.3101,0.9857,1
streak virus847_.jpg,84.0799,114.7659,82.007,57.962,90.0591,115.1065,0.0008,0.0,0.0947,52.9034,0.0211,0.258,0.9848,1
streak virus848_.jpg,88.8696,120.8898,92.5675,62.3278,79.5474,121.3886,0.001,0.0,0.0894,45.7954,0.0249,0.2921,0.9872,1
streak virus849_.jpg,104.3386,140.5171,109.0559,63.8751,81.8591,140.6231,0.0,0.0,0.0111,28.4708,0.0296,0.3343,0.9879,1
streak virus84_.jpg,134.3465,156.692,129.6827,70.2516,81.8241,163.4079,0.0,0.0001,0.0,122.664,0.0382,0.3943,0.9605,1
streak virus850_.jpg,87.0349,126.8673,77.9444,56.4885,104.1929,127.1209,0.0001,0.0,0.0274,152.8774,0.0183,0.1702,0.9236,1
streak virus851_.jpg,98.0378,140.9766,97.3337,61.3465,92.6285,141.225,0.0,0.0,0.001,121.1879,0.0208,0.1903,0.9321,1
streak virus852_.jpg,87.9347,130.1063,72.1221,53.5615,116.362,130.2252,0.0002,0.0,0.0137,76.1641,0.0219,0.2155,0.9525,1
streak virus853_.jpg,80.2866,121.238,76.1275,59.0343,113.6583,121.6493,0.0008,0.0,0.0021,66.5138,0.0253,0.2658,0.9581,1
streak virus854_.jpg,102.3113,132.8721,93.1474,54.3435,85.9647,132.9987,0.0015,0.0,0.0395,116.731,0.0156,0.1771,0.9656,1
streak virus855_.jpg,92.4789,118.9764,85.1237,53.1846,85.7633,119.4103,0.0004,0.0,0.0715,79.9522,0.0182,0.2159,0.9789,1
streak virus856_.jpg,104.492,136.2503,103.1176,59.3264,73.8352,136.2978,0.0,0.0,0.0351,74.9489,0.0172,0.1936,0.9754,1
streak virus857_.jpg,79.4132,122.6135,84.1558,64.6816,106.2298,122.7307,0.0,0.0,0.0485,244.7448,0.0219,0.2018,0.9108,1
streak virus858_.jpg,89.7676,131.2736,104.832,70.6413,88.8883,131.4684,0.0,0.0,0.0364,270.7351,0.0207,0.1922,0.9106,1
streak virus859_.jpg,85.3925,142.9401,70.4017,56.2486,135.0132,143.1868,0.0,0.0,0.0203,260.1541,0.0243,0.1944,0.8382,1
streak virus85_.jpg,191.5907,207.0999,174.2729,73.2175,61.0557,210.2577,0.0,0.0019,0.0,141.0037,0.1006,0.4117,0.9706,1
streak virus860_.jpg,86.1393,147.5093,59.8742,52.5484,151.2331,147.5234,0.0,0.0,0.0192,119.9228,0.0266,0.2267,0.9156,1
streak virus861_.jpg,93.4212,114.5684,87.6007,54.3501,70.6973,115.0574,0.0001,0.0,0.07,218.6632,0.0189,0.2165,0.929,1
streak virus862_.jpg,106.6738,125.3476,102.5536,55.5518,57.869,125.9363,0.0004,0.0,0.0592,177.9818,0.0203,0.2073,0.9435,1
streak virus863_.jpg,83.3076,107.2013,76.4844,54.0519,80.6476,107.5484,0.0,0.0,0.0703,289.0926,0.0205,0.1993,0.8831,1
streak virus864_.jpg,96.6586,122.1111,96.1888,59.6627,65.7998,122.206,0.0,0.0,0.0493,51.0518,0.0258,0.3016,0.9778,1
streak virus865_.jpg,108.0437,133.8356,108.6043,61.1047,59.6402,133.9485,0.0,0.0,0.0344,31.4253,0.0326,0.3038,0.984,1
streak virus866_.jpg,94.6657,132.7415,79.272,53.6785,108.239,132.8169,0.0,0.0,0.0135,70.8201,0.0235,0.2181,0.9586,1
streak virus867_.jpg,101.8547,140.5272,84.6596,52.6713,105.2974,140.5832,0.0,0.0,0.0004,44.8561,0.0285,0.2573,0.9629,1
streak virus868_.jpg,95.3741,121.315,87.5274,54.0768,77.7452,121.4248,0.0,0.0,0.0544,37.9523,0.0249,0.2752,0.9846,1
streak virus869_.jpg,95.882,121.2552,90.4351,55.6288,72.8118,121.3638,0.0,0.0,0.0711,21.9592,0.0296,0.347,0.992,1
streak virus86_.jpg,189.8505,205.3984,161.9664,57.527,63.2932,206.4271,0.0,0.0022,0.0,109.3229,0.0808,0.3254,0.9522,1
streak virus870_.jpg,96.0518,122.1974,86.7454,52.7519,79.52,122.2759,0.0,0.0,0.0591,27.5301,0.0267,0.3268,0.9892,1
streak virus871_.jpg,100.7674,134.164,98.3565,59.5764,83.1903,134.4268,0.0025,0.0016,0.0002,29.6509,0.0281,0.3309,0.9881,1
streak virus872_.jpg,116.2262,150.5077,122.1058,65.6815,67.4086,150.7355,0.0003,0.0,0.0002,18.381,0.0369,0.3854,0.9909,1
streak virus873_.jpg,96.9702,134.1641,89.5237,57.2377,94.4325,134.4593,0.005,0.0027,0.0,23.915,0.0369,0.3926,0.9847,1
streak virus874_.jpg,86.8836,123.3214,76.3868,56.14,102.2573,123.3602,0.0,0.0,0.1099,26.109,0.0334,0.3719,0.9918,1
streak virus875_.jpg,97.1826,136.1555,90.0523,58.5628,95.6119,136.1949,0.0,0.0,0.0297,20.8599,0.0351,0.3881,0.9907,1
streak virus876_.jpg,90.255,129.0075,71.4902,51.228,111.6851,129.0576,0.0,0.0,0.1108,9.6239,0.0456,0.4689,0.9965,1
streak virus877_.jpg,103.4745,130.3767,104.0176,60.4474,62.7396,130.5193,0.0,0.0,0.0452,32.8879,0.026,0.304,0.988,1
streak virus878_.jpg,87.7635,115.8321,79.16,54.2223,87.0372,116.1791,0.0,0.0,0.0683,64.2926,0.0214,0.2206,0.9722,1
streak virus879_.jpg,94.863,119.8,94.7966,60.0522,63.537,119.9937,0.0,0.0,0.0565,39.997,0.0298,0.3046,0.9806,1
streak virus87_.jpg,141.4788,167.5454,106.3492,51.5593,107.9447,169.0914,0.0,0.0028,0.0,214.0758,0.0201,0.1914,0.9408,1
streak virus880_.jpg,84.431,130.6871,74.8654,57.9678,116.6532,131.0368,0.0,0.0,0.0334,86.1577,0.0236,0.2341,0.9612,1
streak virus881_.jpg,91.4444,131.7236,73.1918,53.402,115.4421,132.0781,0.0,0.0001,0.0347,76.5848,0.0216,0.2218,0.9659,1
streak virus882_.jpg,98.9014,138.6088,78.2125,52.4915,112.0352,139.0805,0.0,0.0001,0.0394,57.1255,0.0216,0.2548,0.9791,1
streak virus883_.jpg,84.1692,122.8229,68.6568,53.8798,116.1045,123.1264,0.0,0.0,0.0514,77.11,0.0217,0.2249,0.9667,1
streak virus884_.jpg,83.9695,128.1082,76.7184,59.8472,106.8011,128.3059,0.0,0.0,0.0592,83.5129,0.0212,0.225,0.9687,1
streak virus885_.jpg,78.5969,123.8125,84.2915,65.3358,109.5061,124.0559,0.0,0.0,0.0077,70.7918,0.024,0.2471,0.9678,1
streak virus886_.jpg,72.8869,117.9709,89.7373,71.5239,105.5315,118.3658,0.0,0.0,0.0028,55.4163,0.0287,0.2919,0.9761,1
streak virus887_.jpg,82.2808,119.8753,91.2279,67.3122,92.7249,121.1693,0.0,0.0,0.004,81.8967,0.0281,0.2455,0.9527,1
streak virus888_.jpg,86.5878,121.8284,97.026,68.7168,86.4233,123.6895,0.0001,0.0,0.0,56.6655,0.0299,0.2822,0.9672,1
streak virus889_.jpg,75.8291,109.3385,77.7475,62.7732,93.0197,109.9237,0.0019,0.0,0.0183,66.6161,0.0242,0.2378,0.9666,1
streak virus88_.jpg,185.049,198.127,169.9452,72.6527,65.6325,205.0935,0.0169,0.0008,0.0,199.7979,0.062,0.3616,0.9605,1
streak virus890_.jpg,76.5465,108.0838,77.3818,62.0571,89.063,108.9889,0.0031,0.0,0.0301,18.0231,0.0315,0.3488,0.9908,1
streak virus891_.jpg,83.7436,120.0373,82.2722,60.4306,95.0665,120.267,0.0001,0.0,0.0118,83.757,0.0231,0.2328,0.9606,1
streak virus892_.jpg,83.4263,139.968,65.2911,55.3276,138.5814,140.1359,0.0,0.0,0.0235,88.3877,0.0333,0.2123,0.9121,1
streak virus893_.jpg,86.563,127.2782,71.9647,52.9931,113.0688,127.4369,0.0014,0.0,0.0382,46.6802,0.027,0.2534,0.9776,1
streak virus894_.jpg,84.2909,125.9787,62.479,50.0738,127.258,126.2055,0.0026,0.0,0.0282,12.9403,0.037,0.372,0.9924,1
streak virus895_.jpg,89.7826,129.9957,82.0724,55.734,98.6183,130.0516,0.0,0.0,0.0454,29.5004,0.0293,0.3089,0.9877,1
streak virus896_.jpg,86.7281,123.2789,81.495,56.1634,93.5772,123.3021,0.0,0.0,0.07,32.556,0.0245,0.2685,0.9887,1
streak virus897_.jpg,89.3393,126.8125,82.2535,55.229,94.5696,126.8467,0.0,0.0,0.0593,11.8556,0.0315,0.3678,0.9955,1
streak virus898_.jpg,93.6142,113.5092,78.8858,47.4326,83.3559,114.3011,0.0005,0.0,0.1597,69.8919,0.0181,0.2089,0.9875,1
streak virus899_.jpg,93.0445,120.3918,80.0804,50.1142,93.5256,120.5623,0.0,0.0,0.0959,43.2655,0.02,0.2533,0.9903,1
streak virus89_.jpg,155.6699,180.1724,114.8392,50.57,104.586,181.5766,0.0,0.0048,0.0,145.2022,0.0279,0.214,0.9423,1
streak virus8_.jpg,145.0187,157.7999,99.4232,45.1833,108.1705,158.4505,0.0072,0.0276,0.0,62.7003,0.037,0.3314,0.9825,1
streak virus900_.jpg,107.5185,126.0257,89.4416,45.0972,76.834,127.0281,0.0006,0.0,0.1413,45.8091,0.0201,0.2579,0.9928,1
streak virus901_.jpg,93.5795,129.5359,86.0065,56.6862,91.1733,129.8039,0.0,0.0,0.0468,46.1189,0.0205,0.2372,0.9865,1
streak virus902_.jpg,98.7889,140.5622,89.84,56.6563,98.2148,140.632,0.0,0.0,0.0242,30.122,0.0275,0.2987,0.9892,1
streak virus903_.jpg,106.1712,134.1479,85.5167,48.5358,97.0739,134.2122,0.0006,0.0015,0.0649,284.3589,0.0151,0.1863,0.9257,1
streak virus904_.jpg,107.5602,136.2203,86.3738,48.5441,96.4346,136.274,0.0,0.0028,0.0425,152.6885,0.017,0.2058,0.953,1
streak virus905_.jpg,109.445,138.3478,91.3816,50.0008,92.482,138.4495,0.0011,0.0,0.0547,458.7865,0.0131,0.1476,0.8788,1
streak virus906_.jpg,96.4979,123.6157,72.9149,47.2477,108.5288,123.6542,0.0006,0.0013,0.0772,394.0019,0.0153,0.1807,0.8989,1
streak virus907_.jpg,100.8508,128.8073,72.9948,45.811,112.6792,128.8316,0.0,0.0023,0.0583,328.0252,0.0165,0.1879,0.9086,1
streak virus908_.jpg,93.5921,120.011,74.9848,48.7343,101.3806,120.0868,0.0012,0.0,0.0954,517.0972,0.0146,0.1664,0.8757,1
streak virus909_.jpg,92.9355,120.1172,82.9009,52.7416,90.9979,120.5071,0.0008,0.0002,0.1194,439.7115,0.0152,0.1751,0.8994,1
streak virus90_.jpg,137.7779,154.5648,141.0528,78.4201,85.4141,166.5734,0.0,0.0,0.0499,148.7381,0.0415,0.3393,0.9807,1
streak virus910_.jpg,87.6232,113.5925,80.0167,53.5302,90.3868,114.2096,0.0013,0.0002,0.1461,482.2933,0.0161,0.1743,0.8895,1
streak virus911_.jpg,97.3704,126.255,85.3213,52.3001,91.9721,126.3124,0.0002,0.0003,0.1049,424.1321,0.0146,0.1712,0.9033,1
streak virus912_.jpg,93.0175,121.8836,72.5366,47.467,103.9671,121.9969,0.0,0.0019,0.1307,279.5752,0.021,0.2547,0.9352,1
streak virus913_.jpg,99.4365,126.3941,76.5628,45.2659,97.6717,126.5816,0.0,0.0031,0.1702,210.2369,0.0228,0.2601,0.9588,1
streak virus914_.jpg,87.614,117.4074,70.5565,48.5197,103.8894,117.5103,0.0,0.0,0.1205,393.2012,0.0216,0.2391,0.8987,1
streak virus915_.jpg,84.5945,107.2587,59.7199,44.9356,112.6259,107.4062,0.0,0.0034,0.2111,279.6054,0.0227,0.2773,0.9525,1
streak virus916_.jpg,75.6064,100.9864,47.4409,43.844,126.3722,101.1805,0.0,0.0067,0.1788,89.8867,0.0255,0.3256,0.9763,1
streak virus917_.jpg,89.6296,109.8631,69.5686,46.1587,97.7962,109.978,0.0,0.0,0.243,454.718,0.0235,0.231,0.9373,1
streak virus918_.jpg,85.716,103.0387,66.3148,45.6193,97.2304,103.154,0.0001,0.0002,0.2787,396.2012,0.0247,0.2371,0.9434,1
streak virus919_.jpg,91.7145,111.5309,65.9332,44.345,104.854,111.5823,0.0,0.0008,0.1856,321.0291,0.0223,0.2285,0.9477,1
streak virus91_.jpg,100.7757,125.6532,78.2098,53.7881,121.2523,128.7024,0.0001,0.0,0.0,144.173,0.0218,0.2093,0.9543,1
streak virus920_.jpg,90.892,107.3572,73.6862,46.3016,90.7462,107.5039,0.0001,0.0,0.2572,483.5519,0.0217,0.2009,0.9343,1
streak virus921_.jpg,133.9384,140.0706,103.2154,50.9234,100.3879,145.7071,0.0234,0.0,0.0092,599.358,0.0396,0.2353,0.8654,1
streak virus922_.jpg,110.8311,117.2468,70.1444,39.6167,118.6387,119.1014,0.0245,0.0002,0.021,491.6077,0.0189,0.1897,0.852,1
streak virus923_.jpg,135.3195,140.7559,90.0762,38.9492,109.7186,143.765,0.0272,0.0002,0.0019,733.4267,0.02,0.1067,0.7404,1
streak virus924_.jpg,144.1994,153.4898,116.5796,55.6333,95.4351,159.2066,0.0064,0.0,0.0006,698.1681,0.0486,0.2507,0.8498,1
streak virus925_.jpg,129.1935,139.0699,88.466,41.7617,113.6503,141.755,0.0085,0.0003,0.001,825.0408,0.0303,0.1208,0.7785,1
streak virus926_.jpg,129.9736,139.2119,85.3808,40.0523,111.2254,140.3958,0.0033,0.0001,0.0006,656.2497,0.0141,0.1108,0.7757,1
streak virus927_.jpg,127.6049,137.1979,83.3235,39.2825,114.9544,138.7916,0.007,0.0001,0.0007,727.6836,0.0155,0.1027,0.7647,1
streak virus928_.jpg,124.47,140.5684,81.1851,35.2316,119.0836,146.3096,0.0183,0.0077,0.0089,399.8234,0.0136,0.1095,0.8482,1
streak virus929_.jpg,115.0681,144.3765,68.5526,41.081,137.7779,145.5144,0.0084,0.0157,0.0138,120.7886,0.0188,0.1934,0.9471,1
streak virus92_.jpg,72.5071,91.7983,55.7869,53.0164,134.7261,94.0982,0.0,0.0,0.2314,163.3959,0.0197,0.2041,0.9691,1
streak virus930_.jpg,117.8395,143.4486,71.2164,38.2521,135.3525,146.5922,0.0109,0.0075,0.0024,228.2779,0.0186,0.1645,0.8998,1
streak virus931_.jpg,126.4548,145.9688,80.4109,36.8841,123.065,150.1432,0.0162,0.0156,0.0027,281.6389,0.0156,0.1336,0.8763,1
streak virus932_.jpg,134.247,149.9297,86.9894,35.2071,117.8944,155.2186,0.0128,0.0186,0.0001,109.0844,0.0178,0.1712,0.9521,1
streak virus933_.jpg,122.1887,136.3995,77.396,35.2041,119.7048,141.5918,0.0199,0.0089,0.009,283.6336,0.0145,0.1139,0.8686,1
streak virus934_.jpg,111.3677,132.9767,66.1805,38.4261,133.2508,135.9533,0.0149,0.0118,0.0192,87.4943,0.0186,0.1909,0.9627,1
streak virus935_.jpg,142.8873,144.2715,96.8376,29.2318,99.2533,154.3446,0.0238,0.0119,0.0005,62.0648,0.0211,0.2169,0.9696,1
streak virus936_.jpg,122.2796,139.9626,86.0022,38.7922,107.3014,142.4456,0.0149,0.0002,0.018,49.3916,0.0209,0.2564,0.9853,1
streak virus937_.jpg,146.0833,164.0669,108.9686,39.2027,91.5802,166.0765,0.0047,0.0004,0.0,40.6612,0.0263,0.3174,0.982,1
streak virus938_.jpg,128.282,149.0726,85.7401,38.9566,113.7963,150.6855,0.0213,0.0003,0.0016,32.1786,0.0266,0.2933,0.9867,1
streak virus939_.jpg,118.8268,134.993,84.269,38.1276,106.1138,138.3358,0.0103,0.0002,0.0241,38.6518,0.0219,0.2678,0.9881,1
streak virus93_.jpg,131.0553,150.5744,113.253,59.6711,85.5678,154.1869,0.0,0.0002,0.0,81.6138,0.039,0.3392,0.9627,1
streak virus940_.jpg,125.5043,145.939,84.6163,39.0119,113.2379,147.4851,0.0146,0.0,0.01,14.9389,0.0284,0.362,0.9947,1
streak virus941_.jpg,141.5685,152.0965,103.5896,34.8453,91.0945,157.8236,0.0131,0.0008,0.0033,31.3588,0.0275,0.3324,0.9877,1
streak virus942_.jpg,123.8744,144.6479,82.1498,39.5383,116.5481,146.9374,0.0109,0.0137,0.0159,47.0785,0.0211,0.222,0.9827,1
streak virus943_.jpg,126.292,150.2564,85.9374,41.0703,112.4077,151.0936,0.0068,0.0028,0.0153,10.794,0.0308,0.3604,0.9954,1
streak virus944_.jpg,150.7313,169.8933,106.0003,39.1679,102.2389,171.8832,0.0061,0.0062,0.0096,39.9877,0.0248,0.266,0.9863,1
streak virus945_.jpg,141.5732,165.6053,96.6017,40.7413,109.3001,166.117,0.0055,0.007,0.0003,51.8824,0.0237,0.2206,0.9721,1
streak virus946_.jpg,149.8118,174.399,102.8598,40.7188,107.358,174.5655,0.0,0.0093,0.0003,47.4833,0.0252,0.2498,0.9721,1
streak virus947_.jpg,133.9381,159.2362,90.5241,41.473,112.6454,159.8474,0.0079,0.0047,0.0003,19.5872,0.0296,0.3069,0.9885,1
streak virus948_.jpg,137.2885,156.1129,88.4144,37.4187,116.4667,159.3339,0.0107,0.028,0.0079,60.5459,0.0212,0.1993,0.9742,1
streak virus949_.jpg,144.3305,159.7119,90.0553,35.0888,116.8219,164.2221,0.017,0.0449,0.0001,36.8332,0.0281,0.293,0.9803,1
streak virus94_.jpg,94.043,116.4957,73.5191,56.5624,128.4396,119.7253,0.0007,0.0006,0.0334,205.5598,0.0204,0.2205,0.9596,1
streak virus950_.jpg,128.7492,157.7139,88.4682,43.5687,117.2424,157.9146,0.0,0.0101,0.0073,21.9743,0.0254,0.3264,0.9936,1
streak virus951_.jpg,130.9196,148.6492,81.3614,36.9318,121.6501,152.0549,0.0153,0.0269,0.0116,65.7432,0.0204,0.1952,0.9731,1
streak virus952_.jpg,133.4204,153.9502,87.7997,38.7554,115.1132,155.9381,0.0105,0.0105,0.013,32.8096,0.0236,0.2553,0.988,1
streak virus953_.jpg,120.6219,149.743,79.9631,41.9087,121.9171,150.4436,0.0122,0.0041,0.0,187.4686,0.0196,0.1794,0.8887,1
streak virus954_.jpg,123.5902,157.16,83.2036,43.7812,124.0701,157.2397,0.0011,0.0049,0.0,125.6938,0.0199,0.1934,0.9305,1
streak virus955_.jpg,112.8656,137.4285,92.1008,46.6751,94.8538,137.6986,0.0,0.0,0.01,136.0575,0.0159,0.1596,0.9622,1
streak virus956_.jpg,105.9934,133.9137,84.5828,47.9744,103.9994,133.9429,0.0,0.0,0.0003,119.5553,0.0189,0.1668,0.962,1
streak virus957_.jpg,118.0582,140.1591,95.4551,44.9664,90.5888,140.6985,0.0022,0.0001,0.0036,74.6047,0.0183,0.2109,0.9787,1
streak virus958_.jpg,123.5685,151.6631,103.6964,48.5781,90.9286,151.6854,0.0,0.0,0.006,87.1499,0.0166,0.1792,0.9764,1
streak virus959_.jpg,107.8671,130.4487,87.7019,46.3474,89.3289,130.5154,0.0001,0.0009,0.0076,36.6163,0.0265,0.3161,0.9834,1
streak virus95_.jpg,160.2933,184.0163,137.0395,66.308,90.3026,187.7492,0.0,0.0023,0.0,158.975,0.049,0.3123,0.9704,1
streak virus960_.jpg,122.3062,142.6894,98.301,43.5777,88.5942,143.5492,0.0038,0.0,0.003,23.5812,0.0245,0.3164,0.9936,1
streak virus961_.jpg,124.9663,134.8916,91.3759,49.7912,87.0328,140.632,0.0017,0.003,0.0698,278.9141,0.0196,0.2222,0.9453,1
streak virus962_.jpg,141.8545,168.4888,95.2141,44.4965,112.9533,169.4243,0.0,0.0064,0.0033,502.7255,0.0165,0.1044,0.8092,1
streak virus963_.jpg,139.0618,162.3644,100.1957,40.1574,99.9934,164.1662,0.0005,0.0025,0.0042,334.2738,0.0165,0.1547,0.8965,1
streak virus964_.jpg,126.0566,142.9609,95.0019,42.4649,87.7948,146.6661,0.0009,0.0005,0.0767,286.4548,0.0235,0.2203,0.9499,1
streak virus965_.jpg,136.9478,157.3433,84.9403,37.9758,120.429,159.5716,0.0207,0.0269,0.0055,109.1662,0.022,0.1851,0.9196,1
streak virus966_.jpg,133.4829,160.7243,88.3948,42.6296,117.7459,161.2574,0.0012,0.0044,0.0166,131.3804,0.0204,0.1827,0.9327,1
streak virus967_.jpg,141.0026,166.8825,93.2609,40.2672,114.7572,167.5637,0.0129,0.0082,0.0,76.084,0.0237,0.198,0.9314,1
streak virus968_.jpg,136.5355,157.4118,83.1134,37.5353,123.4897,159.6035,0.0214,0.0327,0.0006,108.0262,0.0221,0.1832,0.9109,1
streak virus969_.jpg,135.9992,162.7659,89.0696,40.8356,118.9933,163.0949,0.0056,0.0024,0.0015,183.5889,0.0188,0.1587,0.8821,1
streak virus96_.jpg,157.3809,182.038,130.2174,59.8922,87.4467,183.9104,0.0,0.0003,0.0,124.7338,0.0613,0.2868,0.9666,1
streak virus970_.jpg,139.8494,144.9973,82.7563,30.2166,111.2434,150.3564,0.0521,0.1342,0.0375,53.7364,0.0268,0.3479,0.9858,1
streak virus971_.jpg,152.9678,154.5391,94.633,28.8013,103.2856,162.5265,0.0629,0.1289,0.0,15.626,0.0356,0.4534,0.9931,1
streak virus972_.jpg,140.3453,154.2718,74.4491,33.1003,127.571,156.0909,0.01,0.2786,0.1007,24.4186,0.0413,0.5089,0.9963,1
streak virus973_.jpg,147.1581,170.035,83.8988,35.1965,133.2342,174.2585,0.0033,0.1101,0.0,83.3369,0.0224,0.1988,0.9396,1
streak virus974_.jpg,154.9142,177.5842,84.497,34.8108,136.8008,181.6537,0.0009,0.1542,0.0,39.1888,0.0332,0.2856,0.9471,1
streak virus975_.jpg,150.1247,179.9508,78.8288,38.7603,143.2338,180.8778,0.0094,0.2015,0.0,52.4172,0.0276,0.282,0.966,1
streak virus976_.jpg,134.9861,166.5005,68.0914,38.244,155.3383,168.8992,0.0004,0.0943,0.0,30.6312,0.0281,0.2746,0.9791,1
streak virus977_.jpg,105.2904,129.9389,85.719,47.1817,98.3551,130.1744,0.0003,0.0,0.0125,133.9435,0.0159,0.1533,0.962,1
streak virus978_.jpg,140.8838,137.3636,58.7932,28.8042,157.6064,149.3853,0.1229,0.1019,0.0006,202.1368,0.018,0.1651,0.8924,1
streak virus979_.jpg,151.8606,142.1724,69.7807,26.6851,144.3448,157.5272,0.1211,0.0992,0.0014,210.4797,0.0166,0.1636,0.9073,1
streak virus97_.jpg,122.0056,155.4891,81.9016,49.0765,133.7566,157.0509,0.0,0.0067,0.0,234.7963,0.0235,0.1619,0.9075,1
streak virus980_.jpg,132.3922,135.5996,50.0113,31.138,168.4602,143.6636,0.1126,0.1122,0.0,264.8568,0.0197,0.153,0.8088,1
streak virus981_.jpg,141.7897,145.7175,67.2279,31.3114,149.7637,152.9768,0.0649,0.062,0.0,159.2135,0.0166,0.1693,0.9432,1
streak virus982_.jpg,152.3995,149.9215,80.5815,29.256,132.1719,159.7964,0.0833,0.0346,0.0,86.6747,0.0195,0.2301,0.9721,1
streak virus983_.jpg,129.5448,142.4045,51.722,34.2262,170.8481,145.9612,0.033,0.0961,0.0,52.4971,0.0254,0.2595,0.9767,1
streak virus984_.jpg,130.6622,145.0201,54.4631,34.5672,164.4578,148.035,0.035,0.0945,0.0019,150.8523,0.0192,0.1913,0.9234,1
streak virus985_.jpg,133.0962,143.5375,58.6561,33.4874,158.2826,148.9199,0.0627,0.0709,0.0033,177.9919,0.0199,0.1976,0.9066,1
streak virus986_.jpg,133.2166,149.7036,54.2158,35.0349,167.5583,151.4228,0.0091,0.1165,0.0,151.5597,0.0179,0.1764,0.9294,1
streak virus988_.jpg,158.0159,139.4208,75.9367,23.7246,139.9214,161.366,0.2992,0.0447,0.0,90.5482,0.02,0.2336,0.9724,1
streak virus989_.jpg,143.7175,125.9645,64.0279,24.895,150.0066,150.2171,0.3082,0.0164,0.0101,64.8123,0.024,0.2603,0.9722,1
streak virus98_.jpg,130.2372,156.2875,105.4173,59.1313,110.375,159.7622,0.0001,0.0007,0.0,179.6486,0.0313,0.2451,0.9653,1
streak virus990_.jpg,146.4598,138.9771,51.5655,26.8904,171.2987,153.4789,0.2247,0.187,0.0,62.2485,0.0214,0.234,0.9764,1
streak virus991_.jpg,142.4665,145.447,43.4681,29.9443,181.4148,152.736,0.1335,0.2588,0.0,36.2658,0.0263,0.3103,0.9857,1
streak virus992_.jpg,149.7255,153.3346,53.158,30.3819,173.5006,159.1456,0.1043,0.2403,0.0,26.9995,0.0271,0.3255,0.9907,1
streak virus993_.jpg,137.9424,127.3107,68.9582,25.9508,135.2266,141.6211,0.1581,0.0501,0.0009,80.2518,0.0187,0.1885,0.9687,1
streak virus994_.jpg,128.4531,122.9487,69.2951,27.8187,128.447,132.6168,0.1074,0.0088,0.0015,26.2934,0.0252,0.2821,0.9904,1
streak virus995_.jpg,134.8935,131.437,67.1492,28.8346,136.1552,140.5659,0.1022,0.0869,0.0016,49.6303,0.0232,0.271,0.9814,1
streak virus996_.jpg,105.7984,111.8559,49.1554,32.9503,156.6052,115.0333,0.036,0.0095,0.0083,87.4372,0.0199,0.1922,0.9728,1
streak virus999_.jpg,88.4262,97.6967,42.5375,35.2074,152.8515,99.7252,0.0216,0.0018,0.0196,33.9908,0.0319,0.3021,0.9827,1
streak virus99_.jpg,135.2805,162.1837,106.4364,54.4129,102.7234,164.0233,0.0001,0.0008,0.0,133.4597,0.0276,0.2192,0.9573,1
streak virus9_.jpg,188.2226,194.9526,175.125,84.4338,54.5889,201.3157,0.0048,0.0209,0.0,69.1293,0.0818,0.4175,0.9842,1
0maize_train_leaf blight.JPG,161.0132,162.1758,157.5865,75.7664,73.8553,179.266,0.0484,0.0005,0.0212,1229.4914,0.0081,0.0355,0.8206,2
0maize_valid_leaf blight.JPG,161.0132,162.1758,157.5865,75.7664,73.8553,179.266,0.0484,0.0005,0.0212,1229.4914,0.0081,0.0355,0.8206,2
1000maize_valid_leaf blight.JPG,175.7107,183.1098,138.2006,55.468,78.0497,186.5516,0.0,0.0064,0.0,126.7652,0.0705,0.3155,0.9687,2
1001maize_valid_leaf blight.JPG,95.8551,111.6952,101.9915,72.4428,59.2011,114.5374,0.0071,0.0,0.1104,74.3091,0.0219,0.2616,0.9831,2
1002maize_valid_leaf blight.JPG,150.0495,154.3461,104.1405,31.9004,95.1182,158.52,0.0147,0.0611,0.0,160.1203,0.0774,0.2839,0.968,2
1003maize_valid_leaf blight.JPG,105.4102,107.3369,88.5652,49.8773,72.1569,116.9528,0.0008,0.0,0.0198,490.8883,0.042,0.277,0.8941,2
100maize_train_leaf blight.JPG,138.8259,135.3295,127.4204,59.731,84.1431,151.297,0.0432,0.0,0.0476,1320.7723,0.007,0.0351,0.8262,2
100maize_valid_leaf blight.JPG,180.2699,173.7322,165.733,80.912,38.7628,182.7236,0.0384,0.0007,0.0211,1225.8506,0.0084,0.0389,0.7989,2
101maize_train_leaf blight.JPG,131.6474,129.9415,118.1807,60.8616,86.0317,146.3291,0.0739,0.0,0.0296,74.3547,0.0326,0.3571,0.9849,2
101maize_valid_leaf blight.JPG,178.5058,163.3259,144.5581,53.3382,55.3689,178.9093,0.107,0.0029,0.0,65.6396,0.0632,0.4034,0.9821,2
102maize_train_leaf blight.JPG,116.9768,114.3054,108.7004,57.3065,82.8581,131.189,0.0493,0.0,0.157,92.9239,0.0925,0.4434,0.9898,2
102maize_valid_leaf blight.JPG,144.438,149.4864,115.1322,54.3021,73.5212,153.5721,0.0101,0.012,0.1391,126.0562,0.1334,0.4621,0.989,2
103maize_train_leaf blight.JPG,129.2531,125.6871,119.8159,61.3069,89.2616,145.2687,0.0498,0.0,0.0533,99.7938,0.031,0.3554,0.9855,2
103maize_valid_leaf blight.JPG,172.9565,178.2988,142.3467,65.1543,74.1354,183.1334,0.0115,0.0128,0.0,40.5968,0.0761,0.4296,0.993,2
104maize_train_leaf blight.JPG,169.4808,164.0941,151.3779,64.3708,72.4687,179.5941,0.1002,0.0,0.0043,1180.4499,0.0086,0.0382,0.8247,2
104maize_valid_leaf blight.JPG,159.6286,157.3432,142.3511,65.7609,72.6612,168.7416,0.0423,0.0004,0.0215,1184.8302,0.0078,0.0395,0.8585,2
105maize_train_leaf blight.JPG,153.4072,146.434,133.893,61.0521,86.1682,167.0581,0.1758,0.0,0.0,25.4565,0.056,0.4088,0.9959,2
105maize_valid_leaf blight.JPG,151.2087,148.5431,136.0764,65.8393,74.823,163.3244,0.0473,0.0,0.0083,20.2026,0.0649,0.4473,0.9977,2
106maize_train_leaf blight.JPG,150.4412,146.2252,139.7407,64.8108,77.1144,166.1649,0.159,0.0,0.0724,141.3907,0.0795,0.4694,0.9843,2
106maize_valid_leaf blight.JPG,111.1585,108.3348,75.595,27.8133,88.7264,121.687,0.0711,0.0002,0.1706,129.6724,0.1414,0.3272,0.9804,2
107maize_train_leaf blight.JPG,161.5523,156.8393,149.6191,67.3382,78.8869,178.5399,0.1731,0.0,0.0014,45.3105,0.0639,0.4168,0.9928,2
107maize_valid_leaf blight.JPG,133.8319,128.0424,88.7068,29.8394,101.0505,145.3215,0.115,0.0004,0.0,81.5105,0.0207,0.2136,0.9666,2
10maize_train_leaf blight.JPG,133.9406,133.2301,123.9085,67.1119,68.3788,145.9744,0.0772,0.0,0.0911,176.0896,0.0798,0.412,0.9795,2
10maize_valid_leaf blight.JPG,159.4753,171.2576,114.6318,54.8982,98.211,173.8005,0.004,0.0672,0.0064,170.8064,0.0367,0.3485,0.9384,2
11maize_train_leaf blight.JPG,149.6055,148.6903,139.3661,73.3342,69.4241,163.1535,0.0843,0.0,0.0,37.4974,0.045,0.4351,0.9935,2
11maize_valid_leaf blight.JPG,160.9889,172.8432,115.878,54.9244,97.6733,175.4642,0.0043,0.069,0.0,34.0354,0.0386,0.3847,0.9868,2
12maize_train_leaf blight.JPG,182.9897,179.1326,174.7022,81.8629,49.8368,193.5238,0.0518,0.0,0.0022,1183.9489,0.0089,0.0372,0.7663,2
12maize_valid_leaf blight.JPG,155.1421,166.7198,148.4956,74.2045,62.6764,170.4437,0.0019,0.0001,0.0106,1184.8134,0.0089,0.0386,0.8615,2
1324maize_train_leaf blight.JPG,160.0933,125.877,72.4636,17.9251,153.2998,160.2219,0.2816,0.0151,0.0094,1300.6514,0.0076,0.0366,0.7199,2
1325maize_train_leaf blight.JPG,164.621,121.335,57.0709,17.7894,171.0078,164.621,0.4305,0.0223,0.0,23.3225,0.0247,0.2627,0.9895,2
1326maize_train_leaf blight.JPG,127.966,95.9103,48.1437,16.981,149.207,128.0866,0.2756,0.0155,0.1504,114.4226,0.1186,0.3653,0.9827,2
1327maize_train_leaf blight.JPG,152.0736,115.7128,59.28,18.1315,162.2618,152.2047,0.3171,0.0167,0.0004,39.3576,0.0216,0.2707,0.9893,2
13maize_train_leaf blight.JPG,181.2178,175.7214,175.7706,84.8429,49.4626,194.5792,0.0903,0.0,0.0,14.926,0.1003,0.6089,0.9961,2
13maize_valid_leaf blight.JPG,151.0244,163.3433,150.5968,79.2014,58.204,170.2472,0.0014,0.0,0.0,64.2292,0.1018,0.4304,0.9919,2
140maize_valid_leaf blight.JPG,147.934,153.1394,129.5628,45.1542,63.6369,159.4283,0.0151,0.0001,0.012,1337.0915,0.0076,0.039,0.7679,2
141maize_valid_leaf blight.JPG,137.6741,146.0588,120.8731,46.7659,64.0242,152.1487,0.0134,0.0,0.0143,50.8692,0.0283,0.2991,0.99,2
142maize_valid_leaf blight.JPG,115.117,106.574,82.3666,25.3256,85.5235,118.915,0.0496,0.0,0.11,86.8263,0.0585,0.2752,0.9824,2
143maize_valid_leaf blight.JPG,122.2807,112.3599,86.6106,25.782,89.3215,126.3866,0.0525,0.0,0.0358,68.8779,0.0207,0.2435,0.9803,2
144maize_valid_leaf blight.JPG,152.2582,151.0266,112.8852,30.9446,88.4739,161.8457,0.0456,0.0008,0.0025,1368.3016,0.0079,0.0338,0.6437,2
145maize_valid_leaf blight.JPG,142.0731,138.8291,100.0797,29.7508,91.7935,151.6738,0.0822,0.0001,0.0,37.3768,0.0228,0.2491,0.9878,2
146maize_valid_leaf blight.JPG,146.2005,136.3848,105.2827,24.0099,87.3705,148.4008,0.0624,0.0001,0.0822,103.508,0.0486,0.2912,0.9903,2
147maize_valid_leaf blight.JPG,156.973,146.7245,113.3507,24.4491,86.7925,159.4026,0.0651,0.0008,0.0165,60.233,0.0194,0.2432,0.993,2
148maize_valid_leaf blight.JPG,193.6622,181.9966,184.3594,120.9002,33.4484,196.349,0.0418,0.0,0.0007,1271.6416,0.0097,0.0357,0.6351,2
149maize_valid_leaf blight.JPG,192.6632,179.7225,182.1306,119.8725,33.9062,195.6312,0.0612,0.0,0.0001,44.35,0.1549,0.618,0.9748,2
14maize_train_leaf blight.JPG,143.7255,139.8034,137.8227,68.6661,52.2334,155.3726,0.0803,0.0,0.1697,129.0787,0.1575,0.557,0.9891,2
14maize_valid_leaf blight.JPG,112.0518,130.0069,83.47,42.1906,98.223,132.037,0.0054,0.0015,0.0666,123.7215,0.0449,0.2292,0.9718,2
150maize_valid_leaf blight.JPG,104.903,94.3897,53.1093,23.2018,114.7358,108.6433,0.1929,0.0146,0.1738,60.9437,0.1448,0.3518,0.9882,2
151maize_valid_leaf blight.JPG,123.5423,111.0242,62.9474,25.5039,130.0515,127.9941,0.2159,0.0211,0.002,13.9183,0.0297,0.3533,0.9933,2
154maize_valid_leaf blight.JPG,169.7079,151.3795,133.3106,77.8095,80.2796,171.2107,0.1472,0.0005,0.0041,1369.1114,0.0075,0.0342,0.7565,2
155maize_valid_leaf blight.JPG,135.781,100.0106,52.452,17.5243,158.16,135.7813,0.5986,0.0,0.0,47.3943,0.0274,0.2257,0.9406,2
158maize_valid_leaf blight.JPG,160.8158,141.5878,120.6358,69.239,90.4134,161.852,0.1538,0.0002,0.0139,1360.3549,0.0073,0.0346,0.77,2
159maize_valid_leaf blight.JPG,137.7948,121.0756,99.9494,71.0276,97.5013,139.0789,0.1559,0.0,0.0072,43.2253,0.0613,0.4316,0.9909,2
15maize_train_leaf blight.JPG,175.3438,171.7031,171.4994,83.9162,54.8603,190.7284,0.0895,0.0,0.0,33.4213,0.0822,0.5172,0.9924,2
15maize_valid_leaf blight.JPG,119.2335,138.0015,88.2512,43.0221,99.7137,140.2221,0.0064,0.0016,0.0059,42.6729,0.0223,0.2474,0.9849,2
160maize_valid_leaf blight.JPG,128.2077,114.2067,92.2956,22.066,81.999,132.5022,0.0744,0.0003,0.1345,66.6417,0.0733,0.312,0.9922,2
161maize_valid_leaf blight.JPG,137.229,121.8146,97.4551,22.581,87.278,141.8874,0.0806,0.0028,0.0425,44.8672,0.0174,0.2391,0.9931,2
168maize_train_leaf blight.JPG,194.1277,192.1199,173.5953,69.2234,54.7385,201.7592,0.0343,0.0004,0.0008,1098.7238,0.011,0.0465,0.7787,2
169maize_train_leaf blight.JPG,155.5329,146.6086,99.8505,33.4736,103.6889,161.2272,0.0475,0.0002,0.0,82.4915,0.0205,0.1998,0.9618,2
16maize_train_leaf blight.JPG,176.6564,176.2227,174.4473,83.9025,51.4962,190.3117,0.0371,0.0,0.0075,1193.6081,0.0088,0.0364,0.7843,2
16maize_valid_leaf blight.JPG,171.0572,169.9013,163.1927,81.2468,56.1988,181.8775,0.0423,0.0,0.0119,1210.3539,0.0083,0.0366,0.814,2
170maize_train_leaf blight.JPG,163.1471,161.8321,148.1203,63.4124,61.1551,174.9699,0.0314,0.0005,0.1231,260.5286,0.1185,0.4456,0.9775,2
171maize_train_leaf blight.JPG,188.8062,187.6082,174.1476,73.0528,61.5375,203.0061,0.0344,0.0006,0.0,116.04,0.0734,0.4122,0.9767,2
172maize_train_leaf blight.JPG,166.1182,170.7111,134.2259,35.374,73.8633,179.4953,0.0103,0.0003,0.0008,1251.2782,0.008,0.0382,0.6915,2
173maize_train_leaf blight.JPG,172.2566,174.9038,141.0207,33.5721,61.652,183.1045,0.0063,0.0,0.0,9.3313,0.0309,0.4018,0.9967,2
174maize_train_leaf blight.JPG,141.4096,145.8545,111.8603,33.0082,73.8315,154.1965,0.0073,0.0004,0.098,113.5288,0.0752,0.2885,0.984,2
174maize_valid_leaf blight.JPG,132.9196,129.8055,106.7537,53.9149,87.5501,142.8488,0.0559,0.0001,0.0604,117.8879,0.0526,0.3351,0.9818,2
175maize_train_leaf blight.JPG,159.1134,162.6445,124.7331,34.888,76.0499,173.0519,0.008,0.0004,0.0,28.7313,0.023,0.3085,0.9913,2
175maize_valid_leaf blight.JPG,142.7794,139.6028,116.0106,57.2997,86.222,153.5715,0.0578,0.0003,0.0009,71.8915,0.0371,0.3028,0.9853,2
176maize_train_leaf blight.JPG,157.822,159.6381,154.3105,76.3386,67.6333,173.2786,0.0465,0.0,0.0263,1315.9617,0.0075,0.0352,0.8048,2
176maize_valid_leaf blight.JPG,182.0116,176.2418,170.3019,85.0904,35.7321,185.87,0.0454,0.0012,0.004,1240.5907,0.0083,0.0372,0.7444,2
177maize_train_leaf blight.JPG,127.3215,124.2621,102.784,53.8451,102.2849,139.4812,0.137,0.0,0.0154,139.5486,0.0251,0.2381,0.9699,2
177maize_valid_leaf blight.JPG,183.1725,172.0566,165.0863,82.0027,42.5909,186.9245,0.1322,0.0025,0.0,34.6799,0.0676,0.4947,0.9908,2
178maize_train_leaf blight.JPG,142.7448,144.9688,142.4919,76.7968,74.6473,161.6778,0.0674,0.0,0.0659,195.0236,0.0407,0.3883,0.9738,2
179maize_train_leaf blight.JPG,148.99,151.2166,148.7245,78.2572,73.6437,168.799,0.0687,0.0002,0.0276,129.5631,0.0316,0.358,0.9786,2
17maize_train_leaf blight.JPG,156.0636,156.428,157.1513,81.2744,64.2475,175.9223,0.0843,0.0,0.0,7.5683,0.168,0.6476,0.9983,2
17maize_valid_leaf blight.JPG,115.1323,107.6861,63.4335,29.0464,126.9967,121.6623,0.2035,0.0,0.0,48.7878,0.023,0.2169,0.9657,2
180maize_train_leaf blight.JPG,165.5332,169.256,161.881,77.8574,61.588,180.1816,0.0343,0.0001,0.0163,1203.486,0.0082,0.0383,0.8245,2
181maize_train_leaf blight.JPG,159.4059,163.7287,158.4572,78.5608,71.2367,179.7515,0.075,0.0001,0.0002,30.3304,0.0823,0.5281,0.9949,2
182maize_train_leaf blight.JPG,156.7553,161.2223,157.8911,80.1965,68.0343,177.0728,0.0573,0.0,0.0093,97.1717,0.0496,0.4289,0.9846,2
183maize_train_leaf blight.JPG,157.1287,161.5992,158.2769,80.2276,68.0656,177.5151,0.0566,0.0,0.01,65.6545,0.052,0.4557,0.9896,2
184maize_train_leaf blight.JPG,199.8742,199.2441,187.6552,75.9945,44.7913,207.8745,0.029,0.0,0.0036,1094.2191,0.0134,0.05,0.8007,2
185maize_train_leaf blight.JPG,206.3283,209.6979,209.6115,87.9836,43.1095,224.7858,0.0172,0.0,0.0,67.635,0.1207,0.5703,0.9832,2
186maize_train_leaf blight.JPG,168.5211,169.8254,165.4969,71.8687,50.6447,182.8642,0.0282,0.0001,0.1488,273.8033,0.1401,0.5073,0.9811,2
187maize_train_leaf blight.JPG,195.8714,196.7062,191.5591,80.8928,53.1875,212.3522,0.0393,0.0001,0.0023,236.359,0.0755,0.4319,0.9591,2
188maize_train_leaf blight.JPG,175.1588,176.1899,172.4223,80.7306,57.6764,189.58,0.0419,0.0,0.0164,1284.7467,0.0088,0.0369,0.8085,2
189maize_train_leaf blight.JPG,165.634,166.178,163.2201,78.698,70.363,186.5731,0.1046,0.0001,0.0001,138.2116,0.0702,0.4244,0.9709,2
18maize_train_leaf blight.JPG,152.9057,152.5689,154.2954,79.3394,57.7047,169.846,0.0588,0.0,0.084,168.3561,0.089,0.5016,0.9803,2
18maize_valid_leaf blight.JPG,149.0103,135.7615,100.3726,21.6889,92.468,150.7533,0.0661,0.0042,0.0294,135.2008,0.0217,0.2908,0.9826,2
190maize_train_leaf blight.JPG,147.1927,148.9934,150.5256,75.0125,60.1715,166.1745,0.063,0.0,0.1364,243.0624,0.122,0.4671,0.979,2
191maize_train_leaf blight.JPG,167.1699,168.8204,170.4644,83.5847,65.6151,188.4939,0.0651,0.0,0.0143,187.1816,0.0505,0.3936,0.97,2
192maize_train_leaf blight.JPG,126.7213,137.6089,99.7296,39.7758,92.9386,141.3816,0.0092,0.0001,0.038,1402.7848,0.0072,0.0342,0.7475,2
193maize_train_leaf blight.JPG,121.623,130.1914,92.5896,38.7214,87.8439,136.0703,0.0067,0.0,0.0,41.8197,0.0241,0.2585,0.9902,2
194maize_train_leaf blight.JPG,99.7722,109.1849,76.5687,34.8017,79.9744,113.1687,0.009,0.0,0.176,153.8078,0.1439,0.307,0.98,2
194maize_valid_leaf blight.JPG,90.9177,95.0673,58.4803,34.7907,108.8596,99.8879,0.0172,0.0054,0.1413,123.7865,0.0276,0.2823,0.9736,2
195maize_train_leaf blight.JPG,117.9753,128.1889,88.5773,39.144,94.6067,133.0378,0.0115,0.0004,0.0376,95.7301,0.0176,0.2106,0.9792,2
195maize_valid_leaf blight.JPG,93.0728,97.2092,59.7558,35.0006,108.2831,102.2707,0.0194,0.0056,0.119,92.0735,0.0226,0.2367,0.9792,2
196maize_train_leaf blight.JPG,158.6361,169.3723,125.1612,55.9699,90.38,172.8623,0.0077,0.005,0.0016,1336.6673,0.0077,0.035,0.6906,2
196maize_valid_leaf blight.JPG,149.8483,164.3193,138.9056,66.8328,85.8666,173.2622,0.0074,0.0091,0.0105,1245.8296,0.0076,0.036,0.798,2
197maize_train_leaf blight.JPG,144.4198,156.4484,102.8317,49.4539,104.8201,160.1312,0.0094,0.0074,0.0,56.1391,0.0244,0.2915,0.9808,2
197maize_valid_leaf blight.JPG,139.0239,154.0865,125.2927,63.5839,100.2806,166.8131,0.0203,0.02,0.0,21.1735,0.0303,0.3753,0.9962,2
198maize_train_leaf blight.JPG,119.3963,129.1885,85.6395,42.9961,92.7208,132.3256,0.0091,0.0067,0.1633,134.4657,0.1384,0.3585,0.9834,2
198maize_valid_leaf blight.JPG,144.7532,141.5817,106.2687,26.1549,92.0097,149.3519,0.0164,0.002,0.0818,1253.6297,0.007,0.0381,0.8621,2
199maize_train_leaf blight.JPG,149.9991,160.7453,116.4644,56.4301,93.2615,165.6673,0.0097,0.0091,0.0,82.0941,0.0269,0.3122,0.9757,2
199maize_valid_leaf blight.JPG,135.5626,133.1764,96.9198,24.9914,76.6417,139.0577,0.0009,0.0014,0.2803,30.3902,0.0464,0.5274,0.9975,2
19maize_train_leaf blight.JPG,168.3653,168.3114,170.9023,85.8832,56.7933,187.2976,0.062,0.0,0.0,42.9274,0.0694,0.4905,0.991,2
19maize_valid_leaf blight.JPG,150.5662,137.2792,101.2293,21.5228,91.4151,152.4262,0.0695,0.0047,0.0163,115.2444,0.0164,0.1849,0.9845,2
1maize_train_leaf blight.JPG,143.5397,146.9961,142.6168,74.627,89.6203,167.6114,0.0656,0.0004,0.0142,14.358,0.0662,0.5239,0.998,2
1maize_valid_leaf blight.JPG,143.5397,146.9961,142.6168,74.627,89.6203,167.6114,0.0656,0.0004,0.0142,14.358,0.0662,0.5239,0.998,2
200maize_valid_leaf blight.JPG,89.4314,104.0371,47.5158,31.8463,123.8283,108.3218,0.0173,0.0372,0.1872,139.4003,0.144,0.3029,0.9762,2
201maize_valid_leaf blight.JPG,108.988,125.0779,57.9701,35.6038,140.4473,130.3815,0.0277,0.0477,0.0224,132.9676,0.0187,0.1968,0.9546,2
202maize_valid_leaf blight.JPG,139.2647,149.9187,87.9425,33.6281,122.0985,153.4213,0.0051,0.0138,0.0552,1274.8439,0.0072,0.0346,0.814,2
203maize_valid_leaf blight.JPG,128.9788,140.325,74.9861,34.451,124.0999,143.6817,0.0028,0.0224,0.0604,7.788,0.04,0.5099,0.9987,2
204maize_valid_leaf blight.JPG,158.1335,165.0406,120.9608,49.5557,79.481,167.8751,0.0,0.0053,0.0865,184.8867,0.0912,0.3374,0.9773,2
2056maize_train_leaf blight.JPG,141.8468,132.2351,99.9866,23.7557,98.7849,146.1526,0.0483,0.0,0.0404,1365.2475,0.0072,0.0356,0.7621,2
2057maize_train_leaf blight.JPG,119.279,110.2032,78.5262,23.3969,110.3162,125.6805,0.0452,0.0,0.0618,34.0448,0.0279,0.3564,0.9937,2
2058maize_train_leaf blight.JPG,114.8873,106.876,77.2893,22.1909,93.0032,118.957,0.0645,0.0,0.1843,85.6633,0.1202,0.3235,0.9891,2
2059maize_train_leaf blight.JPG,133.0934,122.3833,88.6439,23.5713,101.8643,137.5029,0.0788,0.0,0.0432,94.0646,0.0171,0.2216,0.9807,2
205maize_valid_leaf blight.JPG,175.7068,183.1222,138.1623,55.2816,78.0637,186.4986,0.0,0.0059,0.0,126.8136,0.0706,0.3157,0.9686,2
2060maize_train_leaf blight.JPG,112.9847,99.7846,78.7336,23.6148,106.0259,115.9388,0.0466,0.0005,0.1075,1347.0039,0.0074,0.0343,0.74,2
2061maize_train_leaf blight.JPG,149.0885,132.3005,102.3441,18.8688,84.9132,149.9239,0.091,0.0,0.0,37.1184,0.0298,0.3782,0.9782,2
2062maize_train_leaf blight.JPG,91.5376,79.4735,59.5619,21.5077,95.6019,93.8355,0.0516,0.0002,0.2595,151.1196,0.1386,0.3288,0.975,2
2063maize_train_leaf blight.JPG,102.6104,88.6304,66.237,24.056,110.0,105.7621,0.0557,0.0003,0.135,87.2103,0.0211,0.2494,0.9794,2
2064maize_train_leaf blight.JPG,111.3864,89.7343,68.0218,19.0405,121.7249,112.323,0.093,0.001,0.0963,1333.8902,0.008,0.0353,0.6606,2
2065maize_train_leaf blight.JPG,119.7362,101.2189,69.0171,19.159,114.6533,121.0916,0.149,0.0012,0.0034,41.7532,0.022,0.2142,0.9766,2
2066maize_train_leaf blight.JPG,87.1112,68.0246,47.5144,18.7973,113.1433,87.7719,0.096,0.0007,0.2489,120.3426,0.1337,0.3546,0.9723,2
2067maize_train_leaf blight.JPG,100.9096,78.243,54.8785,19.6584,127.4816,101.8701,0.1131,0.0008,0.1197,58.2654,0.0246,0.2826,0.98,2
2068maize_train_leaf blight.JPG,124.1163,106.2356,81.1226,16.9465,116.425,126.1359,0.0592,0.0055,0.1367,1287.8164,0.0071,0.0376,0.8381,2
2069maize_train_leaf blight.JPG,122.0172,101.7097,74.475,16.9525,133.4874,124.4232,0.0617,0.0001,0.2438,117.4919,0.0366,0.3332,0.9887,2
2070maize_train_leaf blight.JPG,115.0235,94.7338,67.5687,16.9672,126.6808,117.0367,0.083,0.0076,0.1884,268.4723,0.0263,0.2974,0.9645,2
2071maize_train_leaf blight.JPG,115.3537,94.9948,67.7665,17.0398,126.5231,117.4341,0.0839,0.0072,0.186,124.7914,0.0252,0.2864,0.9836,2
2072maize_train_leaf blight.JPG,132.6276,118.4814,91.4771,18.5194,106.7745,134.1399,0.0503,0.0002,0.1031,1222.2729,0.007,0.0371,0.8641,2
2073maize_train_leaf blight.JPG,142.0713,126.5845,93.2937,20.0511,102.6985,143.7119,0.0729,0.0001,0.0547,44.7938,0.0257,0.3336,0.9943,2
2074maize_train_leaf blight.JPG,115.993,102.0368,75.0569,17.9174,98.3605,117.4194,0.0731,0.0003,0.2281,187.6638,0.1141,0.3646,0.9825,2
2075maize_train_leaf blight.JPG,124.7609,108.2469,78.9396,18.5714,112.6431,126.3199,0.0751,0.0003,0.1124,65.5302,0.0318,0.3495,0.9925,2
2076maize_train_leaf blight.JPG,181.7295,188.8809,150.3241,59.3523,77.5233,194.8082,0.011,0.0059,0.0001,1112.0543,0.0099,0.0446,0.7637,2
2077maize_train_leaf blight.JPG,145.3655,156.7043,98.1278,43.0256,113.7288,163.9384,0.0089,0.0122,0.0,21.8836,0.0369,0.3229,0.992,2
2078maize_train_leaf blight.JPG,143.6177,149.9138,118.0679,50.7571,77.1703,158.3031,0.0047,0.0101,0.167,188.425,0.1494,0.4303,0.9841,2
2079maize_train_leaf blight.JPG,175.9976,183.846,148.4086,62.2271,82.9879,193.9825,0.0059,0.0116,0.0,47.2737,0.0558,0.371,0.9899,2
2080maize_train_leaf blight.JPG,170.4961,176.6084,138.0167,54.6229,77.8282,180.4004,0.013,0.0099,0.0014,1210.4061,0.0085,0.0422,0.765,2
2081maize_train_leaf blight.JPG,156.0175,161.9993,116.2149,49.8531,90.635,166.7452,0.0101,0.0167,0.0,14.9919,0.0423,0.4442,0.9962,2
2082maize_train_leaf blight.JPG,140.2986,145.7645,108.5021,50.1911,78.9317,149.79,0.0075,0.0163,0.1207,183.9129,0.1029,0.409,0.9803,2
2083maize_train_leaf blight.JPG,163.9366,169.7271,130.5613,59.2756,80.3732,174.4144,0.009,0.0173,0.0,37.2544,0.0345,0.3715,0.9923,2
2084maize_train_leaf blight.JPG,141.9816,149.0047,111.491,34.742,83.1504,153.0523,0.0053,0.0,0.0231,1369.0375,0.0072,0.0366,0.7736,2
2085maize_train_leaf blight.JPG,146.8326,156.831,107.6342,36.3805,86.0614,160.2878,0.0045,0.0001,0.0,96.0935,0.0177,0.1807,0.9623,2
2086maize_train_leaf blight.JPG,117.2521,122.6004,88.3721,30.7422,76.1366,126.6557,0.0038,0.0,0.1608,297.2664,0.1287,0.2322,0.9674,2
2087maize_train_leaf blight.JPG,134.1501,140.4274,101.1674,34.4469,83.561,145.4318,0.005,0.0001,0.005,119.278,0.0163,0.1849,0.978,2
2088maize_train_leaf blight.JPG,139.524,132.679,103.9206,26.0175,90.3858,141.5642,0.0386,0.0013,0.077,1284.2599,0.0071,0.0381,0.8501,2
2089maize_train_leaf blight.JPG,165.8486,153.2743,117.9323,22.9958,86.094,167.2343,0.0827,0.0,0.0073,68.3299,0.0188,0.2074,0.9908,2
208maize_valid_leaf blight.JPG,84.964,98.4191,90.4322,61.3848,51.9364,100.72,0.0018,0.0,0.2268,156.974,0.1434,0.3047,0.9772,2
2090maize_train_leaf blight.JPG,132.9923,124.0562,92.7449,25.2357,92.1862,135.1348,0.0603,0.0001,0.0935,106.2953,0.0181,0.2114,0.9872,2
2091maize_train_leaf blight.JPG,132.9909,124.0576,92.7542,25.2313,92.1817,135.1357,0.0603,0.0001,0.0934,107.4706,0.0181,0.2113,0.9871,2
2092maize_train_leaf blight.JPG,153.0707,146.6124,115.3866,27.3324,84.5028,155.5579,0.0485,0.0021,0.0425,1204.3036,0.0074,0.039,0.8475,2
2093maize_train_leaf blight.JPG,175.5641,157.8222,121.9682,19.9657,90.3858,175.6312,0.0929,0.0003,0.0,17.2106,0.0341,0.4431,0.9979,2
2094maize_train_leaf blight.JPG,136.0191,127.8548,97.6508,24.156,79.9874,138.1773,0.0738,0.0002,0.1417,239.9509,0.1034,0.2354,0.9775,2
2095maize_train_leaf blight.JPG,147.3638,138.5908,104.9259,26.2802,87.0193,149.9583,0.0786,0.0002,0.05,51.9732,0.0181,0.253,0.9933,2
2096maize_train_leaf blight.JPG,142.6795,134.6663,106.9005,24.7945,89.1482,144.211,0.0371,0.0,0.0783,1223.8296,0.0073,0.0402,0.8676,2
2097maize_train_leaf blight.JPG,184.605,166.9781,133.7138,19.6349,79.8298,184.7131,0.0966,0.0,0.0001,29.9552,0.0224,0.2824,0.9953,2
2098maize_train_leaf blight.JPG,124.9808,115.0451,87.3434,21.5725,85.6528,126.191,0.049,0.0,0.1822,325.7746,0.1007,0.2224,0.9714,2
2099maize_train_leaf blight.JPG,136.798,126.3034,95.8107,23.773,91.9037,138.4257,0.0495,0.0,0.097,86.4952,0.02,0.2325,0.9907,2
209maize_valid_leaf blight.JPG,95.8492,111.6955,101.9916,72.3486,59.0481,114.4904,0.0071,0.0,0.1103,74.3681,0.0219,0.2619,0.9831,2
20maize_train_leaf blight.JPG,182.3589,180.4262,178.0819,85.1715,48.0213,193.8928,0.0405,0.0,0.0086,1179.4244,0.009,0.0382,0.7884,2
20maize_valid_leaf blight.JPG,148.3305,156.747,124.7551,59.1644,96.6043,164.8233,0.0313,0.0058,0.0061,1296.3915,0.0077,0.0355,0.7669,2
2100maize_train_leaf blight.JPG,142.2861,136.0519,104.0808,26.7562,93.9841,145.1725,0.0394,0.0012,0.0594,1277.0736,0.0072,0.0394,0.8476,2
2101maize_train_leaf blight.JPG,133.8688,126.8294,91.6312,26.8558,96.86,137.1321,0.0658,0.0006,0.0464,36.3947,0.0196,0.2803,0.9949,2
2102maize_train_leaf blight.JPG,129.2862,121.3774,88.6081,25.1728,95.5816,131.8956,0.0522,0.0004,0.1244,200.6897,0.0477,0.2085,0.9791,2
2103maize_train_leaf blight.JPG,135.3666,127.3607,92.7806,26.1189,96.9304,138.3813,0.054,0.0004,0.0658,91.3769,0.017,0.2239,0.9889,2
2104maize_train_leaf blight.JPG,135.3953,127.8429,92.7457,24.7463,105.1008,137.879,0.0453,0.0019,0.0554,1280.4512,0.0071,0.0365,0.8191,2
2105maize_train_leaf blight.JPG,132.0495,121.653,78.2732,23.7785,113.6384,133.5197,0.0892,0.0019,0.0066,6.5205,0.0356,0.5287,0.9985,2
2106maize_train_leaf blight.JPG,113.5519,105.1684,72.3051,22.0711,97.8004,115.3259,0.0544,0.0006,0.1898,159.5555,0.1202,0.274,0.9821,2
2107maize_train_leaf blight.JPG,127.2387,118.4724,81.0604,24.5636,107.7625,129.8252,0.061,0.0006,0.0674,45.7343,0.0198,0.277,0.9929,2
2108maize_train_leaf blight.JPG,113.2447,108.7036,76.846,26.342,114.3693,116.5788,0.0244,0.0009,0.1219,1333.7011,0.0073,0.0356,0.8111,2
2109maize_train_leaf blight.JPG,117.6675,111.2855,72.1023,24.5965,117.5216,120.9429,0.0188,0.0002,0.1345,61.8781,0.0251,0.2971,0.9911,2
2110maize_train_leaf blight.JPG,98.3945,92.9154,60.5161,25.2625,114.8677,101.4842,0.0224,0.0,0.204,145.9442,0.0542,0.2706,0.9797,2
2111maize_train_leaf blight.JPG,103.7224,98.3095,63.4062,26.2487,119.7763,107.2441,0.0245,0.0002,0.1547,117.6013,0.0203,0.2309,0.9815,2
2112maize_train_leaf blight.JPG,124.9151,119.5115,87.4896,26.0318,105.3408,127.9138,0.0265,0.0008,0.0842,1304.7382,0.0071,0.0354,0.822,2
2113maize_train_leaf blight.JPG,126.0466,124.866,77.9203,29.0094,113.943,130.1729,0.027,0.0003,0.0311,39.6934,0.0213,0.2846,0.9917,2
2114maize_train_leaf blight.JPG,104.0966,97.9802,66.9371,22.9694,97.9129,106.5111,0.0246,0.0,0.1922,275.9153,0.1315,0.2459,0.9683,2
2115maize_train_leaf blight.JPG,116.3731,109.8876,75.2921,25.8883,108.4161,119.5193,0.0286,0.0001,0.1054,81.2856,0.0221,0.2591,0.988,2
2116maize_train_leaf blight.JPG,187.297,186.8812,167.2772,74.9878,52.0519,191.2753,0.0334,0.0087,0.0046,1091.4562,0.0098,0.0411,0.8133,2
2118maize_train_leaf blight.JPG,151.8717,151.304,131.6061,63.7982,56.638,156.1351,0.0685,0.008,0.152,135.079,0.1335,0.4652,0.9893,2
2119maize_train_leaf blight.JPG,181.3517,180.8532,162.0969,78.4513,54.5993,186.892,0.069,0.0076,0.004,50.5065,0.0522,0.4049,0.9909,2
212maize_valid_leaf blight.JPG,91.4053,94.8927,77.5333,42.0402,64.8563,101.7947,0.0005,0.0,0.1729,194.6274,0.1361,0.3565,0.9721,2
213maize_valid_leaf blight.JPG,105.4121,107.3358,88.5713,49.604,71.4754,116.8184,0.0007,0.0,0.0197,491.1465,0.0419,0.2764,0.894,2
2168maize_train_leaf blight.JPG,128.5171,119.787,83.6394,25.3173,107.6679,132.0855,0.0551,0.0234,0.0351,1459.4049,0.0075,0.0338,0.6743,2
2169maize_train_leaf blight.JPG,127.9498,115.1339,76.2616,22.1666,108.2047,129.9067,0.1099,0.0348,0.0057,86.7625,0.0191,0.2182,0.9708,2
216maize_valid_leaf blight.JPG,103.4289,105.4011,96.1929,68.762,54.7973,112.6874,0.0,0.0,0.0621,343.4812,0.0426,0.2213,0.92,2
2170maize_train_leaf blight.JPG,116.452,107.5867,70.8513,25.5273,108.4377,119.9939,0.0949,0.0321,0.0246,244.0865,0.0177,0.1841,0.9301,2
2171maize_train_leaf blight.JPG,118.9805,109.9751,72.2789,25.318,107.3838,122.691,0.0979,0.033,0.0082,134.605,0.0185,0.196,0.9595,2
2172maize_train_leaf blight.JPG,128.8163,126.9598,96.7953,30.687,89.4844,135.0006,0.0287,0.0013,0.0297,1408.8108,0.0074,0.0346,0.7329,2
2173maize_train_leaf blight.JPG,118.5592,119.5249,86.7149,32.166,85.8874,125.8301,0.0291,0.0008,0.0,52.5982,0.0202,0.2577,0.986,2
2174maize_train_leaf blight.JPG,99.6338,99.0597,72.5171,27.6575,78.4089,105.1403,0.027,0.0019,0.1631,100.6453,0.1366,0.3358,0.9856,2
2175maize_train_leaf blight.JPG,119.4891,117.5058,86.074,30.5185,88.3433,125.8483,0.04,0.0021,0.0007,89.9411,0.0194,0.2204,0.9791,2
2176maize_train_leaf blight.JPG,130.0046,128.2743,95.3192,30.2139,90.7848,134.9864,0.0261,0.0014,0.032,1387.7546,0.0075,0.0336,0.7028,2
2177maize_train_leaf blight.JPG,126.9765,121.9673,95.5203,27.2355,73.6042,130.0786,0.0238,0.0,0.0,11.823,0.0302,0.447,0.9967,2
2178maize_train_leaf blight.JPG,117.3096,115.5499,82.3623,30.2789,91.424,122.1608,0.0367,0.0031,0.029,80.0204,0.0245,0.2838,0.9804,2
2179maize_train_leaf blight.JPG,120.37,118.5738,84.3572,30.0221,89.7749,125.5236,0.0397,0.0033,0.0005,45.5935,0.0212,0.2583,0.9871,2
217maize_valid_leaf blight.JPG,109.0662,110.4904,100.8088,72.9455,54.8216,118.7023,0.0,0.0,0.0043,149.3411,0.022,0.2177,0.9548,2
2180maize_train_leaf blight.JPG,121.2123,120.4686,94.0744,34.8841,86.8435,128.0829,0.0289,0.0004,0.0337,1410.4142,0.0076,0.0349,0.7199,2
2181maize_train_leaf blight.JPG,122.3991,130.4928,99.4075,38.4306,75.9677,132.0234,0.0124,0.0,0.0003,92.2437,0.0176,0.2262,0.9842,2
2182maize_train_leaf blight.JPG,95.0503,94.6451,71.5579,31.5542,78.3718,101.2858,0.0347,0.0005,0.1489,154.4667,0.1192,0.308,0.9755,2
2183maize_train_leaf blight.JPG,111.6389,110.7729,83.0854,34.7194,85.2813,118.7029,0.0455,0.0006,0.0047,84.6126,0.0199,0.2234,0.9791,2
2184maize_train_leaf blight.JPG,126.8994,128.0038,98.4016,33.3521,87.4049,134.2501,0.0244,0.0004,0.0306,1387.0378,0.0074,0.0343,0.7533,2
2185maize_train_leaf blight.JPG,133.2091,133.8753,104.4665,32.3474,75.1364,138.9888,0.0366,0.0,0.0013,87.0088,0.0155,0.1978,0.9858,2
2186maize_train_leaf blight.JPG,103.323,105.0659,76.5984,30.3705,83.8184,110.2445,0.0249,0.0007,0.1161,231.6451,0.0904,0.2504,0.9667,2
2187maize_train_leaf blight.JPG,117.6245,118.6794,87.6182,33.0709,86.6891,125.2158,0.0387,0.0007,0.0011,94.4198,0.0182,0.2212,0.9804,2
2188maize_train_leaf blight.JPG,120.1481,128.1925,106.306,45.2316,68.3503,130.9741,0.0034,0.0007,0.0362,1338.6374,0.0075,0.0352,0.7792,2
2189maize_train_leaf blight.JPG,140.5929,145.9091,126.7357,42.0592,49.1532,149.2484,0.0144,0.002,0.0,15.0919,0.032,0.4944,0.9978,2
2190maize_train_leaf blight.JPG,103.1083,111.5671,89.8623,43.6797,64.7495,113.7487,0.0052,0.0006,0.0795,67.3227,0.0611,0.3407,0.9898,2
2191maize_train_leaf blight.JPG,110.8695,118.8804,95.7604,44.7034,66.4793,121.9955,0.0068,0.0006,0.001,56.5913,0.0244,0.2936,0.9894,2
2192maize_train_leaf blight.JPG,137.9122,125.916,90.6317,22.8549,106.8822,140.6933,0.0752,0.0062,0.0167,1396.1366,0.0077,0.0346,0.7085,2
2193maize_train_leaf blight.JPG,124.6718,109.8208,75.6785,23.2636,104.9997,127.6352,0.1351,0.0055,0.0001,50.9993,0.0222,0.1922,0.9695,2
2194maize_train_leaf blight.JPG,112.5631,101.3457,69.3477,21.321,98.8711,114.9801,0.1093,0.0079,0.1358,183.1742,0.11,0.2743,0.9705,2
2195maize_train_leaf blight.JPG,129.082,116.2882,79.3342,22.7171,108.1184,131.9077,0.1213,0.0105,0.0002,90.3284,0.0183,0.1976,0.9765,2
2196maize_train_leaf blight.JPG,157.0817,145.6346,109.63,23.0852,92.6184,159.4939,0.0593,0.0086,0.0099,1340.5021,0.0075,0.0365,0.7496,2
2197maize_train_leaf blight.JPG,137.0901,122.3473,96.0709,19.0772,80.9271,137.4961,0.0261,0.0024,0.0,49.0747,0.0206,0.1844,0.985,2
2198maize_train_leaf blight.JPG,125.1983,114.8198,83.9905,20.8341,83.0258,127.2959,0.0613,0.0111,0.1651,185.1527,0.1385,0.2664,0.9784,2
2199maize_train_leaf blight.JPG,149.9534,136.9764,99.2525,22.5927,94.5871,152.4052,0.0914,0.0147,0.0,69.1531,0.0172,0.1969,0.985,2
21maize_train_leaf blight.JPG,168.9442,161.7616,153.5489,72.3052,64.1195,180.1805,0.1199,0.0,0.0,40.8595,0.0619,0.453,0.9918,2
21maize_valid_leaf blight.JPG,123.5424,131.0806,81.5949,44.3976,120.2601,137.2061,0.0492,0.0156,0.0,42.2794,0.0234,0.2639,0.9843,2
2200maize_train_leaf blight.JPG,174.0318,172.2479,134.137,56.8936,83.9233,177.0989,0.0655,0.0189,0.001,1188.2525,0.0088,0.0389,0.7888,2
2201maize_train_leaf blight.JPG,147.506,145.755,90.9778,44.7035,118.3462,151.2358,0.1969,0.0094,0.0,23.0149,0.0392,0.3509,0.9942,2
2202maize_train_leaf blight.JPG,154.2379,152.3344,113.9336,55.5388,89.5069,157.7734,0.1312,0.0197,0.059,79.2682,0.0582,0.4017,0.9894,2
2203maize_train_leaf blight.JPG,167.1491,165.211,126.8125,59.9986,86.429,170.9869,0.1314,0.0198,0.0,35.7061,0.0458,0.3768,0.9932,2
2204maize_train_leaf blight.JPG,131.5806,118.6689,80.63,23.7294,115.7604,135.1872,0.103,0.0082,0.0126,1395.1092,0.0083,0.0343,0.5907,2
2205maize_train_leaf blight.JPG,122.8706,99.9414,60.7343,19.1937,130.2401,124.5914,0.2383,0.0152,0.0,32.6263,0.0273,0.2959,0.9837,2
2206maize_train_leaf blight.JPG,102.3981,90.5908,58.2065,21.9663,106.1387,105.5045,0.1363,0.0082,0.1422,59.2342,0.1172,0.3586,0.9864,2
2207maize_train_leaf blight.JPG,121.9168,108.5885,69.2061,23.8281,116.1572,125.5769,0.1666,0.0152,0.0,47.2076,0.0228,0.2389,0.9783,2
2208maize_train_leaf blight.JPG,160.0734,160.4399,136.811,60.4022,73.8569,168.1042,0.0379,0.0022,0.0515,1201.8391,0.0077,0.0391,0.8503,2
2209maize_train_leaf blight.JPG,141.3149,139.8458,112.7735,54.2921,84.8787,150.7121,0.0544,0.0048,0.0871,54.154,0.0363,0.4058,0.9921,2
2210maize_train_leaf blight.JPG,131.59,132.414,113.8534,55.5087,65.2968,140.8866,0.0403,0.004,0.2092,171.8489,0.1489,0.4935,0.9861,2
2211maize_train_leaf blight.JPG,152.0288,152.7907,130.7645,62.7048,76.1041,163.0169,0.0487,0.0047,0.0604,79.1459,0.0594,0.402,0.9899,2
2212maize_train_leaf blight.JPG,150.3059,122.9252,73.5507,19.5004,146.388,151.8836,0.2501,0.0037,0.0054,1328.7477,0.0078,0.0351,0.701,2
2213maize_train_leaf blight.JPG,146.84,117.8497,64.6104,19.948,150.1937,148.5608,0.2443,0.0029,0.0,36.2079,0.0286,0.3208,0.9913,2
2214maize_train_leaf blight.JPG,138.5643,110.2285,59.3793,20.0406,153.8778,140.1638,0.2741,0.0017,0.0275,141.9973,0.0345,0.3909,0.9648,2
2215maize_train_leaf blight.JPG,142.3542,113.0265,60.829,19.539,153.3933,143.9536,0.2821,0.0022,0.0,63.542,0.0252,0.2642,0.9817,2
2216maize_train_leaf blight.JPG,142.9164,132.708,103.5545,22.5677,95.3973,145.8444,0.0345,0.0049,0.0381,1375.9182,0.007,0.036,0.8192,2
2217maize_train_leaf blight.JPG,154.8758,144.3384,114.6639,22.1755,79.998,157.2653,0.0213,0.0027,0.022,51.0445,0.0179,0.231,0.9924,2
2218maize_train_leaf blight.JPG,131.3187,120.7078,90.2872,22.5845,98.3097,134.1506,0.043,0.0061,0.0633,203.4627,0.029,0.2044,0.9751,2
2219maize_train_leaf blight.JPG,135.4262,124.1167,92.5438,22.166,98.004,138.501,0.0491,0.0064,0.0204,163.0073,0.0154,0.1606,0.9774,2
2220maize_train_leaf blight.JPG,166.7832,159.8138,129.9687,24.2859,77.02,169.7311,0.017,0.0041,0.0218,1237.8157,0.0076,0.0406,0.8369,2
2221maize_train_leaf blight.JPG,166.508,156.7309,126.4009,22.9488,74.365,168.8498,0.014,0.0,0.0217,36.3984,0.0192,0.2607,0.9947,2
2222maize_train_leaf blight.JPG,152.6778,144.9383,114.4556,23.416,79.7255,155.5261,0.0187,0.007,0.0883,221.5405,0.0513,0.203,0.9776,2
2223maize_train_leaf blight.JPG,161.3418,152.6265,119.9971,23.3925,81.0665,164.4373,0.0235,0.0069,0.0141,121.1385,0.0139,0.1692,0.9837,2
2268maize_train_leaf blight.JPG,134.0874,121.373,85.5802,31.0455,114.6923,141.6862,0.1104,0.0112,0.0254,1384.7348,0.0077,0.0335,0.6717,2
2269maize_train_leaf blight.JPG,138.7447,115.8368,72.5451,28.3712,127.8093,145.0764,0.3182,0.0448,0.0,24.9111,0.0268,0.2934,0.9844,2
2270maize_train_leaf blight.JPG,117.9493,105.5713,70.4503,30.7061,113.1172,125.4336,0.1731,0.0203,0.0697,112.2943,0.0475,0.2747,0.9736,2
2271maize_train_leaf blight.JPG,124.609,111.5353,74.3734,31.1896,114.8573,132.4092,0.1794,0.0212,0.0044,50.8836,0.0209,0.2408,0.9832,2
2272maize_train_leaf blight.JPG,147.4843,125.6218,88.821,31.1204,117.1801,152.1392,0.1475,0.0197,0.0183,1384.8081,0.0079,0.0332,0.6306,2
2273maize_train_leaf blight.JPG,157.538,130.6171,87.1465,26.1991,118.7512,161.9742,0.2312,0.0871,0.0022,31.5122,0.0234,0.2351,0.983,2
2274maize_train_leaf blight.JPG,120.7001,101.3782,67.7004,27.5507,106.7996,124.759,0.1927,0.0441,0.1596,91.3784,0.1245,0.3299,0.9843,2
2275maize_train_leaf blight.JPG,138.0799,115.6332,77.786,31.2126,117.7229,142.8086,0.2386,0.044,0.0085,37.306,0.0222,0.2715,0.985,2
2276maize_train_leaf blight.JPG,135.2764,125.0694,85.7812,30.6298,118.189,145.5777,0.135,0.0121,0.0175,1354.32,0.0079,0.0344,0.6802,2
2277maize_train_leaf blight.JPG,100.6309,103.8653,57.9993,37.8533,132.4733,118.341,0.1639,0.0019,0.0,8.3102,0.0409,0.3862,0.992,2
2278maize_train_leaf blight.JPG,103.8653,96.2343,62.0261,28.3155,105.6407,113.5006,0.1764,0.0152,0.1708,97.6796,0.144,0.366,0.9836,2
2279maize_train_leaf blight.JPG,125.616,115.2176,74.3384,30.8229,119.3538,136.2593,0.2178,0.0187,0.0008,22.2885,0.0261,0.3305,0.9928,2
2280maize_train_leaf blight.JPG,142.3842,123.2122,85.2978,26.5995,117.7483,147.2986,0.1259,0.0177,0.0255,1361.064,0.008,0.0337,0.6373,2
2281maize_train_leaf blight.JPG,129.5677,122.7573,81.3203,29.971,106.2926,137.1475,0.0586,0.0106,0.0145,7.0474,0.0313,0.4353,0.9975,2
2282maize_train_leaf blight.JPG,122.3636,103.3492,67.6945,25.5821,113.9306,126.7101,0.1852,0.0331,0.1199,51.7415,0.0775,0.3773,0.989,2
2283maize_train_leaf blight.JPG,132.8452,113.1267,74.0721,26.6357,118.0002,137.8329,0.1929,0.0329,0.0186,21.8995,0.0246,0.3039,0.9913,2
2284maize_train_leaf blight.JPG,157.8742,134.6728,90.6408,29.8845,123.4174,163.4229,0.1673,0.0299,0.0021,1365.1565,0.0084,0.0341,0.5589,2
2285maize_train_leaf blight.JPG,157.7576,129.745,77.0025,23.0726,135.1561,162.9769,0.3044,0.1072,0.0,9.0449,0.0332,0.3568,0.9932,2
2286maize_train_leaf blight.JPG,136.016,113.0955,72.0569,25.7602,118.5986,140.5954,0.2338,0.0558,0.1112,66.3072,0.0887,0.3581,0.9861,2
2287maize_train_leaf blight.JPG,148.6729,124.7043,79.6134,29.9547,125.2752,154.2963,0.2414,0.0562,0.0,13.506,0.0285,0.3367,0.9925,2
2288maize_train_leaf blight.JPG,131.8742,116.8071,85.4021,24.7497,107.7384,135.5634,0.067,0.0036,0.0345,1399.1408,0.0078,0.034,0.6532,2
2289maize_train_leaf blight.JPG,127.7192,114.1031,76.8931,25.4205,108.3116,132.1058,0.1007,0.0047,0.0068,49.1481,0.0221,0.2523,0.9802,2
2290maize_train_leaf blight.JPG,108.6712,95.2368,66.1194,23.4767,98.4639,112.1342,0.0798,0.0039,0.16,98.9161,0.1119,0.3335,0.9809,2
2291maize_train_leaf blight.JPG,122.1405,106.6267,74.1631,24.9548,106.7106,125.9041,0.0856,0.0043,0.0273,63.1452,0.0219,0.2544,0.9773,2
2292maize_train_leaf blight.JPG,176.8836,177.9461,149.3401,58.3931,65.4548,180.4439,0.0315,0.0108,0.0033,1153.5816,0.0089,0.0385,0.8096,2
2293maize_train_leaf blight.JPG,128.5688,130.6144,72.3222,32.2065,120.865,133.1999,0.1714,0.0231,0.0,36.732,0.0402,0.3563,0.9703,2
2294maize_train_leaf blight.JPG,145.3999,146.4475,117.2378,50.8643,70.0805,149.171,0.072,0.0131,0.1133,174.888,0.1016,0.4616,0.9826,2
2295maize_train_leaf blight.JPG,170.0301,171.0045,142.1427,61.4717,67.4896,174.3128,0.0733,0.0119,0.0,33.1973,0.0508,0.428,0.9941,2
2296maize_train_leaf blight.JPG,172.2926,174.3395,168.807,84.7186,44.1099,180.5136,0.0104,0.0003,0.0639,1107.3824,0.0097,0.0405,0.885,2
2297maize_train_leaf blight.JPG,188.7666,191.7643,190.8785,94.5283,40.6264,202.6301,0.0173,0.0004,0.0031,40.9558,0.1146,0.4087,0.9923,2
2298maize_train_leaf blight.JPG,138.4717,140.3877,137.2257,73.1588,43.7167,148.4851,0.0184,0.0008,0.2261,174.4106,0.1524,0.457,0.9885,2
2299maize_train_leaf blight.JPG,165.1265,167.5494,164.7682,86.3372,47.1125,177.2692,0.0187,0.0008,0.0901,90.3308,0.0618,0.3572,0.9906,2
22maize_train_leaf blight.JPG,165.1045,163.367,165.0565,83.495,53.991,180.535,0.0666,0.0,0.06,130.9575,0.0793,0.5046,0.9831,2
22maize_valid_leaf blight.JPG,168.3865,167.2741,158.9901,77.6012,61.455,179.8924,0.0486,0.0,0.0106,1228.2023,0.008,0.036,0.8104,2
2300maize_train_leaf blight.JPG,146.4304,149.2269,135.476,68.3956,73.7156,158.3358,0.0305,0.0,0.0544,1306.4849,0.0071,0.0364,0.8396,2
2301maize_train_leaf blight.JPG,155.5408,159.6664,153.2825,79.0406,58.4699,171.5945,0.0261,0.0002,0.0497,61.5149,0.0816,0.4532,0.9923,2
2302maize_train_leaf blight.JPG,132.706,135.8126,124.8549,69.0567,77.8552,147.5595,0.0442,0.0001,0.099,142.0678,0.0498,0.4369,0.9839,2
2303maize_train_leaf blight.JPG,137.4317,140.6448,128.5671,69.8918,78.4451,152.7781,0.0442,0.0001,0.06,127.791,0.037,0.3565,0.9834,2
2304maize_train_leaf blight.JPG,130.2945,118.6315,83.9745,24.1638,108.3529,134.6965,0.0627,0.0056,0.0307,1384.3061,0.008,0.0332,0.6292,2
2305maize_train_leaf blight.JPG,126.4191,113.8042,76.902,23.3373,105.5457,130.022,0.1204,0.0069,0.001,21.2332,0.0317,0.3863,0.9902,2
2306maize_train_leaf blight.JPG,117.9758,106.5342,71.3208,24.5673,108.3356,122.382,0.089,0.0062,0.0523,59.9261,0.0286,0.3352,0.9793,2
2307maize_train_leaf blight.JPG,120.5351,108.6073,72.8268,24.2464,107.049,125.0211,0.0892,0.0067,0.029,37.9373,0.0278,0.3289,0.9846,2
2308maize_train_leaf blight.JPG,150.4514,130.0696,83.7203,26.1506,125.8317,155.4931,0.1179,0.0519,0.0099,1337.2011,0.0078,0.0338,0.6729,2
2309maize_train_leaf blight.JPG,158.4016,127.8546,75.1661,25.3971,134.2886,162.5179,0.2216,0.1284,0.0,16.9999,0.0261,0.3399,0.9938,2
2310maize_train_leaf blight.JPG,139.1725,117.3876,70.4682,26.3354,129.3352,144.1792,0.159,0.0814,0.0272,78.7413,0.0231,0.2526,0.9783,2
2311maize_train_leaf blight.JPG,142.6011,120.4134,72.5777,26.0687,127.7279,147.8008,0.1603,0.0816,0.0002,47.1068,0.021,0.2451,0.9845,2
23maize_train_leaf blight.JPG,174.7957,173.1223,175.1027,87.1426,53.2738,191.4264,0.0672,0.0,0.0037,70.9231,0.0692,0.4829,0.9857,2
23maize_valid_leaf blight.JPG,160.4299,159.6706,152.2981,78.2984,68.2471,176.2979,0.0943,0.0,0.0,16.7681,0.0764,0.5599,0.9965,2
24maize_valid_leaf blight.JPG,116.9986,124.9197,59.6544,29.8766,128.996,131.0048,0.0256,0.0952,0.1525,185.6977,0.1235,0.2641,0.973,2
25maize_valid_leaf blight.JPG,137.0306,147.5972,71.8096,35.1188,142.1885,154.652,0.0293,0.1141,0.0,222.6129,0.0163,0.177,0.9123,2
26maize_valid_leaf blight.JPG,165.6991,170.8423,164.1291,82.8121,58.7488,181.1001,0.0262,0.0001,0.0202,1176.214,0.0086,0.0372,0.8354,2
27maize_valid_leaf blight.JPG,163.2527,167.3287,159.1364,81.4018,62.3859,180.195,0.0395,0.0003,0.0,10.2574,0.1234,0.6526,0.9982,2
280maize_valid_leaf blight.JPG,159.2533,164.287,120.6904,43.4521,88.5209,170.4704,0.0277,0.0064,0.0016,1286.2457,0.0088,0.0412,0.6991,2
281maize_valid_leaf blight.JPG,146.3284,138.6741,88.1645,27.9333,109.464,151.1223,0.1089,0.001,0.0,71.4415,0.018,0.162,0.9678,2
282maize_valid_leaf blight.JPG,147.4008,132.4414,98.0876,23.9219,104.1676,153.4464,0.0694,0.0009,0.0166,1352.31,0.0075,0.035,0.7127,2
283maize_valid_leaf blight.JPG,126.2901,130.6929,85.3242,33.3514,104.9879,138.9215,0.0476,0.001,0.0009,45.3418,0.0194,0.2488,0.9907,2
284maize_valid_leaf blight.JPG,144.0422,133.5581,101.7107,24.7137,95.2663,150.1472,0.0517,0.0006,0.0196,1358.4745,0.0076,0.0358,0.7167,2
285maize_valid_leaf blight.JPG,140.6739,130.4886,97.6485,24.5888,88.2148,146.5898,0.0523,0.0007,0.0,23.1927,0.0286,0.3258,0.991,2
286maize_valid_leaf blight.JPG,120.5581,121.1479,85.1322,33.3582,105.6895,130.6495,0.0469,0.0008,0.0291,1351.5494,0.0079,0.0356,0.7117,2
287maize_valid_leaf blight.JPG,125.6265,125.1161,86.2116,32.9404,97.1589,135.1423,0.0761,0.0011,0.0,30.0441,0.0223,0.2781,0.9938,2
288maize_valid_leaf blight.JPG,140.0078,131.4165,85.8914,22.9774,125.5054,147.8291,0.0784,0.0146,0.0684,1290.632,0.0068,0.0367,0.8386,2
289maize_valid_leaf blight.JPG,167.6529,176.7997,107.4985,34.1643,111.0382,182.5985,0.0045,0.0272,0.0006,137.047,0.0144,0.123,0.9545,2
28maize_valid_leaf blight.JPG,114.5657,124.1483,80.8045,35.213,101.0248,128.2013,0.0117,0.0113,0.084,137.3881,0.0568,0.2657,0.9805,2
290maize_valid_leaf blight.JPG,146.3329,148.6354,107.237,33.6303,97.5791,160.3771,0.0327,0.0143,0.0083,1380.6177,0.0073,0.0342,0.7336,2
291maize_valid_leaf blight.JPG,125.8722,144.6949,89.4444,41.4999,105.6485,146.9246,0.0192,0.0302,0.0,80.9906,0.0183,0.2253,0.9817,2
292maize_valid_leaf blight.JPG,130.42,130.3349,114.684,63.1648,78.1957,141.1215,0.0854,0.0,0.0662,147.8446,0.0707,0.4334,0.9813,2
293maize_valid_leaf blight.JPG,141.0151,140.756,124.5288,66.3834,78.5389,152.7273,0.0929,0.0,0.0,43.3305,0.0554,0.3891,0.9929,2
294maize_valid_leaf blight.JPG,143.3931,147.4793,105.8441,37.1026,97.1301,158.0287,0.0234,0.015,0.0085,1365.7388,0.0073,0.0357,0.7413,2
295maize_valid_leaf blight.JPG,117.561,124.5897,74.3751,38.5785,116.8044,135.4173,0.0521,0.0402,0.0,51.0199,0.0219,0.2563,0.9831,2
296maize_valid_leaf blight.JPG,121.6755,139.2659,78.3329,40.0275,127.1524,145.0692,0.0213,0.0527,0.0086,1377.612,0.008,0.034,0.6324,2
297maize_valid_leaf blight.JPG,110.8071,128.4718,71.2751,41.5527,118.3171,133.3468,0.0509,0.0553,0.0,6.7258,0.0354,0.479,0.9973,2
298maize_valid_leaf blight.JPG,146.9517,147.8182,115.5609,35.0666,84.2033,160.5988,0.0208,0.0003,0.0043,1483.7708,0.0077,0.0334,0.6335,2
299maize_valid_leaf blight.JPG,145.3164,151.7254,118.114,38.9577,72.4303,159.8371,0.0137,0.0004,0.0,130.9319,0.0172,0.1785,0.9529,2
29maize_valid_leaf blight.JPG,123.2235,133.5689,86.8532,36.6734,103.7791,137.9653,0.0158,0.012,0.0072,106.0217,0.0163,0.2015,0.9797,2
2maize_train_leaf blight.JPG,125.5843,126.5864,123.1082,64.3904,79.1649,145.0369,0.0759,0.0002,0.1692,113.5416,0.137,0.4658,0.9896,2
2maize_valid_leaf blight.JPG,104.1194,103.1724,70.3799,24.425,83.9779,111.2535,0.0176,0.0077,0.1663,125.1918,0.1384,0.3775,0.9798,2
300maize_valid_leaf blight.JPG,146.1772,155.4883,113.744,36.5886,90.5871,163.8598,0.017,0.0007,0.0013,1389.2,0.0079,0.0342,0.6489,2
301maize_valid_leaf blight.JPG,144.5422,148.1843,107.1465,32.9229,89.108,159.0732,0.0281,0.001,0.0,49.9535,0.024,0.2739,0.9843,2
302maize_valid_leaf blight.JPG,130.4428,142.4625,96.5527,37.0407,106.1059,152.2142,0.0261,0.0013,0.002,1415.0096,0.0089,0.0335,0.49,2
303maize_valid_leaf blight.JPG,110.807,135.1848,84.9912,45.4889,107.5021,139.7624,0.0202,0.0007,0.0,16.3296,0.0382,0.4476,0.9906,2
308maize_train_leaf blight.JPG,169.7079,151.3795,133.3106,77.8095,80.2796,171.2107,0.1472,0.0005,0.0041,1369.1114,0.0075,0.0342,0.7565,2
309maize_train_leaf blight.JPG,135.781,100.0106,52.452,17.5243,158.16,135.7813,0.5986,0.0,0.0,47.3943,0.0274,0.2257,0.9406,2
30maize_valid_leaf blight.JPG,139.2059,146.2269,135.7886,72.9238,78.5944,157.473,0.024,0.0,0.028,1294.6109,0.0073,0.035,0.8105,2
310maize_train_leaf blight.JPG,133.9749,116.0695,96.4453,60.2356,86.6833,135.3706,0.1787,0.0002,0.14,178.7345,0.1206,0.4206,0.9787,2
311maize_train_leaf blight.JPG,161.377,142.1352,123.5222,78.1594,84.3403,163.1553,0.1807,0.0002,0.0002,128.5256,0.0627,0.3953,0.9729,2
312maize_train_leaf blight.JPG,169.9403,148.9644,125.585,66.9871,90.5267,170.8598,0.1761,0.0007,0.0042,1371.2596,0.0074,0.0349,0.7569,2
313maize_train_leaf blight.JPG,144.5307,116.483,80.3801,39.169,128.1998,145.0343,0.3877,0.0005,0.0005,98.0087,0.0372,0.2547,0.9711,2
314maize_train_leaf blight.JPG,133.4935,113.6445,90.1318,51.8058,93.594,134.5128,0.2081,0.0005,0.1431,177.8087,0.1229,0.3753,0.9785,2
315maize_train_leaf blight.JPG,161.7814,139.7617,115.6533,67.3837,94.6791,162.9627,0.2143,0.0006,0.0002,131.8184,0.0568,0.3591,0.9721,2
316maize_train_leaf blight.JPG,160.8158,141.5878,120.6358,69.239,90.4134,161.852,0.1538,0.0002,0.0139,1360.3549,0.0073,0.0346,0.77,2
317maize_train_leaf blight.JPG,137.7948,121.0756,99.9494,71.0276,97.5013,139.0789,0.1559,0.0,0.0072,43.2253,0.0613,0.4316,0.9909,2
318maize_train_leaf blight.JPG,130.3575,111.6994,89.2213,56.2178,96.6064,131.3391,0.176,0.0001,0.1226,166.345,0.0973,0.356,0.978,2
319maize_train_leaf blight.JPG,152.1884,132.1456,109.9575,69.6051,95.4134,153.3933,0.1781,0.0001,0.0089,110.4702,0.0439,0.3668,0.9778,2
31maize_valid_leaf blight.JPG,89.5199,91.3625,52.1305,33.6683,127.1577,99.6901,0.0676,0.0,0.0003,53.8524,0.0264,0.2241,0.9521,2
320maize_train_leaf blight.JPG,142.6114,116.4006,67.943,20.2193,148.9206,142.8169,0.2467,0.0071,0.0257,1342.2492,0.0079,0.0338,0.6661,2
321maize_train_leaf blight.JPG,127.256,104.0044,44.3215,22.0684,168.1853,127.2561,0.4321,0.0,0.0,12.3989,0.0437,0.4081,0.9871,2
322maize_train_leaf blight.JPG,124.8736,99.1911,50.5632,20.569,154.2892,125.1028,0.3053,0.0059,0.0601,77.1136,0.0413,0.3117,0.9797,2
323maize_train_leaf blight.JPG,133.9061,106.3438,54.6985,20.4284,156.7709,134.1236,0.3174,0.0074,0.0034,45.3555,0.0243,0.3011,0.9845,2
32maize_valid_leaf blight.JPG,110.403,143.2768,92.5283,50.3893,101.8183,144.4153,0.0002,0.0004,0.0195,166.991,0.0211,0.1781,0.9526,2
33maize_valid_leaf blight.JPG,112.7277,146.2722,94.4782,50.5075,100.2903,147.457,0.0003,0.0006,0.0,143.5604,0.0198,0.1633,0.9527,2
34maize_valid_leaf blight.JPG,109.9904,121.0929,78.4612,44.417,122.8005,126.7487,0.0448,0.0013,0.0196,1395.2875,0.0085,0.0332,0.6491,2
356maize_valid_leaf blight.JPG,174.1639,178.9534,138.6773,51.675,80.736,183.0473,0.0133,0.0292,0.0015,1150.7682,0.0089,0.0422,0.806,2
357maize_valid_leaf blight.JPG,142.8168,150.3998,100.0432,48.2037,107.0922,155.6345,0.0198,0.0565,0.0,19.1629,0.0331,0.3723,0.9963,2
358maize_valid_leaf blight.JPG,131.2983,140.5053,92.0334,32.8955,111.7138,144.4892,0.0119,0.0303,0.061,1271.9843,0.007,0.0373,0.8428,2
359maize_valid_leaf blight.JPG,69.314,87.673,44.4597,40.1637,131.4256,89.7331,0.0009,0.0054,0.0613,15.0893,0.047,0.5182,0.9911,2
35maize_valid_leaf blight.JPG,79.2088,98.798,49.5296,42.1922,132.5419,99.3926,0.011,0.0002,0.0017,57.5102,0.0269,0.1942,0.9498,2
360maize_valid_leaf blight.JPG,143.5407,134.6038,98.6942,21.6213,94.0119,145.72,0.0252,0.005,0.0619,1266.8044,0.007,0.0371,0.8306,2
361maize_valid_leaf blight.JPG,174.3403,157.2522,112.7625,20.6787,92.4307,175.2225,0.0267,0.0165,0.0492,41.0949,0.0253,0.2947,0.9946,2
362maize_valid_leaf blight.JPG,125.6896,131.7598,79.2456,30.4979,124.9249,137.2415,0.0131,0.0105,0.0758,1352.1447,0.0069,0.0348,0.8081,2
363maize_valid_leaf blight.JPG,120.5089,126.0224,69.4364,30.2734,127.1255,132.1933,0.0153,0.0156,0.0875,80.4558,0.0172,0.2287,0.9872,2
364maize_valid_leaf blight.JPG,171.3931,175.42,150.5727,66.7875,64.6633,180.1941,0.0191,0.0175,0.0058,1191.821,0.0082,0.0384,0.8032,2
365maize_valid_leaf blight.JPG,143.6347,148.1801,106.7821,52.3284,99.7358,153.8329,0.056,0.0226,0.0007,39.5046,0.0471,0.3447,0.9937,2
366maize_valid_leaf blight.JPG,114.1553,108.1229,88.9623,45.3338,90.0499,122.205,0.0445,0.0418,0.2049,107.6588,0.125,0.4682,0.9889,2
367maize_valid_leaf blight.JPG,132.8528,126.2113,105.5507,53.632,97.6554,142.5678,0.0483,0.0426,0.0648,67.4235,0.0324,0.3951,0.9905,2
36maize_valid_leaf blight.JPG,94.5868,101.8457,77.8392,36.6045,70.5261,105.168,0.0046,0.0004,0.1695,212.6945,0.1396,0.2846,0.9653,2
376maize_valid_leaf blight.JPG,147.9002,155.3204,119.5819,58.5935,90.5219,159.2257,0.0254,0.0191,0.0125,1281.859,0.0075,0.036,0.8036,2
377maize_valid_leaf blight.JPG,127.8581,135.406,95.0809,58.7127,108.156,140.8003,0.062,0.0119,0.0007,21.6445,0.0483,0.3569,0.9964,2
378maize_valid_leaf blight.JPG,156.9388,171.3641,135.2012,60.9089,87.403,175.7426,0.0157,0.0076,0.0054,1131.2086,0.0096,0.0463,0.8416,2
379maize_valid_leaf blight.JPG,96.7414,119.4048,48.2503,39.864,157.7892,122.8876,0.0547,0.0013,0.0,17.64,0.0384,0.313,0.9853,2
37maize_valid_leaf blight.JPG,111.6986,119.1084,90.0318,40.0934,79.8807,123.4789,0.0064,0.0004,0.0107,286.8149,0.016,0.166,0.9091,2
380maize_valid_leaf blight.JPG,125.1284,137.6254,86.3594,36.3568,115.5207,140.9645,0.008,0.0048,0.0305,1392.2923,0.0073,0.0342,0.7291,2
381maize_valid_leaf blight.JPG,114.8196,131.4913,76.5308,39.0561,117.9715,133.8167,0.0059,0.0044,0.0105,90.4592,0.0162,0.1833,0.9783,2
382maize_valid_leaf blight.JPG,150.707,155.4775,104.9723,30.9394,101.7187,162.516,0.0181,0.0101,0.0036,1357.5713,0.008,0.036,0.6663,2
383maize_valid_leaf blight.JPG,142.1283,151.9924,93.3986,34.6441,108.83,156.8224,0.0174,0.017,0.0002,41.9702,0.0214,0.2681,0.9879,2
384maize_valid_leaf blight.JPG,123.5166,127.1101,85.4227,31.0093,109.8314,133.0403,0.0102,0.0036,0.0799,1432.6504,0.0069,0.0343,0.7823,2
385maize_valid_leaf blight.JPG,130.0979,133.6238,83.2495,31.018,113.0623,140.8586,0.0119,0.0098,0.0358,126.7642,0.0147,0.167,0.9747,2
386maize_valid_leaf blight.JPG,189.7146,188.3387,153.9675,52.3872,69.0807,194.179,0.0315,0.0358,0.0004,1072.5454,0.0098,0.0425,0.787,2
387maize_valid_leaf blight.JPG,153.0623,152.5151,95.4757,39.1441,114.8725,160.7724,0.0553,0.0679,0.0,17.2994,0.0486,0.415,0.9952,2
38maize_valid_leaf blight.JPG,159.8305,169.2126,151.315,71.2898,68.1096,175.5217,0.0049,0.0001,0.0186,1094.6383,0.0102,0.0471,0.889,2
39maize_valid_leaf blight.JPG,147.4284,161.9397,136.4845,68.34,81.3985,169.0707,0.0035,0.0003,0.0,57.626,0.0633,0.3604,0.9944,2
3maize_train_leaf blight.JPG,151.6784,153.4984,153.4845,77.7646,81.9932,176.4364,0.0755,0.0002,0.0154,42.8892,0.0517,0.4358,0.993,2
3maize_valid_leaf blight.JPG,122.6981,120.9285,82.5928,27.0944,92.4561,130.447,0.0299,0.0084,0.0103,124.1986,0.0285,0.3058,0.9539,2
400maize_valid_leaf blight.JPG,140.0677,129.9315,90.0248,23.1881,102.7578,141.8929,0.0388,0.0591,0.0913,1308.2311,0.0069,0.0377,0.8312,2
401maize_valid_leaf blight.JPG,177.0918,163.1082,86.8617,24.5669,134.0925,177.7268,0.0263,0.3142,0.0,110.1015,0.0458,0.3857,0.9138,2
402maize_valid_leaf blight.JPG,153.09,167.9598,135.124,63.8137,85.0005,172.7152,0.0147,0.0047,0.0056,1156.1142,0.0087,0.0419,0.8333,2
403maize_valid_leaf blight.JPG,116.4095,134.1782,88.0397,52.2255,117.8529,140.4309,0.0438,0.004,0.0,12.2698,0.0351,0.436,0.9965,2
404maize_valid_leaf blight.JPG,119.8285,129.4281,93.2178,37.9766,97.921,131.6027,0.0048,0.0012,0.0999,1350.9653,0.007,0.0367,0.838,2
405maize_valid_leaf blight.JPG,129.9944,138.1644,97.2467,36.7713,93.7383,142.1988,0.0081,0.0026,0.1122,155.4926,0.015,0.1653,0.9819,2
406maize_valid_leaf blight.JPG,149.0887,150.3076,115.1074,33.5657,81.8485,157.5582,0.0128,0.0005,0.0263,1454.6927,0.0073,0.0337,0.7225,2
407maize_valid_leaf blight.JPG,157.2784,161.1415,121.9772,35.5164,76.5391,168.4686,0.0125,0.0013,0.029,90.2915,0.0169,0.1988,0.9768,2
408maize_valid_leaf blight.JPG,146.2438,153.7174,115.6157,35.1447,84.0645,159.0774,0.0096,0.001,0.011,1441.8717,0.0074,0.033,0.7078,2
409maize_valid_leaf blight.JPG,147.2388,154.8403,117.4663,35.4627,76.9075,160.8828,0.0083,0.0003,0.0169,98.4255,0.0165,0.2162,0.9778,2
40maize_train_leaf blight.JPG,148.3305,156.747,124.7551,59.1644,96.6043,164.8233,0.0313,0.0058,0.0061,1296.3915,0.0077,0.0355,0.7669,2
40maize_valid_leaf blight.JPG,80.6531,118.8671,89.3181,61.2785,87.5283,120.3206,0.0,0.0,0.1532,186.2536,0.1049,0.2687,0.964,2
410maize_valid_leaf blight.JPG,135.0099,151.2546,101.905,39.1407,101.2629,154.2663,0.005,0.0038,0.0094,1543.6071,0.0074,0.0329,0.6784,2
411maize_valid_leaf blight.JPG,121.0982,141.5382,84.5967,41.6928,112.9357,144.8342,0.0068,0.007,0.0,197.4431,0.0142,0.1341,0.9504,2
412maize_valid_leaf blight.JPG,152.6487,162.1821,120.1479,35.5938,84.6211,167.0592,0.0054,0.0035,0.007,1565.4181,0.0072,0.0345,0.7044,2
413maize_valid_leaf blight.JPG,150.0729,156.3518,112.7954,34.3674,85.8848,163.7479,0.0097,0.0048,0.0002,225.7368,0.0123,0.1221,0.9503,2
414maize_valid_leaf blight.JPG,129.708,127.5742,115.4214,60.3463,81.0345,139.4337,0.0419,0.0001,0.1208,72.2612,0.0723,0.4146,0.9941,2
415maize_valid_leaf blight.JPG,140.612,137.9929,125.3141,64.0092,82.6343,151.2779,0.0423,0.0001,0.043,59.8447,0.0442,0.3731,0.9942,2
416maize_valid_leaf blight.JPG,151.0414,167.1356,114.7012,42.1566,93.9619,170.6622,0.0105,0.0129,0.0026,1334.7615,0.0078,0.0354,0.6736,2
417maize_valid_leaf blight.JPG,148.0321,163.5918,117.7663,43.2382,81.2463,168.1711,0.0022,0.0005,0.0,15.3638,0.0276,0.3481,0.995,2
418maize_valid_leaf blight.JPG,146.0818,147.64,102.6552,49.2112,113.1795,156.1348,0.0718,0.0308,0.0205,1233.0761,0.0082,0.0421,0.8266,2
419maize_valid_leaf blight.JPG,106.7643,111.6139,54.5268,37.7123,143.8121,117.952,0.0835,0.0573,0.0213,20.2712,0.0366,0.4167,0.995,2
41maize_train_leaf blight.JPG,123.5424,131.0806,81.5949,44.3976,120.2601,137.2061,0.0492,0.0156,0.0,42.2794,0.0234,0.2639,0.9843,2
41maize_valid_leaf blight.JPG,92.6928,134.1242,100.8064,68.1186,91.8521,135.9673,0.0001,0.0,0.034,212.5692,0.0183,0.1502,0.9173,2
420maize_valid_leaf blight.JPG,133.3435,148.6887,89.1783,37.6025,120.4629,151.057,0.0145,0.0034,0.0234,1397.4842,0.0073,0.0347,0.7257,2
421maize_valid_leaf blight.JPG,98.5831,117.7185,54.6546,38.9769,140.0453,119.12,0.0331,0.0011,0.0073,34.4869,0.035,0.3789,0.9741,2
422maize_valid_leaf blight.JPG,153.0304,169.163,99.5251,36.321,120.0468,172.4884,0.0098,0.0073,0.005,1328.617,0.0077,0.0356,0.6888,2
423maize_valid_leaf blight.JPG,157.6815,170.2493,98.1947,34.5532,118.2601,176.2391,0.01,0.0186,0.0,79.2158,0.0186,0.1973,0.973,2
424maize_valid_leaf blight.JPG,169.7133,155.1352,120.2516,20.1095,87.5951,170.6271,0.04,0.0068,0.0123,1214.0118,0.0077,0.0417,0.8301,2
425maize_valid_leaf blight.JPG,170.3354,149.8365,116.2768,18.3305,88.3611,171.1161,0.0562,0.0043,0.0,59.8543,0.0185,0.2322,0.9901,2
426maize_valid_leaf blight.JPG,161.3872,164.089,147.5491,70.5077,71.3214,174.8688,0.0203,0.008,0.0226,1230.5542,0.0076,0.0383,0.8184,2
427maize_valid_leaf blight.JPG,166.2152,171.5977,153.0988,75.5975,70.9865,183.8464,0.0216,0.0163,0.0001,23.6104,0.0547,0.4957,0.9947,2
428maize_valid_leaf blight.JPG,177.0067,181.474,140.9645,57.5061,82.3069,186.5634,0.0269,0.0412,0.0079,1141.4644,0.0098,0.0467,0.8158,2
429maize_valid_leaf blight.JPG,158.7104,168.2933,122.3974,65.1035,97.4574,174.3204,0.0178,0.0797,0.0001,20.8875,0.0842,0.509,0.9945,2
42maize_train_leaf blight.JPG,112.5369,119.6771,88.9048,48.3563,98.7069,128.1404,0.0406,0.0072,0.151,144.9795,0.1267,0.3434,0.9821,2
42maize_valid_leaf blight.JPG,159.9616,160.3875,128.5688,60.508,83.4525,170.3395,0.0651,0.0523,0.08,152.6576,0.0764,0.432,0.9811,2
430maize_valid_leaf blight.JPG,128.185,142.5021,97.767,37.6603,93.6688,146.9608,0.004,0.0085,0.0248,1414.5178,0.0075,0.0334,0.6943,2
431maize_valid_leaf blight.JPG,112.5429,135.6262,88.485,41.5513,91.8741,138.8985,0.0003,0.0028,0.0049,44.3417,0.0323,0.4467,0.9874,2
432maize_valid_leaf blight.JPG,154.3341,151.4008,99.9863,27.0984,109.9934,163.5171,0.0533,0.0188,0.0013,1433.688,0.0081,0.0343,0.5697,2
433maize_valid_leaf blight.JPG,158.4472,153.0213,97.2778,26.095,111.1312,166.036,0.0778,0.0403,0.0,61.9419,0.0229,0.244,0.9719,2
434maize_valid_leaf blight.JPG,157.8226,155.7371,106.1752,30.685,102.5228,166.0239,0.0664,0.0268,0.001,1450.8391,0.0084,0.0338,0.5384,2
435maize_valid_leaf blight.JPG,136.758,133.1353,83.6243,27.4488,113.5782,145.2484,0.1293,0.0035,0.0,65.7315,0.0214,0.193,0.9593,2
436maize_valid_leaf blight.JPG,142.7287,147.9878,84.0495,33.0395,130.5179,155.5011,0.0545,0.0282,0.0364,1435.5048,0.0071,0.0351,0.7425,2
437maize_valid_leaf blight.JPG,146.9624,162.8542,77.1116,35.3414,144.5519,167.294,0.0368,0.0721,0.0005,95.718,0.0186,0.1787,0.9733,2
438maize_valid_leaf blight.JPG,125.9915,129.2262,108.9969,62.6674,102.5826,142.7177,0.0705,0.0031,0.054,121.2176,0.0311,0.3236,0.984,2
439maize_valid_leaf blight.JPG,129.8225,133.2809,112.33,63.1201,101.1594,147.2474,0.0739,0.0036,0.023,110.4694,0.0277,0.3082,0.9838,2
43maize_train_leaf blight.JPG,139.0243,148.0519,119.0126,60.5867,102.1891,160.3539,0.0426,0.0077,0.0006,67.0679,0.0369,0.3275,0.986,2
43maize_valid_leaf blight.JPG,175.5772,176.1981,143.2346,66.1353,84.1449,187.1346,0.0686,0.0571,0.0,36.074,0.0503,0.4189,0.9916,2
440maize_valid_leaf blight.JPG,158.2596,174.302,96.5476,36.5771,127.7481,176.9628,0.01,0.0576,0.0057,1307.4655,0.0075,0.0375,0.7577,2
441maize_valid_leaf blight.JPG,152.3394,174.8665,88.2698,37.5732,136.2285,177.9552,0.0045,0.0648,0.0,34.8285,0.023,0.3091,0.9904,2
442maize_valid_leaf blight.JPG,162.7845,175.867,95.2926,34.6599,130.7606,179.2949,0.0136,0.0887,0.0018,1296.6108,0.0077,0.0377,0.7151,2
443maize_valid_leaf blight.JPG,155.995,170.582,79.5086,34.0309,144.7783,175.0192,0.011,0.1242,0.0007,112.3925,0.0153,0.1808,0.9725,2
444maize_valid_leaf blight.JPG,131.2923,152.1562,80.9022,41.2451,136.5798,153.9892,0.01,0.0825,0.0163,1379.1132,0.0072,0.0346,0.7608,2
445maize_valid_leaf blight.JPG,116.2112,139.1446,50.3429,38.3544,166.1325,142.1106,0.0238,0.1267,0.0001,101.9698,0.0179,0.2058,0.9689,2
446maize_valid_leaf blight.JPG,165.3405,163.3097,83.9967,38.7196,145.2433,173.5138,0.0674,0.1997,0.0024,1405.9434,0.0079,0.0369,0.6879,2
447maize_valid_leaf blight.JPG,165.5092,155.3539,80.001,39.4709,147.2171,172.8829,0.1097,0.187,0.0008,228.498,0.0314,0.2512,0.9512,2
448maize_valid_leaf blight.JPG,122.6635,126.1405,84.8789,31.0774,105.458,131.4735,0.0127,0.0043,0.1714,1336.8113,0.0069,0.0363,0.8363,2
449maize_valid_leaf blight.JPG,152.8137,161.0021,107.8333,34.6736,93.1894,165.3778,0.0063,0.001,0.0,105.696,0.0188,0.1789,0.9491,2
44maize_train_leaf blight.JPG,168.3865,167.2741,158.9901,77.6012,61.455,179.8924,0.0486,0.0,0.0106,1228.2023,0.008,0.036,0.8104,2
450maize_valid_leaf blight.JPG,196.7577,199.3332,189.1138,80.2607,36.3846,203.799,0.009,0.0004,0.0242,939.0136,0.0145,0.055,0.8665,2
451maize_valid_leaf blight.JPG,228.6325,232.9618,240.7966,107.7021,18.9783,243.5579,0.0,0.0,0.0006,7.4746,0.2559,0.7704,0.9956,2
452maize_valid_leaf blight.JPG,190.4204,186.4465,159.4714,65.49,70.2214,198.5208,0.041,0.0397,0.0052,1084.624,0.0101,0.0474,0.7908,2
453maize_valid_leaf blight.JPG,182.6656,180.3869,141.1084,63.3468,85.1792,194.0294,0.0123,0.1142,0.0,33.2395,0.0384,0.3763,0.9858,2
454maize_valid_leaf blight.JPG,127.9021,145.4171,91.3837,41.2888,109.7833,148.1545,0.0072,0.0439,0.0289,1365.0572,0.0072,0.0359,0.7625,2
455maize_valid_leaf blight.JPG,111.6218,139.6446,91.5459,53.0188,95.2429,140.6678,0.001,0.01,0.0,38.3442,0.0265,0.3479,0.9885,2
456maize_valid_leaf blight.JPG,126.086,143.7318,104.9257,47.1651,85.4112,146.7706,0.0014,0.0,0.006,1408.5135,0.0084,0.0337,0.5729,2
457maize_valid_leaf blight.JPG,126.3382,143.5792,91.6592,34.5491,93.9407,147.1586,0.0,0.0002,0.0,6.9286,0.0553,0.563,0.9957,2
458maize_valid_leaf blight.JPG,127.3851,152.5273,104.0982,45.936,93.5515,154.0095,0.0013,0.0004,0.0092,1426.5207,0.0077,0.0345,0.6764,2
459maize_valid_leaf blight.JPG,105.0626,134.0379,85.3455,48.9926,96.5863,135.0089,0.0005,0.0011,0.0,74.3629,0.0275,0.2018,0.9584,2
45maize_train_leaf blight.JPG,160.4299,159.6706,152.2981,78.2984,68.2471,176.2979,0.0943,0.0,0.0,16.7681,0.0764,0.5599,0.9965,2
460maize_valid_leaf blight.JPG,191.335,190.122,140.5582,50.3051,90.2377,199.1383,0.0213,0.0815,0.0,1102.9084,0.0097,0.0453,0.7032,2
461maize_valid_leaf blight.JPG,165.8459,157.9173,73.2038,28.5165,148.1284,173.8649,0.0407,0.2692,0.0,82.3736,0.0243,0.1787,0.8952,2
462maize_valid_leaf blight.JPG,93.4712,100.129,68.5321,34.5782,89.3122,103.6158,0.0088,0.0,0.194,99.9929,0.1424,0.3442,0.986,2
463maize_valid_leaf blight.JPG,111.0525,118.6198,83.4869,41.8647,101.9758,123.415,0.0095,0.0,0.0547,107.2053,0.0209,0.2287,0.9806,2
46maize_train_leaf blight.JPG,129.1237,127.6317,119.681,63.6947,64.4972,140.5673,0.0799,0.0,0.1696,166.6154,0.1482,0.4955,0.9853,2
47maize_train_leaf blight.JPG,160.1142,159.3185,153.5743,79.4469,66.1835,175.4712,0.0811,0.0,0.0005,47.442,0.0492,0.4754,0.9918,2
4maize_train_leaf blight.JPG,172.3941,171.7926,162.1713,76.8245,59.5752,183.8417,0.046,0.0,0.0069,1234.7874,0.0083,0.0363,0.7948,2
4maize_valid_leaf blight.JPG,158.4487,157.3148,146.2039,72.1852,65.9117,168.972,0.0485,0.0,0.014,1249.127,0.0077,0.037,0.8093,2
516maize_valid_leaf blight.JPG,111.9277,117.0141,99.4257,42.7236,79.5193,126.0068,0.0027,0.0001,0.0633,1514.425,0.0072,0.0327,0.7147,2
517maize_valid_leaf blight.JPG,112.3397,132.5239,106.8294,51.8514,70.2939,136.0462,0.0018,0.0,0.0,176.9214,0.0188,0.1761,0.9259,2
518maize_valid_leaf blight.JPG,144.9817,147.1946,134.3657,52.6609,55.1879,155.2776,0.0121,0.0,0.0123,1475.4844,0.0071,0.0353,0.7592,2
519maize_valid_leaf blight.JPG,139.913,151.2792,139.7477,63.8389,41.7041,154.0506,0.0009,0.0,0.0,149.2374,0.0146,0.1343,0.9676,2
56maize_train_leaf blight.JPG,154.8074,150.6966,133.9162,61.5635,80.3087,164.4601,0.071,0.0005,0.0188,1279.7357,0.0074,0.0363,0.8162,2
57maize_train_leaf blight.JPG,134.9513,128.5495,96.9153,48.5982,98.7673,141.922,0.1921,0.0004,0.0,32.8167,0.0257,0.334,0.99,2
58maize_train_leaf blight.JPG,142.7184,138.72,123.8876,62.2835,86.792,155.189,0.1212,0.0001,0.0291,122.5685,0.0313,0.3481,0.9819,2
59maize_train_leaf blight.JPG,146.1407,142.0826,127.2095,63.02,84.9032,159.1063,0.1223,0.0002,0.0073,51.5751,0.0331,0.4017,0.9918,2
5maize_train_leaf blight.JPG,131.3667,131.097,104.1496,53.8704,94.721,142.2976,0.1284,0.0,0.0,42.1795,0.0327,0.3303,0.9917,2
5maize_valid_leaf blight.JPG,131.4605,125.7996,99.5098,48.5863,94.5367,139.3682,0.1602,0.0,0.0,30.3524,0.0324,0.3404,0.9932,2
60maize_train_leaf blight.JPG,139.2059,146.2269,135.7886,72.9238,78.5944,157.473,0.024,0.0,0.028,1294.6109,0.0073,0.035,0.8105,2
61maize_train_leaf blight.JPG,89.5199,91.3625,52.1305,33.6683,127.1577,99.6901,0.0676,0.0,0.0003,53.8524,0.0264,0.2241,0.9521,2
62maize_train_leaf blight.JPG,118.6462,125.5954,116.0846,68.8981,83.8348,138.2368,0.0285,0.0,0.0791,95.0956,0.0604,0.4409,0.9878,2
63maize_train_leaf blight.JPG,129.4128,136.9423,127.629,73.7523,83.1881,150.8697,0.0302,0.0,0.0077,43.8565,0.0351,0.3975,0.9926,2
64maize_train_leaf blight.JPG,136.0586,142.5426,136.2688,74.7237,75.5352,154.6584,0.0196,0.0,0.0452,1312.6349,0.0073,0.0348,0.806,2
652maize_train_leaf blight.JPG,123.2495,131.5905,94.8964,39.9198,93.8549,137.3744,0.021,0.0001,0.0243,1419.6146,0.0076,0.0328,0.6923,2
653maize_train_leaf blight.JPG,116.1036,129.4639,87.5299,42.1745,92.3087,133.7592,0.0147,0.0,0.0025,58.1395,0.0186,0.2156,0.9858,2
654maize_train_leaf blight.JPG,101.9711,110.8865,75.9582,37.9243,89.0867,115.7736,0.0212,0.0,0.1123,116.743,0.084,0.2334,0.98,2
655maize_train_leaf blight.JPG,113.635,122.1287,84.2508,39.8321,92.2721,128.3075,0.0288,0.0,0.0057,91.2915,0.0167,0.1835,0.9744,2
656maize_train_leaf blight.JPG,159.2533,164.287,120.6904,43.4521,88.5209,170.4704,0.0277,0.0064,0.0016,1286.2457,0.0088,0.0412,0.6991,2
657maize_train_leaf blight.JPG,146.3284,138.6741,88.1645,27.9333,109.464,151.1223,0.1089,0.001,0.0,71.4415,0.018,0.162,0.9678,2
658maize_train_leaf blight.JPG,147.2435,151.6622,108.2085,45.4715,91.0693,158.6465,0.0358,0.0098,0.0234,243.2808,0.0302,0.2477,0.9461,2
659maize_train_leaf blight.JPG,151.9716,156.439,112.7875,46.6602,89.8819,163.8359,0.0364,0.0104,0.0,43.8699,0.0356,0.3204,0.9887,2
65maize_train_leaf blight.JPG,106.529,112.9151,96.9512,61.5114,93.0491,124.0478,0.0537,0.0,0.0325,11.1676,0.0409,0.4698,0.9974,2
660maize_train_leaf blight.JPG,147.4008,132.4414,98.0876,23.9219,104.1676,153.4464,0.0694,0.0009,0.0166,1352.31,0.0075,0.035,0.7127,2
661maize_train_leaf blight.JPG,126.2901,130.6929,85.3242,33.3514,104.9879,138.9215,0.0476,0.001,0.0009,45.3418,0.0194,0.2488,0.9907,2
662maize_train_leaf blight.JPG,119.3682,107.3666,76.2475,23.1749,96.296,125.4043,0.076,0.0003,0.1379,199.3654,0.1077,0.2586,0.9706,2
663maize_train_leaf blight.JPG,139.239,122.7201,87.2223,23.6166,105.3306,145.496,0.0945,0.0004,0.0045,69.6376,0.0177,0.2126,0.9817,2
664maize_train_leaf blight.JPG,162.8764,166.9692,130.0722,63.4709,83.9611,171.2462,0.0273,0.0272,0.0022,1246.1625,0.0078,0.0389,0.7572,2
664maize_valid_leaf blight.JPG,129.2952,138.1416,87.4384,34.6555,113.7481,144.1292,0.0275,0.0381,0.0101,1578.0946,0.0077,0.0342,0.6543,2
665maize_train_leaf blight.JPG,121.735,129.8845,68.0882,40.1406,132.8799,133.5954,0.1177,0.0282,0.0,9.3468,0.0408,0.4514,0.9936,2
665maize_valid_leaf blight.JPG,121.5757,135.8461,74.3945,36.8367,123.3232,139.4622,0.0324,0.0399,0.0001,242.5591,0.0171,0.1562,0.932,2
666maize_train_leaf blight.JPG,138.8587,142.8034,105.6428,58.2936,89.0291,147.4735,0.0481,0.0436,0.0784,100.7173,0.0704,0.4071,0.9859,2
666maize_valid_leaf blight.JPG,112.9847,99.7846,78.7336,23.6148,106.0259,115.9388,0.0466,0.0005,0.1075,1347.0039,0.0074,0.0343,0.74,2
667maize_train_leaf blight.JPG,154.7245,158.7954,121.5366,64.9333,86.802,164.0254,0.0491,0.0435,0.0,27.8993,0.043,0.3889,0.9939,2
667maize_valid_leaf blight.JPG,149.0885,132.3005,102.3441,18.8688,84.9132,149.9239,0.091,0.0,0.0,37.1184,0.0298,0.3782,0.9782,2
668maize_train_leaf blight.JPG,144.0422,133.5581,101.7107,24.7137,95.2663,150.1472,0.0517,0.0006,0.0196,1358.4745,0.0076,0.0358,0.7167,2
668maize_valid_leaf blight.JPG,124.1163,106.2356,81.1226,16.9465,116.425,126.1359,0.0592,0.0055,0.1367,1287.8164,0.0071,0.0376,0.8381,2
669maize_train_leaf blight.JPG,140.6739,130.4886,97.6485,24.5888,88.2148,146.5898,0.0523,0.0007,0.0,23.1927,0.0286,0.3258,0.991,2
669maize_valid_leaf blight.JPG,122.0172,101.7097,74.475,16.9525,133.4874,124.4232,0.0617,0.0001,0.2438,117.4919,0.0366,0.3332,0.9887,2
66maize_train_leaf blight.JPG,102.2861,107.9462,100.5945,61.1112,75.9578,119.4917,0.029,0.0,0.1839,161.5449,0.1353,0.4187,0.9822,2
670maize_train_leaf blight.JPG,124.596,115.8286,85.033,24.6335,92.099,130.7134,0.048,0.0003,0.0878,204.1938,0.0621,0.2241,0.9657,2
670maize_valid_leaf blight.JPG,181.7295,188.8809,150.3241,59.3523,77.5233,194.8082,0.011,0.0059,0.0001,1112.0543,0.0099,0.0446,0.7637,2
671maize_train_leaf blight.JPG,135.2611,124.3028,91.2951,24.635,95.2521,141.579,0.0602,0.0003,0.0044,57.6349,0.0203,0.2428,0.9852,2
671maize_valid_leaf blight.JPG,145.3655,156.7043,98.1278,43.0256,113.7288,163.9384,0.0089,0.0122,0.0,21.8836,0.0369,0.3229,0.992,2
672maize_train_leaf blight.JPG,128.8153,112.5222,82.5724,22.3855,112.2198,133.4969,0.0752,0.0004,0.0374,1358.0574,0.0077,0.0342,0.7084,2
672maize_valid_leaf blight.JPG,170.4961,176.6084,138.0167,54.6229,77.8282,180.4004,0.013,0.0099,0.0014,1210.4061,0.0085,0.0422,0.765,2
673maize_train_leaf blight.JPG,129.5139,117.7263,83.8049,22.8155,103.603,134.5662,0.0477,0.0009,0.0347,20.542,0.0265,0.376,0.9968,2
674maize_train_leaf blight.JPG,111.8251,96.3392,66.6776,22.546,110.9591,116.4997,0.0934,0.0001,0.0849,148.0655,0.0474,0.2686,0.968,2
674maize_valid_leaf blight.JPG,139.524,132.679,103.9206,26.0175,90.3858,141.5642,0.0386,0.0013,0.077,1284.2599,0.0071,0.0381,0.8501,2
675maize_train_leaf blight.JPG,119.8879,102.5072,71.0233,22.3111,112.7144,124.7408,0.1024,0.0003,0.0273,54.2996,0.0201,0.2408,0.9853,2
675maize_valid_leaf blight.JPG,165.8486,153.2743,117.9323,22.9958,86.094,167.2343,0.0827,0.0,0.0073,68.3299,0.0188,0.2074,0.9908,2
676maize_train_leaf blight.JPG,120.5581,121.1479,85.1322,33.3582,105.6895,130.6495,0.0469,0.0008,0.0291,1351.5494,0.0079,0.0356,0.7117,2
676maize_valid_leaf blight.JPG,142.6795,134.6663,106.9005,24.7945,89.1482,144.211,0.0371,0.0,0.0783,1223.8296,0.0073,0.0402,0.8676,2
677maize_train_leaf blight.JPG,125.6265,125.1161,86.2116,32.9404,97.1589,135.1423,0.0761,0.0011,0.0,30.0441,0.0223,0.2781,0.9938,2
677maize_valid_leaf blight.JPG,184.605,166.9781,133.7138,19.6349,79.8298,184.7131,0.0966,0.0,0.0001,29.9552,0.0224,0.2824,0.9953,2
678maize_train_leaf blight.JPG,97.8525,99.7791,66.4828,31.6845,95.4781,107.1211,0.0574,0.0004,0.1327,123.2441,0.1039,0.2689,0.9802,2
678maize_valid_leaf blight.JPG,135.3953,127.8429,92.7457,24.7463,105.1008,137.879,0.0453,0.0019,0.0554,1280.4512,0.0071,0.0365,0.8191,2
679maize_train_leaf blight.JPG,111.3405,111.617,73.722,33.038,105.6933,121.8485,0.0712,0.0004,0.0005,45.9172,0.0228,0.2612,0.988,2
679maize_valid_leaf blight.JPG,132.0495,121.653,78.2732,23.7785,113.6384,133.5197,0.0892,0.0019,0.0066,6.5205,0.0356,0.5287,0.9985,2
67maize_train_leaf blight.JPG,126.1114,133.0792,127.6733,75.383,78.7636,147.494,0.0292,0.0,0.0285,32.9255,0.035,0.4122,0.9943,2
680maize_train_leaf blight.JPG,144.8991,127.4964,98.361,19.4402,99.1292,148.0561,0.0666,0.0015,0.0143,1336.2367,0.0077,0.0372,0.7387,2
680maize_valid_leaf blight.JPG,124.9151,119.5115,87.4896,26.0318,105.3408,127.9138,0.0265,0.0008,0.0842,1304.7382,0.0071,0.0354,0.822,2
681maize_train_leaf blight.JPG,164.4553,149.7117,109.7452,21.3564,92.0724,168.8012,0.1193,0.0004,0.0,23.5321,0.0294,0.3054,0.9956,2
681maize_valid_leaf blight.JPG,126.0466,124.866,77.9203,29.0094,113.943,130.1729,0.027,0.0003,0.0311,39.6934,0.0213,0.2846,0.9917,2
682maize_train_leaf blight.JPG,116.9282,102.4483,76.1307,18.2695,88.9906,119.9693,0.0811,0.0005,0.1629,76.8824,0.1342,0.3381,0.9903,2
682maize_valid_leaf blight.JPG,106.4065,136.3411,92.3995,45.5923,93.0078,139.3914,0.0013,0.0,0.0307,91.7036,0.0271,0.2735,0.9685,2
683maize_train_leaf blight.JPG,137.0098,118.3557,87.6231,19.3125,100.3128,140.3207,0.1014,0.0007,0.0037,46.636,0.0216,0.2421,0.9893,2
683maize_valid_leaf blight.JPG,108.0227,138.2945,93.6617,45.5369,91.8589,141.4941,0.0015,0.0,0.0129,26.3822,0.0305,0.3072,0.9895,2
684maize_train_leaf blight.JPG,140.0078,131.4165,85.8914,22.9774,125.5054,147.8291,0.0784,0.0146,0.0684,1290.632,0.0068,0.0367,0.8386,2
684maize_valid_leaf blight.JPG,114.5015,112.1728,76.2883,28.709,117.2088,118.6482,0.0225,0.0014,0.1161,1289.7323,0.0073,0.0353,0.813,2
685maize_train_leaf blight.JPG,167.6529,176.7997,107.4985,34.1643,111.0382,182.5985,0.0045,0.0272,0.0006,137.047,0.0144,0.123,0.9545,2
685maize_valid_leaf blight.JPG,114.7507,111.2825,69.7038,28.3183,120.6496,118.8742,0.0175,0.0002,0.1219,27.5306,0.0272,0.381,0.9959,2
686maize_train_leaf blight.JPG,127.9823,118.3095,71.6572,23.5077,131.6313,135.8171,0.0989,0.0191,0.1363,221.1067,0.0273,0.2255,0.9735,2
686maize_valid_leaf blight.JPG,93.9587,92.7877,59.686,30.4257,128.5046,98.4388,0.0251,0.0039,0.1859,1239.1688,0.0081,0.036,0.7749,2
687maize_train_leaf blight.JPG,132.0985,121.7048,73.5857,22.9796,131.6623,140.2166,0.1054,0.0211,0.1014,133.3355,0.0169,0.1878,0.9824,2
687maize_valid_leaf blight.JPG,88.3291,86.7267,48.8738,29.8926,134.4306,92.9573,0.0262,0.0,0.2154,29.2481,0.0302,0.3521,0.9942,2
688maize_train_leaf blight.JPG,181.6126,175.8418,130.1475,26.8179,91.171,188.0381,0.0489,0.004,0.0239,1140.9212,0.0085,0.0405,0.8398,2
688maize_valid_leaf blight.JPG,148.7079,142.6518,95.7548,27.6775,110.9724,153.7823,0.0968,0.0053,0.0092,1383.5786,0.0077,0.0357,0.6982,2
689maize_train_leaf blight.JPG,192.2997,196.4487,137.26,33.1687,84.8875,203.4591,0.0005,0.0057,0.0,69.2363,0.0205,0.1889,0.9632,2
689maize_valid_leaf blight.JPG,137.1588,127.0115,75.9479,25.6588,123.0414,141.2437,0.2718,0.0066,0.0,34.3211,0.0298,0.3072,0.9857,2
690maize_train_leaf blight.JPG,152.7369,146.2746,104.7334,24.3155,85.4607,158.8796,0.0513,0.0021,0.1869,219.543,0.1391,0.2763,0.9833,2
690maize_valid_leaf blight.JPG,128.0799,118.5174,80.2699,25.6809,113.3967,131.9117,0.0808,0.0054,0.037,1396.919,0.0079,0.0345,0.64,2
691maize_train_leaf blight.JPG,177.8855,168.8701,119.7985,26.158,98.4635,184.9312,0.0622,0.0027,0.0298,101.6381,0.0171,0.2017,0.9855,2
691maize_valid_leaf blight.JPG,123.4371,111.2603,72.8255,22.749,108.8795,125.0093,0.1592,0.0026,0.0028,30.9788,0.0262,0.2761,0.9835,2
692maize_valid_leaf blight.JPG,181.812,183.0375,156.9483,62.0569,60.6798,185.6239,0.0318,0.0097,0.0021,1108.1097,0.0095,0.0407,0.8173,2
693maize_valid_leaf blight.JPG,161.0367,162.4798,126.7651,53.1019,78.9913,165.353,0.0954,0.0072,0.0,27.9949,0.0479,0.4231,0.9946,2
694maize_valid_leaf blight.JPG,153.8552,162.7633,133.9067,63.1265,82.5019,168.631,0.0302,0.0008,0.0037,1239.9887,0.0081,0.0377,0.8085,2
695maize_valid_leaf blight.JPG,116.3641,124.1867,79.9159,43.113,110.3278,130.2316,0.0749,0.0008,0.0,37.1502,0.0349,0.3295,0.9849,2
696maize_valid_leaf blight.JPG,128.5171,119.787,83.6394,25.3173,107.6679,132.0855,0.0551,0.0234,0.0351,1459.4049,0.0075,0.0338,0.6743,2
697maize_valid_leaf blight.JPG,127.9498,115.1339,76.2616,22.1666,108.2047,129.9067,0.1099,0.0348,0.0057,86.7625,0.0191,0.2182,0.9708,2
698maize_valid_leaf blight.JPG,130.0046,128.2743,95.3192,30.2139,90.7848,134.9864,0.0261,0.0014,0.032,1387.7546,0.0075,0.0336,0.7028,2
699maize_valid_leaf blight.JPG,126.9765,121.9673,95.5203,27.2355,73.6042,130.0786,0.0238,0.0,0.0,11.823,0.0302,0.447,0.9967,2
6maize_train_leaf blight.JPG,159.4727,159.3112,153.2193,78.1498,66.149,174.8005,0.0773,0.0,0.0259,149.1614,0.0597,0.4448,0.9768,2
6maize_valid_leaf blight.JPG,118.1039,128.5167,86.0343,36.9659,102.3494,133.4616,0.0114,0.0015,0.0688,170.6112,0.0148,0.1827,0.9758,2
700maize_valid_leaf blight.JPG,126.8994,128.0038,98.4016,33.3521,87.4049,134.2501,0.0244,0.0004,0.0306,1387.0378,0.0074,0.0343,0.7533,2
701maize_valid_leaf blight.JPG,133.2091,133.8753,104.4665,32.3474,75.1364,138.9888,0.0366,0.0,0.0013,87.0088,0.0155,0.1978,0.9858,2
702maize_valid_leaf blight.JPG,137.9122,125.916,90.6317,22.8549,106.8822,140.6933,0.0752,0.0062,0.0167,1396.1366,0.0077,0.0346,0.7085,2
703maize_valid_leaf blight.JPG,124.6718,109.8208,75.6785,23.2636,104.9997,127.6352,0.1351,0.0055,0.0001,50.9993,0.0222,0.1922,0.9695,2
704maize_valid_leaf blight.JPG,174.0318,172.2479,134.137,56.8936,83.9233,177.0989,0.0655,0.0189,0.001,1188.2525,0.0088,0.0389,0.7888,2
705maize_valid_leaf blight.JPG,147.506,145.755,90.9778,44.7035,118.3462,151.2358,0.1969,0.0094,0.0,23.0149,0.0392,0.3509,0.9942,2
706maize_valid_leaf blight.JPG,101.0679,121.6686,83.5321,40.4805,86.0747,124.7246,0.0006,0.0,0.1341,152.8419,0.1049,0.3141,0.971,2
707maize_valid_leaf blight.JPG,113.4659,138.1785,92.0481,44.3684,95.8057,141.4353,0.001,0.0,0.0017,37.7065,0.0335,0.3203,0.9797,2
708maize_valid_leaf blight.JPG,181.9791,188.0849,162.0136,27.6371,49.8393,191.6764,0.0016,0.004,0.0465,126.4241,0.315,0.4977,0.9852,2
709maize_valid_leaf blight.JPG,192.0191,198.4318,171.7244,28.1127,48.2954,202.2646,0.0019,0.004,0.0,43.4908,0.3397,0.4851,0.9923,2
710maize_valid_leaf blight.JPG,142.9164,132.708,103.5545,22.5677,95.3973,145.8444,0.0345,0.0049,0.0381,1375.9182,0.007,0.036,0.8192,2
711maize_valid_leaf blight.JPG,154.8758,144.3384,114.6639,22.1755,79.998,157.2653,0.0213,0.0027,0.022,51.0445,0.0179,0.231,0.9924,2
772maize_valid_leaf blight.JPG,163.8973,145.8738,116.0431,19.0452,94.1716,166.1256,0.0782,0.0012,0.0056,1229.4588,0.0077,0.0411,0.8371,2
773maize_valid_leaf blight.JPG,182.2584,167.4075,129.2811,20.9277,84.6991,186.4962,0.0253,0.0031,0.0,51.9776,0.024,0.3012,0.9907,2
774maize_valid_leaf blight.JPG,145.4413,127.7315,101.6779,17.6385,102.2031,147.2493,0.0316,0.0028,0.0425,1275.012,0.0072,0.0382,0.858,2
775maize_valid_leaf blight.JPG,167.2028,147.0084,120.5439,17.6538,79.9392,168.3395,0.0071,0.0009,0.0,32.116,0.0499,0.4803,0.9959,2
776maize_valid_leaf blight.JPG,129.4509,111.6289,87.4921,17.2901,109.2351,130.744,0.0352,0.0039,0.0569,1319.2115,0.0075,0.0362,0.8375,2
777maize_valid_leaf blight.JPG,135.1545,113.1688,84.9045,16.1607,106.5684,135.5478,0.0326,0.0137,0.0058,110.4887,0.0351,0.2949,0.9854,2
778maize_valid_leaf blight.JPG,138.4682,126.2663,95.1637,26.4707,103.4543,145.8001,0.0826,0.0028,0.0118,1354.6531,0.0077,0.0355,0.7456,2
779maize_valid_leaf blight.JPG,126.3461,118.5283,82.2823,27.5253,107.289,135.3351,0.0855,0.0032,0.0,83.0819,0.03,0.2688,0.9808,2
796maize_valid_leaf blight.JPG,148.3872,129.6757,96.9289,20.6395,108.9698,152.54,0.1011,0.0004,0.007,1324.3862,0.0074,0.0367,0.7822,2
797maize_valid_leaf blight.JPG,162.4061,155.6177,113.6193,26.281,91.1977,168.8326,0.016,0.0015,0.0,35.1201,0.0232,0.2912,0.9937,2
798maize_valid_leaf blight.JPG,148.5524,128.2284,94.8999,21.1723,109.3777,153.3998,0.0917,0.0002,0.0067,1398.2374,0.0076,0.0342,0.689,2
799maize_valid_leaf blight.JPG,131.6415,122.4492,85.0124,26.2219,104.069,138.7341,0.066,0.0003,0.0,78.1507,0.0197,0.2271,0.98,2
7maize_train_leaf blight.JPG,164.1654,163.9455,157.6503,78.7523,64.2793,180.0282,0.0806,0.0,0.0,59.0913,0.0578,0.4335,0.9889,2
7maize_valid_leaf blight.JPG,119.2896,129.9247,86.7769,36.9703,101.9366,134.9946,0.0125,0.0017,0.0559,190.2167,0.0136,0.161,0.9722,2
800maize_valid_leaf blight.JPG,137.0744,115.853,86.6211,21.2694,112.0311,141.9189,0.0994,0.0007,0.0193,1405.4021,0.0078,0.0339,0.6613,2
801maize_valid_leaf blight.JPG,142.5941,120.1926,85.2858,23.4876,109.3385,148.1092,0.0716,0.0,0.0001,33.5818,0.0294,0.3251,0.9868,2
802maize_valid_leaf blight.JPG,138.2656,125.5435,91.5256,25.8772,106.9533,144.8067,0.0763,0.0004,0.0149,1397.2108,0.0079,0.034,0.6614,2
803maize_valid_leaf blight.JPG,108.2654,109.6666,73.8449,32.5785,101.3345,117.9253,0.0522,0.0001,0.0006,42.8176,0.0231,0.2321,0.9789,2
828maize_valid_leaf blight.JPG,141.4066,130.6099,100.6825,21.0561,79.9249,144.4499,0.0559,0.0178,0.1524,196.3421,0.1187,0.281,0.9812,2
829maize_valid_leaf blight.JPG,156.1334,146.9543,109.7518,24.3993,91.218,161.6901,0.0629,0.0244,0.025,94.2989,0.0181,0.2421,0.9856,2
830maize_valid_leaf blight.JPG,159.4537,120.4296,75.7586,15.5952,148.4519,159.454,0.3073,0.0027,0.0048,1399.0358,0.0075,0.0336,0.6943,2
831maize_valid_leaf blight.JPG,158.7435,117.2739,67.7016,16.1907,152.5607,158.7435,0.3587,0.0069,0.0,100.0633,0.0175,0.1905,0.9684,2
832maize_valid_leaf blight.JPG,127.656,149.1541,80.8314,38.5532,130.3456,152.4596,0.0085,0.0283,0.0157,1462.1431,0.0085,0.0321,0.5267,2
833maize_valid_leaf blight.JPG,127.8244,136.1403,77.8655,32.1974,117.5298,143.5331,0.0217,0.053,0.0559,109.7671,0.0198,0.2002,0.9581,2
834maize_valid_leaf blight.JPG,129.3781,149.4423,83.0561,38.1734,127.8997,152.8791,0.0098,0.0201,0.0168,1445.7827,0.0084,0.0331,0.5615,2
835maize_valid_leaf blight.JPG,117.4044,134.9571,62.6069,36.0129,141.4136,139.5923,0.0219,0.029,0.0792,52.2727,0.0305,0.2909,0.9797,2
856maize_valid_leaf blight.JPG,88.4063,108.8205,91.3407,73.0455,81.3988,111.2626,0.0016,0.0,0.0672,1456.6492,0.0084,0.0328,0.5876,2
857maize_valid_leaf blight.JPG,76.0903,103.9493,83.2361,69.7555,93.5662,106.196,0.0049,0.0002,0.0001,95.8025,0.0231,0.1975,0.9507,2
858maize_valid_leaf blight.JPG,158.1392,167.9836,157.8625,79.9796,70.2141,178.0492,0.0182,0.0021,0.0115,1198.0325,0.0082,0.0382,0.833,2
859maize_valid_leaf blight.JPG,136.5648,146.975,130.1282,73.2796,89.2052,159.0683,0.045,0.002,0.0,19.2512,0.0439,0.4662,0.9969,2
860maize_valid_leaf blight.JPG,119.5697,134.9671,89.8263,42.2493,103.0823,140.2196,0.0214,0.0027,0.023,1454.4687,0.0084,0.0341,0.5548,2
861maize_valid_leaf blight.JPG,110.9457,132.8335,81.7021,44.1033,105.5026,136.6154,0.0169,0.0042,0.0001,25.4386,0.0328,0.2848,0.9795,2
862maize_valid_leaf blight.JPG,112.4253,136.6701,96.2821,59.2089,93.063,139.8628,0.0069,0.002,0.0129,1435.4215,0.0087,0.0338,0.5003,2
863maize_valid_leaf blight.JPG,99.6263,134.7543,80.7845,56.2131,109.2468,136.5219,0.0047,0.0026,0.0,35.0238,0.0322,0.2491,0.973,2
872maize_valid_leaf blight.JPG,113.3889,113.0698,82.0888,36.0851,95.0612,123.5231,0.0328,0.006,0.0857,1341.5545,0.0076,0.0348,0.7225,2
873maize_valid_leaf blight.JPG,122.2227,117.6207,78.6982,38.739,102.7077,134.4503,0.1054,0.0173,0.0329,25.6616,0.0239,0.3013,0.9925,2
874maize_valid_leaf blight.JPG,127.3273,121.8557,84.9374,30.7173,106.5357,134.0883,0.0563,0.0057,0.0485,1413.8377,0.0076,0.0334,0.7227,2
875maize_valid_leaf blight.JPG,130.6238,117.2535,78.9982,32.1439,107.9402,137.2264,0.156,0.0027,0.0027,47.0606,0.0265,0.2782,0.9793,2
876maize_valid_leaf blight.JPG,111.6246,117.7421,80.1432,33.51,108.9541,122.8736,0.0157,0.002,0.0694,1436.5643,0.0074,0.0339,0.7441,2
877maize_valid_leaf blight.JPG,111.5622,122.5227,73.4072,35.6749,114.6773,126.9205,0.0106,0.0049,0.0522,49.2905,0.0259,0.3766,0.9897,2
878maize_valid_leaf blight.JPG,100.7993,98.1063,69.146,30.8874,94.4154,111.5752,0.0698,0.0,0.1321,221.3203,0.1004,0.2474,0.9585,2
879maize_valid_leaf blight.JPG,117.6004,111.3678,79.4743,31.649,101.1814,128.9068,0.0874,0.0,0.0045,89.9728,0.0204,0.2093,0.971,2
880maize_valid_leaf blight.JPG,124.0741,142.7834,95.1526,40.0253,102.2707,145.729,0.0052,0.0072,0.0121,1420.2324,0.0077,0.0332,0.6684,2
881maize_valid_leaf blight.JPG,107.8982,138.5082,91.7224,50.2934,98.2336,139.9268,0.0005,0.0013,0.0042,38.1747,0.0324,0.2985,0.9876,2
882maize_valid_leaf blight.JPG,128.583,143.7423,72.2905,33.7401,141.7399,148.9503,0.015,0.0487,0.031,1422.0094,0.0077,0.0329,0.6677,2
883maize_valid_leaf blight.JPG,138.3747,148.2839,69.9833,31.8604,144.98,156.5644,0.0251,0.1128,0.0006,110.0617,0.0181,0.1729,0.9562,2
884maize_valid_leaf blight.JPG,129.9721,140.7636,67.5374,31.8003,147.0357,147.0536,0.0192,0.0777,0.0409,1361.52,0.0075,0.0338,0.7151,2
885maize_valid_leaf blight.JPG,137.2387,155.7589,55.3218,33.676,172.9955,162.3408,0.0169,0.1355,0.0,40.3721,0.0274,0.2655,0.9787,2
886maize_valid_leaf blight.JPG,116.7677,123.469,67.3165,33.4295,130.4867,128.3473,0.0214,0.0739,0.0886,1344.8944,0.0072,0.0337,0.7604,2
887maize_valid_leaf blight.JPG,133.7828,138.5348,63.0407,32.477,140.2736,145.831,0.0166,0.2214,0.0514,24.4279,0.0248,0.37,0.9955,2
88maize_valid_leaf blight.JPG,157.822,159.6381,154.3105,76.3386,67.6333,173.2786,0.0465,0.0,0.0263,1315.9617,0.0075,0.0352,0.8048,2
898maize_valid_leaf blight.JPG,191.1426,196.3416,174.7893,68.0238,50.5512,200.8479,0.0096,0.0018,0.0002,1003.5819,0.0126,0.053,0.8004,2
899maize_valid_leaf blight.JPG,163.0136,169.4631,132.9662,54.9449,79.123,176.7629,0.0079,0.0078,0.0,63.0059,0.0429,0.2922,0.9841,2
89maize_valid_leaf blight.JPG,127.3215,124.2621,102.784,53.8451,102.2849,139.4812,0.137,0.0,0.0154,139.5486,0.0251,0.2381,0.9699,2
8maize_train_leaf blight.JPG,158.4487,157.3148,146.2039,72.1852,65.9117,168.972,0.0485,0.0,0.014,1249.127,0.0077,0.037,0.8093,2
8maize_valid_leaf blight.JPG,176.6564,176.2227,174.4473,83.9025,51.4962,190.3117,0.0371,0.0,0.0075,1193.6081,0.0088,0.0364,0.7843,2
902maize_valid_leaf blight.JPG,181.0424,186.7937,163.5158,67.3311,56.5387,191.7723,0.0075,0.0016,0.0004,1106.1205,0.01,0.0467,0.7911,2
903maize_valid_leaf blight.JPG,169.6847,175.7052,147.9576,62.7857,68.8261,183.3674,0.0094,0.0044,0.0,19.9905,0.0761,0.4523,0.9961,2
908maize_valid_leaf blight.JPG,168.8416,174.1484,164.3551,80.4778,60.1315,183.3298,0.0238,0.001,0.0131,1158.0451,0.0087,0.0377,0.8395,2
909maize_valid_leaf blight.JPG,160.7452,166.2942,159.2573,82.7501,66.1271,180.0151,0.0517,0.0012,0.0,26.1572,0.0539,0.4799,0.9958,2
90maize_valid_leaf blight.JPG,154.5003,140.1717,99.042,22.9869,100.3083,162.8652,0.0645,0.005,0.1021,167.6668,0.0767,0.2527,0.977,2
912maize_valid_leaf blight.JPG,156.7109,163.6556,154.0532,79.9772,69.8185,175.7909,0.0282,0.0021,0.007,1328.8254,0.0078,0.0349,0.744,2
913maize_valid_leaf blight.JPG,127.0188,130.28,97.9355,53.792,106.323,142.4756,0.126,0.0044,0.0,92.2746,0.0278,0.272,0.9701,2
916maize_valid_leaf blight.JPG,168.5797,175.2361,169.0493,85.7508,56.2622,185.5045,0.0224,0.0015,0.0047,1196.7981,0.0082,0.0384,0.7823,2
917maize_valid_leaf blight.JPG,151.9507,161.7522,153.8024,81.8333,70.3713,175.0853,0.0332,0.0,0.0,20.3575,0.058,0.5457,0.9961,2
918maize_valid_leaf blight.JPG,101.1726,102.9612,70.987,30.123,96.7119,109.3632,0.0305,0.004,0.1546,211.614,0.1005,0.2527,0.9737,2
919maize_valid_leaf blight.JPG,112.9318,113.1325,78.0444,31.2764,106.3783,121.907,0.043,0.004,0.0341,421.9716,0.0143,0.1442,0.9296,2
91maize_valid_leaf blight.JPG,171.6066,154.1507,109.3925,23.1458,103.7954,180.2744,0.0888,0.0055,0.0,76.4257,0.0185,0.1834,0.9765,2
920maize_train_leaf blight.JPG,149.8586,140.2828,93.5444,23.3982,115.5015,156.2355,0.0672,0.0084,0.0045,1438.2363,0.0078,0.0326,0.6389,2
920maize_valid_leaf blight.JPG,160.1098,167.5612,154.5362,78.7825,72.2633,180.0771,0.0254,0.004,0.0034,1276.0825,0.0078,0.0353,0.7192,2
921maize_train_leaf blight.JPG,164.1838,145.9022,105.6882,19.0325,93.9831,165.9641,0.043,0.0146,0.0,95.9487,0.0249,0.28,0.9658,2
921maize_valid_leaf blight.JPG,138.3782,142.6632,118.5009,62.6742,90.4371,157.0226,0.1046,0.0015,0.0,21.9781,0.0455,0.493,0.9894,2
922maize_train_leaf blight.JPG,121.0619,111.6887,71.1871,20.7837,104.5131,126.4926,0.0879,0.0095,0.1687,76.6687,0.1428,0.4333,0.9891,2
922maize_valid_leaf blight.JPG,121.8562,127.4316,113.7382,52.7377,64.1418,135.7685,0.0033,0.0,0.0538,121.4912,0.038,0.2439,0.9734,2
923maize_train_leaf blight.JPG,141.0512,130.6648,82.2566,23.1462,118.1771,147.5279,0.0978,0.0121,0.0,117.7155,0.0279,0.3017,0.9582,2
923maize_valid_leaf blight.JPG,130.2309,135.3462,120.8352,54.1481,62.4977,144.4608,0.0039,0.0,0.0,100.8151,0.0182,0.1934,0.9683,2
924maize_train_leaf blight.JPG,199.6295,202.8103,183.6219,73.6314,45.291,207.1922,0.0161,0.0017,0.0002,944.4785,0.015,0.0568,0.81,2
924maize_valid_leaf blight.JPG,148.655,148.0141,135.0246,64.1999,77.4478,158.9233,0.0388,0.0,0.0396,1260.6834,0.0078,0.037,0.8632,2
925maize_train_leaf blight.JPG,194.3817,197.521,178.2681,72.6388,54.0272,205.5337,0.02,0.0025,0.0,56.6353,0.1098,0.4345,0.9901,2
925maize_valid_leaf blight.JPG,116.5596,115.7635,92.8365,49.3566,97.3604,127.3406,0.0468,0.0,0.0004,92.0742,0.021,0.2185,0.9842,2
926maize_train_leaf blight.JPG,175.0455,178.9449,164.9774,70.4487,48.3473,186.1738,0.0176,0.0019,0.1072,181.8333,0.1347,0.5183,0.985,2
926maize_valid_leaf blight.JPG,173.8118,169.8791,139.4626,49.6371,59.6177,176.7656,0.0097,0.0793,0.1477,147.7202,0.134,0.5005,0.9886,2
927maize_train_leaf blight.JPG,196.7004,201.1643,185.3967,77.7818,50.3749,209.4136,0.0193,0.0034,0.0,74.9481,0.1079,0.4343,0.986,2
927maize_valid_leaf blight.JPG,202.8336,198.1674,165.9292,61.0474,61.8511,206.3259,0.0118,0.0831,0.0,23.8856,0.062,0.4492,0.9945,2
928maize_train_leaf blight.JPG,174.1639,178.9534,138.6773,51.675,80.736,183.0473,0.0133,0.0292,0.0015,1150.7682,0.0089,0.0422,0.806,2
929maize_train_leaf blight.JPG,142.8168,150.3998,100.0432,48.2037,107.0922,155.6345,0.0198,0.0565,0.0,19.1629,0.0331,0.3723,0.9963,2
92maize_valid_leaf blight.JPG,199.8742,199.2441,187.6552,75.9945,44.7913,207.8745,0.029,0.0,0.0036,1094.2191,0.0134,0.05,0.8007,2
930maize_train_leaf blight.JPG,160.1524,164.5278,125.256,54.6492,82.3618,169.3518,0.0095,0.0581,0.0451,158.9442,0.0501,0.3753,0.9797,2
931maize_train_leaf blight.JPG,168.1899,172.7507,132.0163,57.3302,83.024,177.9104,0.0107,0.0601,0.0,53.4419,0.0415,0.3309,0.9908,2
932maize_train_leaf blight.JPG,145.2383,149.557,88.676,30.1819,124.5314,157.6364,0.0432,0.0176,0.0065,1395.0794,0.0077,0.0332,0.6756,2
933maize_train_leaf blight.JPG,139.8596,145.5364,82.9154,30.7163,121.1696,153.9082,0.0743,0.022,0.001,68.4736,0.0244,0.3083,0.9722,2
934maize_train_leaf blight.JPG,112.0713,115.2316,63.3175,27.2078,114.4689,122.7905,0.0617,0.0199,0.1572,71.0173,0.1309,0.3995,0.9893,2
935maize_train_leaf blight.JPG,136.3805,140.6496,77.1658,30.0592,128.1771,149.2516,0.0694,0.0238,0.0006,96.7138,0.0211,0.2767,0.9705,2
936maize_train_leaf blight.JPG,131.2983,140.5053,92.0334,32.8955,111.7138,144.4892,0.0119,0.0303,0.061,1271.9843,0.007,0.0373,0.8428,2
937maize_train_leaf blight.JPG,69.314,87.673,44.4597,40.1637,131.4256,89.7331,0.0009,0.0054,0.0613,15.0893,0.047,0.5182,0.9911,2
938maize_train_leaf blight.JPG,107.0173,117.0527,70.0478,31.178,105.6045,120.1527,0.0106,0.0312,0.1879,141.6967,0.1277,0.2959,0.9864,2
939maize_train_leaf blight.JPG,122.739,132.3643,80.1727,32.998,115.1784,136.6869,0.0149,0.0326,0.0751,100.0446,0.0162,0.2141,0.9871,2
93maize_valid_leaf blight.JPG,206.3283,209.6979,209.6115,87.9836,43.1095,224.7858,0.0172,0.0,0.0,67.635,0.1207,0.5703,0.9832,2
940maize_train_leaf blight.JPG,151.769,144.3075,102.3349,22.9719,97.307,153.9019,0.0212,0.0058,0.0575,1169.6505,0.0081,0.0438,0.8709,2
941maize_train_leaf blight.JPG,208.733,196.9131,129.9732,24.3721,98.7109,209.8731,0.0277,0.0102,0.0,34.956,0.0675,0.4244,0.9946,2
942maize_train_leaf blight.JPG,127.3247,118.7208,80.1654,20.3216,86.2014,128.7642,0.0229,0.0065,0.2083,154.769,0.143,0.3954,0.9886,2
943maize_train_leaf blight.JPG,146.9728,137.5002,91.2823,22.7352,99.1728,149.1646,0.03,0.0085,0.0552,68.0297,0.0268,0.2832,0.9928,2
944maize_train_leaf blight.JPG,143.5407,134.6038,98.6942,21.6213,94.0119,145.72,0.0252,0.005,0.0619,1266.8044,0.007,0.0371,0.8306,2
944maize_valid_leaf blight.JPG,99.505,108.9002,65.5754,31.2722,100.8084,111.8959,0.0066,0.0057,0.1809,124.1701,0.137,0.2704,0.9842,2
945maize_train_leaf blight.JPG,174.3403,157.2522,112.7625,20.6787,92.4307,175.2225,0.0267,0.0165,0.0492,41.0949,0.0253,0.2947,0.9946,2
945maize_valid_leaf blight.JPG,118.12,127.448,77.0216,34.1954,113.4641,131.7419,0.0098,0.0074,0.0223,159.0314,0.014,0.1474,0.9674,2
946maize_train_leaf blight.JPG,125.5705,114.4873,80.5375,19.7728,90.3936,127.2494,0.0272,0.008,0.1457,73.4653,0.0775,0.3415,0.9919,2
947maize_train_leaf blight.JPG,136.7217,125.4473,87.7087,21.311,93.7259,138.9327,0.0307,0.0092,0.0614,37.8327,0.0211,0.3001,0.9946,2
948maize_train_leaf blight.JPG,158.0906,157.4028,110.8923,27.4499,93.9148,164.0667,0.0107,0.0072,0.0454,1228.2459,0.008,0.043,0.8492,2
948maize_valid_leaf blight.JPG,135.5791,135.1924,88.4541,28.9575,105.6924,143.5801,0.0103,0.0159,0.0934,147.9753,0.0313,0.2443,0.9787,2
949maize_train_leaf blight.JPG,137.8217,139.7139,89.1548,29.643,102.2987,146.3772,0.0118,0.0108,0.026,24.2032,0.0269,0.3976,0.9955,2
949maize_valid_leaf blight.JPG,140.2827,139.813,91.4909,29.0116,104.4008,148.7037,0.0114,0.0171,0.0633,101.0435,0.0162,0.2144,0.9832,2
94maize_valid_leaf blight.JPG,132.4044,114.8838,82.2048,23.3984,106.9805,136.9993,0.1076,0.0005,0.0657,156.7302,0.0445,0.2551,0.9682,2
950maize_train_leaf blight.JPG,140.4674,138.7524,92.5724,26.3135,92.2371,146.2297,0.0132,0.0073,0.1345,179.6292,0.077,0.3121,0.984,2
951maize_train_leaf blight.JPG,153.1709,151.1081,100.302,27.1714,96.2929,159.3453,0.0149,0.0088,0.0423,121.1432,0.0214,0.2545,0.9855,2
952maize_train_leaf blight.JPG,125.6896,131.7598,79.2456,30.4979,124.9249,137.2415,0.0131,0.0105,0.0758,1352.1447,0.0069,0.0348,0.8081,2
952maize_valid_leaf blight.JPG,160.1142,166.921,132.0483,42.8376,65.1392,172.1144,0.0032,0.0044,0.0,33.6437,0.0622,0.3179,0.9914,2
953maize_train_leaf blight.JPG,120.5089,126.0224,69.4364,30.2734,127.1255,132.1933,0.0153,0.0156,0.0875,80.4558,0.0172,0.2287,0.9872,2
953maize_valid_leaf blight.JPG,138.4275,153.2887,107.1588,55.496,110.1809,160.4472,0.0305,0.0226,0.0003,18.1307,0.0476,0.405,0.9969,2
954maize_train_leaf blight.JPG,116.1813,122.0859,66.5051,30.5122,129.0589,128.1911,0.0138,0.0157,0.0897,109.2041,0.019,0.2471,0.9825,2
955maize_train_leaf blight.JPG,116.2928,122.2114,66.5513,30.4795,129.1302,128.3628,0.0144,0.0156,0.0895,112.6003,0.0164,0.2053,0.9821,2
956maize_train_leaf blight.JPG,119.8918,128.5786,71.1056,33.2316,135.8175,134.4801,0.0218,0.0133,0.0441,1335.1837,0.0074,0.0347,0.7316,2
957maize_train_leaf blight.JPG,136.8834,142.2915,73.3222,31.141,132.963,150.6165,0.0273,0.0429,0.0005,56.2122,0.0248,0.2877,0.9784,2
958maize_train_leaf blight.JPG,97.1311,104.2031,51.8784,29.7359,123.7629,109.6574,0.0228,0.0196,0.1684,100.8822,0.1331,0.3469,0.9846,2
959maize_train_leaf blight.JPG,110.0359,118.6605,58.2695,32.8172,141.239,125.0636,0.025,0.0234,0.0257,60.8673,0.0214,0.259,0.9845,2
95maize_valid_leaf blight.JPG,141.2031,121.8994,87.0819,23.1852,108.428,145.9711,0.1209,0.0004,0.0006,106.7351,0.0186,0.2286,0.9679,2
960maize_train_leaf blight.JPG,171.3931,175.42,150.5727,66.7875,64.6633,180.1941,0.0191,0.0175,0.0058,1191.821,0.0082,0.0384,0.8032,2
961maize_train_leaf blight.JPG,143.6347,148.1801,106.7821,52.3284,99.7358,153.8329,0.056,0.0226,0.0007,39.5046,0.0471,0.3447,0.9937,2
962maize_train_leaf blight.JPG,155.6174,159.1135,134.7327,65.8918,66.1809,164.2991,0.0224,0.0221,0.0556,181.4261,0.0601,0.4131,0.9774,2
963maize_train_leaf blight.JPG,164.3507,168.3006,142.977,70.1434,67.0098,173.9035,0.0232,0.0242,0.0002,49.2626,0.0443,0.3829,0.9911,2
96maize_valid_leaf blight.JPG,126.7213,137.6089,99.7296,39.7758,92.9386,141.3816,0.0092,0.0001,0.038,1402.7848,0.0072,0.0342,0.7475,2
978maize_valid_leaf blight.JPG,127.4081,120.1411,76.4174,25.6088,114.1003,133.0494,0.0617,0.0204,0.0166,107.2898,0.0188,0.223,0.9796,2
979maize_valid_leaf blight.JPG,137.049,147.591,71.8109,35.0779,142.3211,154.9,0.0297,0.1151,0.0,222.7531,0.0163,0.1768,0.9123,2
97maize_valid_leaf blight.JPG,121.623,130.1914,92.5896,38.7214,87.8439,136.0703,0.0067,0.0,0.0,41.8197,0.0241,0.2585,0.9902,2
980maize_valid_leaf blight.JPG,138.0851,147.593,99.6796,35.4493,92.5162,152.6829,0.0061,0.0055,0.0053,136.0179,0.0174,0.1963,0.9465,2
981maize_valid_leaf blight.JPG,92.7011,134.1196,100.7936,68.2781,92.059,136.045,0.0001,0.0,0.034,212.4356,0.0183,0.1504,0.9173,2
98maize_valid_leaf blight.JPG,133.812,132.1749,97.6132,26.3676,87.6355,140.7208,0.0126,0.007,0.101,220.7102,0.0231,0.2529,0.9806,2
994maize_valid_leaf blight.JPG,112.2953,115.8539,84.1435,41.9367,92.6557,126.7994,0.034,0.0015,0.0018,82.9706,0.0202,0.2218,0.9767,2
995maize_valid_leaf blight.JPG,120.9777,123.3542,99.5012,52.719,79.9875,134.3585,0.0478,0.0025,0.0,30.0941,0.0287,0.2863,0.9799,2
996maize_valid_leaf blight.JPG,117.9857,125.0418,69.1018,32.9671,132.7103,131.2759,0.0592,0.0007,0.0,24.4381,0.0273,0.326,0.9938,2
997maize_valid_leaf blight.JPG,97.6985,115.7319,89.4787,68.1111,66.045,118.7252,0.0001,0.0007,0.0266,129.4434,0.0217,0.2395,0.953,2
998maize_valid_leaf blight.JPG,111.3791,115.5982,98.5211,75.2758,77.7255,131.1605,0.0061,0.0045,0.0005,96.5516,0.0232,0.1977,0.9373,2
999maize_valid_leaf blight.JPG,118.2134,129.9135,110.8913,67.4746,99.7333,141.6914,0.0499,0.0012,0.0,41.9061,0.04,0.3762,0.9927,2
99maize_valid_leaf blight.JPG,134.7446,132.9964,98.1533,26.1665,86.6469,141.7731,0.0139,0.0063,0.091,84.1427,0.0218,0.2601,0.9925,2
9maize_train_leaf blight.JPG,131.4605,125.7996,99.5098,48.5863,94.5367,139.3682,0.1602,0.0,0.0,30.3524,0.0324,0.3404,0.9932,2
9maize_valid_leaf blight.JPG,156.0636,156.428,157.1513,81.2744,64.2475,175.9223,0.0843,0.0,0.0,7.5683,0.168,0.6476,0.9983,2
leaf blight1000_.jpg,146.7656,141.2472,73.8954,28.1818,136.9687,150.0389,0.1281,0.0398,0.0,84.7061,0.0199,0.2283,0.9742,2
leaf blight1001_.jpg,152.0708,115.7142,59.2872,18.1283,162.2392,152.2046,0.3169,0.0166,0.0004,39.2972,0.0217,0.2707,0.9893,2
leaf blight1002_.jpg,165.6573,125.5032,69.6239,17.4198,153.8826,165.7302,0.353,0.0137,0.0,74.8316,0.0187,0.2151,0.9789,2
leaf blight1003_.jpg,143.5243,109.5935,58.696,18.1884,159.3736,144.6231,0.3222,0.0017,0.0001,50.8728,0.0234,0.2516,0.9874,2
leaf blight1004_.jpg,142.3538,113.0297,60.8393,19.539,153.3652,143.961,0.2817,0.0021,0.0,63.4904,0.0252,0.2648,0.9818,2
leaf blight1005_.jpg,151.5833,110.3943,63.13,15.8346,156.0247,151.5835,0.3467,0.0054,0.0,118.2456,0.018,0.2018,0.9667,2
leaf blight1006_.jpg,148.4987,108.1641,61.1079,16.0296,156.4237,148.499,0.3946,0.0036,0.0,104.2289,0.0182,0.1865,0.966,2
leaf blight1007_.jpg,147.7568,107.695,59.7938,16.2023,156.3918,147.7588,0.4427,0.0029,0.0,82.2977,0.02,0.208,0.9639,2
leaf blight1008_.jpg,148.3895,109.8712,58.3257,17.1128,159.0134,148.3896,0.636,0.0,0.0,76.7015,0.0215,0.1882,0.9553,2
leaf blight1009_.jpg,142.4545,103.8309,55.4331,16.5943,160.8562,142.4549,0.5954,0.0,0.0,84.9336,0.0224,0.2157,0.9565,2
leaf blight100_.jpg,139.0314,148.0459,119.0211,60.6164,102.2844,160.4726,0.0433,0.0078,0.0007,66.9655,0.0369,0.3276,0.986,2
leaf blight1010_.jpg,157.0305,116.5241,58.779,17.5455,162.5326,157.0338,0.6094,0.0022,0.0,73.7881,0.0226,0.2039,0.9523,2
leaf blight1011_.jpg,145.6141,129.9808,57.6731,24.9278,162.3693,149.8337,0.2253,0.1263,0.0,34.8516,0.0291,0.4092,0.9908,2
leaf blight1012_.jpg,159.1245,162.644,124.7407,35.0218,76.1526,173.1251,0.008,0.0005,0.0,28.7101,0.023,0.309,0.9913,2
leaf blight101_.jpg,154.8826,163.912,140.5358,52.5867,53.7202,168.1376,0.0036,0.0006,0.0005,81.5512,0.0648,0.3374,0.9861,2
leaf blight102_.jpg,137.6491,145.91,125.8381,63.7484,56.6162,150.5526,0.007,0.0001,0.0059,91.7541,0.0448,0.3249,0.9865,2
leaf blight103_.jpg,159.8698,166.4521,143.189,48.4787,53.0632,170.9537,0.0053,0.0002,0.0,67.1223,0.0737,0.3733,0.988,2
leaf blight104_.jpg,140.643,146.9788,123.6418,48.5828,53.8417,151.8241,0.0101,0.0003,0.0,61.5929,0.0271,0.305,0.9726,2
leaf blight105_.jpg,172.8136,184.6847,154.1102,65.7126,72.3774,192.0552,0.0011,0.0113,0.0,27.0191,0.0435,0.3691,0.9956,2
leaf blight106_.jpg,140.672,155.7586,133.9354,68.2048,92.8965,169.9725,0.0115,0.0121,0.0,36.4255,0.0255,0.3114,0.9933,2
leaf blight107_.jpg,124.7649,141.0847,90.784,45.8831,112.739,146.0325,0.026,0.0151,0.0,31.1067,0.0237,0.3226,0.9919,2
leaf blight108_.jpg,136.8992,148.0838,127.72,66.8866,89.0678,162.1208,0.0123,0.0075,0.0014,31.7054,0.0268,0.3244,0.9926,2
leaf blight109_.jpg,133.9487,144.8055,124.4975,66.2705,90.0258,158.5145,0.0151,0.0064,0.0019,35.5789,0.0309,0.3339,0.9921,2
leaf blight10_.jpg,193.9867,197.8153,190.8765,83.6065,41.8745,206.4326,0.0101,0.0016,0.0293,111.8336,0.106,0.4582,0.9874,2
leaf blight110_.jpg,170.0111,174.4677,147.5982,71.2064,68.5057,182.5577,0.0209,0.0075,0.0008,45.9416,0.0948,0.4092,0.9936,2
leaf blight111_.jpg,151.979,156.4309,112.803,46.9386,89.9173,163.8787,0.0362,0.0109,0.0,43.86,0.0357,0.321,0.9887,2
leaf blight112_.jpg,192.0343,198.4326,171.7335,28.1924,48.3512,202.3112,0.0019,0.004,0.0,43.4899,0.3411,0.4863,0.9923,2
leaf blight113_.jpg,165.0636,175.6701,144.8895,41.9636,60.4961,180.6401,0.0011,0.0007,0.0,34.1471,0.1205,0.3504,0.9925,2
leaf blight114_.jpg,156.5542,163.5691,131.928,59.9119,71.6963,168.2847,0.0075,0.0062,0.0001,50.2472,0.0701,0.3628,0.9915,2
leaf blight115_.jpg,154.5445,160.7875,118.4963,50.0212,83.41,165.1731,0.0122,0.0115,0.0,34.1789,0.0725,0.3305,0.9937,2
leaf blight116_.jpg,143.8724,152.86,123.5992,58.4035,72.6218,157.7607,0.0026,0.0006,0.0,27.7664,0.0353,0.3784,0.9928,2
leaf blight117_.jpg,156.0175,164.3292,131.9367,43.6706,69.7583,168.4088,0.0052,0.0056,0.0,42.5379,0.0881,0.3709,0.9925,2
leaf blight118_.jpg,155.2035,162.6143,116.758,35.1221,83.7677,166.6645,0.0104,0.0126,0.0001,31.1598,0.0662,0.3202,0.9924,2
leaf blight119_.jpg,173.3434,180.6758,151.5134,48.7712,59.6946,185.5895,0.0026,0.003,0.0,38.001,0.1024,0.4095,0.9936,2
leaf blight11_.jpg,196.7056,201.1638,185.3949,77.9254,50.487,209.4796,0.019,0.004,0.0,74.9111,0.1086,0.4353,0.986,2
leaf blight120_.jpg,160.1142,166.921,132.0483,42.8376,65.1392,172.1144,0.0032,0.0044,0.0,33.6437,0.0622,0.3179,0.9914,2
leaf blight121_.jpg,173.0987,178.6085,150.6434,70.0938,64.8326,184.2442,0.0146,0.0033,0.0,38.147,0.0918,0.4245,0.9949,2
leaf blight122_.jpg,150.4378,165.7462,132.2928,66.9712,93.3038,174.1826,0.0204,0.0116,0.0001,29.7427,0.0658,0.4232,0.996,2
leaf blight123_.jpg,138.4275,153.2887,107.1588,55.496,110.1809,160.4472,0.0305,0.0226,0.0003,18.1307,0.0476,0.405,0.9969,2
leaf blight124_.jpg,149.4926,166.2704,130.0931,63.6225,90.3547,172.8168,0.0169,0.0054,0.0,31.211,0.0766,0.4221,0.9954,2
leaf blight125_.jpg,145.7471,161.5951,131.9048,66.5014,90.8695,170.7411,0.0226,0.005,0.0,23.3087,0.0493,0.4233,0.9967,2
leaf blight126_.jpg,139.7009,153.5821,132.3802,69.3247,86.6589,163.5615,0.0213,0.0036,0.0078,32.879,0.032,0.3768,0.996,2
leaf blight127_.jpg,153.3979,156.2782,141.9793,72.5314,76.11,170.571,0.0236,0.0139,0.0175,58.5794,0.0384,0.4194,0.9909,2
leaf blight128_.jpg,153.2258,156.0546,143.0853,73.9374,73.8104,169.7456,0.0201,0.0085,0.0264,59.0268,0.0372,0.4183,0.9915,2
leaf blight129_.jpg,156.395,159.6381,134.6256,67.2548,80.0489,171.643,0.0299,0.0188,0.0007,45.4942,0.0347,0.3954,0.9884,2
leaf blight12_.jpg,193.8046,197.4145,191.7378,85.3362,41.5788,206.929,0.0103,0.001,0.0337,98.7129,0.0898,0.4409,0.987,2
leaf blight130_.jpg,158.49,161.9271,149.3373,73.2886,70.0113,174.7681,0.0236,0.0067,0.0416,62.0149,0.0375,0.3984,0.9922,2
leaf blight131_.jpg,150.7511,155.4208,139.879,72.9495,73.4838,169.1536,0.0272,0.0108,0.0005,24.97,0.0422,0.4529,0.991,2
leaf blight132_.jpg,175.5848,176.1938,143.2304,66.2015,84.2,187.1805,0.0687,0.057,0.0,36.0147,0.0503,0.4191,0.9917,2
leaf blight133_.jpg,168.5627,168.9092,130.6459,60.454,91.6809,179.1288,0.0771,0.0598,0.0051,68.4322,0.0404,0.3675,0.9853,2
leaf blight134_.jpg,167.7868,170.8058,138.2559,66.4624,86.0575,180.6181,0.0613,0.0416,0.0002,54.6657,0.042,0.3861,0.9886,2
leaf blight135_.jpg,99.2941,119.6434,64.3261,44.1087,129.9789,122.4817,0.0498,0.0038,0.0,97.6283,0.0223,0.1785,0.968,2
leaf blight136_.jpg,117.8713,135.5128,88.8441,49.1933,109.1506,139.4589,0.0352,0.0023,0.0,204.2633,0.0231,0.1801,0.9573,2
leaf blight137_.jpg,137.092,152.1594,104.4819,53.1878,106.9984,156.6399,0.0327,0.0247,0.0,171.0719,0.0342,0.236,0.973,2
leaf blight138_.jpg,143.8333,157.4971,112.207,54.5972,99.5933,162.0844,0.0309,0.0282,0.0,181.5157,0.0425,0.2563,0.9722,2
leaf blight139_.jpg,144.9839,166.0585,125.5902,43.2703,86.4681,171.8002,0.0091,0.003,0.0001,97.0625,0.1508,0.393,0.9842,2
leaf blight13_.jpg,193.1057,196.5876,185.0605,80.0062,46.7963,205.6702,0.017,0.0011,0.0,50.1887,0.0703,0.4348,0.9898,2
leaf blight140_.jpg,134.4652,155.1634,110.6178,43.2726,97.8583,159.1217,0.0149,0.012,0.0022,117.4568,0.1585,0.3842,0.9844,2
leaf blight141_.jpg,137.7475,161.5946,108.2867,43.7055,101.7016,165.7552,0.0122,0.0142,0.0,132.8461,0.1029,0.3049,0.9714,2
leaf blight142_.jpg,165.2425,172.5513,148.3931,64.8228,67.1264,178.7044,0.0107,0.0054,0.0214,111.8875,0.0511,0.3382,0.987,2
leaf blight143_.jpg,164.9675,172.4047,147.0974,65.941,68.5931,178.5855,0.0093,0.006,0.0202,112.6825,0.0518,0.3376,0.9868,2
leaf blight144_.jpg,168.7818,175.0519,148.023,64.4891,68.4645,181.2289,0.0105,0.008,0.0146,107.2417,0.0566,0.3345,0.9863,2
leaf blight145_.jpg,143.521,155.3452,102.3308,51.1874,105.8049,157.8019,0.0043,0.0314,0.0051,80.0745,0.031,0.284,0.9828,2
leaf blight146_.jpg,149.8403,149.3629,106.0687,47.5399,102.2289,157.6176,0.0857,0.0224,0.0044,75.795,0.0328,0.3219,0.9842,2
leaf blight147_.jpg,183.4542,182.9418,140.7629,52.4158,82.4887,192.5259,0.005,0.0273,0.0,85.7516,0.0508,0.3052,0.974,2
leaf blight148_.jpg,165.7749,166.6235,120.9451,51.5866,96.5744,177.2298,0.026,0.0412,0.0,89.0557,0.0344,0.2899,0.9652,2
leaf blight149_.jpg,182.4987,184.4138,154.3262,62.1392,75.4007,196.2568,0.0085,0.0129,0.0,58.9851,0.0614,0.3802,0.9851,2
leaf blight14_.jpg,128.6876,139.1613,111.0135,63.2486,88.771,144.5344,0.0084,0.0063,0.0754,106.216,0.0232,0.2927,0.9854,2
leaf blight150_.jpg,176.0073,183.8377,148.4215,62.3087,83.1217,194.0941,0.0061,0.0123,0.0,47.1943,0.0561,0.3716,0.9899,2
leaf blight151_.jpg,155.2497,164.0163,132.1424,63.887,85.468,172.4976,0.0298,0.0099,0.0001,42.9853,0.0404,0.3797,0.9922,2
leaf blight152_.jpg,145.4586,154.921,127.9663,65.0859,86.5747,163.8784,0.0461,0.0009,0.0001,46.9321,0.0504,0.4056,0.9921,2
leaf blight153_.jpg,152.0314,152.7904,130.7602,62.7438,76.1991,163.0868,0.0484,0.005,0.0604,79.0521,0.0595,0.4018,0.9899,2
leaf blight154_.jpg,184.1459,184.8617,161.5494,66.5415,67.9479,196.3805,0.0189,0.0068,0.0043,130.6842,0.0667,0.3811,0.9784,2
leaf blight155_.jpg,137.433,140.6444,128.5623,69.9235,78.5494,152.8551,0.0446,0.0001,0.0598,127.8188,0.0371,0.3578,0.9834,2
leaf blight156_.jpg,137.4529,147.9212,113.8731,61.9433,95.976,154.7526,0.0224,0.0028,0.0059,67.1319,0.0292,0.2943,0.9886,2
leaf blight157_.jpg,148.4207,154.6364,122.0056,59.9894,96.9408,166.4125,0.0369,0.0207,0.0121,44.1677,0.0339,0.3569,0.9916,2
leaf blight158_.jpg,169.1658,185.3559,154.2554,57.3878,63.1992,190.6774,0.0,0.0,0.0002,48.7451,0.0591,0.3524,0.9891,2
leaf blight159_.jpg,134.3826,162.0451,109.0384,49.6936,101.9844,165.9562,0.0001,0.0011,0.0011,40.0958,0.0376,0.3073,0.9898,2
leaf blight15_.jpg,146.8584,161.6716,125.9698,68.1424,80.6775,165.5112,0.004,0.0139,0.0,38.105,0.0303,0.3677,0.9845,2
leaf blight160_.jpg,126.3472,156.2374,99.7396,46.0102,102.1936,159.1992,0.0001,0.0014,0.0016,36.5766,0.0283,0.262,0.9855,2
leaf blight161_.jpg,123.6887,157.8354,97.4035,50.5828,108.5963,159.703,0.0,0.0029,0.0016,35.8972,0.0442,0.2911,0.9883,2
leaf blight162_.jpg,175.463,184.5872,148.3598,63.7648,75.3208,191.2648,0.0007,0.0124,0.0,30.028,0.0748,0.4388,0.9932,2
leaf blight163_.jpg,149.3155,163.2719,117.3725,60.4383,101.2797,169.6233,0.0108,0.0125,0.0,20.757,0.064,0.4964,0.9957,2
leaf blight164_.jpg,154.559,165.7301,143.035,72.465,72.6169,174.4117,0.0108,0.0057,0.0,12.1517,0.0571,0.5815,0.9976,2
leaf blight165_.jpg,178.3614,171.9781,144.468,54.8722,79.437,190.2324,0.0208,0.0124,0.0,61.8936,0.0421,0.336,0.9803,2
leaf blight166_.jpg,88.8038,93.7117,49.6512,32.4791,128.1314,99.9668,0.0881,0.0003,0.1225,23.6001,0.0303,0.3486,0.989,2
leaf blight167_.jpg,142.7791,139.6037,116.0091,57.3436,86.2627,153.6029,0.0579,0.0003,0.0009,71.8906,0.0371,0.3031,0.9853,2
leaf blight168_.jpg,152.6513,152.7822,139.1391,70.1136,75.2577,167.1189,0.0495,0.0001,0.0017,64.1974,0.0555,0.3775,0.9899,2
leaf blight169_.jpg,182.1642,183.7333,161.8147,69.4163,69.1431,196.7794,0.0107,0.004,0.0001,21.1574,0.0712,0.4685,0.9955,2
leaf blight16_.jpg,124.0722,138.3115,97.8089,58.7035,106.0239,142.7495,0.0149,0.0099,0.0323,82.2778,0.0285,0.3033,0.9846,2
leaf blight170_.jpg,187.1607,193.4873,175.8414,72.1882,55.6557,202.3595,0.0066,0.0032,0.0,38.8358,0.0697,0.4521,0.9927,2
leaf blight171_.jpg,182.9288,189.3294,174.5963,76.0594,54.6903,198.7117,0.0108,0.0031,0.0,45.7352,0.0667,0.4358,0.992,2
leaf blight172_.jpg,179.6004,185.4074,170.4023,75.4938,56.9048,195.3895,0.0117,0.0028,0.0001,60.4736,0.0533,0.3957,0.989,2
leaf blight173_.jpg,175.3893,181.9502,162.1929,70.4342,60.9941,191.028,0.0054,0.0031,0.0,51.1806,0.0535,0.3871,0.9904,2
leaf blight174_.jpg,182.3694,187.8562,171.4277,73.4086,56.2146,197.7419,0.0032,0.0016,0.0,50.8207,0.0662,0.4014,0.99,2
leaf blight175_.jpg,160.9915,166.902,160.6947,83.1346,65.7772,180.6687,0.0434,0.0015,0.0096,48.1322,0.0546,0.4469,0.9929,2
leaf blight176_.jpg,154.7454,162.5417,152.5946,79.7753,73.864,177.1002,0.033,0.0057,0.0,60.5396,0.0587,0.3986,0.9877,2
leaf blight177_.jpg,147.4712,154.7189,146.7607,81.2874,73.8275,169.5529,0.0465,0.0025,0.0,66.8629,0.0489,0.4327,0.9841,2
leaf blight178_.jpg,153.5236,160.1167,159.3242,87.6742,62.4411,174.8503,0.0347,0.0008,0.0001,49.3304,0.0434,0.4487,0.9904,2
leaf blight179_.jpg,160.1137,167.2906,163.9683,87.9301,61.3745,181.274,0.0363,0.0027,0.0,37.256,0.0407,0.4738,0.9922,2
leaf blight17_.jpg,128.6876,139.1613,111.0135,63.2486,88.771,144.5344,0.0084,0.0063,0.0754,106.216,0.0232,0.2927,0.9854,2
leaf blight180_.jpg,151.1731,158.9348,148.1029,80.0378,76.3745,174.499,0.0423,0.0075,0.0,51.0424,0.0393,0.4637,0.9859,2
leaf blight181_.jpg,149.0855,150.6047,143.8341,71.4011,74.7299,166.9266,0.0425,0.0,0.0032,107.9424,0.0312,0.3084,0.9864,2
leaf blight182_.jpg,150.632,151.811,142.9888,69.6935,76.2236,167.4953,0.045,0.0,0.0012,129.982,0.0298,0.288,0.9849,2
leaf blight183_.jpg,140.2836,140.109,130.0017,66.2976,83.591,155.589,0.0424,0.0,0.0275,111.7555,0.0288,0.2847,0.9876,2
leaf blight184_.jpg,142.9293,148.2712,140.9682,72.2936,74.5647,163.2211,0.0227,0.0,0.0004,92.3052,0.0308,0.318,0.9858,2
leaf blight185_.jpg,136.888,140.6247,124.6053,62.2174,83.0306,153.1469,0.0303,0.0,0.0006,132.5907,0.0284,0.2565,0.9819,2
leaf blight186_.jpg,129.5483,130.6477,122.0159,67.1683,83.3187,146.1318,0.0388,0.0,0.0124,99.1533,0.0273,0.288,0.9856,2
leaf blight187_.jpg,175.4651,183.9769,186.8907,87.1831,55.3781,201.236,0.0097,0.0002,0.0002,128.2051,0.0969,0.4913,0.9843,2
leaf blight188_.jpg,170.3703,178.7128,184.9037,87.9968,57.7057,198.0481,0.0139,0.0001,0.0033,170.2424,0.0897,0.4749,0.9795,2
leaf blight189_.jpg,168.0648,177.2525,176.185,81.505,61.3239,194.3291,0.0126,0.0005,0.0001,152.5664,0.1113,0.4586,0.9802,2
leaf blight18_.jpg,156.3775,166.617,151.5799,83.352,62.1154,174.6558,0.0013,0.0057,0.0111,89.8591,0.0285,0.3433,0.9801,2
leaf blight190_.jpg,160.5175,171.3198,170.2652,82.3585,61.531,187.1733,0.0098,0.0002,0.0,88.3791,0.0755,0.4779,0.9896,2
leaf blight191_.jpg,138.232,146.0927,147.2513,78.8851,65.8284,163.4323,0.0081,0.0,0.0022,60.5026,0.0628,0.4308,0.9912,2
leaf blight192_.jpg,103.6412,113.4029,102.6213,63.8799,81.7751,123.7587,0.006,0.0,0.1051,72.1394,0.0356,0.3052,0.9906,2
leaf blight193_.jpg,149.3659,156.7972,162.4024,84.549,63.4519,176.8025,0.0114,0.0,0.0007,63.5417,0.066,0.4963,0.9897,2
leaf blight194_.jpg,143.8651,150.8897,155.4829,83.3271,65.4704,169.7399,0.0156,0.0,0.031,121.3984,0.0481,0.3936,0.9835,2
leaf blight195_.jpg,165.7054,172.7916,168.3924,77.8336,58.1716,187.4163,0.0131,0.0,0.0006,112.7319,0.0466,0.3578,0.9841,2
leaf blight196_.jpg,133.5424,135.2408,130.1651,74.2926,82.4187,153.2465,0.0862,0.0,0.0209,7.9689,0.0448,0.525,0.9986,2
leaf blight197_.jpg,162.1928,162.8205,157.5709,76.886,79.0816,184.6028,0.0884,0.0022,0.0001,36.751,0.0644,0.4583,0.9932,2
leaf blight198_.jpg,151.6767,153.4994,153.4802,77.8165,82.1735,176.5523,0.0763,0.0002,0.0152,42.8672,0.0518,0.4361,0.993,2
leaf blight199_.jpg,164.1663,163.9464,157.6454,78.8333,64.4098,180.1489,0.0822,0.0,0.0,58.9867,0.0579,0.4335,0.9889,2
leaf blight19_.jpg,148.9991,162.5385,135.578,76.217,82.7066,169.8447,0.0012,0.0126,0.01,65.5603,0.0333,0.3853,0.9878,2
leaf blight200_.jpg,141.012,140.759,124.527,66.4931,78.66,152.8374,0.0949,0.0,0.0,43.3451,0.0555,0.3889,0.9929,2
leaf blight201_.jpg,149.6043,148.6905,139.3723,73.4013,69.5278,163.2567,0.0856,0.0,0.0,37.4232,0.045,0.4356,0.9935,2
leaf blight202_.jpg,175.3399,171.7043,171.5046,83.9809,54.9414,190.7996,0.0902,0.0,0.0,33.3848,0.0824,0.5176,0.9924,2
leaf blight203_.jpg,168.3652,168.3101,170.9004,85.9631,56.8843,187.3767,0.063,0.0,0.0,42.9266,0.0696,0.4922,0.991,2
leaf blight204_.jpg,167.4215,166.3103,170.3294,88.3935,54.8607,185.6106,0.074,0.0,0.0,56.0437,0.0657,0.4835,0.9874,2
leaf blight205_.jpg,174.7993,173.1187,175.0931,87.1597,53.3604,191.4931,0.0675,0.0,0.0036,70.9094,0.0692,0.4827,0.9857,2
leaf blight206_.jpg,147.2388,159.5841,143.7953,76.3543,65.6766,166.6337,0.0025,0.0002,0.0,79.3071,0.0765,0.4012,0.9904,2
leaf blight207_.jpg,167.1152,173.3793,163.3241,80.3099,57.4152,184.2099,0.0147,0.0006,0.0,94.3807,0.0831,0.3959,0.9866,2
leaf blight208_.jpg,165.7659,171.6369,169.8239,86.1321,51.5427,183.8668,0.0222,0.0,0.0004,63.5614,0.0922,0.4743,0.9911,2
leaf blight209_.jpg,162.8344,162.0044,157.9712,82.6057,60.8065,177.6075,0.0712,0.0,0.0013,51.5825,0.0531,0.48,0.9912,2
leaf blight20_.jpg,151.2455,163.2658,133.3531,71.2961,70.5544,167.3182,0.0038,0.0093,0.0,52.3855,0.0324,0.344,0.9818,2
leaf blight210_.jpg,160.1121,159.3163,153.5748,79.6288,66.3797,175.6139,0.083,0.0,0.0004,47.4371,0.0492,0.4753,0.9918,2
leaf blight211_.jpg,150.2888,154.5786,151.9297,84.3154,64.9595,169.1218,0.0491,0.0,0.0223,30.9766,0.0514,0.5153,0.995,2
leaf blight212_.jpg,156.8061,162.5209,158.8203,84.9262,64.2209,176.9112,0.0368,0.0001,0.0069,28.071,0.0621,0.5202,0.9957,2
leaf blight213_.jpg,146.1353,142.0874,127.21,63.1523,85.088,159.241,0.1236,0.0002,0.0072,51.5407,0.0332,0.4016,0.9918,2
leaf blight214_.jpg,153.5799,147.4578,128.3432,58.1512,91.4093,166.3227,0.1238,0.0007,0.002,63.1066,0.0357,0.3746,0.9911,2
leaf blight215_.jpg,129.4134,136.9424,127.6285,73.807,83.3205,150.9588,0.0312,0.0,0.0075,43.8442,0.0351,0.3978,0.9926,2
leaf blight216_.jpg,126.1129,133.0795,127.6703,75.4327,78.9031,147.5696,0.0298,0.0,0.0286,32.8587,0.0351,0.4124,0.9943,2
leaf blight217_.jpg,99.9325,111.3397,66.5778,44.2034,126.0803,117.531,0.0678,0.0013,0.0005,72.961,0.0244,0.2375,0.9741,2
leaf blight218_.jpg,130.9094,145.3658,111.76,57.615,94.9707,154.1171,0.007,0.0022,0.0,32.1492,0.0349,0.3566,0.9945,2
leaf blight219_.jpg,153.9334,164.3491,150.3027,74.3077,75.3075,176.2076,0.0062,0.0001,0.0039,99.0351,0.0508,0.3874,0.9906,2
leaf blight21_.jpg,141.9097,150.938,121.8807,69.3026,81.6558,156.8347,0.0117,0.0095,0.015,120.7588,0.0254,0.3048,0.9762,2
leaf blight220_.jpg,155.9408,164.4984,185.1739,99.3953,53.2782,188.8646,0.001,0.0,0.0727,39.2955,0.0541,0.5499,0.9939,2
leaf blight221_.jpg,134.6868,143.4824,154.2842,88.7617,63.6226,163.5837,0.0034,0.0,0.0654,51.5588,0.0416,0.4749,0.9912,2
leaf blight222_.jpg,150.2569,163.8574,161.2514,78.9521,73.4316,182.192,0.0051,0.0001,0.0018,50.6875,0.0553,0.4252,0.9937,2
leaf blight223_.jpg,129.2473,125.6885,119.8214,61.3955,89.3763,145.3407,0.0497,0.0,0.0533,99.7842,0.0311,0.3565,0.9855,2
leaf blight224_.jpg,142.7503,142.8036,139.7304,72.016,74.5836,162.0237,0.0689,0.0,0.0001,40.0444,0.0388,0.4139,0.9907,2
leaf blight225_.jpg,161.5495,156.838,149.6216,67.3987,78.9668,178.5833,0.1724,0.0001,0.0014,45.2586,0.0639,0.4171,0.9929,2
leaf blight226_.jpg,130.3106,143.1139,129.3825,65.5785,76.2093,153.8754,0.0048,0.0,0.0,100.1838,0.0566,0.3608,0.9892,2
leaf blight227_.jpg,127.9417,140.0355,131.3161,68.1055,75.3951,152.5642,0.0038,0.0,0.0126,91.9108,0.056,0.3919,0.9905,2
leaf blight228_.jpg,114.2735,127.3748,121.3378,69.9262,78.8633,139.8972,0.0063,0.0,0.0278,97.4467,0.0462,0.3673,0.9897,2
leaf blight229_.jpg,115.0231,127.7314,121.9519,69.5976,78.6806,140.3873,0.006,0.0,0.0292,100.048,0.0472,0.3698,0.9896,2
leaf blight22_.jpg,159.1475,170.8265,138.0253,74.3088,79.7082,176.432,0.0073,0.014,0.0042,86.855,0.0369,0.365,0.9824,2
leaf blight230_.jpg,131.64,123.8387,101.1824,55.694,98.8455,139.9288,0.0649,0.0417,0.0689,59.1984,0.0301,0.3956,0.9908,2
leaf blight231_.jpg,132.8544,126.2099,105.5488,53.7206,97.816,142.6417,0.0485,0.0424,0.0647,67.3135,0.0325,0.396,0.9905,2
leaf blight232_.jpg,127.6467,149.2982,118.3594,64.6027,96.0099,156.3619,0.0061,0.0004,0.0,47.6538,0.033,0.3242,0.9928,2
leaf blight233_.jpg,135.6203,156.6468,123.7297,64.413,91.6883,162.5953,0.0037,0.0003,0.0,57.197,0.0388,0.3241,0.992,2
leaf blight234_.jpg,135.1558,156.7633,125.2244,65.5191,92.1002,163.5959,0.0035,0.0004,0.0,48.3448,0.0367,0.3347,0.9929,2
leaf blight235_.jpg,149.7163,151.6704,143.9928,74.0924,77.4681,168.4466,0.0694,0.0005,0.0431,112.7017,0.048,0.3608,0.9833,2
leaf blight236_.jpg,192.6681,195.9231,173.9932,71.2074,62.9286,207.0741,0.0162,0.0127,0.0,53.4357,0.0699,0.4184,0.9868,2
leaf blight237_.jpg,131.3441,128.6519,113.5499,57.8391,85.0129,143.0384,0.0817,0.0018,0.1788,125.1199,0.0447,0.3809,0.9874,2
leaf blight238_.jpg,137.5415,135.1566,120.4353,61.4308,84.1938,150.0938,0.0759,0.0014,0.1407,140.8904,0.0464,0.3734,0.9849,2
leaf blight239_.jpg,173.3393,178.8574,167.1618,78.1835,62.7304,191.8191,0.038,0.0006,0.0,82.9095,0.0524,0.4032,0.988,2
leaf blight23_.jpg,137.8657,148.7939,119.0233,69.5284,70.2209,151.8694,0.0057,0.0094,0.0,48.2674,0.0413,0.3863,0.9747,2
leaf blight240_.jpg,130.3584,132.2588,120.2384,70.6258,78.0668,144.6569,0.0488,0.0002,0.0405,211.4045,0.0254,0.2744,0.9661,2
leaf blight241_.jpg,129.7322,131.1591,123.1254,72.0981,82.474,145.6817,0.0498,0.0,0.0398,171.5523,0.0299,0.3113,0.9765,2
leaf blight242_.jpg,188.805,187.6073,174.1506,73.1264,61.632,203.0948,0.0335,0.0008,0.0,115.9052,0.0739,0.4132,0.9768,2
leaf blight243_.jpg,148.9901,151.2192,148.7211,78.3418,73.6569,168.8709,0.0693,0.0004,0.0273,129.5416,0.0316,0.3585,0.9786,2
leaf blight244_.jpg,157.1289,161.6006,158.2741,80.2954,68.1197,177.5913,0.0571,0.0,0.0099,65.6338,0.0523,0.457,0.9896,2
leaf blight245_.jpg,195.877,196.695,191.5897,80.9705,53.3177,212.464,0.0392,0.0001,0.0023,236.2415,0.0757,0.4324,0.9591,2
leaf blight246_.jpg,167.1675,168.8231,170.4631,83.678,65.7129,188.5758,0.0654,0.0001,0.0144,187.1078,0.0506,0.3944,0.97,2
leaf blight247_.jpg,117.9984,128.1825,88.5832,39.1657,94.6098,133.091,0.0115,0.0004,0.0378,95.7794,0.0176,0.2105,0.9792,2
leaf blight248_.jpg,144.2106,152.4573,110.003,36.9863,84.0595,157.627,0.0297,0.0001,0.0026,83.1052,0.0179,0.2208,0.9803,2
leaf blight249_.jpg,150.0063,160.7393,116.4776,56.5823,93.3418,165.7468,0.0099,0.0097,0.0,82.1336,0.027,0.3128,0.9757,2
leaf blight24_.jpg,173.4713,166.5668,158.695,83.6857,41.0842,176.6267,0.0532,0.0019,0.0261,113.754,0.0483,0.3852,0.9801,2
leaf blight250_.jpg,151.5445,148.8822,134.1098,66.2056,77.7888,163.3691,0.0682,0.0009,0.0067,41.5107,0.04,0.3895,0.9943,2
leaf blight251_.jpg,151.9484,149.929,137.1156,67.8357,77.4249,164.8478,0.0481,0.0009,0.0156,45.6911,0.0353,0.3802,0.9945,2
leaf blight252_.jpg,140.6135,137.9923,125.3138,64.0767,82.684,151.3281,0.0429,0.0001,0.043,59.8733,0.0443,0.3736,0.9942,2
leaf blight253_.jpg,135.4395,132.0207,121.8872,64.9227,83.2998,145.8199,0.0383,0.0,0.0662,61.5654,0.0467,0.3667,0.9942,2
leaf blight254_.jpg,170.6659,178.8963,164.766,80.2065,64.3592,189.5857,0.0129,0.0058,0.0003,113.8652,0.0408,0.3661,0.9799,2
leaf blight255_.jpg,147.508,155.4329,138.3769,70.4959,78.7878,165.9055,0.0257,0.0002,0.0393,170.5153,0.0372,0.355,0.9826,2
leaf blight256_.jpg,164.3868,170.3921,150.2258,72.732,72.0902,180.2249,0.0286,0.0014,0.0174,155.9015,0.0512,0.3867,0.9837,2
leaf blight257_.jpg,168.0173,168.1113,138.9292,62.2185,84.3221,180.7693,0.0589,0.0335,0.0006,124.4868,0.0396,0.3392,0.9822,2
leaf blight258_.jpg,134.2179,136.7714,111.4841,60.4557,101.447,150.8449,0.0853,0.0144,0.0154,131.224,0.0287,0.2987,0.9786,2
leaf blight259_.jpg,138.8745,142.8367,122.6712,64.9815,94.5602,157.7285,0.0624,0.0118,0.0141,135.1269,0.0269,0.3047,0.979,2
leaf blight25_.jpg,171.0583,161.2405,156.2402,97.1565,36.3743,173.6355,0.0818,0.0005,0.0002,95.2978,0.0433,0.4266,0.9708,2
leaf blight260_.jpg,129.8293,133.2763,112.3273,63.1896,101.2804,147.3184,0.0748,0.0036,0.023,110.3496,0.0277,0.3079,0.9838,2
leaf blight261_.jpg,148.5978,157.0394,154.2134,83.9905,67.7904,172.3624,0.0357,0.0,0.0105,64.9055,0.0484,0.4638,0.9883,2
leaf blight262_.jpg,144.3453,149.9844,146.4356,79.9023,70.609,165.6056,0.0405,0.0,0.0214,54.1216,0.0476,0.4867,0.9917,2
leaf blight263_.jpg,138.1174,144.3395,136.3832,72.7952,81.8512,159.2271,0.0401,0.0,0.0903,59.8803,0.0509,0.4608,0.9931,2
leaf blight264_.jpg,162.2172,162.4982,163.4556,87.4457,64.1254,182.05,0.0607,0.0017,0.0029,24.9296,0.0691,0.5025,0.9953,2
leaf blight265_.jpg,148.0052,148.7159,150.1411,84.915,70.8188,167.6853,0.035,0.0002,0.0133,24.8853,0.0548,0.4925,0.996,2
leaf blight266_.jpg,155.3558,157.1492,163.5833,92.9415,59.2673,176.3898,0.0263,0.0001,0.0014,18.2001,0.0519,0.5388,0.9963,2
leaf blight267_.jpg,136.4916,147.596,140.8752,84.5458,74.4348,159.881,0.0041,0.0,0.0205,116.2654,0.0405,0.4047,0.9781,2
leaf blight268_.jpg,131.4477,139.6274,105.7216,43.0136,86.6834,147.1089,0.0374,0.0,0.0161,127.9325,0.0175,0.215,0.9752,2
leaf blight269_.jpg,111.054,118.6162,83.4946,41.9057,102.0217,123.4737,0.0095,0.0,0.0548,107.1926,0.021,0.2296,0.9806,2
leaf blight26_.jpg,178.6562,170.6742,155.8371,66.2076,51.5573,181.4503,0.0622,0.0042,0.0211,70.0518,0.0566,0.4075,0.9879,2
leaf blight270_.jpg,139.6745,145.1472,121.4073,45.7947,64.2488,152.3721,0.0285,0.0,0.01,79.9311,0.0301,0.2877,0.9847,2
leaf blight271_.jpg,118.9496,122.7147,90.0915,46.346,100.2516,130.7782,0.029,0.0,0.0148,69.334,0.0208,0.2609,0.9841,2
leaf blight272_.jpg,143.384,141.9202,102.5734,30.8624,89.4104,153.2988,0.0673,0.0002,0.0,68.2145,0.0197,0.2016,0.9753,2
leaf blight273_.jpg,120.9184,139.4467,98.2068,46.008,89.0455,142.3079,0.0049,0.0021,0.0,253.2392,0.0152,0.1404,0.8877,2
leaf blight274_.jpg,186.091,173.3015,177.0256,120.4128,36.0548,189.4927,0.0611,0.0,0.0,90.1122,0.1084,0.5224,0.9635,2
leaf blight275_.jpg,178.9473,164.2313,162.2817,108.606,45.4837,181.7292,0.103,0.0,0.0001,115.1076,0.0875,0.4669,0.9582,2
leaf blight276_.jpg,187.0667,174.1843,177.0039,118.9929,37.3268,190.5315,0.0678,0.0,0.0,112.4934,0.1075,0.5218,0.9574,2
leaf blight277_.jpg,161.3808,142.131,123.5214,78.2132,84.3919,163.1736,0.1811,0.0002,0.0002,128.5113,0.0629,0.3953,0.9729,2
leaf blight278_.jpg,161.775,139.7645,115.6603,67.4392,94.7114,162.9736,0.215,0.0006,0.0002,131.7335,0.0567,0.3588,0.9721,2
leaf blight279_.jpg,152.1825,132.1471,109.955,69.694,95.4489,153.3969,0.1787,0.0002,0.0089,110.421,0.0441,0.3668,0.9778,2
leaf blight27_.jpg,172.6178,165.5103,158.4718,88.8975,38.8609,176.0958,0.0661,0.0027,0.0145,90.5611,0.0391,0.3694,0.9808,2
leaf blight280_.jpg,133.9058,106.3437,54.7038,20.4251,156.6868,134.1252,0.3173,0.0078,0.0034,45.3457,0.0243,0.3015,0.9845,2
leaf blight281_.jpg,143.8869,114.6753,61.6077,19.8762,150.638,144.0734,0.3977,0.0075,0.0,92.8732,0.0194,0.1997,0.9572,2
leaf blight282_.jpg,112.2767,117.7616,46.6703,31.754,165.0988,125.1941,0.1002,0.0148,0.0036,146.116,0.0219,0.1835,0.9209,2
leaf blight283_.jpg,96.6571,103.6433,39.5409,32.7384,168.4571,110.4046,0.0716,0.0063,0.0062,106.7726,0.0252,0.2114,0.9325,2
leaf blight284_.jpg,110.9011,114.9044,44.2601,31.0539,168.1758,123.3981,0.1115,0.0151,0.003,148.2345,0.0203,0.168,0.9137,2
leaf blight285_.jpg,105.4848,107.9004,42.8665,30.5952,166.909,116.5326,0.0997,0.0099,0.0073,149.5888,0.0208,0.1788,0.9189,2
leaf blight286_.jpg,112.8762,111.8683,46.067,29.329,165.2343,122.599,0.1378,0.0104,0.006,176.5743,0.0188,0.1531,0.9094,2
leaf blight287_.jpg,104.5793,105.7426,43.2244,30.0378,165.0336,114.7169,0.0947,0.0085,0.0088,149.0699,0.0198,0.1728,0.9222,2
leaf blight288_.jpg,153.7897,135.9517,70.4781,24.2168,144.7035,156.5827,0.2311,0.0787,0.0024,207.8412,0.0164,0.1547,0.9194,2
leaf blight289_.jpg,160.804,140.9089,75.3738,23.6454,141.7718,163.6106,0.2486,0.0741,0.0013,241.1239,0.0155,0.1374,0.9038,2
leaf blight28_.jpg,174.6307,168.5627,163.0308,87.1622,37.5232,179.2735,0.0651,0.0032,0.0013,84.226,0.0439,0.3708,0.9798,2
leaf blight290_.jpg,149.0594,117.42,56.7449,19.9565,164.0967,150.2163,0.2914,0.0451,0.0014,208.4632,0.0148,0.147,0.9532,2
leaf blight291_.jpg,168.0008,135.3832,66.1165,20.4563,160.1318,168.6519,0.2355,0.066,0.0008,124.9917,0.0166,0.1915,0.9728,2
leaf blight292_.jpg,125.5471,135.2121,63.0043,33.7842,143.0193,138.6294,0.0636,0.0236,0.0,69.7751,0.0226,0.2115,0.9533,2
leaf blight293_.jpg,113.9239,129.2808,59.1779,36.3446,145.2626,130.6527,0.0323,0.0104,0.0,11.3786,0.0466,0.4584,0.9928,2
leaf blight294_.jpg,124.3146,131.9135,84.4811,32.1685,101.2584,136.4879,0.0027,0.0008,0.0579,714.7949,0.0127,0.1279,0.8527,2
leaf blight295_.jpg,136.3301,132.848,96.6724,25.3648,86.7138,143.285,0.0038,0.0007,0.012,518.4557,0.0157,0.1585,0.8925,2
leaf blight296_.jpg,106.0538,131.9947,59.6026,40.175,146.1022,133.018,0.0022,0.0067,0.044,54.2858,0.0268,0.3146,0.9821,2
leaf blight297_.jpg,111.281,136.4778,62.7502,39.3072,142.681,137.698,0.0023,0.0148,0.0457,93.0087,0.0229,0.2812,0.9743,2
leaf blight298_.jpg,109.7845,134.9155,80.0998,40.3208,108.9427,138.5704,0.0003,0.0011,0.0002,121.2478,0.0281,0.2619,0.9355,2
leaf blight299_.jpg,108.569,129.9109,85.8025,40.4902,92.9261,134.1458,0.0007,0.0,0.0111,36.028,0.0268,0.2843,0.9836,2
leaf blight29_.jpg,182.781,171.6441,162.4541,81.4002,45.4118,186.0759,0.1249,0.0029,0.0,74.4743,0.0534,0.3788,0.9809,2
leaf blight2_.jpg,138.0459,132.9724,95.005,25.4381,93.2735,142.8671,0.0178,0.0029,0.1008,104.4004,0.0177,0.2569,0.9883,2
leaf blight300_.jpg,130.2176,122.0698,89.2548,20.2824,86.3294,136.0857,0.0049,0.0061,0.0116,131.6002,0.0156,0.1483,0.9613,2
leaf blight301_.jpg,113.5362,129.1066,64.9998,37.3971,139.0417,134.7442,0.0027,0.0581,0.1242,38.7249,0.0221,0.3249,0.9937,2
leaf blight302_.jpg,130.5998,140.7868,76.2524,33.3756,124.8775,145.2824,0.007,0.0183,0.0642,45.8645,0.0244,0.3073,0.9924,2
leaf blight303_.jpg,112.8087,140.7892,84.1805,45.0278,107.0349,141.2265,0.002,0.0007,0.0219,44.1351,0.0245,0.274,0.9827,2
leaf blight304_.jpg,111.1164,125.8475,70.4059,36.4392,116.6336,128.6222,0.003,0.0034,0.0365,57.1346,0.0231,0.2914,0.9833,2
leaf blight305_.jpg,129.0192,149.4605,88.941,38.0852,108.2696,152.2728,0.0031,0.0077,0.0529,97.2289,0.0205,0.2563,0.9775,2
leaf blight306_.jpg,115.2757,143.8525,82.6724,39.9602,103.4848,147.4494,0.0026,0.0069,0.0766,337.5268,0.0273,0.2735,0.9254,2
leaf blight307_.jpg,109.3901,128.6625,77.6274,33.8637,101.7953,135.274,0.0087,0.0097,0.0787,426.3787,0.0174,0.2017,0.9012,2
leaf blight308_.jpg,106.6915,122.408,80.1056,34.1468,89.2833,126.8739,0.0072,0.0034,0.1002,664.4513,0.0123,0.1202,0.8643,2
leaf blight309_.jpg,109.9456,131.2369,80.0278,35.2158,98.902,137.4421,0.0066,0.0081,0.0476,138.1721,0.0186,0.2301,0.964,2
leaf blight30_.jpg,199.1711,202.8333,184.0114,80.3284,42.6436,207.262,0.0014,0.0264,0.0,22.0059,0.0546,0.4419,0.9936,2
leaf blight310_.jpg,107.5914,129.9908,82.4674,40.4952,93.8298,134.1995,0.0014,0.0079,0.0669,385.9334,0.0151,0.1436,0.9038,2
leaf blight311_.jpg,108.1967,117.339,83.0615,36.7909,77.3116,123.0387,0.0026,0.0097,0.1014,251.5823,0.0124,0.1238,0.9509,2
leaf blight312_.jpg,131.4297,144.4581,95.3242,34.4986,90.7959,150.4831,0.0055,0.0182,0.0361,114.6075,0.0168,0.1793,0.9764,2
leaf blight313_.jpg,111.6166,132.8103,85.0708,39.9333,92.3973,137.2822,0.0019,0.0101,0.0637,464.0446,0.0123,0.1125,0.8926,2
leaf blight314_.jpg,128.5155,152.8663,99.7756,43.4139,96.6334,155.1435,0.0134,0.0003,0.0147,272.9822,0.0183,0.1568,0.8708,2
leaf blight315_.jpg,124.9728,157.0853,97.642,47.2349,103.9483,157.2989,0.0001,0.0004,0.0,151.7897,0.0166,0.1582,0.9655,2
leaf blight316_.jpg,115.3042,137.237,68.6662,36.1362,135.3344,141.6109,0.0099,0.021,0.0165,471.0375,0.0195,0.1926,0.8428,2
leaf blight317_.jpg,122.6846,143.175,76.8635,36.0381,128.7284,147.6865,0.0112,0.0331,0.0225,928.9376,0.0166,0.1738,0.7524,2
leaf blight318_.jpg,123.9983,163.0167,64.5535,40.4636,161.9751,165.772,0.0137,0.0418,0.0006,86.0472,0.0212,0.2298,0.9687,2
leaf blight319_.jpg,135.0798,167.3774,68.5134,39.0438,158.176,168.8882,0.0028,0.0705,0.001,66.7797,0.0226,0.2523,0.9779,2
leaf blight31_.jpg,189.7535,193.6082,158.2574,63.3344,66.2678,197.7493,0.0015,0.0644,0.0,21.8501,0.0598,0.4484,0.995,2
leaf blight320_.jpg,141.3824,171.5798,74.5239,38.3249,152.4305,173.6969,0.004,0.0882,0.0015,29.5584,0.0252,0.3282,0.991,2
leaf blight321_.jpg,136.3125,167.2877,68.1028,38.5724,159.1697,169.9587,0.0102,0.0706,0.0009,73.2151,0.0226,0.2427,0.9748,2
leaf blight322_.jpg,126.2402,156.0145,74.6198,45.1866,142.1442,157.5058,0.0263,0.0244,0.0,40.614,0.0324,0.3834,0.9844,2
leaf blight323_.jpg,137.1101,166.8069,82.4482,45.7293,136.9689,168.3189,0.028,0.0313,0.0,43.0021,0.0372,0.383,0.9746,2
leaf blight324_.jpg,113.4959,167.098,67.9152,47.2481,153.9217,167.1974,0.0006,0.0172,0.0,33.7359,0.0278,0.2771,0.9782,2
leaf blight325_.jpg,112.2685,166.0787,68.8907,47.5682,151.8885,166.2551,0.0006,0.015,0.0,39.1718,0.0251,0.2501,0.9779,2
leaf blight326_.jpg,97.7995,132.4991,93.9799,57.9475,84.9257,132.7259,0.0002,0.0,0.0006,98.9636,0.0192,0.1707,0.9525,2
leaf blight327_.jpg,111.1169,134.4545,88.5167,42.9367,96.5054,137.1968,0.0008,0.0015,0.0202,108.1915,0.0199,0.2292,0.9709,2
leaf blight328_.jpg,108.0225,138.292,93.6714,45.5353,91.8878,141.5019,0.0015,0.0,0.0129,26.387,0.0305,0.3074,0.9895,2
leaf blight329_.jpg,111.5956,137.0628,97.9508,43.4114,84.5734,141.2025,0.0016,0.0,0.0195,25.3301,0.0327,0.3489,0.9916,2
leaf blight32_.jpg,185.5061,192.7415,160.2609,64.7195,62.0426,195.6075,0.0039,0.0265,0.0,14.2004,0.051,0.4501,0.9972,2
leaf blight330_.jpg,105.8641,127.2496,90.3873,45.411,85.6666,130.0627,0.0026,0.0,0.0262,64.3788,0.0211,0.2339,0.9785,2
leaf blight331_.jpg,122.896,142.5149,108.9067,45.2934,72.2919,146.662,0.0022,0.0001,0.0059,51.5347,0.0271,0.2631,0.9795,2
leaf blight332_.jpg,123.3393,149.6511,67.9565,33.0794,134.5611,154.065,0.0104,0.0665,0.0,25.3481,0.0314,0.3929,0.9895,2
leaf blight333_.jpg,106.3039,134.0209,88.0757,47.2035,98.3317,136.3962,0.0005,0.0,0.0026,55.5072,0.0282,0.2579,0.9716,2
leaf blight334_.jpg,113.4693,138.1763,92.0594,44.4412,95.8932,141.4793,0.001,0.0,0.0016,37.7098,0.0335,0.3205,0.9797,2
leaf blight335_.jpg,101.0818,118.9758,83.9078,40.5025,87.0633,122.3693,0.0017,0.0004,0.0157,32.6597,0.0241,0.293,0.9901,2
leaf blight336_.jpg,113.1126,136.9267,95.9723,44.7749,91.3474,140.6254,0.0043,0.001,0.0009,38.1674,0.0248,0.3021,0.9866,2
leaf blight337_.jpg,119.4754,117.8228,86.9621,42.2435,94.3792,131.4214,0.0886,0.0,0.0029,59.0441,0.0209,0.2148,0.9745,2
leaf blight338_.jpg,130.2761,133.5412,110.039,58.35,74.0348,145.1042,0.0273,0.0001,0.0128,39.1276,0.0223,0.2525,0.9855,2
leaf blight339_.jpg,105.98,122.5924,95.3177,56.3271,77.6177,127.4031,0.0078,0.0,0.0198,34.6659,0.0245,0.2601,0.9858,2
leaf blight33_.jpg,199.1711,202.8333,184.0114,80.3284,42.6436,207.262,0.0014,0.0264,0.0,22.0059,0.0546,0.4419,0.9936,2
leaf blight340_.jpg,137.5316,115.1568,85.607,22.8504,104.1468,141.7672,0.0646,0.0013,0.0127,75.7024,0.0215,0.2619,0.9825,2
leaf blight341_.jpg,158.8334,125.5375,97.5786,25.6677,106.1204,163.4432,0.0911,0.0012,0.0209,71.2175,0.0186,0.2386,0.9817,2
leaf blight342_.jpg,136.5833,138.6291,92.6668,28.674,101.0329,149.2147,0.0247,0.0027,0.0,26.2554,0.0234,0.3133,0.9925,2
leaf blight343_.jpg,113.9803,154.399,109.5815,57.3927,87.8718,155.4921,0.0026,0.0,0.0,77.0715,0.0235,0.219,0.9576,2
leaf blight344_.jpg,117.2771,132.3721,91.4837,34.7555,84.8117,138.0646,0.0003,0.0009,0.0,42.8682,0.0358,0.3616,0.9793,2
leaf blight345_.jpg,123.2838,140.6063,97.7031,37.4602,85.1538,145.9678,0.0,0.0016,0.0,32.5551,0.0386,0.4041,0.988,2
leaf blight346_.jpg,135.1375,154.948,101.6701,41.7131,97.4156,157.8192,0.0109,0.0086,0.006,187.6361,0.0182,0.2055,0.9511,2
leaf blight347_.jpg,115.6129,137.2647,66.3137,38.5515,143.749,139.5634,0.0201,0.0154,0.02,150.1527,0.0173,0.1744,0.9565,2
leaf blight348_.jpg,125.0855,145.0483,76.8524,38.3874,133.4598,147.2237,0.0092,0.0208,0.0247,186.2729,0.0157,0.1601,0.9533,2
leaf blight349_.jpg,110.187,131.6215,61.4352,38.6024,146.6303,133.6167,0.0193,0.0198,0.0287,137.6204,0.017,0.1859,0.9616,2
leaf blight34_.jpg,185.8894,189.939,151.5477,62.4673,70.9778,194.0437,0.0021,0.0696,0.0,22.5305,0.0535,0.4325,0.9947,2
leaf blight350_.jpg,108.9473,130.4505,59.6387,38.1987,149.8002,133.621,0.0199,0.0074,0.0261,138.591,0.0197,0.2071,0.955,2
leaf blight351_.jpg,134.7563,158.1238,74.3852,37.8323,144.9183,160.3729,0.0211,0.0431,0.0059,76.5064,0.0184,0.2243,0.9802,2
leaf blight352_.jpg,116.7951,138.8933,91.9485,44.9865,99.2488,139.8251,0.0004,0.0008,0.0299,128.79,0.0157,0.1927,0.9753,2
leaf blight353_.jpg,138.8216,136.17,87.0245,29.4429,113.5286,150.4408,0.0612,0.0066,0.0033,138.3956,0.0146,0.1699,0.9657,2
leaf blight354_.jpg,128.5382,132.5809,82.3444,32.8315,115.3789,143.8251,0.0446,0.0099,0.0057,83.042,0.0171,0.2107,0.9802,2
leaf blight355_.jpg,101.0319,117.986,65.2126,39.2788,124.1594,121.0979,0.0203,0.0031,0.0962,182.471,0.0157,0.1858,0.9653,2
leaf blight356_.jpg,93.5028,111.1966,64.0666,41.4906,122.3742,114.2632,0.0116,0.0024,0.1418,200.1941,0.0179,0.2066,0.9689,2
leaf blight357_.jpg,103.802,123.1074,81.8347,45.187,101.6556,124.9424,0.0132,0.0001,0.0545,159.3327,0.0138,0.1434,0.9694,2
leaf blight358_.jpg,125.5973,142.4021,75.4639,36.764,128.0694,144.9263,0.02,0.0154,0.0426,106.9741,0.015,0.1523,0.9756,2
leaf blight359_.jpg,139.9654,155.8578,81.2061,35.4121,128.0863,159.3927,0.0373,0.0323,0.0078,90.9569,0.0192,0.2086,0.9739,2
leaf blight35_.jpg,182.7629,190.356,154.9004,62.1576,66.5852,193.0952,0.0037,0.0314,0.0,18.6934,0.0518,0.4277,0.9963,2
leaf blight360_.jpg,153.1011,176.2275,91.056,38.0675,126.0999,176.9431,0.0035,0.0703,0.007,52.3819,0.0247,0.2334,0.9779,2
leaf blight361_.jpg,132.3419,167.4394,66.4033,41.271,154.974,168.1473,0.0032,0.1824,0.0001,93.7352,0.0198,0.2333,0.9715,2
leaf blight362_.jpg,132.6737,166.2776,65.1027,40.5375,157.3674,167.3967,0.005,0.1672,0.0001,59.4539,0.0214,0.2619,0.9835,2
leaf blight363_.jpg,107.9746,125.4815,71.8425,38.9127,125.7156,127.5905,0.0062,0.0017,0.0546,188.4267,0.0147,0.1707,0.9633,2
leaf blight364_.jpg,99.8791,119.0822,62.1202,39.4278,134.3326,121.5513,0.0104,0.0015,0.0344,192.868,0.0164,0.1479,0.9416,2
leaf blight365_.jpg,114.3085,130.45,70.9149,37.2367,124.8866,137.4337,0.0151,0.0545,0.0111,48.5524,0.025,0.308,0.9864,2
leaf blight366_.jpg,131.4327,134.7021,83.959,31.0313,112.1084,146.9364,0.0232,0.055,0.0044,42.1467,0.0268,0.3394,0.9884,2
leaf blight367_.jpg,112.5968,119.8421,74.149,34.1236,114.5901,128.0286,0.0377,0.0312,0.0684,68.5455,0.0218,0.2964,0.9886,2
leaf blight368_.jpg,156.2676,146.95,109.7747,24.3591,91.328,161.8608,0.0629,0.0247,0.0248,94.3648,0.0182,0.2427,0.9857,2
leaf blight369_.jpg,98.0567,144.0589,103.1808,65.3048,105.3951,145.0587,0.0002,0.003,0.0,59.0267,0.0243,0.2614,0.9786,2
leaf blight36_.jpg,173.3429,177.608,155.3711,80.0016,55.9587,182.3943,0.022,0.0266,0.0,30.1235,0.0471,0.4015,0.9927,2
leaf blight370_.jpg,111.8227,155.7588,114.8031,65.6557,97.9192,156.9529,0.0,0.0047,0.0,55.5775,0.0241,0.261,0.9721,2
leaf blight371_.jpg,114.6302,158.4308,111.1833,61.1607,101.226,159.5937,0.0004,0.0077,0.0,75.9474,0.0222,0.2611,0.973,2
leaf blight372_.jpg,102.3255,146.956,96.7341,60.0887,100.5132,147.0972,0.0,0.0103,0.0,22.0826,0.0353,0.3422,0.9868,2
leaf blight373_.jpg,123.6825,168.155,111.8761,59.2882,101.35,168.4691,0.0,0.0032,0.0,17.7996,0.0348,0.3486,0.9918,2
leaf blight374_.jpg,114.9685,155.0445,103.0342,57.2239,103.3552,155.687,0.0006,0.0043,0.0,39.2987,0.0262,0.2882,0.9872,2
leaf blight375_.jpg,134.3768,171.7099,124.7184,59.5406,86.6938,172.346,0.0006,0.0091,0.0,36.1595,0.0242,0.3077,0.9873,2
leaf blight376_.jpg,103.1516,141.7401,85.776,50.3213,109.3019,142.9468,0.0001,0.0004,0.0,35.2902,0.0403,0.3895,0.9801,2
leaf blight377_.jpg,117.6148,111.3647,79.4768,31.874,101.4237,129.0436,0.0889,0.0,0.0045,89.9117,0.0204,0.2088,0.971,2
leaf blight378_.jpg,113.6444,122.1266,84.2708,40.104,92.5337,128.4511,0.0296,0.0,0.0055,91.2205,0.0167,0.1828,0.9744,2
leaf blight380_.jpg,135.2687,124.3103,91.302,24.7351,95.4542,141.7232,0.0617,0.0004,0.0044,57.5968,0.0203,0.2428,0.9852,2
leaf blight381_.jpg,124.561,126.5765,82.2916,32.9989,106.1981,136.3985,0.068,0.0015,0.0017,41.6496,0.0205,0.2582,0.9904,2
leaf blight382_.jpg,119.9059,102.4997,71.0315,22.3758,112.7815,124.8403,0.1039,0.0003,0.0273,54.2988,0.0201,0.2404,0.9853,2
leaf blight383_.jpg,111.3606,111.6117,73.7223,33.1214,105.8138,121.9522,0.0735,0.0005,0.0005,45.8674,0.0228,0.2613,0.9881,2
leaf blight384_.jpg,137.0335,118.3504,87.6337,19.368,100.3939,140.4184,0.1022,0.0009,0.0037,46.5687,0.0216,0.242,0.9894,2
leaf blight385_.jpg,132.1294,121.7008,73.5968,23.0072,131.6999,140.3775,0.1052,0.0222,0.1016,133.3765,0.0169,0.1879,0.9824,2
leaf blight386_.jpg,177.9454,168.8657,119.7963,26.1912,98.5981,185.1238,0.0624,0.0028,0.0299,101.7069,0.0171,0.2026,0.9855,2
leaf blight387_.jpg,137.9169,139.7362,96.5455,33.3849,99.2375,152.5152,0.0517,0.0174,0.0,113.3105,0.0163,0.1935,0.9735,2
leaf blight388_.jpg,116.469,128.953,72.0725,37.2421,121.4858,137.7588,0.0717,0.0482,0.0,65.0249,0.023,0.2623,0.9751,2
leaf blight389_.jpg,135.1103,138.5859,95.1092,36.9236,98.8246,150.3245,0.0326,0.0185,0.0,97.2956,0.0171,0.2074,0.9777,2
leaf blight38_.jpg,162.536,171.7422,133.5366,66.262,81.6784,175.3463,0.0226,0.0381,0.0,23.8733,0.0399,0.3792,0.9957,2
leaf blight390_.jpg,111.9251,129.7717,66.7161,39.7443,128.8707,135.8306,0.0281,0.0585,0.0,41.3199,0.0242,0.3022,0.9837,2
leaf blight391_.jpg,123.4469,125.3776,95.6576,37.3174,90.3711,139.4371,0.028,0.0009,0.0004,186.2517,0.0238,0.2596,0.9369,2
leaf blight392_.jpg,138.5126,138.6229,105.4968,34.9123,84.8927,152.55,0.0213,0.0005,0.0008,196.6814,0.0229,0.252,0.9352,2
leaf blight393_.jpg,131.4988,143.5744,109.065,43.2678,90.2582,156.1909,0.0088,0.0006,0.0,60.1532,0.0252,0.2645,0.9817,2
leaf blight394_.jpg,137.8498,146.3919,103.4755,36.309,92.2593,156.0131,0.0228,0.001,0.0,97.4064,0.0212,0.2194,0.9674,2
leaf blight395_.jpg,160.1551,154.8814,118.2708,30.0417,83.6685,171.2813,0.0259,0.0003,0.0,30.0858,0.0225,0.3025,0.9913,2
leaf blight396_.jpg,120.911,132.6186,85.7441,36.8724,107.0622,143.0191,0.0262,0.0018,0.0,47.1029,0.0407,0.3536,0.9685,2
leaf blight397_.jpg,109.542,115.5805,88.5392,41.4653,92.6459,125.6403,0.0077,0.0003,0.0492,100.4244,0.0189,0.2367,0.9714,2
leaf blight398_.jpg,115.754,129.7162,106.7269,50.6888,78.1006,138.3918,0.008,0.0003,0.003,120.5209,0.0196,0.1898,0.9497,2
leaf blight399_.jpg,123.7858,128.705,106.1188,41.6231,78.0324,141.4227,0.0069,0.0002,0.0023,122.0493,0.0202,0.2123,0.9463,2
leaf blight39_.jpg,173.3429,177.608,155.3711,80.0016,55.9587,182.3943,0.022,0.0266,0.0,30.1235,0.0471,0.4015,0.9927,2
leaf blight3_.jpg,112.1278,131.2121,81.6425,40.9091,109.9183,137.9532,0.0229,0.0021,0.0,57.9892,0.0366,0.3233,0.9595,2
leaf blight400_.jpg,115.0804,119.97,91.0656,37.9717,87.3088,130.7084,0.0166,0.0002,0.0363,82.9309,0.0212,0.2512,0.9719,2
leaf blight401_.jpg,150.2696,127.0451,97.4845,17.4475,95.1289,151.8436,0.0627,0.0007,0.023,230.2605,0.02,0.2326,0.9351,2
leaf blight402_.jpg,139.3845,117.9907,88.833,18.4586,99.2085,141.4027,0.0736,0.0012,0.0352,298.0594,0.0179,0.198,0.9033,2
leaf blight403_.jpg,135.2517,123.4984,80.2171,24.6677,117.9381,143.1107,0.1264,0.0285,0.0,81.2451,0.0177,0.1956,0.9777,2
leaf blight404_.jpg,148.73,133.8924,92.9815,22.9325,107.6869,154.7514,0.1098,0.032,0.0,79.6045,0.0196,0.229,0.9776,2
leaf blight405_.jpg,136.8446,136.2948,95.4248,28.9394,99.9324,145.3355,0.0299,0.0132,0.0152,185.3464,0.0143,0.1655,0.9733,2
leaf blight406_.jpg,145.1645,140.06,102.8725,26.6462,94.6392,151.2544,0.0361,0.021,0.0147,157.542,0.0152,0.1842,0.9791,2
leaf blight407_.jpg,131.6009,150.8202,78.0047,40.0663,122.0987,155.2735,0.0057,0.1485,0.0011,107.6128,0.0172,0.1989,0.9738,2
leaf blight408_.jpg,116.4354,141.5709,71.095,43.5125,124.6506,143.6519,0.007,0.0853,0.0025,104.7672,0.0179,0.1996,0.9722,2
leaf blight409_.jpg,140.3069,133.3193,85.5356,28.7896,115.2886,151.0339,0.0798,0.02,0.0096,105.5483,0.0158,0.1695,0.9737,2
leaf blight40_.jpg,157.066,161.2377,124.7878,66.804,84.7061,166.4119,0.045,0.0476,0.0,29.7615,0.0416,0.3831,0.9937,2
leaf blight410_.jpg,159.629,160.4879,109.9764,34.8187,95.3131,172.8732,0.0431,0.0179,0.0,101.3316,0.0174,0.1805,0.9664,2
leaf blight411_.jpg,117.7936,127.0365,79.6719,34.5882,112.8692,134.9067,0.0297,0.0187,0.0012,66.0984,0.0197,0.2354,0.9885,2
leaf blight412_.jpg,148.5972,154.527,116.0195,37.0709,82.6901,161.109,0.027,0.0259,0.0,83.4743,0.0174,0.2344,0.9886,2
leaf blight413_.jpg,129.0501,133.1029,105.3038,41.1922,78.7732,143.4617,0.0363,0.0,0.0072,74.6709,0.0194,0.2318,0.9888,2
leaf blight414_.jpg,120.3152,118.2762,88.3617,37.9347,91.2753,132.585,0.0489,0.0001,0.0282,86.1661,0.0187,0.2068,0.9838,2
leaf blight415_.jpg,102.4552,107.1493,76.4009,40.7062,95.1246,116.6457,0.0356,0.0001,0.0556,70.8704,0.0206,0.2196,0.9844,2
leaf blight416_.jpg,117.979,137.738,105.4664,49.4487,92.427,145.7226,0.0051,0.0022,0.0,163.9044,0.0218,0.2389,0.9374,2
leaf blight417_.jpg,118.2801,136.4516,109.6696,50.3742,89.5152,145.5969,0.0043,0.0012,0.0,147.5105,0.0236,0.2618,0.9459,2
leaf blight418_.jpg,125.4396,130.5947,82.8183,33.033,109.6003,141.5043,0.0933,0.0075,0.0,144.1984,0.0203,0.191,0.9497,2
leaf blight419_.jpg,122.7616,138.7563,87.6681,39.7531,103.3729,143.1962,0.0205,0.0017,0.0,109.1729,0.017,0.1783,0.9641,2
leaf blight41_.jpg,181.8693,185.3707,161.8872,81.439,56.013,190.4894,0.0185,0.0307,0.0,32.5052,0.0527,0.4167,0.9926,2
leaf blight420_.jpg,130.2906,136.9612,82.771,33.2293,115.8837,148.0767,0.0837,0.0162,0.0,120.672,0.0206,0.216,0.9554,2
leaf blight421_.jpg,125.0461,129.0811,80.3841,32.2249,113.8463,141.838,0.1033,0.0097,0.0,140.7133,0.0221,0.2061,0.9491,2
leaf blight422_.jpg,133.7729,137.6222,81.5736,31.7143,120.7942,151.6737,0.0898,0.0222,0.0,107.8961,0.0229,0.2437,0.9597,2
leaf blight423_.jpg,152.0395,155.137,120.2645,38.4553,77.9308,168.0065,0.025,0.0004,0.0,182.8177,0.0136,0.1438,0.9617,2
leaf blight424_.jpg,112.9664,113.1291,78.0451,31.26,106.3774,121.993,0.0432,0.004,0.0344,422.3424,0.0143,0.1442,0.9295,2
leaf blight425_.jpg,117.7448,118.3287,82.9967,31.4054,102.6021,126.0919,0.0257,0.0063,0.0423,554.76,0.0126,0.1232,0.9158,2
leaf blight426_.jpg,111.9065,110.6866,77.8721,30.1647,105.1322,120.2611,0.0378,0.0034,0.0351,353.4267,0.0165,0.1641,0.9437,2
leaf blight427_.jpg,99.5936,97.9903,63.2462,30.0176,118.1129,108.8683,0.0501,0.0044,0.0391,285.2819,0.0167,0.1513,0.9342,2
leaf blight428_.jpg,110.633,120.0921,108.0301,69.7025,72.0542,129.1757,0.0099,0.0003,0.0001,33.1723,0.0251,0.2892,0.9928,2
leaf blight429_.jpg,127.4916,131.443,109.0964,45.1791,73.3372,142.8239,0.0075,0.0,0.0035,66.6369,0.0194,0.206,0.9742,2
leaf blight42_.jpg,187.5711,188.6511,162.5361,70.6333,56.5566,194.4333,0.0077,0.0497,0.0,52.1272,0.0449,0.3817,0.99,2
leaf blight430_.jpg,124.3122,132.9925,110.7849,45.9282,76.9192,142.6603,0.006,0.0002,0.0005,75.2835,0.0251,0.2405,0.9699,2
leaf blight431_.jpg,130.2345,135.3451,120.8285,54.2341,62.6759,144.5285,0.0039,0.0,0.0,100.8043,0.0182,0.1933,0.9683,2
leaf blight432_.jpg,129.6083,145.5819,106.7425,41.686,84.8383,149.0446,0.0033,0.0018,0.009,44.426,0.0173,0.2435,0.9931,2
leaf blight433_.jpg,113.8377,133.3426,108.5568,56.179,78.2336,137.8202,0.0149,0.0007,0.0043,53.6936,0.0218,0.2468,0.9782,2
leaf blight434_.jpg,142.2403,167.2684,67.1433,38.1465,164.3343,170.1232,0.0477,0.0884,0.0,96.3434,0.0415,0.2815,0.9722,2
leaf blight435_.jpg,154.5965,173.9073,80.782,36.8862,152.8363,178.0372,0.0631,0.1082,0.0,137.5834,0.0602,0.2655,0.9701,2
leaf blight436_.jpg,129.5988,153.4622,87.3598,40.5475,116.8688,155.7442,0.0115,0.0082,0.0,62.5586,0.0226,0.2437,0.9773,2
leaf blight437_.jpg,116.8359,130.8815,86.7371,36.9187,92.9757,134.0495,0.0045,0.0002,0.0834,88.123,0.0179,0.2057,0.9798,2
leaf blight438_.jpg,114.2192,132.3381,87.8314,41.1864,92.3093,134.8982,0.001,0.0001,0.0275,161.4135,0.0149,0.1638,0.958,2
leaf blight439_.jpg,120.3217,135.8125,112.0051,49.9696,73.5294,141.5647,0.0004,0.0,0.0008,71.1284,0.0232,0.2272,0.973,2
leaf blight43_.jpg,202.8348,198.1632,165.9351,61.2441,61.8589,206.3592,0.012,0.0837,0.0,23.8867,0.0621,0.4496,0.9945,2
leaf blight440_.jpg,107.8167,132.0275,109.4848,58.3626,73.2511,134.9488,0.0006,0.0,0.0004,87.4041,0.024,0.2202,0.9506,2
leaf blight441_.jpg,116.1932,123.1208,83.5949,34.9705,93.6402,128.8481,0.01,0.0167,0.0354,44.223,0.0195,0.259,0.9897,2
leaf blight442_.jpg,135.6824,144.1061,103.268,38.2543,84.6339,150.048,0.0152,0.0175,0.0082,30.3499,0.0219,0.2977,0.9918,2
leaf blight443_.jpg,132.6817,133.3872,76.4029,28.1057,124.485,144.4844,0.0933,0.0179,0.0005,131.8091,0.0206,0.2093,0.9616,2
leaf blight444_.jpg,136.0747,122.4516,83.1768,21.0136,106.447,140.0465,0.1089,0.004,0.0008,124.6697,0.0269,0.2876,0.9573,2
leaf blight445_.jpg,138.8794,136.1825,84.0265,26.3106,114.7718,148.6904,0.0881,0.0118,0.0005,123.6587,0.0234,0.2641,0.9654,2
leaf blight446_.jpg,135.6781,136.1364,79.527,28.2062,122.2135,147.0943,0.0841,0.0135,0.0005,124.1784,0.0225,0.2502,0.9646,2
leaf blight447_.jpg,140.6003,133.0273,83.8173,24.235,115.0858,148.0186,0.0903,0.0085,0.001,124.6934,0.0286,0.3084,0.9591,2
leaf blight448_.jpg,135.4032,134.8372,78.4525,28.0017,123.1644,145.8809,0.0828,0.0125,0.0006,121.8048,0.0209,0.2578,0.9668,2
leaf blight449_.jpg,141.0522,130.6623,82.2611,23.1356,118.1719,147.5478,0.098,0.0122,0.0,117.5588,0.028,0.3025,0.9583,2
leaf blight44_.jpg,168.1934,172.7483,132.0209,57.4627,83.059,177.9679,0.0108,0.0609,0.0,53.4164,0.0416,0.331,0.9908,2
leaf blight450_.jpg,136.3833,140.6502,77.1659,30.0658,128.1746,149.3013,0.0697,0.0238,0.0006,96.6582,0.0211,0.2772,0.9706,2
leaf blight451_.jpg,132.3049,134.5578,73.6571,29.3582,130.3169,144.4568,0.0802,0.0166,0.0009,120.7254,0.021,0.2777,0.9645,2
leaf blight454_.jpg,136.7392,125.445,87.7205,21.3053,93.7018,138.9682,0.0307,0.0095,0.0614,37.8486,0.0211,0.2996,0.9946,2
leaf blight455_.jpg,132.4857,128.7832,84.7707,25.4614,98.7424,138.1776,0.031,0.0114,0.0543,142.8924,0.0188,0.2354,0.9823,2
leaf blight456_.jpg,153.207,151.1018,100.3199,27.136,96.228,159.4116,0.0147,0.0091,0.0422,121.128,0.0214,0.2547,0.9855,2
leaf blight457_.jpg,116.3036,122.2051,66.5653,30.4568,129.0183,128.4312,0.0145,0.0162,0.0895,112.6234,0.0164,0.2051,0.9821,2
leaf blight458_.jpg,110.042,118.6566,58.2818,32.7972,141.2258,125.1211,0.025,0.0243,0.0256,60.8234,0.0214,0.2587,0.9846,2
leaf blight459_.jpg,104.1889,107.8973,60.1009,28.0851,122.3213,114.1179,0.0139,0.0207,0.2219,57.0356,0.0248,0.292,0.9911,2
leaf blight45_.jpg,164.3564,168.2984,142.9648,70.3063,67.0591,173.9579,0.0235,0.0244,0.0002,49.1954,0.0443,0.3832,0.9911,2
leaf blight460_.jpg,119.7065,129.5164,68.7134,33.2633,128.3129,133.6628,0.0158,0.0256,0.0761,55.7256,0.0225,0.276,0.9879,2
leaf blight461_.jpg,134.0162,128.0098,104.5723,22.2711,63.1276,137.4901,0.0054,0.0004,0.0254,696.2847,0.0099,0.0731,0.8206,2
leaf blight462_.jpg,161.0272,151.6218,124.3292,21.8888,62.8924,163.6687,0.0089,0.0009,0.0041,211.5298,0.0162,0.1431,0.9425,2
leaf blight463_.jpg,128.4547,121.2826,102.7491,22.0474,55.0609,130.5559,0.0086,0.0002,0.0397,454.7109,0.0119,0.0849,0.8474,2
leaf blight464_.jpg,130.9881,123.5387,105.0504,22.3246,54.3184,133.0424,0.0094,0.0005,0.035,403.1552,0.0124,0.0901,0.8633,2
leaf blight465_.jpg,130.6713,119.8052,96.5497,20.8,70.4178,131.0248,0.029,0.0,0.0282,91.5601,0.0173,0.1574,0.968,2
leaf blight466_.jpg,119.3613,111.1294,92.0985,21.1061,63.2579,121.2211,0.0142,0.0002,0.0486,421.6375,0.0124,0.0909,0.8486,2
leaf blight467_.jpg,123.8526,114.4984,93.7532,20.3782,66.9419,125.6043,0.0185,0.0005,0.036,278.5658,0.0141,0.1104,0.8964,2
leaf blight468_.jpg,120.4898,112.93,95.5209,22.3128,58.1032,122.6086,0.0095,0.0003,0.0527,320.6741,0.0129,0.103,0.8948,2
leaf blight469_.jpg,104.3864,99.5295,86.971,28.01,48.1338,106.4837,0.0017,0.0003,0.1304,366.214,0.0113,0.0989,0.9102,2
leaf blight46_.jpg,139.1645,146.6895,109.5195,60.2503,94.015,151.1947,0.0356,0.0235,0.0005,49.757,0.0384,0.319,0.9914,2
leaf blight470_.jpg,119.9287,112.1095,91.7792,21.8293,64.9021,122.5365,0.0105,0.0012,0.0508,392.4334,0.0126,0.0983,0.8663,2
leaf blight471_.jpg,118.137,127.4431,77.0287,34.1732,113.529,131.8866,0.0099,0.0077,0.0223,159.1117,0.014,0.1474,0.9674,2
leaf blight472_.jpg,115.7004,128.1509,74.5624,35.9332,118.3835,132.095,0.0085,0.0076,0.0144,107.4651,0.0158,0.1747,0.974,2
leaf blight473_.jpg,142.3605,145.9794,95.1583,29.8551,104.5334,154.5342,0.028,0.0122,0.0053,123.8375,0.0161,0.175,0.9689,2
leaf blight474_.jpg,142.7163,146.8213,94.7584,30.548,103.6583,154.8403,0.0224,0.0179,0.0002,77.4821,0.0191,0.215,0.9763,2
leaf blight475_.jpg,112.7535,118.3538,71.3506,32.5638,113.2073,123.9935,0.0148,0.0111,0.1209,93.1869,0.0155,0.1956,0.9845,2
leaf blight476_.jpg,123.9665,124.9515,74.1403,30.4301,121.7427,134.3469,0.0319,0.0149,0.0541,95.3662,0.0152,0.1968,0.9827,2
leaf blight477_.jpg,114.605,117.1536,73.4474,30.5742,110.6935,124.4872,0.0095,0.0096,0.0874,177.7378,0.0142,0.158,0.9691,2
leaf blight478_.jpg,140.2874,139.8062,91.5105,29.0508,104.4501,148.8639,0.0117,0.0183,0.0633,101.035,0.0162,0.2148,0.9832,2
leaf blight479_.jpg,123.0163,123.8613,73.9674,30.665,117.0773,132.0296,0.0191,0.0267,0.1356,155.7682,0.0161,0.2039,0.9746,2
leaf blight47_.jpg,184.2284,182.4042,147.4851,58.59,71.2388,189.1428,0.0312,0.0536,0.0,18.8595,0.0807,0.4816,0.996,2
leaf blight480_.jpg,145.7548,144.0086,89.9747,28.9419,114.7526,154.9074,0.0278,0.0202,0.0234,111.0273,0.0171,0.2045,0.9728,2
leaf blight481_.jpg,115.7708,121.2784,68.8073,32.5384,119.2848,127.1688,0.0034,0.039,0.1196,153.5887,0.0176,0.2254,0.9749,2
leaf blight482_.jpg,119.3858,124.0454,68.9544,31.5666,121.231,130.5794,0.0123,0.0465,0.0622,77.7382,0.0183,0.2367,0.9852,2
leaf blight483_.jpg,131.804,137.2402,77.1335,32.39,122.5732,144.1973,0.0148,0.0398,0.0172,110.0192,0.0168,0.1909,0.977,2
leaf blight484_.jpg,119.3685,127.2253,84.5876,33.9364,98.4483,131.904,0.0089,0.0031,0.1138,229.3821,0.0134,0.1509,0.9659,2
leaf blight485_.jpg,131.168,134.538,94.2644,31.4418,90.4868,140.8419,0.0085,0.0043,0.1408,287.0419,0.0131,0.1486,0.9659,2
leaf blight486_.jpg,122.429,123.5943,81.7879,28.3809,97.0437,132.0649,0.0308,0.0084,0.0078,121.7532,0.0277,0.2981,0.9544,2
leaf blight487_.jpg,122.7161,120.9264,82.5964,27.0599,92.4992,130.5248,0.0298,0.0086,0.0103,124.2411,0.0285,0.3066,0.9539,2
leaf blight488_.jpg,107.3905,109.2831,71.3521,31.4586,109.6402,117.3924,0.0238,0.0024,0.1731,176.5537,0.0164,0.1872,0.9771,2
leaf blight489_.jpg,110.1496,116.9337,74.9123,35.3596,113.4113,124.7485,0.0228,0.0028,0.0844,127.8973,0.0181,0.2078,0.9789,2
leaf blight48_.jpg,161.131,165.2227,126.1264,63.6369,89.0698,172.1949,0.0519,0.0432,0.0054,78.9086,0.0423,0.3919,0.9878,2
leaf blight490_.jpg,118.9587,116.4785,80.7485,28.2261,98.3068,125.5079,0.0328,0.0037,0.231,93.99,0.0224,0.2601,0.9912,2
leaf blight491_.jpg,135.2175,130.7567,82.9244,26.2715,106.9829,141.9624,0.0363,0.0551,0.065,136.3304,0.016,0.2068,0.9774,2
leaf blight492_.jpg,135.3687,138.9746,79.411,30.0407,122.9773,148.2217,0.0471,0.0339,0.0002,61.9776,0.0217,0.2747,0.985,2
leaf blight493_.jpg,132.7293,121.0995,79.2964,23.0329,100.7206,134.6384,0.0395,0.0977,0.1268,111.7997,0.0227,0.308,0.985,2
leaf blight494_.jpg,119.361,129.92,86.7819,36.9292,102.0294,135.1958,0.0128,0.0018,0.056,190.3096,0.0137,0.1612,0.9722,2
leaf blight495_.jpg,151.9571,152.6731,109.2681,30.3345,91.6324,162.2099,0.022,0.0043,0.0415,145.3149,0.014,0.19,0.9813,2
leaf blight496_.jpg,111.1388,120.6658,81.5919,37.1615,99.3154,123.6768,0.006,0.0019,0.1275,161.5223,0.0166,0.1843,0.98,2
leaf blight497_.jpg,117.8834,127.804,90.1922,38.3341,94.2875,130.8729,0.0037,0.001,0.1149,142.5115,0.0181,0.1973,0.9853,2
leaf blight498_.jpg,138.0296,142.2863,98.9016,33.4436,90.8482,147.4647,0.018,0.0024,0.0157,159.5514,0.0165,0.2091,0.9686,2
leaf blight499_.jpg,140.4151,141.1298,104.903,33.4582,81.7715,149.2021,0.0198,0.0007,0.029,179.9799,0.0148,0.1845,0.9581,2
leaf blight49_.jpg,160.9937,172.8388,115.8768,55.0465,97.7077,175.5183,0.0046,0.0692,0.0,33.9789,0.0387,0.3853,0.9868,2
leaf blight4_.jpg,173.0893,176.3489,169.562,85.9795,47.5432,185.9828,0.0161,0.002,0.037,90.9135,0.0596,0.4088,0.9866,2
leaf blight500_.jpg,137.768,144.7248,105.4861,35.0577,84.7926,150.9741,0.0158,0.0022,0.0068,163.8044,0.0146,0.1738,0.9586,2
leaf blight501_.jpg,135.8002,140.872,102.733,33.537,84.7367,147.3494,0.0192,0.0027,0.0093,151.5539,0.0157,0.1922,0.9619,2
leaf blight502_.jpg,135.7569,146.9903,105.1029,38.016,87.9021,152.4436,0.0125,0.0012,0.0103,176.1241,0.0137,0.1522,0.9562,2
leaf blight503_.jpg,126.4421,142.2504,91.2779,38.6826,102.7142,146.2047,0.0087,0.0038,0.0017,284.2486,0.0136,0.139,0.9273,2
leaf blight504_.jpg,112.7829,136.3862,77.2415,42.755,117.722,138.4874,0.0095,0.0047,0.0,261.9621,0.0155,0.1395,0.9011,2
leaf blight505_.jpg,145.3838,153.7181,109.9948,34.867,86.9217,160.1907,0.0094,0.004,0.0017,345.7262,0.0116,0.117,0.9259,2
leaf blight506_.jpg,130.5299,148.0231,94.8226,42.5132,99.9289,151.0146,0.0095,0.0135,0.0034,92.2467,0.0173,0.1796,0.9699,2
leaf blight507_.jpg,142.7837,158.4994,104.8882,41.9837,95.137,162.9503,0.0114,0.0238,0.0006,50.0173,0.0204,0.2251,0.9837,2
leaf blight508_.jpg,119.2415,137.9937,88.268,43.1347,99.8191,140.3045,0.0065,0.0018,0.0059,42.5834,0.0223,0.2468,0.9849,2
leaf blight509_.jpg,132.132,144.5373,88.6353,38.0556,109.2586,148.6029,0.0264,0.0122,0.0122,122.527,0.015,0.1525,0.9683,2
leaf blight50_.jpg,138.6679,140.0021,93.4336,52.3354,117.1776,149.3581,0.1087,0.0462,0.0071,59.5673,0.0441,0.3857,0.9915,2
leaf blight510_.jpg,133.7413,147.0671,84.9401,37.3475,119.5732,151.952,0.0357,0.0165,0.0034,100.0756,0.0169,0.1941,0.9739,2
leaf blight511_.jpg,132.9319,146.7672,83.5794,36.6336,121.5701,151.6155,0.0375,0.0139,0.0014,110.5248,0.0179,0.2102,0.9707,2
leaf blight512_.jpg,124.7427,139.7608,77.8337,37.0893,123.4254,143.0435,0.0217,0.0057,0.0205,127.6858,0.0148,0.1523,0.9697,2
leaf blight513_.jpg,133.2543,143.4286,87.9018,35.5929,112.5675,147.8585,0.0443,0.0045,0.0041,53.6403,0.0195,0.2287,0.9876,2
leaf blight514_.jpg,145.4858,160.66,88.6776,35.8,124.1717,165.6796,0.0139,0.011,0.0021,126.3651,0.0164,0.1799,0.9636,2
leaf blight515_.jpg,150.635,137.2748,101.246,21.5867,91.4394,152.5091,0.0696,0.0049,0.0163,115.2957,0.0164,0.1852,0.9845,2
leaf blight516_.jpg,126.2877,118.5375,85.884,24.1636,90.2078,129.1133,0.0625,0.0,0.0922,23.5097,0.0242,0.3242,0.9972,2
leaf blight517_.jpg,165.8386,147.6971,110.3163,19.0614,91.4013,166.8164,0.0664,0.0101,0.0025,77.5472,0.0176,0.2393,0.9891,2
leaf blight518_.jpg,118.4728,112.7429,73.9462,25.2356,106.5173,123.2015,0.0451,0.01,0.0565,115.3292,0.0175,0.2026,0.9802,2
leaf blight519_.jpg,127.4081,120.1411,76.4174,25.6088,114.1003,133.0494,0.0617,0.0204,0.0166,107.2898,0.0188,0.223,0.9796,2
leaf blight51_.jpg,171.4765,175.7916,134.8667,63.9731,85.5713,182.1537,0.0379,0.0643,0.0042,66.6588,0.0467,0.4143,0.9895,2
leaf blight520_.jpg,111.1075,106.4847,68.376,25.7641,104.0523,116.3587,0.0228,0.0258,0.2289,124.4754,0.0203,0.2275,0.9849,2
leaf blight521_.jpg,119.1175,133.5043,87.4572,37.727,92.3559,138.3892,0.0031,0.0198,0.0131,109.4287,0.0176,0.1874,0.9694,2
leaf blight523_.jpg,145.1977,141.8084,89.0441,26.7942,112.1539,154.5664,0.0755,0.0313,0.0,111.7123,0.0186,0.1853,0.9474,2
leaf blight524_.jpg,139.8204,132.4196,88.3055,25.2687,106.4612,146.1047,0.1126,0.0103,0.0,100.7668,0.018,0.1784,0.9578,2
leaf blight525_.jpg,148.6827,146.3442,95.6635,30.6892,104.2465,157.1644,0.085,0.0353,0.0,124.6347,0.0187,0.1719,0.9376,2
leaf blight526_.jpg,126.4039,135.7817,70.2433,35.1587,128.0313,138.8696,0.0411,0.0959,0.002,87.7179,0.0226,0.2463,0.9798,2
leaf blight527_.jpg,134.1856,139.2814,72.0584,32.5675,136.2481,147.8202,0.0769,0.0388,0.0382,204.5897,0.0149,0.1774,0.9569,2
leaf blight528_.jpg,124.1468,129.8117,68.6972,33.2114,135.3678,137.4033,0.0541,0.0317,0.0328,224.6988,0.0143,0.1668,0.9554,2
leaf blight529_.jpg,151.4195,167.3361,85.1423,36.1224,134.8221,171.5429,0.0115,0.0781,0.0,187.167,0.0138,0.1709,0.9624,2
leaf blight52_.jpg,174.9932,185.5365,136.364,66.2197,85.8802,189.3941,0.0016,0.0938,0.0,24.6305,0.0558,0.4661,0.991,2
leaf blight530_.jpg,155.7518,168.8747,83.575,34.3101,138.1786,173.5437,0.0132,0.1173,0.0005,146.0444,0.0156,0.1833,0.9633,2
leaf blight531_.jpg,138.7882,156.6862,74.5545,36.9376,139.2531,159.6016,0.0093,0.097,0.0009,108.3038,0.0191,0.2236,0.9632,2
leaf blight532_.jpg,122.4461,143.867,68.1866,40.8726,144.6791,146.3532,0.0114,0.0993,0.0048,171.5203,0.0159,0.1958,0.9663,2
leaf blight533_.jpg,137.049,147.591,71.8109,35.0779,142.3211,154.9,0.0297,0.1151,0.0,222.7531,0.0163,0.1768,0.9123,2
leaf blight534_.jpg,144.1169,153.4108,69.0381,34.7428,150.8708,161.7357,0.0483,0.1715,0.0,243.5925,0.0156,0.1642,0.916,2
leaf blight535_.jpg,158.778,155.3599,72.5734,39.4429,154.4594,167.904,0.0854,0.2118,0.0003,274.9389,0.0257,0.2467,0.9322,2
leaf blight536_.jpg,118.7247,130.6379,91.8418,38.3169,88.974,133.9208,0.0049,0.0001,0.0828,136.3971,0.0137,0.1681,0.981,2
leaf blight537_.jpg,104.5766,111.7793,73.6138,33.6895,101.4856,115.7073,0.0048,0.0023,0.1769,125.3966,0.0154,0.1893,0.9827,2
leaf blight538_.jpg,112.7335,115.3098,72.1291,30.8464,108.4115,121.9287,0.0105,0.0091,0.2218,167.6093,0.0187,0.1909,0.9785,2
leaf blight539_.jpg,118.987,125.2322,73.8912,32.2608,114.8534,130.8349,0.0062,0.0242,0.1851,234.1158,0.0168,0.1777,0.9654,2
leaf blight53_.jpg,185.9781,180.9766,154.5114,71.201,74.0962,195.5583,0.0339,0.0687,0.0066,50.1804,0.0593,0.4225,0.9903,2
leaf blight540_.jpg,117.8139,124.0013,75.3573,31.8631,107.713,129.2251,0.0077,0.0169,0.2083,260.1311,0.0176,0.1809,0.9668,2
leaf blight541_.jpg,118.8707,136.801,79.9995,41.137,111.5653,140.0062,0.0095,0.0462,0.023,107.7633,0.0166,0.2109,0.9782,2
leaf blight542_.jpg,123.2453,133.5635,86.8692,36.7661,103.7817,138.0342,0.016,0.0126,0.0073,106.0023,0.0163,0.2022,0.9797,2
leaf blight543_.jpg,81.7494,98.2772,65.5249,48.9341,99.3503,99.4122,0.0047,0.0062,0.2203,148.3274,0.023,0.2096,0.971,2
leaf blight544_.jpg,90.5733,104.054,75.4643,48.0222,89.0432,105.569,0.0032,0.001,0.2296,156.13,0.0234,0.2223,0.9775,2
leaf blight545_.jpg,116.2998,134.1406,94.8162,47.3154,83.9167,137.3125,0.0003,0.0,0.0,50.5238,0.0294,0.3045,0.9752,2
leaf blight546_.jpg,102.7145,122.4211,73.3208,41.6338,110.2175,124.1202,0.0029,0.0027,0.0588,278.9436,0.0132,0.1193,0.9335,2
leaf blight547_.jpg,112.7382,146.2676,94.4782,50.6373,100.3788,147.5055,0.0003,0.0006,0.0,143.531,0.0198,0.1631,0.9528,2
leaf blight548_.jpg,117.7004,143.5796,93.5424,45.9297,94.0741,145.2543,0.0004,0.0009,0.0064,143.4633,0.0183,0.1767,0.9575,2
leaf blight549_.jpg,111.1619,137.5606,86.5747,46.3546,101.936,138.9803,0.0001,0.0016,0.0,170.9847,0.0191,0.1515,0.9523,2
leaf blight54_.jpg,186.5419,184.0028,134.1769,56.4312,94.2675,195.398,0.0169,0.1298,0.0,41.5776,0.0633,0.3934,0.9881,2
leaf blight550_.jpg,112.3144,118.1448,77.8835,34.5739,102.7782,123.6057,0.0077,0.0003,0.197,371.9707,0.015,0.1594,0.9568,2
leaf blight551_.jpg,120.1393,120.0235,78.621,30.172,109.8172,128.8703,0.0233,0.0025,0.1871,425.9978,0.0168,0.1757,0.9526,2
leaf blight552_.jpg,128.4092,142.6771,87.9187,37.706,108.9326,145.6842,0.0117,0.0047,0.0186,268.256,0.0127,0.1317,0.9494,2
leaf blight553_.jpg,103.1342,119.4718,76.1846,41.182,103.927,121.3584,0.0054,0.0013,0.069,159.0777,0.0163,0.1748,0.9714,2
leaf blight554_.jpg,121.1405,145.0553,96.3436,45.4679,93.8333,147.1779,0.01,0.0005,0.0008,171.5178,0.0159,0.1489,0.9538,2
leaf blight555_.jpg,110.1856,129.3249,71.5066,40.3905,119.792,131.6179,0.0089,0.0051,0.0767,183.991,0.0161,0.17,0.9534,2
leaf blight556_.jpg,98.152,139.3195,97.2231,60.6503,100.6174,140.7727,0.0002,0.0,0.0019,217.9576,0.0176,0.1447,0.9106,2
leaf blight557_.jpg,101.5719,139.5218,86.544,55.5403,103.5681,140.5317,0.0001,0.0021,0.0,61.6709,0.0292,0.233,0.9576,2
leaf blight558_.jpg,97.7786,138.8194,102.8302,62.4521,93.6668,139.6218,0.0001,0.0,0.0004,177.1314,0.0212,0.163,0.9102,2
leaf blight559_.jpg,112.0746,140.4537,104.0076,55.989,85.3322,142.5563,0.0005,0.0003,0.0,138.6308,0.0214,0.2213,0.9507,2
leaf blight55_.jpg,171.5988,153.1236,118.5762,49.4903,100.6508,175.3507,0.0887,0.0733,0.0216,18.1908,0.0521,0.4634,0.9976,2
leaf blight560_.jpg,103.481,128.9758,94.7889,56.8965,92.6904,131.594,0.007,0.0009,0.0012,100.7757,0.0244,0.2825,0.9612,2
leaf blight561_.jpg,111.6983,119.1098,90.0303,40.4458,80.2366,123.6029,0.0065,0.0004,0.0108,286.6578,0.016,0.1661,0.9092,2
leaf blight562_.jpg,112.6049,120.8065,91.1949,42.0639,77.976,124.8835,0.0059,0.0,0.0583,293.4117,0.0149,0.1711,0.9237,2
leaf blight563_.jpg,138.0851,147.593,99.6796,35.4493,92.5162,152.6829,0.0061,0.0055,0.0053,136.0179,0.0174,0.1963,0.9465,2
leaf blight564_.jpg,141.4896,145.7799,97.4482,31.8722,96.2318,152.1289,0.0153,0.0065,0.0029,115.4833,0.0179,0.2055,0.959,2
leaf blight565_.jpg,128.2999,130.8497,91.7168,32.997,87.4281,135.6305,0.0157,0.0003,0.0043,52.6367,0.0226,0.2643,0.9832,2
leaf blight566_.jpg,92.7011,134.1196,100.7936,68.2781,92.059,136.045,0.0001,0.0,0.034,212.4356,0.0183,0.1504,0.9173,2
leaf blight567_.jpg,105.0289,151.0203,115.6548,68.9602,88.6796,152.5912,0.0004,0.0001,0.013,100.544,0.021,0.1976,0.9606,2
leaf blight568_.jpg,99.5944,142.4856,107.5141,66.3394,90.5282,143.9807,0.0013,0.0001,0.0049,171.8593,0.0248,0.1759,0.89,2
leaf blight569_.jpg,97.4536,138.2766,111.1427,68.8393,86.2238,139.2779,0.0002,0.0,0.0019,85.0516,0.0326,0.2341,0.9308,2
leaf blight56_.jpg,177.9885,173.3396,148.5886,70.6677,75.3714,187.8941,0.0337,0.0624,0.0141,58.9981,0.0483,0.4083,0.9893,2
leaf blight570_.jpg,99.8589,136.296,111.9988,67.3953,78.5619,137.1251,0.0004,0.0,0.0004,103.7039,0.0275,0.2129,0.9149,2
leaf blight571_.jpg,93.7676,136.2489,116.3665,73.7776,87.8597,137.3358,0.0001,0.0,0.0,76.0144,0.0284,0.238,0.9251,2
leaf blight572_.jpg,94.8414,140.4097,93.7834,62.9345,98.1129,141.4767,0.0006,0.0002,0.0192,194.8441,0.0183,0.1618,0.9172,2
leaf blight573_.jpg,91.7353,135.3472,101.3813,70.8008,89.7391,136.3399,0.0,0.0,0.0143,184.858,0.0191,0.1635,0.9121,2
leaf blight574_.jpg,92.7009,133.4719,92.6321,60.5784,97.3304,134.5278,0.001,0.0,0.013,119.2983,0.0219,0.1928,0.9326,2
leaf blight575_.jpg,98.8956,132.8341,92.5627,55.0902,87.7068,133.5875,0.0003,0.0,0.0082,99.0943,0.0247,0.2535,0.9563,2
leaf blight576_.jpg,100.0419,132.4094,102.2715,62.96,75.9477,133.1582,0.0001,0.0,0.0018,76.3869,0.0243,0.2275,0.9487,2
leaf blight577_.jpg,115.6835,144.0457,96.2827,47.7924,83.6579,144.5408,0.0,0.0,0.0,7.2205,0.0409,0.487,0.9957,2
leaf blight578_.jpg,94.5907,119.3456,102.2272,65.151,77.6338,122.2562,0.0016,0.0,0.0119,222.3589,0.0216,0.1684,0.8926,2
leaf blight579_.jpg,94.5577,118.9838,98.3475,61.5248,78.417,121.5988,0.0009,0.0,0.0098,213.8156,0.021,0.1668,0.898,2
leaf blight57_.jpg,171.1331,159.053,131.7144,61.2319,87.9234,177.7982,0.0521,0.063,0.0256,29.9152,0.0496,0.4269,0.9958,2
leaf blight580_.jpg,106.4473,132.3902,114.5013,68.6264,72.7045,135.4942,0.003,0.0004,0.001,158.2366,0.0239,0.1937,0.9004,2
leaf blight581_.jpg,105.4395,141.0108,112.5842,66.777,79.5398,142.4112,0.0002,0.0,0.0005,175.563,0.0204,0.1471,0.8786,2
leaf blight582_.jpg,125.6021,141.583,111.6523,48.7059,73.9023,147.0227,0.0031,0.0,0.0,115.4007,0.0212,0.1982,0.9368,2
leaf blight583_.jpg,84.6016,122.8264,101.6688,71.9483,90.2721,123.9534,0.0,0.0,0.0072,168.1938,0.0215,0.1673,0.9182,2
leaf blight584_.jpg,91.671,124.1857,102.8755,70.6532,78.4722,125.1162,0.0001,0.0,0.0036,205.9564,0.0188,0.1525,0.8954,2
leaf blight585_.jpg,101.7444,132.2236,112.0149,68.981,73.4413,133.1793,0.0,0.0,0.0016,190.8771,0.02,0.1566,0.8919,2
leaf blight586_.jpg,108.6339,143.003,112.4522,66.0782,76.3644,143.7971,0.0,0.0,0.0,96.0022,0.0251,0.2044,0.9205,2
leaf blight587_.jpg,108.3981,135.0274,109.0441,58.7776,72.6132,138.0043,0.0,0.0,0.0022,88.2173,0.0279,0.26,0.9412,2
leaf blight588_.jpg,115.5212,131.8398,91.8884,44.0449,89.504,135.6227,0.0038,0.0001,0.0144,271.7083,0.0161,0.1719,0.9114,2
leaf blight589_.jpg,113.3653,134.0381,99.1379,51.9376,83.0336,137.1129,0.0049,0.0004,0.0001,179.3078,0.0209,0.2108,0.9393,2
leaf blight591_.jpg,124.2103,138.7635,96.9502,40.4346,83.3726,141.8498,0.0104,0.0005,0.0078,151.9797,0.0181,0.2075,0.9548,2
leaf blight592_.jpg,122.2453,140.6078,72.6344,45.3444,122.5186,146.8338,0.0051,0.0881,0.01,91.8688,0.0172,0.2073,0.9791,2
leaf blight593_.jpg,106.2734,128.7961,77.8394,51.951,109.2219,132.0448,0.0032,0.0005,0.0001,52.0132,0.0209,0.256,0.9853,2
leaf blight595_.jpg,112.1778,121.7415,107.2274,48.436,66.7222,130.1221,0.002,0.0,0.0052,229.9176,0.0194,0.1913,0.9349,2
leaf blight596_.jpg,101.4379,106.4485,88.4785,42.8315,77.9902,116.1505,0.0051,0.0002,0.0666,236.3569,0.0244,0.2436,0.9448,2
leaf blight597_.jpg,104.8462,117.1389,106.5093,57.2647,73.8398,126.1582,0.0257,0.0,0.0054,228.8699,0.0193,0.1703,0.9246,2
leaf blight598_.jpg,136.9356,138.7349,125.1824,52.6896,54.82,147.6868,0.0253,0.0001,0.0009,226.3627,0.0129,0.1326,0.9582,2
leaf blight599_.jpg,130.1002,126.1015,107.2565,38.1502,69.6371,137.8902,0.0376,0.0002,0.0011,197.6581,0.0188,0.2059,0.9689,2
leaf blight59_.jpg,208.0116,203.0442,168.5205,47.2667,68.8932,214.7398,0.0392,0.0781,0.0001,42.6651,0.0901,0.4476,0.9909,2
leaf blight5_.jpg,157.1009,166.2243,147.0126,77.9854,68.3649,174.0531,0.0179,0.0019,0.0003,85.997,0.0527,0.399,0.9847,2
leaf blight600_.jpg,147.6524,153.4939,82.1114,31.7655,121.3575,156.7427,0.0115,0.0355,0.0294,79.2773,0.0247,0.2494,0.9851,2
leaf blight601_.jpg,168.9015,173.5085,101.0822,31.2586,112.2875,177.452,0.007,0.0125,0.0429,159.4688,0.0495,0.4162,0.9742,2
leaf blight602_.jpg,146.8877,152.9757,82.8909,31.8869,121.0112,156.04,0.0105,0.0288,0.0612,107.852,0.0459,0.3701,0.9814,2
leaf blight603_.jpg,136.6578,142.9461,77.2868,32.05,120.3953,146.2658,0.0142,0.0484,0.0535,76.1056,0.0215,0.26,0.9873,2
leaf blight604_.jpg,125.2606,155.9719,103.5985,46.5237,95.239,157.6263,0.0005,0.0,0.0106,87.5595,0.0206,0.2142,0.9705,2
leaf blight605_.jpg,98.7479,129.4968,80.0902,46.8389,105.9338,130.7582,0.0001,0.0,0.0417,95.8495,0.0222,0.2304,0.9677,2
leaf blight606_.jpg,119.2035,158.4695,71.9481,43.1286,143.6111,159.9584,0.004,0.0199,0.0002,73.7151,0.0254,0.2257,0.9462,2
leaf blight607_.jpg,120.2632,159.6665,72.613,42.8884,143.4393,161.2279,0.0036,0.0136,0.0008,62.1379,0.0254,0.2474,0.9561,2
leaf blight608_.jpg,140.2316,159.4035,82.9829,36.9265,129.6999,165.5764,0.0297,0.0136,0.0117,160.173,0.0186,0.1935,0.9437,2
leaf blight609_.jpg,152.8471,165.355,88.7524,34.3178,127.5293,174.1383,0.0364,0.0196,0.0072,110.5349,0.0208,0.2203,0.9597,2
leaf blight60_.jpg,140.9227,147.2171,141.0151,72.8218,72.0157,160.1579,0.0089,0.0,0.089,109.5592,0.0426,0.333,0.987,2
leaf blight610_.jpg,151.215,169.7839,88.3619,36.2186,129.8489,175.6451,0.028,0.0203,0.0137,338.6118,0.0224,0.2443,0.8844,2
leaf blight611_.jpg,169.2871,170.5048,93.1557,30.092,129.4332,183.6771,0.0601,0.026,0.0217,146.4794,0.0304,0.3213,0.9616,2
leaf blight612_.jpg,135.3347,152.4422,78.4423,35.7806,130.6059,158.6371,0.0236,0.0199,0.0165,69.3521,0.0208,0.2636,0.9796,2
leaf blight613_.jpg,154.2223,161.0461,85.5202,32.1016,130.7174,171.8415,0.0497,0.0282,0.0137,59.3718,0.0234,0.2855,0.9816,2
leaf blight614_.jpg,176.0755,187.9546,123.8418,41.1381,100.7838,196.634,0.014,0.0016,0.0133,76.4647,0.0374,0.3848,0.9866,2
leaf blight615_.jpg,175.7565,187.6473,122.9914,40.8277,102.0265,196.273,0.0159,0.004,0.0121,103.5629,0.0361,0.3762,0.9819,2
leaf blight616_.jpg,142.8606,158.2887,94.9964,41.1269,115.7806,165.0763,0.0161,0.0038,0.0518,98.3856,0.0264,0.3219,0.9843,2
leaf blight617_.jpg,156.5157,167.6825,108.1341,42.0068,105.8909,177.2712,0.0198,0.003,0.0354,57.2383,0.0365,0.3821,0.9894,2
leaf blight618_.jpg,160.1727,165.0111,112.9682,44.3059,102.1796,177.0268,0.02,0.0,0.0295,40.4785,0.0374,0.3413,0.9943,2
leaf blight619_.jpg,162.8611,179.0422,115.2011,45.4472,104.907,187.0637,0.0128,0.0056,0.0314,90.2314,0.0294,0.3133,0.9818,2
leaf blight61_.jpg,112.2364,120.2177,98.4298,57.6541,96.3232,126.8393,0.0072,0.0,0.1047,110.5427,0.0298,0.2919,0.9868,2
leaf blight620_.jpg,166.8213,183.8305,117.5578,45.4951,105.2605,191.7263,0.0127,0.0048,0.0171,84.3321,0.0308,0.3188,0.9789,2
leaf blight621_.jpg,129.5585,145.0646,78.1538,37.2532,125.7053,150.7111,0.018,0.0096,0.0417,233.0208,0.014,0.1614,0.9566,2
leaf blight622_.jpg,144.3668,158.9747,89.5083,39.0164,122.5904,166.0552,0.0118,0.0123,0.039,111.3484,0.02,0.2282,0.9822,2
leaf blight623_.jpg,144.4805,153.6617,82.3992,39.784,131.7065,165.0338,0.0239,0.0186,0.0095,106.7803,0.0195,0.2171,0.9721,2
leaf blight624_.jpg,121.6533,138.7744,67.5158,35.7533,135.2024,144.0339,0.031,0.0131,0.0505,219.9537,0.0137,0.1494,0.9499,2
leaf blight625_.jpg,137.9876,148.8422,73.3814,33.8741,138.0508,158.5251,0.0517,0.0256,0.0378,120.2525,0.0182,0.2259,0.9763,2
leaf blight626_.jpg,108.9575,134.7798,66.6571,40.1537,132.5103,135.6054,0.0038,0.0048,0.0839,104.3735,0.0178,0.1997,0.9767,2
leaf blight627_.jpg,126.412,154.8017,76.1798,40.4839,134.2129,155.4573,0.0024,0.0114,0.0385,86.8874,0.0225,0.2261,0.9755,2
leaf blight628_.jpg,124.7231,153.4722,76.7473,40.7386,131.5673,154.2936,0.004,0.0065,0.0417,88.1513,0.0222,0.2249,0.9735,2
leaf blight629_.jpg,123.3196,152.7341,75.2697,41.1891,134.41,153.1967,0.0026,0.0079,0.0293,75.8993,0.0217,0.228,0.9771,2
leaf blight62_.jpg,150.2419,159.5082,142.0755,69.7483,68.5509,168.2257,0.0194,0.0002,0.0,85.4548,0.0388,0.3028,0.9824,2
leaf blight630_.jpg,110.8272,142.9495,72.5442,43.5374,132.2627,143.3362,0.0022,0.0025,0.0362,127.8095,0.0166,0.1838,0.9645,2
leaf blight631_.jpg,113.6442,147.5641,70.7755,43.1483,138.6653,147.891,0.0006,0.0013,0.0151,87.8307,0.0201,0.21,0.9688,2
leaf blight632_.jpg,105.9263,134.9214,67.7491,42.3381,132.105,135.6183,0.0037,0.0028,0.0619,149.64,0.0163,0.1732,0.9612,2
leaf blight633_.jpg,104.7839,136.2819,61.0092,41.5912,142.04,136.9589,0.0023,0.0007,0.0605,68.5189,0.0228,0.2303,0.9771,2
leaf blight634_.jpg,106.5411,135.411,63.8899,40.5634,135.8857,136.4827,0.0041,0.001,0.085,85.2577,0.0213,0.2221,0.9768,2
leaf blight635_.jpg,87.8727,110.3424,65.4994,46.9442,113.998,112.9484,0.0046,0.0001,0.1889,68.5322,0.0207,0.2473,0.9863,2
leaf blight636_.jpg,123.4456,154.5034,99.1749,46.5604,96.6669,155.0908,0.0029,0.0,0.0329,33.6971,0.0343,0.2848,0.9859,2
leaf blight637_.jpg,109.909,140.8041,84.4662,46.4642,110.2762,141.4818,0.0017,0.0,0.0457,35.5574,0.0267,0.2805,0.9882,2
leaf blight638_.jpg,103.6355,136.617,67.2423,43.4761,132.865,137.423,0.0038,0.0004,0.0529,42.9101,0.0291,0.2764,0.9817,2
leaf blight639_.jpg,115.0898,149.1793,76.1707,43.1361,128.3158,150.4691,0.0047,0.0002,0.0104,32.1452,0.0366,0.3032,0.9749,2
leaf blight63_.jpg,165.0957,173.4752,155.4515,72.187,70.4554,183.3544,0.0039,0.0021,0.0316,114.9335,0.0541,0.3387,0.9858,2
leaf blight640_.jpg,119.9478,153.6244,80.3889,42.9933,125.4251,154.6264,0.0036,0.0001,0.0113,28.7242,0.0342,0.3046,0.979,2
leaf blight641_.jpg,102.0487,134.1618,92.2079,52.6287,91.0583,136.4571,0.0006,0.0009,0.0078,271.0554,0.0141,0.1103,0.8843,2
leaf blight642_.jpg,99.6929,128.6175,93.2923,53.8506,86.2006,131.7473,0.0008,0.0004,0.0149,185.9332,0.0152,0.1406,0.933,2
leaf blight643_.jpg,104.1079,132.2937,97.9472,54.2031,84.5769,135.0838,0.0013,0.0008,0.0114,117.342,0.0169,0.1613,0.9573,2
leaf blight644_.jpg,105.9809,138.2283,95.3803,52.8581,89.2903,140.4477,0.0009,0.0013,0.0028,205.4651,0.0151,0.1252,0.9094,2
leaf blight645_.jpg,114.7111,144.5426,105.9248,53.2459,84.4671,147.287,0.0015,0.0029,0.0014,62.134,0.0204,0.21,0.974,2
leaf blight646_.jpg,101.1782,138.4035,88.8229,54.0027,100.4958,140.8133,0.0011,0.0021,0.0065,348.99,0.0133,0.104,0.8617,2
leaf blight647_.jpg,103.8314,139.2872,95.5389,54.4868,93.8647,141.0723,0.0007,0.0029,0.0065,110.4186,0.0172,0.162,0.9573,2
leaf blight648_.jpg,105.3686,148.3369,93.3608,52.2057,104.3052,149.9696,0.0026,0.0034,0.0064,188.7506,0.0167,0.1519,0.9164,2
leaf blight649_.jpg,103.9195,136.9791,94.1975,53.3685,90.307,139.2128,0.0009,0.002,0.0054,296.3062,0.0138,0.1081,0.8747,2
leaf blight64_.jpg,155.8855,167.6958,126.5939,56.142,88.5436,172.6367,0.0074,0.0054,0.0,103.9403,0.0317,0.26,0.978,2
leaf blight650_.jpg,108.558,145.4561,100.656,54.7148,92.5549,147.3784,0.0017,0.0034,0.0048,225.2491,0.0152,0.1295,0.9072,2
leaf blight651_.jpg,120.7958,147.4371,78.8239,41.7089,121.3274,148.5036,0.0117,0.0047,0.0014,35.2574,0.0277,0.2986,0.9804,2
leaf blight652_.jpg,124.6018,149.9799,81.4507,41.2545,119.5985,151.283,0.0103,0.0048,0.0017,48.8594,0.0245,0.2584,0.9756,2
leaf blight653_.jpg,112.7675,142.3866,82.5518,46.7155,113.5142,143.4134,0.0022,0.0043,0.0032,55.107,0.0234,0.2568,0.9852,2
leaf blight654_.jpg,131.8281,160.8115,93.7665,43.8611,111.348,162.492,0.0038,0.006,0.0003,46.9572,0.0273,0.2858,0.9819,2
leaf blight655_.jpg,111.2679,139.9618,79.2363,47.4651,117.0875,140.4618,0.0029,0.0156,0.0,81.5168,0.0219,0.2093,0.9709,2
leaf blight656_.jpg,103.4942,134.8077,78.1991,49.9824,116.0826,135.4631,0.002,0.0025,0.0,74.5466,0.0251,0.2662,0.9795,2
leaf blight657_.jpg,110.2579,139.9496,72.0911,45.0968,128.973,140.4375,0.0023,0.0024,0.0,64.2398,0.0288,0.267,0.9747,2
leaf blight658_.jpg,128.1015,158.8848,90.7325,47.0846,115.1454,159.3831,0.0011,0.0334,0.0,72.8988,0.0242,0.2313,0.9724,2
leaf blight659_.jpg,123.4602,154.8427,95.5343,49.0769,105.325,155.7332,0.0015,0.0197,0.0,81.9402,0.0217,0.2362,0.9748,2
leaf blight65_.jpg,163.525,166.4366,141.1668,62.9343,62.276,170.9621,0.0325,0.002,0.0014,59.7045,0.0558,0.4107,0.9908,2
leaf blight660_.jpg,139.3059,123.6839,74.4647,23.4347,132.7569,146.426,0.0821,0.016,0.0019,366.1166,0.0174,0.1919,0.9263,2
leaf blight661_.jpg,138.648,137.6675,78.8962,29.3306,130.0372,150.1706,0.0515,0.0162,0.0006,279.2526,0.0157,0.1865,0.954,2
leaf blight662_.jpg,131.8242,127.0545,71.3092,27.4616,133.9639,141.249,0.0761,0.0204,0.0023,346.7034,0.0137,0.15,0.9293,2
leaf blight663_.jpg,118.4035,109.3341,61.9039,26.8209,138.5801,127.4814,0.2246,0.0157,0.0468,249.825,0.024,0.2365,0.9444,2
leaf blight664_.jpg,171.6253,154.1497,109.3993,23.1475,103.8287,180.3362,0.0887,0.0061,0.0,76.448,0.0185,0.1826,0.9765,2
leaf blight665_.jpg,160.7356,137.2106,90.2351,21.1845,121.7197,166.0384,0.2035,0.0209,0.0,52.7876,0.02,0.2291,0.9852,2
leaf blight668_.jpg,118.6318,107.6856,58.5879,25.7238,140.2405,125.2831,0.1455,0.0209,0.0136,141.8668,0.0167,0.1638,0.9578,2
leaf blight669_.jpg,108.3241,95.9488,66.4864,21.6639,116.9744,111.8582,0.0347,0.0003,0.1128,107.7046,0.0305,0.2952,0.9832,2
leaf blight66_.jpg,143.0723,148.1694,108.068,51.0912,90.7141,152.5893,0.0525,0.0041,0.0,47.4206,0.0379,0.3809,0.9894,2
leaf blight670_.jpg,141.2019,121.8979,87.0944,23.2476,108.364,146.034,0.1212,0.0005,0.0007,106.6383,0.0186,0.2287,0.9679,2
leaf blight671_.jpg,100.2923,91.4609,69.7503,19.3993,97.1336,103.2904,0.0099,0.0014,0.362,186.4246,0.0445,0.3654,0.9811,2
leaf blight672_.jpg,101.6764,96.5524,71.7347,23.9374,96.899,108.5114,0.0123,0.0016,0.1029,158.6837,0.0351,0.332,0.9781,2
leaf blight673_.jpg,94.4204,95.6069,68.2206,31.8573,97.5796,105.4339,0.0105,0.0006,0.0376,106.4654,0.0324,0.3168,0.9781,2
leaf blight674_.jpg,109.2725,114.2788,82.879,34.7421,91.4783,125.6319,0.0191,0.0006,0.0011,71.6803,0.0284,0.3139,0.9746,2
leaf blight675_.jpg,105.3604,108.7094,72.4494,30.713,101.7809,114.3968,0.0071,0.0098,0.2496,38.2129,0.0314,0.3412,0.9959,2
leaf blight676_.jpg,134.7567,132.9985,98.1588,26.1621,86.6631,141.8252,0.0141,0.0065,0.0909,84.1312,0.0218,0.2606,0.9925,2
leaf blight677_.jpg,139.1126,132.7551,103.7757,23.4701,82.506,145.6693,0.0167,0.0001,0.0217,123.4951,0.0193,0.2286,0.9861,2
leaf blight678_.jpg,122.4612,111.3367,75.0054,24.8267,110.6605,128.7123,0.0703,0.0023,0.0055,289.0022,0.015,0.1369,0.9163,2
leaf blight679_.jpg,106.7855,100.5819,67.5124,26.2629,111.0217,115.1608,0.0413,0.0027,0.032,184.7877,0.024,0.2183,0.9536,2
leaf blight67_.jpg,183.0261,186.7686,161.5834,73.1674,58.3879,191.7151,0.0186,0.0085,0.0021,50.7243,0.0685,0.4301,0.9926,2
leaf blight680_.jpg,106.8812,106.784,69.7423,31.1543,109.2655,118.0573,0.0447,0.0015,0.0551,143.4426,0.0189,0.2047,0.9641,2
leaf blight681_.jpg,118.7542,115.2301,77.2102,28.6375,106.3232,128.5278,0.045,0.0023,0.0,125.8581,0.024,0.2381,0.972,2
leaf blight682_.jpg,142.9329,148.1937,99.5242,32.0146,99.7016,158.751,0.0304,0.0056,0.0,214.7345,0.0145,0.1619,0.9579,2
leaf blight683_.jpg,122.5715,122.0572,76.8862,30.7638,113.3365,133.2517,0.0539,0.0003,0.0053,138.9009,0.0219,0.2199,0.9488,2
leaf blight684_.jpg,128.1736,124.4361,81.0037,28.561,108.4908,136.7147,0.0602,0.0041,0.0021,173.3587,0.0181,0.1899,0.927,2
leaf blight685_.jpg,127.8683,118.3632,81.4762,26.7351,103.3405,133.9026,0.097,0.0018,0.0013,186.0269,0.0164,0.1468,0.9164,2
leaf blight686_.jpg,117.0101,118.8443,72.6512,32.4469,118.8436,129.1139,0.0496,0.0018,0.0072,118.651,0.0182,0.1988,0.9626,2
leaf blight687_.jpg,107.3901,126.0327,92.1126,48.0383,76.3808,129.2316,0.0278,0.0001,0.0077,40.9538,0.0329,0.2464,0.9696,2
leaf blight688_.jpg,116.3319,102.4943,75.2979,21.2972,111.1076,122.4901,0.093,0.0,0.0693,91.3381,0.0218,0.2526,0.9866,2
leaf blight689_.jpg,95.1774,88.2895,63.2606,24.1534,114.8987,101.9129,0.0104,0.0002,0.2235,164.6725,0.0241,0.2282,0.9771,2
leaf blight68_.jpg,172.9589,178.2979,142.3465,65.2889,74.1739,183.1694,0.0118,0.0135,0.0,40.5474,0.0765,0.4305,0.993,2
leaf blight690_.jpg,124.1869,125.1574,85.4589,31.024,109.213,136.82,0.0735,0.0005,0.0155,155.0972,0.016,0.2082,0.976,2
leaf blight691_.jpg,121.4347,109.4871,80.9733,30.1202,103.6535,130.4638,0.0732,0.0005,0.0288,63.2114,0.023,0.2684,0.985,2
leaf blight692_.jpg,119.202,110.3677,83.321,26.8328,100.5024,126.941,0.0836,0.0001,0.0781,90.1314,0.0212,0.2489,0.9881,2
leaf blight693_.jpg,117.2257,107.2035,77.6615,22.9691,101.5312,124.2878,0.0425,0.0002,0.0102,60.8166,0.0321,0.3023,0.9855,2
leaf blight694_.jpg,133.8317,128.0393,88.7106,29.8605,101.1357,145.4109,0.1153,0.0005,0.0,81.4508,0.0207,0.2132,0.9666,2
leaf blight695_.jpg,119.5346,114.2732,78.9502,31.1967,102.624,130.8318,0.1073,0.001,0.0,127.0915,0.0204,0.1865,0.9482,2
leaf blight696_.jpg,101.1806,94.3884,63.8478,26.231,113.2007,106.385,0.0448,0.0071,0.1089,294.7618,0.0185,0.1817,0.9461,2
leaf blight697_.jpg,122.5626,120.8599,86.3022,31.6233,96.5242,130.2971,0.067,0.0127,0.0168,255.9892,0.0146,0.1514,0.9483,2
leaf blight698_.jpg,103.762,103.6239,75.9168,31.6028,94.1782,110.5005,0.0255,0.001,0.1098,191.6722,0.018,0.1955,0.9644,2
leaf blight699_.jpg,117.4836,119.6643,71.727,30.7341,113.6564,128.0499,0.046,0.061,0.0024,72.297,0.0217,0.2475,0.9832,2
leaf blight69_.jpg,181.4002,185.1663,159.4158,74.6843,60.3858,190.2718,0.0123,0.0102,0.0006,42.6684,0.0695,0.4358,0.9938,2
leaf blight6_.jpg,172.1176,171.8633,156.8765,75.2784,51.779,179.8117,0.0358,0.005,0.0004,40.7941,0.0532,0.4298,0.9924,2
leaf blight700_.jpg,134.0471,143.537,73.8647,33.0649,127.8937,151.5706,0.0276,0.1274,0.0,112.5766,0.0185,0.2051,0.9644,2
leaf blight701_.jpg,121.1114,134.5991,65.5093,35.2553,135.8804,143.3947,0.026,0.0927,0.0071,141.8312,0.018,0.1935,0.9581,2
leaf blight702_.jpg,121.2562,139.8293,66.2497,35.8578,138.0716,147.1074,0.0368,0.0833,0.0,130.6348,0.0213,0.2089,0.9558,2
leaf blight703_.jpg,138.1711,121.3109,79.6002,22.8448,115.4869,141.8684,0.1173,0.02,0.0062,142.5375,0.0163,0.1816,0.958,2
leaf blight704_.jpg,137.2848,127.1416,77.3427,25.2377,118.929,141.3462,0.1313,0.022,0.0012,71.8602,0.0196,0.208,0.9741,2
leaf blight705_.jpg,118.6719,108.5988,68.4979,25.8286,118.3811,122.7225,0.1103,0.0092,0.0072,67.5792,0.0201,0.2168,0.9805,2
leaf blight706_.jpg,110.9972,99.0465,62.9121,24.3924,123.2658,115.4782,0.0864,0.0106,0.029,79.8403,0.0192,0.1977,0.9796,2
leaf blight707_.jpg,139.946,124.9892,80.3785,23.6173,116.9503,145.6594,0.1094,0.0485,0.0002,68.8883,0.0183,0.2047,0.978,2
leaf blight708_.jpg,140.1692,125.1302,76.3751,23.323,123.4378,145.6766,0.1079,0.0655,0.0016,75.5782,0.0176,0.1959,0.9754,2
leaf blight709_.jpg,95.3951,95.2642,67.6314,30.1434,99.9353,101.2282,0.0063,0.0008,0.377,226.6105,0.0313,0.2796,0.9771,2
leaf blight70_.jpg,163.7484,169.3053,125.865,58.2017,87.4176,174.6144,0.0129,0.0203,0.0,46.5257,0.0512,0.3908,0.991,2
leaf blight710_.jpg,105.7036,108.8576,68.3584,31.4646,116.8016,114.2939,0.0249,0.0008,0.1667,148.1162,0.0187,0.2132,0.9801,2
leaf blight711_.jpg,116.0631,113.1858,75.1378,27.6614,111.5406,124.8722,0.0109,0.0038,0.0909,100.3921,0.0213,0.2609,0.9851,2
leaf blight712_.jpg,105.2797,99.4497,65.4437,24.8178,115.0158,112.0774,0.0366,0.007,0.0996,109.9591,0.0264,0.299,0.9835,2
leaf blight713_.jpg,110.483,107.2041,74.6849,24.8587,98.5289,117.4347,0.0059,0.0038,0.1566,116.0347,0.021,0.253,0.9834,2
leaf blight714_.jpg,114.7585,121.1413,73.9757,30.5411,97.9419,127.0185,0.0251,0.0269,0.1932,84.3367,0.0256,0.3238,0.9867,2
leaf blight715_.jpg,107.7576,111.6991,71.2307,27.805,100.8179,119.027,0.006,0.0019,0.1501,80.0505,0.0261,0.2814,0.9873,2
leaf blight716_.jpg,103.3759,100.8085,67.641,26.4832,110.7163,110.0532,0.0032,0.0085,0.2523,150.624,0.0288,0.3097,0.982,2
leaf blight717_.jpg,137.3675,110.9951,80.6184,17.8636,112.4225,139.438,0.1238,0.001,0.0202,107.574,0.0187,0.2087,0.9633,2
leaf blight718_.jpg,139.5639,118.3555,92.2205,21.8654,96.8765,143.0019,0.0752,0.0012,0.0064,86.2816,0.0185,0.2164,0.9763,2
leaf blight719_.jpg,135.6582,124.1523,100.3503,29.2012,83.4011,143.3632,0.0789,0.0009,0.0023,114.7547,0.0159,0.1585,0.963,2
leaf blight71_.jpg,182.4059,187.3111,159.1655,73.2972,61.9511,191.7966,0.0049,0.0099,0.0015,44.7134,0.0684,0.4149,0.9932,2
leaf blight720_.jpg,121.7409,121.7091,63.8721,28.6602,135.6465,134.8059,0.094,0.0764,0.0,91.7349,0.0226,0.2717,0.9614,2
leaf blight721_.jpg,116.0561,121.5446,67.2676,32.7924,123.0529,131.7636,0.0924,0.0623,0.0004,63.1914,0.0244,0.2633,0.9682,2
leaf blight722_.jpg,129.5916,131.5048,74.4333,29.7738,123.09,144.2388,0.0941,0.0728,0.0001,72.6024,0.0227,0.2491,0.9669,2
leaf blight723_.jpg,115.8192,118.9183,63.8846,29.6943,133.9652,131.7711,0.0689,0.0511,0.0035,105.7748,0.022,0.2426,0.9634,2
leaf blight724_.jpg,93.2408,99.886,75.5362,45.1414,90.5573,108.7074,0.002,0.0005,0.0243,85.5309,0.03,0.2783,0.9825,2
leaf blight725_.jpg,95.8758,98.817,78.3348,49.4901,90.658,110.5392,0.0145,0.0001,0.039,93.7777,0.0229,0.244,0.9828,2
leaf blight726_.jpg,80.7173,91.9318,66.5327,45.2624,90.1229,97.3751,0.0058,0.0005,0.0128,101.7404,0.0296,0.2231,0.9662,2
leaf blight727_.jpg,123.0126,134.8911,93.7806,43.8826,85.509,139.7075,0.0187,0.0041,0.0,36.923,0.0248,0.2935,0.9882,2
leaf blight728_.jpg,113.5966,122.5502,87.6532,41.0469,82.5775,127.9665,0.0171,0.0022,0.0,20.776,0.0303,0.3607,0.99,2
leaf blight729_.jpg,123.9883,116.5392,86.6631,30.8787,92.6193,133.3158,0.1033,0.0001,0.0,64.7272,0.0245,0.2554,0.9656,2
leaf blight72_.jpg,165.1325,169.389,126.9967,51.898,85.7606,174.5517,0.0092,0.017,0.0,47.2661,0.0412,0.35,0.9914,2
leaf blight730_.jpg,142.2861,137.6206,99.0467,30.9882,90.4144,151.1481,0.1053,0.0002,0.0,23.5506,0.0255,0.3431,0.9937,2
leaf blight731_.jpg,139.5224,138.6753,90.6305,31.2886,101.7484,149.2766,0.0356,0.001,0.0,27.4659,0.0241,0.3377,0.9939,2
leaf blight732_.jpg,123.2282,115.6663,77.7451,27.3419,109.298,133.8742,0.0806,0.0005,0.0,74.3635,0.0314,0.2736,0.9786,2
leaf blight733_.jpg,135.7649,109.7713,81.8483,19.2415,107.9512,139.0324,0.1305,0.0,0.0001,38.606,0.0256,0.2822,0.9893,2
leaf blight734_.jpg,130.3515,94.1349,65.8794,13.2137,131.8652,131.0223,0.2243,0.0,0.0,58.7829,0.0321,0.3032,0.9869,2
leaf blight735_.jpg,124.2792,116.1232,75.7545,27.6953,111.8531,133.9078,0.0977,0.0011,0.0,78.4424,0.0292,0.2723,0.9756,2
leaf blight736_.jpg,128.2497,103.3594,74.3539,19.9505,113.0802,131.631,0.1384,0.0,0.0,24.685,0.0344,0.3544,0.9926,2
leaf blight737_.jpg,133.5732,144.2535,94.9771,41.7626,102.7389,148.1673,0.0388,0.0133,0.0011,36.9463,0.0216,0.272,0.9916,2
leaf blight738_.jpg,106.2372,114.3611,77.7107,44.612,106.4174,118.9055,0.0315,0.0077,0.0784,42.8213,0.0199,0.2473,0.9914,2
leaf blight739_.jpg,124.7493,135.3557,80.7967,42.7268,121.8919,140.0057,0.0312,0.073,0.0,49.2926,0.0235,0.2883,0.991,2
leaf blight73_.jpg,180.1737,186.0261,158.4883,75.3332,62.2396,190.5789,0.0056,0.0106,0.0013,42.1492,0.0674,0.4222,0.9934,2
leaf blight740_.jpg,98.9783,107.6234,65.7965,38.7403,111.2003,112.9353,0.0298,0.0276,0.0391,368.0859,0.0133,0.1122,0.8728,2
leaf blight741_.jpg,115.5566,120.8383,85.9305,37.9047,88.8608,127.5395,0.0615,0.0027,0.0,322.2605,0.0152,0.1401,0.853,2
leaf blight742_.jpg,119.8562,128.9953,75.6745,34.4425,116.5088,135.2414,0.0496,0.0331,0.0034,303.7486,0.0176,0.1693,0.9157,2
leaf blight743_.jpg,133.0901,122.3853,88.6535,23.6043,101.8716,137.5701,0.0789,0.0,0.0432,94.0385,0.0171,0.2213,0.9807,2
leaf blight744_.jpg,138.976,131.9761,94.4686,26.186,95.5999,144.7837,0.089,0.0,0.0,66.2385,0.0196,0.2431,0.9822,2
leaf blight747_.jpg,100.9115,78.243,54.876,19.6607,127.4856,101.9352,0.1136,0.0011,0.1195,58.2098,0.0246,0.2824,0.98,2
leaf blight748_.jpg,115.3628,94.994,67.7648,17.0582,126.4703,117.5251,0.0847,0.0072,0.1858,124.8248,0.0252,0.2862,0.9836,2
leaf blight749_.jpg,124.7637,108.2487,78.9476,18.5858,112.6605,126.399,0.075,0.0003,0.1125,65.4676,0.0319,0.3503,0.9925,2
leaf blight74_.jpg,163.9377,169.7214,130.5704,59.4863,80.381,174.4454,0.0091,0.0183,0.0,37.2122,0.0347,0.3725,0.9923,2
leaf blight750_.jpg,139.3372,139.1088,102.838,29.9798,84.085,146.5831,0.0072,0.0001,0.0178,140.4283,0.0161,0.1727,0.9798,2
leaf blight751_.jpg,134.1823,140.4193,101.1868,34.5056,83.6704,145.5918,0.0053,0.0001,0.0049,119.2637,0.0163,0.1845,0.978,2
leaf blight752_.jpg,133.0257,124.0592,92.7632,25.2647,92.1757,135.2324,0.0612,0.0001,0.0932,107.4453,0.0181,0.2109,0.9871,2
leaf blight753_.jpg,147.4032,138.5904,104.9275,26.2705,87.0524,150.0168,0.0783,0.0002,0.0499,51.881,0.0181,0.2535,0.9933,2
leaf blight754_.jpg,136.8249,126.307,95.8311,23.8505,91.8516,138.552,0.0506,0.0,0.0972,86.4018,0.0199,0.2326,0.9907,2
leaf blight755_.jpg,135.4202,127.3603,92.7856,26.0958,96.9587,138.4571,0.0542,0.0004,0.0658,91.3935,0.017,0.2236,0.9889,2
leaf blight756_.jpg,157.058,146.7175,113.3767,24.4074,86.8181,159.4982,0.0647,0.0008,0.0164,60.2079,0.0194,0.2436,0.993,2
leaf blight757_.jpg,127.2406,118.4738,81.059,24.5671,107.7552,129.8506,0.0607,0.0006,0.0674,45.6944,0.0198,0.2764,0.9929,2
leaf blight758_.jpg,103.726,98.3087,63.4066,26.2687,119.7108,107.279,0.0245,0.0002,0.1548,117.5928,0.0203,0.2306,0.9815,2
leaf blight759_.jpg,116.3814,109.8862,75.2963,25.9011,108.3799,119.5671,0.0285,0.0001,0.1056,81.2533,0.022,0.2592,0.988,2
leaf blight75_.jpg,181.3524,180.8553,162.0967,78.6452,54.6386,186.913,0.0688,0.0079,0.0039,50.506,0.0523,0.4052,0.9909,2
leaf blight760_.jpg,105.0795,102.079,62.9303,28.4572,123.375,109.4788,0.0189,0.0002,0.1395,54.4404,0.0238,0.2988,0.9911,2
leaf blight761_.jpg,93.8858,90.1406,56.0201,27.4682,124.2456,97.9736,0.0214,0.0027,0.2412,108.1707,0.0267,0.2651,0.9831,2
leaf blight762_.jpg,83.4608,82.0659,44.8181,29.79,137.2408,88.3275,0.0244,0.005,0.2511,41.3284,0.0318,0.3506,0.9912,2
leaf blight763_.jpg,119.2837,111.1853,71.726,25.5552,115.1196,124.3071,0.1109,0.012,0.0063,85.5947,0.0213,0.232,0.9802,2
leaf blight764_.jpg,116.0843,112.2118,67.8624,28.0672,119.8027,121.8428,0.1029,0.0174,0.0115,48.6938,0.024,0.2862,0.9883,2
leaf blight765_.jpg,139.9941,133.5591,84.6835,27.4116,113.1854,145.2851,0.1986,0.0099,0.0,73.6098,0.0216,0.2461,0.98,2
leaf blight766_.jpg,112.2002,102.6418,63.8556,25.8494,116.8574,116.8643,0.1352,0.0107,0.0101,62.6899,0.0227,0.2415,0.9759,2
leaf blight767_.jpg,123.5411,111.0227,62.949,25.5098,130.0363,128.009,0.2156,0.0216,0.0019,13.9014,0.0297,0.3529,0.9933,2
leaf blight768_.jpg,118.4136,108.4915,68.7907,25.5101,113.4579,122.4242,0.1454,0.0086,0.0134,52.0194,0.0226,0.2495,0.9806,2
leaf blight769_.jpg,121.0888,112.0812,70.2202,24.832,115.1587,125.707,0.1264,0.0284,0.0107,119.3182,0.0197,0.2129,0.9619,2
leaf blight76_.jpg,175.6783,176.9832,151.2519,65.5431,63.1425,180.9342,0.0674,0.0109,0.0,32.3197,0.0516,0.4178,0.9944,2
leaf blight770_.jpg,122.0371,109.9617,65.1879,23.7693,124.8555,126.2099,0.1951,0.0153,0.0063,45.6257,0.0256,0.2828,0.9789,2
leaf blight771_.jpg,120.3792,114.6739,79.704,27.1133,97.3874,124.6629,0.095,0.0024,0.014,52.339,0.0216,0.2537,0.9837,2
leaf blight772_.jpg,118.9744,109.9807,72.2825,25.37,107.3971,122.813,0.0986,0.0329,0.0081,134.4759,0.0186,0.196,0.9596,2
leaf blight773_.jpg,119.496,117.5038,86.0809,30.6287,88.3891,125.9432,0.0412,0.0021,0.0007,89.8836,0.0194,0.2202,0.9791,2
leaf blight774_.jpg,120.3688,118.5731,84.3625,30.0804,89.866,125.6314,0.0407,0.0033,0.0005,45.5483,0.0212,0.2583,0.9871,2
leaf blight775_.jpg,111.6457,110.7732,83.091,34.7752,85.3241,118.7741,0.0465,0.0007,0.0047,84.5615,0.0198,0.2229,0.9791,2
leaf blight776_.jpg,117.63,118.6812,87.6248,33.1312,86.7431,125.3163,0.0401,0.0007,0.001,94.4103,0.0182,0.2214,0.9804,2
leaf blight777_.jpg,110.8815,118.8763,95.7749,44.7988,66.4938,122.0356,0.0072,0.0006,0.001,56.5463,0.0244,0.2934,0.9894,2
leaf blight778_.jpg,129.0923,116.2874,79.3424,22.7341,108.126,131.9747,0.1209,0.011,0.0002,90.347,0.0183,0.1978,0.9765,2
leaf blight779_.jpg,149.9525,136.9793,99.2609,22.598,94.5883,152.4376,0.0914,0.0151,0.0,69.1445,0.0172,0.1974,0.985,2
leaf blight77_.jpg,167.149,165.2112,126.8163,60.1557,86.4553,171.0036,0.1313,0.0203,0.0,35.6527,0.0459,0.3771,0.9932,2
leaf blight780_.jpg,121.9156,108.5881,69.2132,23.8522,116.1748,125.6544,0.1668,0.0156,0.0,47.1909,0.0228,0.2385,0.9783,2
leaf blight781_.jpg,135.4594,124.1139,92.559,22.1462,98.0253,138.6158,0.0491,0.0067,0.0205,163.1676,0.0154,0.1602,0.9774,2
leaf blight782_.jpg,151.2571,138.5664,109.8812,21.0662,80.838,153.4261,0.028,0.0019,0.0137,85.7576,0.0175,0.1979,0.9847,2
leaf blight783_.jpg,161.3906,152.6242,120.0102,23.3652,81.1336,164.5373,0.0235,0.0071,0.014,121.2094,0.0139,0.169,0.9837,2
leaf blight784_.jpg,132.0421,132.9009,83.7326,29.7827,113.2193,150.1008,0.0539,0.0285,0.0,41.3153,0.0271,0.2721,0.9787,2
leaf blight785_.jpg,143.5873,139.6751,90.5273,28.7396,109.6251,158.5593,0.0673,0.0418,0.0,16.9121,0.0346,0.362,0.9907,2
leaf blight786_.jpg,106.9305,129.0664,67.1191,37.572,129.3665,138.3509,0.0466,0.0195,0.0,23.3865,0.0348,0.3586,0.9854,2
leaf blight787_.jpg,119.4512,108.3616,72.5856,28.1882,112.0884,128.4904,0.1204,0.0211,0.0107,54.7839,0.0265,0.2808,0.9746,2
leaf blight788_.jpg,113.0383,119.3271,66.6503,33.5755,127.6406,133.7551,0.0731,0.0295,0.0024,53.8532,0.0282,0.2779,0.9601,2
leaf blight789_.jpg,136.2971,118.3741,85.932,32.3462,103.1742,141.539,0.1279,0.0368,0.0,48.9394,0.0301,0.3508,0.9804,2
leaf blight78_.jpg,178.5506,178.725,162.3569,76.9715,50.7837,184.0346,0.048,0.0063,0.0021,51.39,0.0533,0.4297,0.991,2
leaf blight790_.jpg,123.8816,107.7571,75.3387,26.0773,106.9907,128.6375,0.1244,0.0279,0.0011,40.9887,0.0292,0.3102,0.9806,2
leaf blight791_.jpg,128.7279,116.0635,76.3836,23.9783,110.246,135.6677,0.1098,0.0272,0.0012,49.4525,0.0278,0.2889,0.9725,2
leaf blight792_.jpg,129.6535,114.3228,75.1742,25.7804,114.3704,137.5417,0.1294,0.0255,0.0024,55.9521,0.0274,0.2966,0.9666,2
leaf blight793_.jpg,104.7079,102.8994,59.6555,29.7045,121.0824,114.9147,0.0633,0.0709,0.0172,27.7159,0.0273,0.3236,0.9929,2
leaf blight794_.jpg,124.6075,111.5367,74.3787,31.376,114.9093,132.4513,0.1794,0.0214,0.0044,50.8799,0.0209,0.2408,0.9832,2
leaf blight795_.jpg,138.0799,115.6305,77.7869,31.4398,117.7676,142.8355,0.2381,0.0444,0.0084,37.2628,0.0222,0.2719,0.985,2
leaf blight796_.jpg,125.6169,115.2161,74.34,30.9711,119.4011,136.3021,0.2178,0.0187,0.0008,22.2795,0.0261,0.3305,0.9928,2
leaf blight797_.jpg,132.8483,113.1215,74.09,26.7153,117.9967,137.8538,0.1929,0.0334,0.0187,21.877,0.0246,0.3037,0.9913,2
leaf blight798_.jpg,148.6696,124.7017,79.6146,30.0077,125.2947,154.3106,0.2417,0.056,0.0,13.4897,0.0286,0.3371,0.9925,2
leaf blight799_.jpg,122.1424,106.6292,74.157,25.0497,106.7344,125.9211,0.0858,0.0044,0.0274,63.1729,0.0219,0.2548,0.9773,2
leaf blight79_.jpg,170.0298,171.0058,142.1451,61.5633,67.5196,174.3385,0.0731,0.0121,0.0,33.1804,0.0508,0.4279,0.9941,2
leaf blight7_.jpg,165.1289,167.5514,164.7641,86.4133,47.1492,177.3106,0.0187,0.0009,0.0901,90.2938,0.0618,0.357,0.9906,2
leaf blight800_.jpg,120.5388,108.6046,72.831,24.3282,107.0468,125.0293,0.0889,0.0073,0.029,37.9236,0.0278,0.3292,0.9846,2
leaf blight801_.jpg,142.6123,120.4127,72.5824,26.1681,127.7458,147.8368,0.1602,0.0817,0.0002,47.1497,0.021,0.2441,0.9845,2
leaf blight807_.jpg,156.3743,146.1479,123.257,25.2495,67.6376,163.2907,0.015,0.0,0.0139,48.9823,0.0177,0.2318,0.9918,2
leaf blight808_.jpg,180.1258,173.8729,152.0382,30.6397,55.464,189.6025,0.0106,0.0,0.0007,22.9874,0.0251,0.3028,0.9948,2
leaf blight809_.jpg,137.2626,121.8101,97.4681,22.675,87.2849,141.9218,0.0805,0.0028,0.0425,44.8452,0.0174,0.2396,0.9931,2
leaf blight80_.jpg,185.9565,185.999,162.4426,72.0168,55.9766,190.6602,0.0409,0.0232,0.0001,34.1797,0.0545,0.4262,0.9931,2
leaf blight810_.jpg,171.6084,165.2237,129.8211,29.67,75.0514,178.5678,0.0332,0.0067,0.0,37.3273,0.0193,0.253,0.9932,2
leaf blight811_.jpg,133.3564,122.4732,101.3055,26.307,77.6653,139.9928,0.0405,0.0,0.0254,32.9925,0.0218,0.2879,0.9927,2
leaf blight812_.jpg,104.6165,87.6129,65.3733,21.0152,108.796,108.1182,0.1011,0.003,0.1106,59.9788,0.0215,0.2456,0.9889,2
leaf blight813_.jpg,116.5064,104.259,72.5484,23.2075,109.0704,121.2841,0.0799,0.0078,0.065,34.6064,0.0262,0.3099,0.9938,2
leaf blight814_.jpg,122.7029,108.6777,87.1497,27.1652,88.0694,127.3705,0.1261,0.0,0.0356,48.3161,0.0194,0.2479,0.991,2
leaf blight815_.jpg,94.9872,106.1525,76.6198,46.2531,94.1467,114.2796,0.0141,0.0,0.0,34.9888,0.0331,0.2907,0.9709,2
leaf blight816_.jpg,99.56,117.9997,92.9357,55.8119,89.3277,126.5504,0.0258,0.0,0.0,25.4469,0.0351,0.2834,0.9683,2
leaf blight817_.jpg,106.8046,116.7736,93.8423,53.1771,85.9131,127.1226,0.0221,0.0,0.0,55.7349,0.0286,0.2461,0.973,2
leaf blight818_.jpg,112.4732,126.044,100.6086,57.0202,82.6819,134.8185,0.0186,0.0,0.0,44.1419,0.0285,0.2596,0.9804,2
leaf blight819_.jpg,101.5649,104.5552,88.9241,57.7333,81.9509,117.6319,0.0289,0.0,0.0,108.6419,0.0244,0.2172,0.9413,2
leaf blight81_.jpg,175.0403,176.7305,146.4675,62.049,68.5746,180.4629,0.0454,0.0193,0.0,31.8914,0.0458,0.4131,0.9942,2
leaf blight820_.jpg,98.0739,106.1247,90.4334,65.722,77.6096,116.0176,0.0106,0.0,0.0,96.2088,0.0275,0.227,0.9562,2
leaf blight821_.jpg,107.9391,115.0914,98.4292,59.3155,76.5784,126.2207,0.029,0.0,0.0,76.3798,0.0292,0.2848,0.9577,2
leaf blight822_.jpg,111.8102,106.3685,86.3329,44.0865,92.2115,125.1252,0.0913,0.0007,0.0,71.8701,0.0252,0.2471,0.959,2
leaf blight823_.jpg,115.7995,108.1193,87.8242,41.2067,94.7944,128.6129,0.1149,0.0011,0.0,31.2259,0.0318,0.3303,0.9817,2
leaf blight824_.jpg,108.2086,110.1059,86.2765,38.5267,90.54,123.6162,0.0309,0.0006,0.0,97.8251,0.0245,0.2479,0.9597,2
leaf blight825_.jpg,99.6229,105.5149,80.6034,39.3279,93.4964,116.2584,0.0223,0.0018,0.0,63.8001,0.0311,0.3023,0.9743,2
leaf blight826_.jpg,112.2953,115.8539,84.1435,41.9367,92.6557,126.7994,0.034,0.0015,0.0018,82.9706,0.0202,0.2218,0.9767,2
leaf blight827_.jpg,122.1697,131.6273,92.6941,42.9213,90.6752,138.563,0.0321,0.0008,0.0031,68.6223,0.0206,0.2506,0.9824,2
leaf blight828_.jpg,115.8912,109.7708,72.2138,28.7911,110.5076,123.0138,0.083,0.0012,0.0302,85.9097,0.0204,0.242,0.9802,2
leaf blight829_.jpg,119.2211,115.9541,78.9885,32.1105,101.9389,127.8286,0.041,0.001,0.0143,90.9587,0.0224,0.2702,0.9801,2
leaf blight831_.jpg,105.3816,118.057,99.296,59.651,78.4165,125.8122,0.0197,0.0,0.0,21.1463,0.0342,0.3353,0.986,2
leaf blight832_.jpg,120.9141,130.5471,94.3797,43.3517,89.8692,139.2486,0.0357,0.0067,0.0,46.9057,0.0239,0.2211,0.9774,2
leaf blight833_.jpg,120.9777,123.3542,99.5012,52.719,79.9875,134.3585,0.0478,0.0025,0.0,30.0941,0.0287,0.2863,0.9799,2
leaf blight834_.jpg,93.5136,102.6776,79.1616,48.277,84.7926,110.2414,0.0274,0.0006,0.0,22.8136,0.0357,0.2996,0.981,2
leaf blight835_.jpg,107.1893,118.0115,99.9992,61.9054,78.7322,125.9735,0.0151,0.0004,0.0,56.2577,0.0231,0.2257,0.9712,2
leaf blight836_.jpg,117.1134,120.7554,102.7036,61.0293,74.1548,132.1768,0.0199,0.0,0.0,37.7011,0.0249,0.2775,0.9822,2
leaf blight837_.jpg,125.6203,106.5559,75.2272,18.9362,116.7504,128.6035,0.0943,0.0002,0.0,54.1089,0.0314,0.3305,0.9907,2
leaf blight838_.jpg,97.0668,81.3099,48.6751,19.9225,134.352,100.2706,0.0792,0.0002,0.0,10.9809,0.0496,0.4955,0.992,2
leaf blight839_.jpg,159.6665,138.1984,105.8959,18.0832,98.5026,161.9811,0.0996,0.0012,0.0,72.6964,0.0287,0.3234,0.9903,2
leaf blight83_.jpg,121.4448,131.9216,125.285,75.381,86.108,147.0878,0.0374,0.0011,0.0,24.577,0.061,0.4399,0.9955,2
leaf blight840_.jpg,116.5603,100.4555,73.3382,20.8386,111.4817,119.564,0.0284,0.0036,0.009,148.6525,0.0332,0.2875,0.9797,2
leaf blight841_.jpg,139.9984,118.5353,90.1886,17.0886,107.6067,141.8722,0.0265,0.0052,0.0054,138.6826,0.0298,0.2885,0.9843,2
leaf blight842_.jpg,134.5366,113.7079,85.7756,18.1402,108.3566,136.2741,0.0359,0.0078,0.0087,147.9899,0.0347,0.3039,0.9841,2
leaf blight843_.jpg,122.1465,101.7043,75.3507,17.1398,113.3172,123.528,0.0297,0.0082,0.014,136.9848,0.0377,0.3052,0.9823,2
leaf blight844_.jpg,123.9742,108.2716,77.6175,20.3938,108.1705,126.7783,0.018,0.0164,0.0171,64.0403,0.0321,0.3021,0.9901,2
leaf blight845_.jpg,140.1522,119.6311,92.5872,17.216,100.7113,140.649,0.0218,0.0069,0.0046,111.9856,0.0364,0.3098,0.9873,2
leaf blight846_.jpg,130.3481,116.9946,84.3684,26.1741,104.5368,137.9103,0.1017,0.0024,0.0,86.3894,0.0251,0.2639,0.9812,2
leaf blight847_.jpg,120.1203,124.0223,103.8423,50.9939,77.2068,137.4912,0.0582,0.0,0.0,63.2766,0.0266,0.276,0.9789,2
leaf blight848_.jpg,130.0128,112.7602,72.4783,21.4827,124.7032,135.5724,0.0882,0.0019,0.0,86.4606,0.0241,0.2604,0.9801,2
leaf blight849_.jpg,105.6987,106.4738,64.6552,30.8671,120.8852,114.9688,0.0324,0.0053,0.0336,178.1281,0.0195,0.2034,0.9614,2
leaf blight84_.jpg,157.6028,167.1174,157.2542,79.8332,76.3101,182.9843,0.0237,0.015,0.0,34.2558,0.0523,0.4467,0.9945,2
leaf blight850_.jpg,107.1008,107.2111,61.0051,29.4692,130.6631,117.2051,0.044,0.0091,0.0303,86.1813,0.0239,0.284,0.9805,2
leaf blight851_.jpg,125.6817,122.7426,85.3824,29.4782,98.4109,134.652,0.0507,0.0003,0.0,113.8011,0.0204,0.2048,0.9689,2
leaf blight852_.jpg,110.0367,110.5703,80.2043,32.636,88.2605,120.3361,0.0304,0.0,0.0,139.1523,0.02,0.1919,0.9447,2
leaf blight853_.jpg,103.7782,100.2238,82.0184,37.4542,79.1498,113.9902,0.0482,0.0,0.0,86.2905,0.0261,0.253,0.9556,2
leaf blight854_.jpg,91.8045,97.3766,81.7481,47.2344,73.3882,105.4433,0.0209,0.0,0.0,58.727,0.0331,0.3,0.9629,2
leaf blight855_.jpg,110.9038,110.1566,88.6788,38.8556,76.5298,122.4224,0.0457,0.0,0.0,62.5857,0.0242,0.2346,0.9687,2
leaf blight856_.jpg,114.2067,114.5752,84.8657,34.6852,94.2787,128.3691,0.043,0.0004,0.0,77.0683,0.03,0.2794,0.9551,2
leaf blight857_.jpg,107.3997,117.5927,90.1184,43.4142,87.7278,127.1366,0.0472,0.0,0.0,70.6348,0.028,0.2681,0.9584,2
leaf blight858_.jpg,107.4921,87.1415,57.4591,18.5242,132.5827,110.6528,0.1519,0.0007,0.086,131.8767,0.0287,0.2552,0.975,2
leaf blight859_.jpg,134.3716,117.3537,77.7002,21.3275,122.034,138.5613,0.1576,0.0018,0.0573,86.3028,0.0255,0.2645,0.9854,2
leaf blight85_.jpg,130.1434,141.8111,127.2669,70.6811,90.8745,156.3693,0.0423,0.0002,0.0,27.8558,0.057,0.4205,0.9952,2
leaf blight860_.jpg,140.5363,120.5115,86.0507,20.4111,111.0264,144.9403,0.1209,0.0004,0.0001,73.8106,0.0258,0.2634,0.9863,2
leaf blight861_.jpg,166.5376,151.9103,110.5675,23.2286,98.9019,171.6022,0.0749,0.0014,0.0,47.8758,0.0193,0.2738,0.9919,2
leaf blight862_.jpg,139.8691,118.5438,84.014,21.0478,110.671,144.9713,0.1112,0.0004,0.0,86.1787,0.0223,0.2566,0.9752,2
leaf blight863_.jpg,142.4286,124.5441,89.0093,24.349,103.8131,148.4692,0.0665,0.0006,0.0,51.8542,0.0255,0.2885,0.9782,2
leaf blight864_.jpg,127.9313,105.7716,75.5039,21.2005,112.5084,132.9694,0.0958,0.0009,0.0022,76.1298,0.025,0.278,0.9748,2
leaf blight865_.jpg,128.7312,110.0051,78.6503,23.7161,108.098,134.7409,0.0996,0.0019,0.0002,52.8224,0.0252,0.3086,0.9815,2
leaf blight866_.jpg,129.2731,115.8581,80.5529,25.5351,107.5624,136.0707,0.0726,0.0004,0.0002,66.6179,0.0228,0.253,0.9781,2
leaf blight867_.jpg,130.6484,107.4999,79.5375,19.8506,106.9629,135.3748,0.118,0.0001,0.002,60.4187,0.0257,0.3082,0.979,2
leaf blight868_.jpg,143.2085,126.0036,90.2246,24.717,104.155,150.6126,0.0786,0.0002,0.0,67.5638,0.0237,0.2687,0.9752,2
leaf blight869_.jpg,118.202,97.8686,72.8947,20.2161,106.0906,123.2566,0.0997,0.0,0.0057,52.3748,0.0286,0.3349,0.9793,2
leaf blight86_.jpg,138.3889,150.3,139.3374,76.7551,86.4132,165.2123,0.034,0.0061,0.0,19.3136,0.0577,0.4835,0.9967,2
leaf blight870_.jpg,109.2508,121.507,52.8391,34.2271,152.8346,124.1318,0.0231,0.0636,0.1532,241.2453,0.0222,0.2214,0.9604,2
leaf blight871_.jpg,107.4313,101.8726,49.3706,25.1963,151.2634,113.3987,0.0334,0.0537,0.0816,195.4018,0.0299,0.2846,0.9685,2
leaf blight872_.jpg,139.9421,140.8789,90.0176,28.7964,107.7871,155.8803,0.0669,0.014,0.0,59.9689,0.0192,0.2104,0.9871,2
leaf blight873_.jpg,101.4648,111.1086,67.8026,35.3965,114.489,119.5004,0.0297,0.0079,0.0152,63.0541,0.0226,0.2238,0.9772,2
leaf blight874_.jpg,120.8288,120.157,79.2843,27.9841,108.0192,133.2709,0.0526,0.0061,0.0067,53.467,0.0214,0.2563,0.9864,2
leaf blight875_.jpg,120.3245,113.029,78.2647,24.1926,104.5051,127.7802,0.066,0.004,0.0087,46.3837,0.0217,0.2496,0.989,2
leaf blight876_.jpg,103.978,120.4498,70.656,36.7056,120.2769,128.9033,0.0221,0.0062,0.034,49.715,0.0255,0.2601,0.9845,2
leaf blight877_.jpg,125.6565,133.0174,80.9834,32.4302,116.5741,144.6544,0.0431,0.0119,0.0,53.9549,0.023,0.2443,0.9834,2
leaf blight878_.jpg,107.8737,127.9442,67.4611,37.3482,129.6224,133.1318,0.0079,0.0091,0.0321,50.8925,0.0277,0.2925,0.9845,2
leaf blight879_.jpg,120.6205,135.3983,74.4343,35.4107,126.6856,139.7859,0.0296,0.0208,0.0242,58.8852,0.0196,0.2278,0.9861,2
leaf blight87_.jpg,122.6821,133.1902,102.2361,62.3686,100.9296,140.3556,0.0521,0.0149,0.0,13.0373,0.0411,0.4784,0.9973,2
leaf blight880_.jpg,123.5303,140.6697,66.2461,36.4981,146.024,143.4567,0.0219,0.0196,0.0,48.4954,0.0216,0.2336,0.986,2
leaf blight881_.jpg,127.762,140.9951,78.3721,36.2907,128.434,144.2727,0.0184,0.0104,0.0,47.752,0.0206,0.2395,0.9904,2
leaf blight882_.jpg,117.9857,125.0418,69.1018,32.9671,132.7103,131.2759,0.0592,0.0007,0.0,24.4381,0.0273,0.326,0.9938,2
leaf blight883_.jpg,112.6561,115.6457,67.4335,30.7247,126.0243,123.3037,0.05,0.0106,0.0052,31.6813,0.0257,0.3059,0.9925,2
leaf blight884_.jpg,107.3051,114.4195,63.0287,27.7327,113.9835,122.224,0.0104,0.0222,0.0551,32.5427,0.0247,0.3015,0.99,2
leaf blight885_.jpg,109.1467,117.3359,62.817,28.8132,120.6674,125.3795,0.0195,0.023,0.0536,38.7377,0.0236,0.2732,0.9881,2
leaf blight886_.jpg,116.4441,124.2007,65.8314,29.0938,123.9166,132.0997,0.026,0.0371,0.0363,51.7377,0.0218,0.2455,0.9868,2
leaf blight887_.jpg,136.0539,144.0337,81.4309,29.921,116.1098,151.1309,0.0271,0.0242,0.0453,95.0911,0.0164,0.2043,0.9847,2
leaf blight888_.jpg,124.9941,160.7159,72.871,42.7141,141.2102,161.5074,0.0002,0.035,0.0,84.9404,0.0284,0.1742,0.9054,2
leaf blight889_.jpg,117.7546,139.3861,69.0748,38.2671,133.0495,142.9099,0.0108,0.0339,0.0192,131.3634,0.021,0.1938,0.9283,2
leaf blight88_.jpg,148.2603,160.2362,145.2098,76.9732,83.8594,173.1029,0.0276,0.0132,0.0,25.3163,0.0588,0.4697,0.9958,2
leaf blight890_.jpg,119.3689,139.5616,71.2996,37.8923,130.5067,143.2504,0.0112,0.0318,0.0251,127.6287,0.0194,0.1718,0.9383,2
leaf blight891_.jpg,123.8837,149.6212,65.0467,38.8355,147.0673,151.5807,0.0014,0.062,0.0008,71.8158,0.0218,0.1911,0.9623,2
leaf blight892_.jpg,110.7704,131.6128,102.7842,54.0339,74.7473,134.2434,0.0019,0.0001,0.0,40.7611,0.0245,0.261,0.982,2
leaf blight893_.jpg,99.5244,112.8504,80.2262,40.2444,82.9809,116.6374,0.0013,0.0005,0.0846,35.9844,0.0282,0.3101,0.9889,2
leaf blight894_.jpg,93.3866,108.6557,81.6957,51.1394,89.9067,113.3494,0.018,0.0002,0.0,28.9379,0.028,0.2873,0.9875,2
leaf blight895_.jpg,88.1459,109.2654,89.3548,59.1498,82.7658,113.3178,0.0033,0.0,0.0099,32.52,0.0314,0.2736,0.9838,2
leaf blight896_.jpg,88.6582,103.7303,85.6825,55.0661,75.4833,108.4453,0.0012,0.0,0.0343,20.1822,0.0285,0.3183,0.9911,2
leaf blight897_.jpg,83.8758,100.9187,77.8905,69.0977,69.8238,104.3416,0.0024,0.0,0.0629,126.6555,0.025,0.2699,0.9559,2
leaf blight898_.jpg,85.5941,103.2669,82.0107,80.2326,62.6064,105.9775,0.0,0.0,0.0488,146.4265,0.0244,0.2609,0.9441,2
leaf blight899_.jpg,97.6985,115.7319,89.4787,68.1111,66.045,118.7252,0.0001,0.0007,0.0266,129.4434,0.0217,0.2395,0.953,2
leaf blight89_.jpg,120.0939,132.4331,101.076,61.2999,109.4098,141.6023,0.0488,0.0124,0.0,26.2206,0.0334,0.3833,0.9944,2
leaf blight8_.jpg,153.2824,151.5765,134.5149,65.9901,65.5304,160.2054,0.0731,0.0039,0.0043,39.8009,0.048,0.3564,0.9944,2
leaf blight900_.jpg,98.1853,117.4316,85.3317,54.6145,74.2385,120.3348,0.0005,0.0095,0.0527,115.4221,0.021,0.2495,0.9666,2
leaf blight901_.jpg,94.7243,112.2192,77.2984,41.0101,83.092,115.8433,0.0032,0.0106,0.0782,106.9774,0.0228,0.2718,0.9696,2
leaf blight902_.jpg,104.3284,127.2654,84.1374,42.8263,91.4791,130.1886,0.0036,0.0082,0.0153,118.8998,0.0206,0.2372,0.9671,2
leaf blight903_.jpg,108.3924,129.3893,78.4867,41.8479,105.6747,132.3616,0.0045,0.0114,0.0417,131.7812,0.018,0.226,0.9738,2
leaf blight904_.jpg,97.2565,122.9789,77.5218,45.8018,98.5642,125.1576,0.0008,0.0011,0.0111,132.8095,0.0206,0.2181,0.9468,2
leaf blight905_.jpg,110.052,134.8205,85.3046,45.3516,98.3515,137.6169,0.0032,0.0054,0.0171,103.3353,0.0192,0.2236,0.9706,2
leaf blight906_.jpg,118.4376,137.5983,76.8157,38.1586,115.8431,141.5727,0.0164,0.013,0.0015,112.1213,0.0178,0.1946,0.9702,2
leaf blight907_.jpg,84.6613,105.8315,83.0352,69.0316,86.6113,110.6888,0.0052,0.0,0.0536,120.4525,0.0213,0.2305,0.9528,2
leaf blight908_.jpg,77.5942,98.6533,80.6225,73.5279,77.2212,101.3782,0.0035,0.0002,0.0536,121.0571,0.0251,0.25,0.9471,2
leaf blight909_.jpg,94.7279,111.1916,85.9123,63.9585,71.8767,114.3037,0.0007,0.0001,0.0781,112.0806,0.025,0.2742,0.9762,2
leaf blight90_.jpg,149.3607,159.957,153.765,82.2999,77.0756,175.2079,0.0301,0.0021,0.0,45.9568,0.0569,0.4451,0.993,2
leaf blight910_.jpg,104.5386,112.6232,84.2759,47.3032,74.2218,118.2159,0.0057,0.0034,0.0436,82.7512,0.0241,0.2345,0.9808,2
leaf blight911_.jpg,109.727,125.0246,79.1433,42.3035,101.8106,130.8177,0.0273,0.0055,0.0319,96.4665,0.0209,0.1911,0.9522,2
leaf blight914_.jpg,109.694,101.1292,90.6623,65.7877,59.5455,115.3646,0.0085,0.001,0.0286,72.5209,0.022,0.227,0.9665,2
leaf blight915_.jpg,120.1662,120.6079,101.91,75.0962,77.2809,137.4888,0.0066,0.0058,0.0002,76.3659,0.0236,0.2087,0.9518,2
leaf blight916_.jpg,111.3791,115.5982,98.5211,75.2758,77.7255,131.1605,0.0061,0.0045,0.0005,96.5516,0.0232,0.1977,0.9373,2
leaf blight917_.jpg,110.5208,104.8699,93.4465,63.9604,69.0135,121.2176,0.0095,0.0,0.002,80.8057,0.0237,0.2026,0.9544,2
leaf blight918_.jpg,115.3355,112.2211,96.4266,48.1936,66.0066,125.5136,0.0062,0.0002,0.0072,126.4768,0.0198,0.1764,0.9523,2
leaf blight919_.jpg,99.9897,87.7053,63.8281,33.5245,90.2063,105.1975,0.0797,0.0031,0.1719,102.1311,0.0288,0.2962,0.9764,2
leaf blight91_.jpg,147.3756,156.4582,138.3804,74.725,84.3293,168.0891,0.0427,0.0057,0.0,25.2102,0.0622,0.4747,0.9962,2
leaf blight920_.jpg,99.4212,92.6126,66.7971,35.3108,86.8053,106.6923,0.056,0.0043,0.1677,103.3665,0.0251,0.2768,0.9753,2
leaf blight921_.jpg,103.4822,102.6954,70.7196,36.6875,90.4907,113.9098,0.0563,0.0137,0.0971,49.3831,0.0217,0.2577,0.9867,2
leaf blight922_.jpg,112.6746,110.6059,74.6393,33.7605,94.9885,123.1723,0.071,0.0202,0.0314,61.6345,0.0217,0.2488,0.9828,2
leaf blight923_.jpg,111.4856,106.4739,73.6129,34.6423,95.3957,120.7759,0.0724,0.0134,0.0431,96.7834,0.021,0.2197,0.969,2
leaf blight924_.jpg,118.5472,112.2469,73.7415,30.897,105.2407,125.5538,0.1021,0.0092,0.0544,121.656,0.0184,0.1928,0.9708,2
leaf blight925_.jpg,93.0807,97.2102,59.7625,34.9927,108.3334,102.3543,0.0197,0.0059,0.119,92.0886,0.0226,0.2369,0.9792,2
leaf blight926_.jpg,113.7437,118.6906,75.8709,31.7315,105.0661,124.4692,0.0188,0.0055,0.039,156.0911,0.0178,0.1933,0.9694,2
leaf blight927_.jpg,102.0154,107.918,68.0497,33.0589,109.3516,113.8681,0.0249,0.0047,0.0491,180.3329,0.0188,0.1855,0.9616,2
leaf blight928_.jpg,100.9403,110.209,69.8991,36.3956,108.2886,115.3282,0.0201,0.0054,0.0323,179.2244,0.0213,0.1984,0.9628,2
leaf blight929_.jpg,114.488,133.243,84.3312,39.8006,102.1786,136.6076,0.0067,0.0076,0.0023,120.425,0.0205,0.2022,0.9622,2
leaf blight92_.jpg,118.2134,129.9135,110.8913,67.4746,99.7333,141.6914,0.0499,0.0012,0.0,41.9061,0.04,0.3762,0.9927,2
leaf blight930_.jpg,113.2313,128.1051,58.4789,33.8958,144.4762,133.4318,0.0194,0.0473,0.02,127.5648,0.0186,0.1919,0.9547,2
leaf blight931_.jpg,119.3193,134.1834,59.3364,33.3076,146.6979,140.0228,0.0174,0.0626,0.0255,125.653,0.0179,0.1942,0.96,2
leaf blight932_.jpg,108.9891,125.078,57.9692,35.5876,140.4152,130.4529,0.0277,0.0497,0.0224,132.8492,0.0187,0.1968,0.9547,2
leaf blight933_.jpg,108.7343,132.6291,61.1663,38.9401,137.1421,135.7809,0.0108,0.0592,0.0018,99.4257,0.0205,0.2126,0.9668,2
leaf blight934_.jpg,120.8877,131.1737,54.0016,31.3751,152.9728,138.3067,0.0221,0.0934,0.0308,89.0945,0.0188,0.2193,0.9758,2
leaf blight935_.jpg,112.9623,119.2186,57.529,30.7408,138.9798,127.3552,0.0365,0.0573,0.0772,179.2012,0.0166,0.1861,0.955,2
leaf blight936_.jpg,107.1407,113.407,54.3758,33.1109,131.8317,119.1322,0.0281,0.0996,0.1163,73.9561,0.0204,0.2482,0.9841,2
leaf blight937_.jpg,105.1488,100.0626,66.068,24.4351,90.9752,107.9586,0.0052,0.0242,0.4216,23.1992,0.0395,0.3676,0.9981,2
leaf blight938_.jpg,107.6142,115.4748,81.5091,45.7397,77.0658,120.7105,0.012,0.0064,0.0498,34.9775,0.0253,0.3073,0.9934,2
leaf blight939_.jpg,102.1391,110.3988,71.8883,37.8453,88.1264,115.588,0.0227,0.005,0.0867,34.9779,0.0275,0.3236,0.9914,2
leaf blight93_.jpg,172.126,183.0991,150.6879,65.2845,78.9632,189.9466,0.003,0.0122,0.0,130.8644,0.0988,0.3858,0.9792,2
leaf blight940_.jpg,97.5177,100.6785,63.0896,41.755,99.1571,108.8384,0.046,0.0002,0.1794,58.0415,0.027,0.2888,0.9841,2
leaf blight941_.jpg,90.8029,95.0321,59.8446,42.4478,96.441,102.5972,0.0487,0.0,0.219,41.5679,0.0285,0.3071,0.9882,2
leaf blight942_.jpg,104.1962,107.8509,70.7723,42.0703,94.5534,117.3549,0.0556,0.001,0.1167,62.0644,0.0229,0.2568,0.9833,2
leaf blight943_.jpg,95.0738,95.4876,63.4425,40.5787,97.6982,106.5584,0.0608,0.0,0.1771,51.6547,0.0247,0.2637,0.9847,2
leaf blight944_.jpg,96.9818,121.0598,88.7476,69.3564,76.4527,123.4958,0.0008,0.0005,0.019,23.3039,0.0299,0.3131,0.9869,2
leaf blight945_.jpg,94.0248,124.0313,93.8089,70.8586,82.2909,126.1276,0.0003,0.0001,0.0379,46.1321,0.0262,0.2555,0.982,2
leaf blight946_.jpg,89.6383,109.8866,88.6593,80.5584,67.7296,113.5164,0.0082,0.0004,0.0916,57.0809,0.0229,0.255,0.9837,2
leaf blight947_.jpg,95.7028,98.0857,90.1033,85.1874,36.8862,102.8617,0.0095,0.0011,0.1456,69.677,0.0343,0.3106,0.9843,2
leaf blight948_.jpg,156.2978,175.8324,64.791,40.0972,174.953,177.0232,0.0005,0.4047,0.0,14.8288,0.0611,0.4626,0.9971,2
leaf blight949_.jpg,147.1517,181.8951,67.9006,38.0458,167.5958,182.1991,0.0004,0.2193,0.0,27.478,0.0758,0.3689,0.9909,2
leaf blight94_.jpg,175.7107,183.1098,138.2006,55.468,78.0497,186.5516,0.0,0.0064,0.0,126.7652,0.0705,0.3155,0.9687,2
leaf blight950_.jpg,131.0644,158.248,47.0133,36.7823,181.8998,159.8914,0.0108,0.1868,0.0001,90.7579,0.0262,0.2129,0.9573,2
leaf blight951_.jpg,126.93,149.6123,65.2901,36.4006,156.0005,151.821,0.0158,0.0514,0.0,63.6629,0.0474,0.2844,0.9831,2
leaf blight952_.jpg,140.5433,167.1927,68.4857,37.4222,159.9626,168.52,0.0109,0.1004,0.0,95.4474,0.0338,0.2366,0.9719,2
leaf blight953_.jpg,117.5556,145.5978,52.6872,39.2887,168.8939,147.1743,0.0157,0.0696,0.0,138.5602,0.0229,0.2156,0.9512,2
leaf blight954_.jpg,124.9097,154.2397,60.6038,41.0106,157.6454,154.7467,0.0043,0.1002,0.0,113.6887,0.0191,0.2061,0.9577,2
leaf blight955_.jpg,97.9224,116.3285,92.185,63.9502,64.4297,118.0947,0.0053,0.0,0.0481,101.9342,0.0213,0.25,0.9694,2
leaf blight956_.jpg,96.3054,110.2162,98.7078,67.3243,53.3388,112.2746,0.0009,0.0,0.0888,59.4054,0.0274,0.2972,0.9873,2
leaf blight957_.jpg,95.8551,111.6952,101.9915,72.4428,59.2011,114.5374,0.0071,0.0,0.1104,74.3091,0.0219,0.2616,0.9831,2
leaf blight958_.jpg,100.5503,122.4965,89.721,53.1893,77.8349,122.7589,0.0034,0.0001,0.1655,216.7251,0.0228,0.2064,0.9564,2
leaf blight959_.jpg,102.5557,125.686,90.5698,56.2195,79.1284,126.5631,0.004,0.0043,0.1515,173.4119,0.0218,0.2518,0.9613,2
leaf blight95_.jpg,159.7171,168.8245,133.3507,60.0893,86.9407,175.0849,0.0155,0.0163,0.0,169.9392,0.0763,0.3241,0.9756,2
leaf blight960_.jpg,87.3893,101.2984,91.1449,75.1436,55.1515,103.0429,0.0008,0.0,0.1594,74.9628,0.0215,0.2306,0.9833,2
leaf blight961_.jpg,159.0804,164.2826,110.3494,30.5014,95.2321,167.4946,0.0163,0.0644,0.0,108.4067,0.077,0.3325,0.976,2
leaf blight962_.jpg,156.3777,164.0083,96.7326,32.1563,113.6381,167.0694,0.0109,0.0969,0.0,155.7516,0.0386,0.2688,0.9534,2
leaf blight963_.jpg,159.2352,164.9441,107.4368,31.3097,98.6404,168.2499,0.0054,0.0713,0.0,181.6763,0.0621,0.2655,0.9569,2
leaf blight964_.jpg,150.0495,154.3461,104.1405,31.9004,95.1182,158.52,0.0147,0.0611,0.0,160.1203,0.0774,0.2839,0.968,2
leaf blight965_.jpg,150.1688,151.3136,105.8748,29.7873,91.3589,157.1021,0.0342,0.0681,0.0081,120.5593,0.1013,0.323,0.9779,2
leaf blight966_.jpg,142.8248,142.4041,95.1488,30.374,98.6778,150.1261,0.0292,0.0637,0.005,79.1986,0.0551,0.3603,0.9846,2
leaf blight967_.jpg,102.2646,98.9795,83.6264,28.0594,73.4672,111.0525,0.0005,0.0,0.0241,276.3952,0.058,0.3612,0.9453,2
leaf blight968_.jpg,105.4102,107.3369,88.5652,49.8773,72.1569,116.9528,0.0008,0.0,0.0198,490.8883,0.042,0.277,0.8941,2
leaf blight969_.jpg,95.4632,101.2461,82.8052,59.6012,72.1722,108.3501,0.0008,0.0,0.0405,590.6811,0.0308,0.2188,0.8371,2
leaf blight96_.jpg,138.3993,146.0714,96.7819,45.8011,108.7515,151.2756,0.0201,0.0306,0.0,139.7967,0.0442,0.2257,0.9715,2
leaf blight970_.jpg,127.3167,125.8645,112.2409,33.8966,59.2948,138.5824,0.0006,0.0,0.0,56.3943,0.0361,0.3144,0.9857,2
leaf blight971_.jpg,109.0704,110.4859,100.8173,73.3999,55.1322,118.7736,0.0,0.0,0.0044,149.271,0.0221,0.2176,0.9548,2
leaf blight972_.jpg,118.1548,123.7477,105.7408,35.9978,66.4344,133.9287,0.0006,0.0,0.0,104.8424,0.0323,0.2888,0.9705,2
leaf blight973_.jpg,99.888,105.8528,92.1341,69.8758,67.1512,114.6767,0.0,0.0,0.0021,102.606,0.0297,0.2798,0.9689,2
leaf blight974_.jpg,92.6701,102.6989,87.5283,68.8235,64.136,107.8662,0.0,0.0,0.0345,117.2647,0.0227,0.2353,0.9611,2
leaf blight975_.jpg,100.363,109.9306,87.5339,49.1737,66.6608,113.132,0.0005,0.0,0.0282,83.3402,0.0205,0.2542,0.975,2
leaf blight976_.jpg,124.8803,134.1692,96.5964,36.082,83.9884,139.2483,0.0091,0.0001,0.0002,96.7983,0.0195,0.2464,0.9748,2
leaf blight977_.jpg,105.0091,108.9681,86.7098,54.8732,72.6435,115.9868,0.0027,0.0,0.0117,266.3012,0.0207,0.1944,0.9223,2
leaf blight978_.jpg,95.6569,94.1532,70.4847,31.1861,87.1852,101.958,0.0066,0.0,0.109,262.0866,0.0238,0.206,0.9363,2
leaf blight979_.jpg,127.8005,117.8063,92.7743,31.5012,86.6966,135.2629,0.081,0.0074,0.0,85.2522,0.0253,0.2773,0.9838,2
leaf blight97_.jpg,150.5534,157.8877,112.0522,48.8285,95.7776,163.1001,0.0153,0.0231,0.0,100.5229,0.0536,0.2758,0.9778,2
leaf blight980_.jpg,102.6985,104.7094,83.6422,44.4456,80.9699,114.8335,0.0211,0.0004,0.0072,79.3425,0.0231,0.246,0.9806,2
leaf blight981_.jpg,83.1622,118.5644,93.8674,71.8336,90.2994,119.7725,0.0003,0.0,0.028,28.7629,0.0265,0.2964,0.9869,2
leaf blight982_.jpg,95.8408,139.1864,112.2573,69.9997,87.602,140.8815,0.0004,0.0011,0.0264,32.8874,0.0275,0.2725,0.9841,2
leaf blight983_.jpg,98.012,138.3076,90.071,63.9838,108.1137,140.43,0.0007,0.0056,0.0002,49.3636,0.0254,0.2513,0.978,2
leaf blight984_.jpg,104.1364,146.2977,63.6092,53.9218,147.8015,147.0288,0.0029,0.0182,0.0013,114.1478,0.0355,0.3419,0.9535,2
leaf blight985_.jpg,77.4047,108.0851,93.8832,72.7753,87.3221,109.826,0.0001,0.0,0.0427,22.8429,0.0293,0.3469,0.9916,2
leaf blight986_.jpg,102.7967,122.5465,94.8292,54.987,79.7439,124.618,0.0043,0.0001,0.0093,35.1988,0.0233,0.3104,0.9923,2
leaf blight987_.jpg,72.5192,94.2549,77.0672,61.6538,86.9739,95.5877,0.0005,0.0,0.0765,82.9866,0.03,0.3001,0.9769,2
leaf blight988_.jpg,88.4147,105.059,90.7537,53.6133,71.4012,107.8557,0.002,0.0001,0.0883,53.5196,0.0241,0.2771,0.9859,2
leaf blight989_.jpg,87.0586,113.7604,100.6448,66.4004,82.6888,117.0279,0.0017,0.0001,0.0111,66.25,0.0237,0.2275,0.9721,2
leaf blight990_.jpg,83.4244,109.6776,90.7416,67.8641,73.2933,110.1664,0.0,0.0,0.027,75.6221,0.0322,0.3182,0.9561,2
leaf blight991_.jpg,139.8338,157.4139,91.8477,35.5113,114.0076,162.2833,0.0113,0.0069,0.0002,48.6243,0.0251,0.2506,0.9705,2
leaf blight992_.jpg,126.1651,139.5823,81.959,33.9466,115.2057,146.8613,0.0351,0.0042,0.0044,182.0685,0.0163,0.1403,0.9135,2
leaf blight993_.jpg,144.0134,143.3063,101.6856,28.5756,89.4236,153.512,0.0318,0.0002,0.002,128.5172,0.0156,0.1276,0.9469,2
leaf blight994_.jpg,152.0549,151.8575,109.3932,28.805,85.6936,161.9017,0.0237,0.0004,0.0018,131.6281,0.0155,0.1306,0.9461,2
leaf blight995_.jpg,148.9013,149.7159,106.8347,29.261,87.5725,159.3777,0.0223,0.0007,0.0028,202.628,0.0139,0.1085,0.9228,2
leaf blight996_.jpg,129.0928,140.0089,92.766,35.2788,98.5488,145.2806,0.0113,0.0002,0.0237,82.2369,0.0178,0.2154,0.9778,2
leaf blight997_.jpg,137.8453,158.726,94.4168,39.3362,107.5915,161.139,0.0138,0.0014,0.0024,41.3348,0.0246,0.2585,0.9798,2
leaf blight998_.jpg,133.4945,144.6347,90.0408,34.7066,104.9918,151.071,0.0231,0.0016,0.0011,40.4945,0.0227,0.2447,0.9819,2
leaf blight999_.jpg,131.7134,134.1278,99.0326,52.7434,92.8584,137.3721,0.0379,0.0011,0.0,64.2319,0.0318,0.329,0.9883,2
leaf blight99_.jpg,150.3154,161.4824,146.6729,73.3041,85.6391,176.6707,0.0222,0.0038,0.0014,79.8035,0.0418,0.3826,0.9864,2
leaf blight9_.jpg,143.0862,149.7007,127.444,69.5292,77.3319,156.8295,0.0273,0.0021,0.0031,65.8602,0.0571,0.3213,0.9911,2
1010maize_train_leaf spot.JPG,119.2012,121.6076,95.1492,52.9215,96.5244,131.1511,0.0636,0.0029,0.1362,103.9291,0.1139,0.4411,0.9897,3
1011maize_train_leaf spot.JPG,141.505,142.3983,114.2528,60.0994,102.7057,155.1074,0.0734,0.0039,0.0,63.9191,0.0352,0.384,0.9908,3
1012maize_train_leaf spot.JPG,145.9648,155.7201,138.9818,75.586,76.8584,163.0653,0.0183,0.0005,0.0141,1283.7081,0.0074,0.0356,0.7927,3
1013maize_train_leaf spot.JPG,118.5078,129.2582,93.7453,59.3424,110.3775,134.6606,0.0426,0.0009,0.0,35.4502,0.0309,0.353,0.9934,3
1014maize_train_leaf spot.JPG,129.2633,139.0795,122.0261,74.2811,86.7692,147.7124,0.0267,0.0004,0.0362,58.8431,0.0379,0.4397,0.9905,3
1015maize_train_leaf spot.JPG,136.3705,146.4819,129.9333,76.3668,82.4975,155.8047,0.0276,0.0005,0.0001,31.0464,0.035,0.4279,0.9941,3
1016maize_train_leaf spot.JPG,147.1434,147.501,117.1726,56.104,99.7978,157.7558,0.0626,0.0047,0.0106,1274.8981,0.0073,0.0364,0.8188,3
1017maize_train_leaf spot.JPG,143.9059,154.0123,130.9435,71.8095,75.1838,160.003,0.0325,0.0009,0.0,13.8723,0.0505,0.5494,0.996,3
1018maize_train_leaf spot.JPG,114.5238,116.7068,91.0785,50.6216,90.1809,125.3135,0.0439,0.0027,0.1711,118.7683,0.1475,0.4792,0.9884,3
1019maize_train_leaf spot.JPG,138.4258,138.8845,108.0045,57.4887,106.4465,151.1039,0.0557,0.004,0.0007,68.7085,0.0286,0.3959,0.9893,3
1020maize_train_leaf spot.JPG,148.6097,154.3879,121.9932,51.0703,93.7282,161.9657,0.0416,0.0006,0.0156,1311.4617,0.0078,0.0404,0.8281,3
1021maize_train_leaf spot.JPG,145.9585,151.6336,119.794,46.8234,90.0751,160.6234,0.0672,0.0004,0.0024,140.9545,0.084,0.3066,0.9843,3
1022maize_train_leaf spot.JPG,135.1698,141.554,111.2838,52.4983,99.3588,150.9957,0.0552,0.0005,0.0424,106.6156,0.0413,0.3695,0.9878,3
1023maize_train_leaf spot.JPG,141.1213,147.3771,115.7496,52.8115,98.0457,157.5103,0.0582,0.0005,0.0032,156.1838,0.0342,0.2868,0.9795,3
1024maize_train_leaf spot.JPG,157.1699,165.2381,142.0604,64.4968,75.898,172.3657,0.0123,0.0001,0.0141,1333.222,0.0076,0.0387,0.8212,3
1025maize_train_leaf spot.JPG,132.7374,146.7687,121.6968,65.1307,86.6678,154.1341,0.018,0.0,0.0,71.2563,0.036,0.3565,0.9887,3
1026maize_train_leaf spot.JPG,141.2583,149.8458,129.123,64.6924,81.9186,159.472,0.0159,0.0001,0.048,210.9261,0.0396,0.3359,0.9758,3
1026maize_valid_leaf spot.JPG,126.9567,169.1121,62.8023,43.2002,166.9603,169.1563,0.0,0.1332,0.0002,1327.0425,0.0088,0.0339,0.5094,3
1027maize_train_leaf spot.JPG,149.3499,157.833,136.6787,66.7784,80.2732,168.3115,0.0181,0.0003,0.0003,187.3734,0.0292,0.3102,0.9739,3
1027maize_valid_leaf spot.JPG,94.7605,139.1034,54.0358,46.8387,155.7394,139.1307,0.0,0.0162,0.0,11.5898,0.0506,0.4719,0.9889,3
1028maize_train_leaf spot.JPG,135.4101,136.3731,106.9206,46.6022,102.7911,146.8809,0.0654,0.0001,0.0254,1369.8633,0.0076,0.0373,0.8167,3
1029maize_train_leaf spot.JPG,160.3875,170.5115,154.7682,62.8888,62.2264,175.9265,0.0113,0.0001,0.0033,21.3664,0.115,0.5522,0.9983,3
1030maize_train_leaf spot.JPG,109.1883,110.9745,85.6622,43.6385,98.5787,121.2827,0.0679,0.0001,0.1438,84.4826,0.1125,0.4385,0.9916,3
1030maize_valid_leaf spot.JPG,99.7235,139.2267,55.2643,48.0923,160.9454,139.2549,0.0001,0.0587,0.0189,1485.6978,0.008,0.0327,0.587,3
1031maize_train_leaf spot.JPG,126.857,128.217,98.7996,48.1957,106.9443,140.7602,0.0876,0.0002,0.0079,150.0935,0.0258,0.2774,0.9792,3
1031maize_valid_leaf spot.JPG,88.1902,128.213,39.6379,46.7135,170.4106,128.2544,0.0003,0.0399,0.0,140.7289,0.0237,0.175,0.9426,3
1032maize_train_leaf spot.JPG,198.8976,203.3822,174.6762,58.5494,49.4401,205.3805,0.0027,0.0056,0.0008,993.7177,0.0175,0.0641,0.7846,3
1033maize_train_leaf spot.JPG,190.2794,195.9741,157.2045,59.8295,63.6125,199.8529,0.0,0.0056,0.0,81.5533,0.0421,0.2979,0.9753,3
1034maize_train_leaf spot.JPG,177.9306,181.8299,156.3536,66.3918,49.326,185.1144,0.0009,0.0046,0.1031,184.2358,0.1129,0.44,0.984,3
1034maize_valid_leaf spot.JPG,118.8575,133.3952,81.8844,37.8817,120.2625,137.4167,0.0191,0.002,0.0635,1353.275,0.0073,0.0344,0.752,3
1035maize_train_leaf spot.JPG,197.9747,202.1022,174.565,74.1058,51.7202,206.104,0.0026,0.0052,0.0,87.3671,0.0842,0.3909,0.9834,3
1035maize_valid_leaf spot.JPG,123.2316,144.7735,83.3518,39.7847,118.397,145.6383,0.0002,0.0009,0.0518,16.8575,0.0311,0.3975,0.9961,3
1036maize_train_leaf spot.JPG,151.7873,159.0358,141.1322,67.2896,73.9261,167.677,0.0106,0.0,0.0195,1361.3323,0.0072,0.0364,0.8032,3
1037maize_train_leaf spot.JPG,136.1102,151.5686,125.2213,66.9248,81.2117,158.4282,0.0038,0.0005,0.0002,104.2302,0.0261,0.307,0.9685,3
1038maize_train_leaf spot.JPG,115.7869,123.6541,107.9218,57.6618,71.4108,132.0707,0.006,0.0001,0.1726,108.4342,0.1441,0.4629,0.9896,3
1038maize_valid_leaf spot.JPG,113.4611,129.4706,63.7087,35.6134,147.287,140.305,0.0353,0.0725,0.0203,1322.7087,0.0078,0.0351,0.6914,3
1039maize_train_leaf spot.JPG,143.0451,150.4806,134.6441,68.8905,78.281,162.3372,0.0067,0.0002,0.0045,181.6748,0.0275,0.3148,0.9717,3
1039maize_valid_leaf spot.JPG,104.4284,127.3795,47.7752,36.5763,159.0148,136.503,0.0244,0.099,0.0,11.4951,0.0407,0.4622,0.9969,3
1040maize_train_leaf spot.JPG,175.8872,183.9029,152.6641,65.7803,71.7314,188.2008,0.0199,0.0094,0.0073,1051.8689,0.0107,0.0502,0.8451,3
1041maize_train_leaf spot.JPG,135.7576,155.3506,96.7417,49.722,112.2812,157.3181,0.0068,0.0372,0.0003,22.8966,0.0298,0.3532,0.9942,3
1042maize_valid_leaf spot.JPG,121.0744,167.9311,71.085,42.9434,158.1759,169.7131,0.0001,0.0338,0.0001,1372.4366,0.0089,0.0338,0.4751,3
1043maize_valid_leaf spot.JPG,104.0617,157.255,49.9902,44.7029,174.8723,157.8593,0.0001,0.0273,0.0,67.175,0.0292,0.2603,0.9353,3
1046maize_valid_leaf spot.JPG,103.4618,124.5603,82.8071,46.0691,106.6933,124.8447,0.001,0.0003,0.0392,1414.5774,0.0077,0.0342,0.7134,3
1047maize_valid_leaf spot.JPG,110.0606,129.5277,87.1233,44.9772,89.2044,129.6023,0.0014,0.0,0.0,52.5039,0.0279,0.361,0.9858,3
1050maize_valid_leaf spot.JPG,99.7503,118.4762,80.5332,46.559,103.6277,118.7027,0.0008,0.0,0.0712,1405.668,0.0075,0.0334,0.7231,3
1051maize_valid_leaf spot.JPG,68.1838,91.9463,55.7985,51.2452,107.9424,92.0659,0.001,0.0,0.0136,67.7805,0.0327,0.2506,0.9756,3
1054maize_valid_leaf spot.JPG,135.1717,144.7832,104.9001,40.3579,92.2611,152.1451,0.0106,0.008,0.0088,1402.0229,0.0077,0.0339,0.6848,3
1055maize_valid_leaf spot.JPG,103.5578,137.1048,74.6548,50.8255,118.2549,137.7649,0.0024,0.0264,0.0,116.2901,0.0178,0.1894,0.9678,3
1058maize_valid_leaf spot.JPG,134.3064,141.4422,82.6046,32.0809,125.0648,150.6911,0.0474,0.042,0.0039,1502.991,0.0081,0.0329,0.56,3
1059maize_valid_leaf spot.JPG,126.8439,132.939,73.5877,30.7971,125.733,144.0703,0.0872,0.0629,0.0,81.6276,0.0228,0.2449,0.9609,3
1062maize_valid_leaf spot.JPG,109.67,117.2015,79.7084,28.787,107.9687,120.3455,0.0034,0.0006,0.1955,1295.4251,0.0072,0.0364,0.8373,3
1063maize_valid_leaf spot.JPG,133.2771,145.2842,94.342,35.8284,99.2235,147.118,0.0044,0.0023,0.0725,97.7822,0.0184,0.1942,0.9808,3
1066maize_valid_leaf spot.JPG,101.7937,107.2849,71.4116,28.8805,114.7768,110.7467,0.0049,0.0062,0.2125,1286.8697,0.0073,0.0354,0.8292,3
1067maize_valid_leaf spot.JPG,65.3518,63.9223,38.0739,20.4427,124.5116,70.9901,0.0015,0.0022,0.5813,20.7848,0.0924,0.5611,0.9967,3
1071maize_valid_leaf spot.JPG,88.2818,94.6708,72.7459,46.0589,83.6853,103.4297,0.0119,0.0,0.0017,16.4733,0.0401,0.4364,0.9933,3
1074maize_valid_leaf spot.JPG,130.5932,142.3479,105.6718,45.6743,90.3286,145.5644,0.0118,0.0008,0.0151,1456.5909,0.0073,0.0337,0.7288,3
1075maize_valid_leaf spot.JPG,127.6544,141.1418,100.0379,44.4574,88.213,142.9743,0.0182,0.0013,0.0005,141.3352,0.0145,0.1425,0.9631,3
1098maize_train_leaf spot.JPG,100.4594,128.2232,77.0612,41.0633,96.871,129.0754,0.0,0.0039,0.1663,196.7086,0.138,0.265,0.9701,3
1099maize_train_leaf spot.JPG,126.0434,155.458,97.4264,44.9612,102.9727,157.6426,0.0,0.0049,0.0,153.6615,0.0172,0.1497,0.9178,3
10maize_valid_leaf spot.JPG,95.7077,123.5243,98.7749,57.7783,74.3225,124.4779,0.0005,0.0,0.0947,127.2819,0.0732,0.2781,0.9692,3
1100maize_train_leaf spot.JPG,130.63,148.9316,108.9671,46.1818,87.7205,151.6092,0.0054,0.0013,0.0032,1601.7712,0.0079,0.0321,0.5416,3
1101maize_train_leaf spot.JPG,124.2699,145.6285,110.1167,50.8986,73.856,146.5242,0.001,0.0003,0.0,130.7701,0.0173,0.1652,0.9475,3
1102maize_train_leaf spot.JPG,103.917,120.6321,85.5717,42.0156,81.7175,122.7841,0.0036,0.0005,0.1363,222.7219,0.1097,0.2544,0.9612,3
1103maize_train_leaf spot.JPG,120.9112,139.4484,98.199,45.9265,89.0437,142.2655,0.0047,0.0019,0.0,253.3429,0.0152,0.1405,0.8877,3
1104maize_train_leaf spot.JPG,141.6724,147.285,113.252,38.0825,81.0716,155.5936,0.0267,0.0001,0.0066,1426.3341,0.0085,0.0337,0.5602,3
1105maize_train_leaf spot.JPG,140.8111,154.7606,117.54,43.3536,73.6076,161.0513,0.0,0.0,0.0,6.1328,0.0595,0.5591,0.9971,3
1106maize_train_leaf spot.JPG,129.4068,135.4609,101.2124,38.3826,82.8713,143.5108,0.027,0.0002,0.0221,83.255,0.032,0.3489,0.9673,3
1107maize_train_leaf spot.JPG,131.9123,137.7657,102.8093,38.0639,81.5265,146.1689,0.0295,0.0002,0.0035,99.5801,0.0267,0.2571,0.9509,3
1108maize_train_leaf spot.JPG,135.6953,143.4379,109.118,39.5116,82.483,150.156,0.0252,0.0001,0.014,1445.9953,0.0083,0.0346,0.5922,3
1109maize_train_leaf spot.JPG,133.7059,152.9594,120.2239,49.3363,61.344,153.6526,0.0,0.0,0.0,127.5683,0.019,0.1629,0.946,3
1110maize_train_leaf spot.JPG,107.7577,115.4348,86.1974,35.703,72.308,120.8124,0.0228,0.0001,0.1731,84.2647,0.141,0.3743,0.9872,3
1111maize_train_leaf spot.JPG,125.7441,133.7301,98.3853,39.4391,82.9472,140.5169,0.031,0.0001,0.0111,127.9843,0.022,0.2063,0.9461,3
1112maize_train_leaf spot.JPG,152.4233,155.136,108.7843,30.9664,99.4414,164.8605,0.0241,0.0011,0.0016,1464.6132,0.008,0.0319,0.5889,3
1113maize_train_leaf spot.JPG,164.1842,171.0146,122.8447,33.6549,81.3742,176.2262,0.0044,0.0014,0.0,72.8942,0.0198,0.1973,0.9641,3
1118maize_valid_leaf spot.JPG,129.9233,130.0276,90.5443,27.9334,107.6213,142.182,0.0359,0.0034,0.03,1373.3444,0.0074,0.0344,0.7268,3
1119maize_valid_leaf spot.JPG,114.667,126.063,86.0808,37.4479,97.6719,135.6681,0.0638,0.0001,0.0,13.4216,0.038,0.3843,0.9953,3
1120maize_valid_leaf spot.JPG,134.1143,142.6066,92.0679,32.7642,114.6932,152.9171,0.0279,0.007,0.0085,1376.6799,0.0078,0.0342,0.6817,3
1121maize_valid_leaf spot.JPG,117.6626,149.3491,88.0867,45.7548,110.2848,150.915,0.0001,0.0118,0.0,17.7643,0.0421,0.3481,0.9881,3
1146maize_valid_leaf spot.JPG,103.8264,118.4881,92.0493,50.7793,92.9848,122.9487,0.0097,0.0001,0.0265,1376.488,0.0084,0.0334,0.6152,3
1147maize_valid_leaf spot.JPG,105.3538,118.0068,95.9189,50.4127,82.1996,124.0488,0.0286,0.0,0.0,5.0611,0.0456,0.4759,0.9974,3
1148maize_valid_leaf spot.JPG,94.1869,110.9932,88.504,68.251,75.5669,114.2279,0.0021,0.0,0.0818,1457.9505,0.008,0.033,0.6419,3
1149maize_valid_leaf spot.JPG,90.9287,124.3701,86.9517,60.5026,92.1398,126.4149,0.0004,0.0,0.0235,92.3934,0.0242,0.2538,0.96,3
1150maize_valid_leaf spot.JPG,111.2259,150.0353,100.3853,57.2024,104.7812,150.5809,0.0005,0.0038,0.0393,132.0362,0.0275,0.2355,0.9691,3
1151maize_valid_leaf spot.JPG,114.9592,155.0472,103.0343,57.1679,103.293,155.6639,0.0005,0.0042,0.0,39.3281,0.0262,0.2874,0.9872,3
1152maize_valid_leaf spot.JPG,108.5028,127.4488,96.0633,54.0896,77.9838,130.1852,0.0008,0.0066,0.0557,1436.6198,0.0076,0.0323,0.6869,3
1153maize_valid_leaf spot.JPG,90.6877,112.5047,79.4915,61.6398,72.4494,114.4412,0.0001,0.0013,0.0454,80.0096,0.0261,0.2737,0.9688,3
1154maize_valid_leaf spot.JPG,114.1116,136.6942,94.6243,42.6913,94.1349,139.3796,0.0024,0.0055,0.0335,1426.69,0.0076,0.0342,0.6959,3
1155maize_valid_leaf spot.JPG,97.6253,120.4072,83.285,43.3219,85.8671,123.4617,0.0031,0.0016,0.0131,89.1483,0.0244,0.2687,0.9722,3
1166maize_valid_leaf spot.JPG,112.3704,136.6278,96.2238,59.1992,93.0144,139.8273,0.0074,0.0022,0.0133,1406.0064,0.0087,0.0338,0.5111,3
1167maize_valid_leaf spot.JPG,103.0483,137.2623,80.5131,49.302,115.0855,139.3558,0.0107,0.0031,0.0,28.0138,0.0331,0.2693,0.9728,3
1168maize_valid_leaf spot.JPG,130.147,130.4719,112.0989,74.8339,78.266,147.0873,0.0064,0.003,0.0097,1456.6645,0.0086,0.0325,0.4964,3
1169maize_valid_leaf spot.JPG,122.7027,129.0905,108.4077,79.533,85.1671,146.6441,0.0075,0.0028,0.0,20.2824,0.0357,0.3478,0.9826,3
1170maize_valid_leaf spot.JPG,125.1621,122.0776,106.5999,47.9567,69.2418,135.0707,0.005,0.0,0.0262,1487.5763,0.008,0.0331,0.6195,3
1171maize_valid_leaf spot.JPG,121.2418,115.9399,103.5587,67.3317,70.0532,133.2105,0.0014,0.0,0.0015,97.999,0.0246,0.1919,0.9489,3
1172maize_valid_leaf spot.JPG,113.3671,113.0601,82.0776,36.0545,95.2193,123.513,0.0336,0.0065,0.0853,1383.8041,0.0075,0.0328,0.7142,3
1173maize_valid_leaf spot.JPG,110.5321,111.914,73.1607,38.2618,100.0647,124.2581,0.0769,0.0208,0.0232,29.3014,0.0261,0.3098,0.9892,3
1174maize_valid_leaf spot.JPG,72.6697,83.8917,59.6809,41.5441,81.8767,84.9236,0.002,0.0008,0.3689,247.5215,0.1353,0.3031,0.9681,3
1175maize_valid_leaf spot.JPG,87.0268,99.1665,70.0512,45.4541,92.0065,100.8084,0.0028,0.001,0.2489,136.8518,0.0227,0.2343,0.9793,3
1176maize_valid_leaf spot.JPG,132.9981,148.7796,95.6311,42.0594,115.0134,150.8936,0.0103,0.0039,0.0106,1383.8257,0.0075,0.0358,0.7212,3
1177maize_valid_leaf spot.JPG,122.4611,142.4718,70.5506,38.5229,141.7773,145.1442,0.0224,0.0098,0.0,64.2373,0.0208,0.1875,0.9793,3
1178maize_valid_leaf spot.JPG,102.9951,107.5007,72.1647,34.8134,110.034,111.9974,0.0138,0.0031,0.1181,1359.3507,0.0076,0.0343,0.7461,3
1179maize_valid_leaf spot.JPG,108.3347,119.2331,71.7712,36.8335,112.3803,123.9951,0.0266,0.0042,0.0129,69.3666,0.0201,0.2198,0.9766,3
1182maize_valid_leaf spot.JPG,101.6862,130.8853,106.0813,64.3758,74.9243,130.9693,0.0,0.0,0.0164,1444.6276,0.0091,0.0325,0.4568,3
1183maize_valid_leaf spot.JPG,100.6053,132.7023,107.7882,67.2553,67.8466,132.768,0.0,0.0,0.0,15.1921,0.0438,0.3512,0.9823,3
1186maize_valid_leaf spot.JPG,111.4991,127.8722,77.7492,38.9524,110.4273,128.8406,0.0011,0.0001,0.1077,126.3923,0.0184,0.2251,0.9774,3
1187maize_valid_leaf spot.JPG,113.2427,129.9852,78.7725,38.9041,110.2757,131.0426,0.0011,0.0003,0.0925,105.4262,0.0164,0.2068,0.9799,3
1190maize_valid_leaf spot.JPG,106.39,121.2025,68.1934,32.7999,101.4505,121.8108,0.0004,0.0127,0.2388,137.8606,0.1447,0.3027,0.9831,3
1191maize_valid_leaf spot.JPG,121.1453,137.8012,77.1697,36.8862,116.3639,138.9484,0.0007,0.0148,0.1198,160.1437,0.0189,0.1872,0.9653,3
1194maize_valid_leaf spot.JPG,110.3227,125.7419,86.6954,40.4442,95.4936,127.0716,0.0012,0.0001,0.1216,102.7731,0.0248,0.2316,0.9863,3
1195maize_valid_leaf spot.JPG,113.6947,129.5178,89.0311,40.4267,94.2692,131.0518,0.0012,0.0002,0.0876,217.8826,0.0135,0.1428,0.9674,3
11maize_valid_leaf spot.JPG,105.6884,135.0337,107.7291,61.4619,75.933,136.2141,0.0005,0.0,0.0012,97.5519,0.0241,0.219,0.947,3
1220maize_valid_leaf spot.JPG,189.761,204.9131,166.4947,31.9115,58.4062,205.7595,0.0007,0.0031,0.0,37.8855,0.314,0.5146,0.9925,3
1221maize_valid_leaf spot.JPG,87.0371,99.1657,70.0507,45.531,91.9674,100.8762,0.0029,0.0011,0.2488,136.8367,0.0227,0.2342,0.9793,3
1222maize_valid_leaf spot.JPG,113.2545,129.9816,78.7749,38.8927,110.295,131.0981,0.0011,0.0003,0.0924,105.2915,0.0164,0.2065,0.9799,3
1223maize_valid_leaf spot.JPG,101.5719,139.5218,86.544,55.5403,103.5681,140.5317,0.0001,0.0021,0.0,61.6709,0.0292,0.233,0.9576,3
1224maize_valid_leaf spot.JPG,103.481,128.9758,94.7889,56.8965,92.6904,131.594,0.007,0.0009,0.0012,100.7757,0.0244,0.2825,0.9612,3
1225maize_valid_leaf spot.JPG,103.7881,127.8468,99.7342,64.2374,75.2292,131.1367,0.0003,0.0,0.0127,115.1569,0.021,0.213,0.9663,3
1226maize_valid_leaf spot.JPG,95.0168,119.0928,95.1414,59.7734,80.0471,121.3285,0.0005,0.0,0.0104,198.0222,0.0176,0.1641,0.9289,3
1227maize_valid_leaf spot.JPG,95.2751,121.7526,98.2886,76.8401,71.4425,124.8308,0.0,0.0,0.0036,192.5032,0.0207,0.1982,0.9114,3
1228maize_valid_leaf spot.JPG,99.7852,119.9126,97.2974,71.2028,73.3064,123.6783,0.0001,0.0,0.0092,243.4855,0.018,0.1866,0.9184,3
1229maize_valid_leaf spot.JPG,121.8862,153.5737,61.1389,40.7687,149.1536,154.0769,0.0066,0.1076,0.0,30.2431,0.0314,0.3291,0.9775,3
1230maize_valid_leaf spot.JPG,123.8813,163.4917,64.6447,41.8095,158.5102,164.2373,0.0067,0.0635,0.0,43.0622,0.0266,0.3023,0.9796,3
1247maize_valid_leaf spot.JPG,117.712,144.9931,68.5875,35.9152,142.2179,152.2857,0.0047,0.0196,0.0,54.3708,0.039,0.328,0.9531,3
1248maize_valid_leaf spot.JPG,89.8643,111.2689,74.1886,46.063,102.6348,117.313,0.0124,0.004,0.0005,98.769,0.0277,0.2547,0.9577,3
1249maize_valid_leaf spot.JPG,90.2836,112.8353,68.0363,46.2481,107.8216,117.6846,0.0008,0.0276,0.0001,54.0608,0.0327,0.3215,0.9817,3
1250maize_valid_leaf spot.JPG,155.6343,165.5943,119.027,47.1353,82.848,167.9324,0.0008,0.0242,0.0,216.284,0.0415,0.1796,0.9473,3
1251maize_valid_leaf spot.JPG,120.9141,130.5471,94.3797,43.3517,89.8692,139.2486,0.0357,0.0067,0.0,46.9057,0.0239,0.2211,0.9774,3
1252maize_valid_leaf spot.JPG,73.4594,96.9682,88.8252,76.4212,83.7253,100.7139,0.0,0.0,0.0,54.9619,0.0359,0.2852,0.9566,3
1253maize_valid_leaf spot.JPG,130.0928,148.6452,94.4751,40.2401,99.9257,148.8572,0.0001,0.0038,0.0468,80.2071,0.0183,0.2124,0.9788,3
1254maize_valid_leaf spot.JPG,88.1459,109.2654,89.3548,59.1498,82.7658,113.3178,0.0033,0.0,0.0099,32.52,0.0314,0.2736,0.9838,3
1255maize_valid_leaf spot.JPG,99.4212,92.6126,66.7971,35.3108,86.8053,106.6923,0.056,0.0043,0.1677,103.3665,0.0251,0.2768,0.9753,3
1256maize_valid_leaf spot.JPG,118.5472,112.2469,73.7415,30.897,105.2407,125.5538,0.1021,0.0092,0.0544,121.656,0.0184,0.1928,0.9708,3
1257maize_valid_leaf spot.JPG,105.4886,144.6071,82.0714,49.5054,118.0086,144.6595,0.0,0.0037,0.0,84.5806,0.033,0.264,0.9631,3
1258maize_valid_leaf spot.JPG,108.0049,160.9907,51.9267,47.2996,176.0084,162.0967,0.0,0.0249,0.0,72.5858,0.0289,0.2657,0.9423,3
14maize_valid_leaf spot.JPG,83.1762,106.594,88.6891,57.3431,76.0682,108.5789,0.0008,0.0,0.1237,119.451,0.0946,0.2722,0.9714,3
15maize_valid_leaf spot.JPG,94.5505,118.9895,98.3398,61.3734,78.2026,121.5193,0.0009,0.0,0.0098,213.9058,0.021,0.1663,0.8979,3
182maize_valid_leaf spot.JPG,122.1926,108.2193,91.4655,30.3415,80.4544,127.6061,0.0814,0.0,0.0228,49.6402,0.0204,0.2693,0.9883,3
183maize_valid_leaf spot.JPG,122.4656,108.4312,91.6231,30.3529,80.3873,127.9005,0.0821,0.0,0.0216,57.1544,0.0199,0.2592,0.9866,3
186maize_valid_leaf spot.JPG,127.0668,147.0491,74.1683,36.9297,120.0892,148.8034,0.0042,0.0644,0.0677,189.0209,0.0491,0.275,0.9632,3
1874maize_train_leaf spot.JPG,105.1846,121.7941,85.9259,44.6134,82.1813,124.7246,0.0003,0.0001,0.0892,80.3323,0.0713,0.3572,0.9804,3
1875maize_train_leaf spot.JPG,116.2907,134.1492,94.8062,47.2907,83.8487,137.2796,0.0003,0.0,0.0,50.5192,0.0294,0.3047,0.9752,3
1876maize_train_leaf spot.JPG,124.4373,141.3671,83.2109,36.707,118.3836,142.1101,0.0022,0.0103,0.1019,1424.8818,0.0075,0.0335,0.7526,3
1877maize_train_leaf spot.JPG,151.6333,167.4694,101.6234,37.1945,105.2166,168.3795,0.0,0.0297,0.0,162.1141,0.0174,0.1263,0.904,3
1878maize_train_leaf spot.JPG,106.9073,122.7724,66.9991,34.9873,112.0261,123.5059,0.0005,0.0187,0.2002,145.0836,0.0734,0.2573,0.9779,3
1879maize_train_leaf spot.JPG,114.0991,131.1253,71.2087,36.6135,118.5578,132.0634,0.0006,0.0218,0.1409,162.6184,0.0216,0.2017,0.9669,3
187maize_valid_leaf spot.JPG,137.7509,158.3382,80.0426,37.4694,122.3108,160.436,0.0041,0.0744,0.0,65.5992,0.0255,0.3278,0.978,3
1880maize_train_leaf spot.JPG,128.3043,146.1538,78.1254,37.5138,131.3143,147.1122,0.0032,0.0193,0.0471,1447.245,0.0075,0.0334,0.7029,3
1881maize_train_leaf spot.JPG,129.0528,151.9558,62.2532,37.8486,151.6958,152.7343,0.0001,0.0914,0.0,56.0056,0.0303,0.2084,0.9153,3
1882maize_train_leaf spot.JPG,114.4665,132.179,64.0878,36.7436,130.9043,133.1038,0.0022,0.0361,0.1015,148.0808,0.0422,0.2067,0.9694,3
1883maize_train_leaf spot.JPG,118.4781,136.6181,66.3971,37.3521,133.103,137.7294,0.0026,0.0379,0.0649,160.7223,0.0164,0.175,0.9575,3
1884maize_train_leaf spot.JPG,109.6779,125.1845,72.8371,37.1481,123.4647,126.209,0.0028,0.0044,0.1224,1368.8311,0.007,0.0348,0.7878,3
1885maize_train_leaf spot.JPG,160.1032,177.5765,104.4754,37.0832,109.1341,178.189,0.0,0.0138,0.0,129.7649,0.0177,0.1438,0.9209,3
1886maize_train_leaf spot.JPG,91.1038,105.426,55.2721,33.1571,111.5445,106.2991,0.0036,0.0078,0.2562,95.0366,0.1283,0.3019,0.9876,3
1887maize_train_leaf spot.JPG,98.9511,114.8471,59.8527,36.9083,124.822,116.0441,0.0049,0.0074,0.1718,133.8844,0.0179,0.2128,0.9761,3
1888maize_train_leaf spot.JPG,127.4219,147.2947,78.4268,37.7566,132.4615,149.3042,0.0043,0.052,0.018,1438.3291,0.0076,0.0333,0.6686,3
1889maize_train_leaf spot.JPG,120.2615,146.0043,68.3865,40.1933,139.7147,146.4307,0.0026,0.041,0.0012,120.2602,0.0166,0.1534,0.9601,3
1898maize_train_leaf spot.JPG,100.1722,124.6641,77.1551,44.0702,96.2285,125.6607,0.0002,0.0002,0.1246,89.7804,0.0922,0.2954,0.9825,3
1899maize_train_leaf spot.JPG,111.2318,136.3255,85.4801,48.7922,98.7832,138.0465,0.0003,0.0002,0.0144,64.1437,0.0205,0.2254,0.9739,3
18maize_valid_leaf spot.JPG,88.0682,119.7036,99.1321,68.6022,80.0834,120.4042,0.0,0.0,0.0494,112.8965,0.0337,0.2443,0.9607,3
1900maize_train_leaf spot.JPG,125.1291,143.1087,86.7606,39.4774,114.1375,145.4343,0.0075,0.0031,0.0273,1481.2095,0.0076,0.0335,0.6676,3
1901maize_train_leaf spot.JPG,161.726,181.6611,107.1893,38.7796,107.1917,182.489,0.0001,0.0025,0.0,63.9749,0.0215,0.2278,0.9668,3
1902maize_train_leaf spot.JPG,98.7557,115.526,64.9996,35.3356,100.6137,117.1684,0.0077,0.0019,0.1824,144.7159,0.1438,0.2761,0.9796,3
1903maize_train_leaf spot.JPG,115.4386,133.7433,75.8135,39.593,113.9052,136.2116,0.0125,0.0029,0.0283,185.2972,0.0153,0.1638,0.945,3
1904maize_train_leaf spot.JPG,136.7598,155.5089,94.7407,37.0269,112.4001,160.1602,0.0096,0.0044,0.0085,1439.3556,0.008,0.034,0.6115,3
1905maize_train_leaf spot.JPG,140.5238,161.9422,90.7063,36.6615,115.9982,165.9755,0.0122,0.0095,0.0,91.9366,0.0189,0.1817,0.9666,3
190maize_valid_leaf spot.JPG,133.8884,150.5955,96.563,38.5547,97.0609,150.9487,0.0007,0.0223,0.0599,111.9463,0.0456,0.347,0.9768,3
191maize_valid_leaf spot.JPG,141.8674,159.7673,102.7873,39.4496,98.0443,160.1556,0.0008,0.0238,0.0,78.3427,0.0236,0.2965,0.9738,3
1922maize_train_leaf spot.JPG,92.954,95.3369,63.6694,27.237,94.9855,100.039,0.0191,0.0002,0.3113,149.3393,0.135,0.3248,0.9866,3
1923maize_train_leaf spot.JPG,106.9792,110.0429,71.7637,30.3738,109.2277,116.0699,0.0243,0.0021,0.1687,183.782,0.0195,0.2112,0.9788,3
1924maize_train_leaf spot.JPG,112.4675,128.6126,87.6892,41.4703,103.9116,129.9926,0.0042,0.0008,0.0643,1414.0545,0.0073,0.0348,0.7769,3
1925maize_train_leaf spot.JPG,88.9402,113.3017,66.9509,48.1225,109.9289,114.1751,0.0039,0.0034,0.0001,80.381,0.0207,0.168,0.9701,3
1926maize_train_leaf spot.JPG,92.1887,107.9449,68.8475,39.067,97.4498,109.2485,0.0026,0.001,0.1655,167.0834,0.0881,0.2493,0.9767,3
1927maize_train_leaf spot.JPG,103.1129,119.4751,76.1827,41.1864,103.8472,121.2387,0.0051,0.0013,0.0689,159.0682,0.0163,0.1748,0.9714,3
1928maize_train_leaf spot.JPG,130.1407,153.6344,106.5191,45.477,93.496,155.3509,0.0068,0.0005,0.0048,1450.8082,0.0077,0.0352,0.6842,3
1929maize_train_leaf spot.JPG,118.8794,147.6656,101.8979,49.5074,87.068,148.8893,0.0001,0.0,0.0,94.2496,0.0196,0.1568,0.9734,3
1930maize_train_leaf spot.JPG,101.8436,124.7526,82.1006,42.9026,89.4883,126.1162,0.0048,0.0002,0.1239,99.946,0.0985,0.2716,0.9844,3
1931maize_train_leaf spot.JPG,121.1044,145.0635,96.3225,45.4312,93.737,147.0808,0.01,0.0004,0.0008,171.5472,0.0159,0.1491,0.9538,3
1932maize_train_leaf spot.JPG,108.2805,148.7719,107.3595,60.3453,100.7149,149.9793,0.0009,0.0,0.0051,1552.0659,0.0081,0.0312,0.5749,3
1933maize_train_leaf spot.JPG,89.1268,139.803,103.3865,67.0163,105.0967,140.2689,0.0006,0.0,0.0,57.5701,0.0308,0.2693,0.9747,3
194maize_valid_leaf spot.JPG,117.9826,144.4527,62.5349,45.6451,140.9635,147.706,0.0296,0.1653,0.0,155.6507,0.0174,0.1833,0.9582,3
195maize_valid_leaf spot.JPG,118.0757,144.5583,62.6154,45.6476,141.0562,147.832,0.0295,0.1654,0.0,179.3262,0.0161,0.1622,0.9523,3
19maize_valid_leaf spot.JPG,91.6612,124.1906,102.8775,70.487,78.2099,125.0503,0.0,0.0,0.0037,206.1764,0.0188,0.152,0.8954,3
2034maize_train_leaf spot.JPG,98.445,113.2101,80.3837,39.5081,76.2024,115.8426,0.0024,0.0,0.169,207.76,0.1411,0.2809,0.9687,3
2035maize_train_leaf spot.JPG,115.5095,131.8496,91.8725,43.6372,89.2403,135.5101,0.0038,0.0001,0.0144,271.847,0.0162,0.1712,0.9114,3
2036maize_train_leaf spot.JPG,122.9075,143.4922,109.2491,51.3519,83.6321,146.1063,0.0031,0.0005,0.0058,1504.6694,0.0079,0.0334,0.6307,3
2037maize_train_leaf spot.JPG,113.0834,142.891,118.6442,65.9424,67.0576,144.0026,0.0,0.0,0.0,50.1275,0.0348,0.3916,0.9771,3
2038maize_train_leaf spot.JPG,94.5307,113.2408,85.4063,46.6893,72.4931,115.1978,0.0022,0.0003,0.1666,153.4069,0.1379,0.3242,0.977,3
2039maize_train_leaf spot.JPG,113.355,134.0425,99.127,51.439,82.7114,137.0044,0.0047,0.0004,0.0001,179.262,0.0209,0.2107,0.9393,3
2040maize_train_leaf spot.JPG,103.001,118.7364,89.4363,46.2325,89.2179,122.1461,0.0019,0.0002,0.0487,1623.7152,0.0077,0.0309,0.6384,3
2041maize_train_leaf spot.JPG,103.7717,124.1879,92.0722,50.8346,79.6368,126.7723,0.0014,0.0,0.0068,210.6295,0.0178,0.1662,0.9374,3
2042maize_train_leaf spot.JPG,81.8259,96.4347,70.7006,43.0403,77.9977,99.404,0.0031,0.0,0.155,272.3849,0.1054,0.2632,0.9483,3
2043maize_train_leaf spot.JPG,92.5788,108.6953,78.5595,46.4666,85.5713,112.2644,0.0039,0.0,0.0318,325.6098,0.0186,0.1761,0.9027,3
2044maize_train_leaf spot.JPG,128.6356,145.7662,115.2763,46.4054,72.1181,150.1207,0.0003,0.0002,0.0148,1500.3372,0.0078,0.0325,0.645,3
2045maize_train_leaf spot.JPG,119.0067,153.9726,111.4966,54.8127,82.4136,154.4404,0.0,0.0,0.0001,94.1016,0.0203,0.1792,0.9634,3
222maize_valid_leaf spot.JPG,98.1601,114.7962,84.0518,48.6414,89.1333,120.9486,0.0077,0.0034,0.0773,120.8497,0.0455,0.2687,0.9713,3
223maize_valid_leaf spot.JPG,105.2949,122.1951,89.1686,49.793,89.3982,129.2254,0.0109,0.005,0.0143,59.1733,0.0222,0.25,0.9795,3
226maize_valid_leaf spot.JPG,101.7408,115.7779,80.6765,45.8014,98.2785,123.0013,0.0196,0.0098,0.0442,103.7079,0.0223,0.2206,0.9687,3
227maize_valid_leaf spot.JPG,105.0599,119.1598,82.9196,45.9525,96.5764,126.7628,0.0221,0.0109,0.0177,101.1771,0.0187,0.1979,0.964,3
230maize_valid_leaf spot.JPG,87.6719,94.9148,59.995,27.2368,94.6138,97.4668,0.0028,0.0006,0.3823,58.3981,0.1383,0.4153,0.9935,3
231maize_valid_leaf spot.JPG,95.2921,102.5111,64.4629,29.5188,107.8935,105.9893,0.0035,0.0009,0.3312,71.9181,0.0486,0.3336,0.9904,3
234maize_valid_leaf spot.JPG,83.9098,105.8331,63.9449,45.6095,106.3421,109.919,0.0001,0.0263,0.0719,68.7674,0.0559,0.3766,0.9832,3
235maize_valid_leaf spot.JPG,90.2755,112.8367,68.0378,46.259,107.8181,117.6568,0.0008,0.0273,0.0001,54.1386,0.0328,0.3214,0.9817,3
24maize_valid_leaf spot.JPG,90.7348,114.3343,87.8293,55.0459,72.756,116.4005,0.0001,0.0,0.144,131.2196,0.1161,0.3122,0.9791,3
256maize_valid_leaf spot.JPG,85.5485,96.599,58.7098,33.0484,103.9107,102.6359,0.0174,0.0051,0.157,103.401,0.1184,0.3237,0.9788,3
257maize_valid_leaf spot.JPG,101.4591,111.1116,67.7989,35.3189,114.4385,119.44,0.03,0.0075,0.015,63.1262,0.0226,0.2238,0.9772,3
25maize_valid_leaf spot.JPG,103.7825,127.8476,99.734,63.8048,75.0434,131.0777,0.0002,0.0,0.0127,115.123,0.0209,0.2124,0.9663,3
260maize_valid_leaf spot.JPG,113.7838,125.7406,71.0874,33.8798,116.5049,128.1856,0.0134,0.0077,0.1256,111.556,0.0982,0.2566,0.9864,3
261maize_valid_leaf spot.JPG,127.7443,141.0004,78.3718,36.2926,128.4001,144.206,0.0181,0.0102,0.0,47.744,0.0207,0.2393,0.9904,3
264maize_valid_leaf spot.JPG,143.7526,148.6067,92.6073,30.6142,111.1995,154.6918,0.0098,0.0353,0.0074,1323.3756,0.0078,0.0335,0.6933,3
265maize_valid_leaf spot.JPG,153.8855,163.5432,95.2206,33.6483,110.3989,167.2633,0.0089,0.0557,0.0,8.1446,0.0392,0.5534,0.9974,3
270maize_valid_leaf spot.JPG,115.5646,131.1562,84.8558,36.1454,87.9008,131.2236,0.0,0.0036,0.1744,94.8358,0.1303,0.3121,0.9883,3
271maize_valid_leaf spot.JPG,130.0889,148.6477,94.4597,40.2138,99.9552,148.8543,0.0001,0.0037,0.0468,80.2712,0.0183,0.2118,0.9788,3
274maize_valid_leaf spot.JPG,93.7616,111.3214,85.9197,65.5802,68.4293,114.0771,0.0002,0.0004,0.0683,118.6045,0.0309,0.2507,0.9661,3
275maize_valid_leaf spot.JPG,97.6939,115.7316,89.4838,68.0258,65.9017,118.685,0.0001,0.0004,0.0267,129.4634,0.0217,0.2387,0.953,3
278maize_valid_leaf spot.JPG,69.0211,88.249,72.1695,64.5896,73.6263,90.5476,0.0021,0.0001,0.1586,71.9528,0.1105,0.3692,0.9813,3
279maize_valid_leaf spot.JPG,77.5933,98.6568,80.624,73.3013,76.9199,101.2618,0.0028,0.0001,0.0536,121.1469,0.0251,0.2495,0.9471,3
28maize_valid_leaf spot.JPG,92.5167,125.0926,106.655,67.321,78.8953,126.0828,0.0,0.0,0.0614,157.2253,0.0456,0.2441,0.953,3
29maize_valid_leaf spot.JPG,100.7551,134.3184,114.3709,70.0555,77.9599,135.7421,0.0,0.0,0.0,130.7627,0.0232,0.205,0.9341,3
2maize_valid_leaf spot.JPG,100.2636,117.9774,64.8558,36.5648,112.5884,119.6928,0.0061,0.0035,0.1694,156.1966,0.0944,0.2475,0.9749,3
32maize_valid_leaf spot.JPG,88.706,109.047,89.8344,79.4631,61.073,112.7338,0.0004,0.0,0.0771,150.113,0.0474,0.2692,0.9661,3
338maize_valid_leaf spot.JPG,148.5831,150.6974,76.3296,31.0652,145.242,158.9575,0.068,0.0415,0.0025,1361.7099,0.0085,0.034,0.5486,3
339maize_valid_leaf spot.JPG,138.7129,147.6811,65.2355,33.2811,151.8947,151.8102,0.0387,0.0433,0.0,30.3544,0.0273,0.3183,0.9868,3
33maize_valid_leaf spot.JPG,94.3305,115.1409,95.0302,84.0045,60.3608,119.2691,0.0007,0.0,0.0153,162.8498,0.0222,0.2341,0.9505,3
342maize_valid_leaf spot.JPG,135.4414,151.9126,145.8232,77.7086,73.2867,163.8369,0.0017,0.0,0.0183,1367.569,0.0075,0.035,0.7804,3
343maize_valid_leaf spot.JPG,108.9212,127.8373,118.5909,72.429,83.2872,140.7068,0.0027,0.0,0.0,84.6544,0.0593,0.3973,0.9827,3
350maize_valid_leaf spot.JPG,168.0445,176.3753,172.7324,84.7191,57.3732,186.3495,0.011,0.0002,0.0311,1201.8478,0.0096,0.0387,0.862,3
351maize_valid_leaf spot.JPG,114.9301,125.4137,104.352,62.891,96.7678,134.4879,0.0305,0.001,0.0189,126.9598,0.042,0.2942,0.9846,3
352maize_valid_leaf spot.JPG,116.7028,125.3637,108.6224,65.2709,90.2408,132.5778,0.0232,0.0004,0.0979,1292.1225,0.0071,0.0347,0.8408,3
353maize_valid_leaf spot.JPG,57.6342,73.0874,36.8002,45.1425,131.9804,74.9803,0.0276,0.0,0.0904,27.0926,0.0457,0.3065,0.982,3
378maize_valid_leaf spot.JPG,180.5259,192.5402,173.3529,75.2425,47.32,195.3054,0.0003,0.0001,0.0005,1027.07,0.0127,0.0525,0.8305,3
379maize_valid_leaf spot.JPG,131.2873,151.659,110.4892,51.6164,83.0725,153.791,0.0,0.0002,0.0,70.5146,0.0255,0.2374,0.9733,3
382maize_valid_leaf spot.JPG,156.1077,166.2311,144.1798,70.5633,79.461,174.3292,0.0224,0.0009,0.0047,1228.3151,0.008,0.0373,0.8165,3
383maize_valid_leaf spot.JPG,118.4102,134.5813,94.8672,56.1008,112.3023,140.5065,0.0235,0.0022,0.0001,37.1414,0.033,0.3365,0.9929,3
384maize_valid_leaf spot.JPG,147.7227,147.291,134.5868,62.7372,87.3073,162.1594,0.059,0.0002,0.0284,1327.8827,0.0071,0.0349,0.8071,3
385maize_valid_leaf spot.JPG,132.5409,128.6463,101.0608,50.2821,106.1904,143.0878,0.0782,0.0,0.0114,54.5543,0.028,0.3664,0.987,3
386maize_valid_leaf spot.JPG,152.3701,158.5348,138.5314,66.4194,82.7404,168.8235,0.0283,0.0005,0.0158,1295.6738,0.0074,0.0369,0.8002,3
387maize_valid_leaf spot.JPG,147.08,156.7198,131.5507,68.0975,90.5538,168.8599,0.0505,0.0008,0.0,29.0157,0.0386,0.3886,0.9922,3
388maize_valid_leaf spot.JPG,136.4323,143.6094,116.2444,48.4718,80.7136,150.6154,0.0218,0.0,0.0103,1376.0563,0.0076,0.036,0.7186,3
389maize_valid_leaf spot.JPG,111.5839,123.4638,85.6668,42.16,95.5189,128.0595,0.0504,0.0003,0.0014,27.1769,0.0262,0.3067,0.9895,3
390maize_valid_leaf spot.JPG,135.3503,156.2598,107.4317,55.5638,110.2757,158.9531,0.0137,0.0024,0.0041,1298.6025,0.0084,0.0414,0.7924,3
391maize_valid_leaf spot.JPG,123.9579,143.1298,81.7489,47.1656,133.3725,148.5111,0.0466,0.0078,0.0,98.957,0.0348,0.2252,0.9788,3
398maize_valid_leaf spot.JPG,140.48,155.9729,129.2306,65.4902,89.4299,161.1409,0.013,0.0,0.0085,1220.6628,0.0083,0.039,0.8438,3
399maize_valid_leaf spot.JPG,78.2423,102.6552,49.6821,44.1493,133.7143,103.294,0.0193,0.0,0.0,11.4883,0.0595,0.5142,0.9815,3
3maize_valid_leaf spot.JPG,110.164,129.3315,71.5015,40.4009,119.8688,131.5283,0.0089,0.0047,0.0767,184.127,0.0161,0.1705,0.9534,3
400maize_valid_leaf spot.JPG,116.0627,128.1734,116.0966,66.9931,92.125,136.7431,0.0077,0.0,0.0778,1291.6227,0.0079,0.0338,0.8507,3
401maize_valid_leaf spot.JPG,84.939,100.6822,83.5925,62.1965,99.654,107.7372,0.0092,0.0,0.0849,19.5396,0.0498,0.4456,0.9972,3
402maize_valid_leaf spot.JPG,145.7452,169.3292,121.4998,58.4948,97.1576,171.3197,0.001,0.0023,0.0053,1283.805,0.0084,0.04,0.7513,3
403maize_valid_leaf spot.JPG,134.3782,160.6559,102.2408,51.3999,105.5639,162.0518,0.0,0.0023,0.0,35.8209,0.0543,0.3199,0.9895,3
404maize_valid_leaf spot.JPG,149.9414,159.6204,124.084,58.0456,86.6791,162.7676,0.0099,0.0012,0.0086,1456.1215,0.0077,0.038,0.7648,3
405maize_valid_leaf spot.JPG,122.2922,133.3492,77.5067,37.3361,112.7714,135.6443,0.0183,0.0026,0.0,103.1275,0.0233,0.2616,0.9412,3
406maize_valid_leaf spot.JPG,126.393,152.0576,102.3483,44.8538,96.5961,152.4613,0.0005,0.002,0.0279,1619.9053,0.0078,0.0317,0.5915,3
407maize_valid_leaf spot.JPG,107.5376,137.367,82.8695,45.9479,104.9839,137.6852,0.0004,0.0,0.0198,198.0054,0.018,0.1254,0.8889,3
408maize_valid_leaf spot.JPG,153.2252,168.8728,151.4531,73.9584,63.5938,174.4109,0.0051,0.0002,0.0072,1205.4474,0.0091,0.0409,0.8515,3
409maize_valid_leaf spot.JPG,94.8694,115.1454,79.8282,51.7776,92.6023,118.6336,0.0147,0.0001,0.0,102.166,0.028,0.1902,0.9629,3
40maize_valid_leaf spot.JPG,88.9907,113.3233,94.1257,67.9861,76.0242,116.426,0.0001,0.0,0.0732,147.5658,0.0537,0.2308,0.9565,3
410maize_valid_leaf spot.JPG,158.9048,171.2798,145.0587,67.2761,61.7102,173.7608,0.0076,0.0002,0.0047,1219.4938,0.0117,0.0488,0.8333,3
411maize_valid_leaf spot.JPG,138.9941,158.3945,121.3808,62.9964,75.2875,160.2469,0.0,0.0012,0.0,80.0718,0.135,0.3197,0.9867,3
412maize_valid_leaf spot.JPG,166.8581,175.6551,147.2865,60.7129,64.0316,178.9883,0.0023,0.0008,0.0044,1243.5187,0.0096,0.0466,0.7792,3
413maize_valid_leaf spot.JPG,164.0542,172.1838,137.4256,52.5531,67.9932,175.5473,0.0002,0.0014,0.0,52.3972,0.0334,0.3169,0.9864,3
41maize_valid_leaf spot.JPG,95.7348,120.4988,100.2466,72.0822,74.5954,123.9704,0.0006,0.0,0.0036,221.9541,0.021,0.1804,0.8917,3
434maize_valid_leaf spot.JPG,144.2713,151.7553,112.4934,50.2204,99.5278,157.0309,0.0361,0.0007,0.0087,1321.3007,0.0079,0.039,0.7844,3
435maize_valid_leaf spot.JPG,105.773,123.1569,61.3034,38.3893,130.3062,123.4874,0.0102,0.0007,0.0,47.2319,0.0307,0.2094,0.9306,3
436maize_valid_leaf spot.JPG,173.0727,186.6331,104.1107,49.7235,128.1356,187.793,0.0033,0.2454,0.0001,1213.0503,0.0084,0.038,0.6455,3
437maize_valid_leaf spot.JPG,177.4975,191.1351,99.1115,55.5702,140.8203,194.4116,0.0004,0.4314,0.0,3.9478,0.0714,0.6525,0.9986,3
438maize_valid_leaf spot.JPG,198.7259,206.7731,172.1251,33.4454,53.4856,208.2337,0.0008,0.0008,0.0001,996.0795,0.0169,0.0618,0.6952,3
439maize_valid_leaf spot.JPG,172.0364,184.6608,130.4056,40.3753,81.1624,186.304,0.0,0.0014,0.0,44.1215,0.0491,0.2676,0.9772,3
440maize_valid_leaf spot.JPG,195.049,200.1489,159.9152,58.8264,67.2234,202.4059,0.0049,0.0111,0.0001,1025.5527,0.0143,0.0562,0.7568,3
441maize_valid_leaf spot.JPG,148.9598,158.989,86.956,33.9677,118.6694,161.0093,0.003,0.0226,0.0,48.3818,0.0272,0.2071,0.9339,3
442maize_valid_leaf spot.JPG,100.0697,115.5122,110.7099,68.9328,74.2017,127.619,0.0032,0.0,0.1241,75.7869,0.1066,0.5368,0.9902,3
443maize_valid_leaf spot.JPG,119.7705,136.9599,134.8557,79.5573,75.4684,152.388,0.0031,0.0,0.0,95.1121,0.044,0.3963,0.9813,3
444maize_valid_leaf spot.JPG,135.2194,164.5714,107.7861,45.1614,101.4817,166.4036,0.0007,0.0023,0.0002,1469.3643,0.0084,0.0343,0.5178,3
445maize_valid_leaf spot.JPG,100.2575,142.6475,69.2373,48.2686,133.946,142.7169,0.0,0.009,0.0,28.2239,0.0339,0.2737,0.9743,3
446maize_valid_leaf spot.JPG,141.6724,147.285,113.252,38.0825,81.0716,155.5936,0.0267,0.0001,0.0066,1426.3341,0.0085,0.0337,0.5602,3
447maize_valid_leaf spot.JPG,140.8111,154.7606,117.54,43.3536,73.6076,161.0513,0.0,0.0,0.0,6.1328,0.0595,0.5591,0.9971,3
448maize_valid_leaf spot.JPG,152.4233,155.136,108.7843,30.9664,99.4414,164.8605,0.0241,0.0011,0.0016,1464.6132,0.008,0.0319,0.5889,3
449maize_valid_leaf spot.JPG,164.1842,171.0146,122.8447,33.6549,81.3742,176.2262,0.0044,0.0014,0.0,72.8942,0.0198,0.1973,0.9641,3
450maize_valid_leaf spot.JPG,151.3461,156.3173,107.0767,32.0781,104.05,165.9806,0.0181,0.0027,0.0018,1388.9743,0.0079,0.0348,0.6389,3
451maize_valid_leaf spot.JPG,135.8243,143.0,89.3514,32.6706,113.9059,152.4139,0.0123,0.0023,0.0,96.1226,0.0177,0.1959,0.967,3
452maize_valid_leaf spot.JPG,149.0765,171.3227,56.6802,35.5213,179.9227,172.2884,0.0082,0.2698,0.0001,1322.3371,0.01,0.0348,0.3107,3
453maize_valid_leaf spot.JPG,131.2214,156.6983,37.5886,36.3634,194.1592,156.8138,0.0,0.074,0.0,7.8154,0.0712,0.547,0.9771,3
454maize_valid_leaf spot.JPG,108.8464,131.2333,81.8974,42.9906,113.414,132.4215,0.0057,0.0019,0.0886,1473.6671,0.0074,0.0341,0.7128,3
455maize_valid_leaf spot.JPG,108.9273,133.9959,78.0794,42.966,114.0897,135.1339,0.0097,0.0053,0.0824,170.1012,0.0234,0.2036,0.9529,3
456maize_valid_leaf spot.JPG,159.3001,159.8085,91.133,30.8929,127.3611,169.4064,0.0883,0.0185,0.0004,1382.4636,0.0086,0.0337,0.5065,3
457maize_valid_leaf spot.JPG,150.5374,164.6449,92.02,35.8519,114.3897,164.7182,0.0007,0.0042,0.0,23.8378,0.0359,0.3185,0.9762,3
46maize_valid_leaf spot.JPG,93.938,113.9262,91.7788,65.7903,73.4782,116.9756,0.0,0.0,0.0718,168.6196,0.0488,0.2469,0.9597,3
47maize_valid_leaf spot.JPG,99.7874,119.9156,97.2925,70.9181,72.8148,123.5289,0.0001,0.0,0.0093,243.652,0.018,0.1863,0.9184,3
50maize_valid_leaf spot.JPG,97.0924,118.2424,91.611,48.5878,73.3324,121.7173,0.0001,0.0,0.1198,199.3661,0.0939,0.2531,0.9589,3
518maize_valid_leaf spot.JPG,146.9321,148.8835,75.4128,30.8118,142.2794,154.3256,0.0479,0.0538,0.0038,1473.6162,0.0084,0.0325,0.5101,3
519maize_valid_leaf spot.JPG,138.3379,143.0408,63.1635,31.9784,148.0238,146.6435,0.0404,0.0971,0.0,118.5474,0.0179,0.1445,0.9314,3
51maize_valid_leaf spot.JPG,111.5366,132.4417,103.8015,52.7637,73.2116,136.8238,0.0001,0.0,0.0,216.1534,0.0198,0.1864,0.896,3
520maize_valid_leaf spot.JPG,154.9826,157.1798,76.1128,30.706,147.587,163.8076,0.0396,0.082,0.0032,1337.2252,0.0082,0.034,0.6181,3
521maize_valid_leaf spot.JPG,147.5957,153.2817,63.7988,32.2596,155.1033,158.2523,0.0171,0.1245,0.0,31.6772,0.0278,0.2719,0.9856,3
522maize_valid_leaf spot.JPG,150.7277,156.7207,72.6235,31.8664,150.9058,160.71,0.036,0.1031,0.0013,1387.0363,0.0087,0.0338,0.4984,3
523maize_valid_leaf spot.JPG,145.6642,154.0518,58.4519,32.6914,161.6466,156.8544,0.0148,0.2093,0.0002,27.812,0.0307,0.3097,0.9797,3
524maize_valid_leaf spot.JPG,148.5644,150.2379,78.6972,30.8004,138.6009,156.3193,0.0436,0.0394,0.0035,1464.6333,0.0082,0.0328,0.544,3
525maize_valid_leaf spot.JPG,144.4191,150.5268,72.2348,32.3463,136.0589,153.3572,0.0222,0.112,0.0,57.7001,0.0254,0.202,0.9517,3
54maize_valid_leaf spot.JPG,107.483,123.0341,74.7919,32.9401,105.0761,125.3259,0.0011,0.0126,0.1735,121.6588,0.1413,0.3207,0.9868,3
55maize_valid_leaf spot.JPG,123.347,142.3339,85.8589,38.1487,119.5818,144.7704,0.0014,0.0128,0.0307,125.0533,0.0157,0.2031,0.977,3
634maize_valid_leaf spot.JPG,158.6016,162.7711,129.7384,38.3761,75.496,173.6854,0.0211,0.0001,0.0035,1354.5835,0.0075,0.0379,0.744,3
635maize_valid_leaf spot.JPG,155.1925,175.3593,135.623,48.7856,62.7301,176.0332,0.0001,0.0,0.0,116.7099,0.0195,0.1985,0.9635,3
636maize_valid_leaf spot.JPG,120.8955,129.1871,116.6531,74.4598,75.8257,137.6964,0.0205,0.0014,0.0627,60.976,0.0549,0.4918,0.9894,3
637maize_valid_leaf spot.JPG,132.029,140.7738,128.8586,79.4334,73.743,150.2956,0.0214,0.0015,0.0017,19.4513,0.0397,0.4809,0.9955,3
638maize_valid_leaf spot.JPG,114.1192,140.4378,106.2277,59.1784,87.5411,141.1404,0.0005,0.0002,0.0072,1413.0265,0.0084,0.0339,0.5947,3
639maize_valid_leaf spot.JPG,107.4559,134.6045,101.2858,62.9688,83.7893,135.5271,0.0001,0.0002,0.0013,58.4099,0.0266,0.2918,0.9747,3
640maize_valid_leaf spot.JPG,137.106,141.1752,119.2305,45.0774,73.923,152.149,0.0056,0.0,0.0061,1419.4612,0.0079,0.0333,0.6271,3
641maize_valid_leaf spot.JPG,123.4729,135.4413,111.4086,48.9317,73.205,143.8398,0.0086,0.0,0.0,45.7775,0.0214,0.2177,0.9781,3
642maize_valid_leaf spot.JPG,92.9416,105.3653,75.4407,45.362,101.5051,107.3317,0.0055,0.0058,0.15,1376.4885,0.0075,0.0342,0.7553,3
643maize_valid_leaf spot.JPG,90.2293,103.2504,74.2389,46.8954,87.6745,104.1961,0.0047,0.0006,0.1645,87.5716,0.0192,0.2131,0.9833,3
644maize_valid_leaf spot.JPG,109.6284,120.2734,91.578,40.2188,85.5132,122.5088,0.0023,0.0,0.1094,1505.107,0.007,0.0341,0.757,3
645maize_valid_leaf spot.JPG,112.2993,128.6588,95.8411,45.3941,72.8203,129.8593,0.003,0.0,0.0267,217.5803,0.0143,0.1386,0.9368,3
646maize_valid_leaf spot.JPG,117.7017,134.1145,83.1723,38.5847,114.7577,135.7227,0.0061,0.0012,0.0638,1462.8927,0.0071,0.0341,0.7459,3
647maize_valid_leaf spot.JPG,115.9329,135.6101,76.0503,38.3887,116.9864,137.3413,0.0014,0.0031,0.051,187.3004,0.0167,0.1662,0.9581,3
648maize_valid_leaf spot.JPG,120.7058,155.1902,100.1575,51.7757,102.7778,156.1692,0.004,0.0188,0.0023,1381.505,0.0083,0.0333,0.5982,3
649maize_valid_leaf spot.JPG,105.6581,143.1061,87.4579,54.2356,104.2422,143.4883,0.0028,0.0405,0.0,46.3887,0.0351,0.3173,0.9761,3
652maize_valid_leaf spot.JPG,118.061,140.3186,91.4856,44.7688,106.4004,140.7261,0.0014,0.0007,0.044,1441.3133,0.0072,0.0346,0.7417,3
653maize_valid_leaf spot.JPG,143.7208,166.5193,108.2161,41.7177,94.5749,166.9478,0.0,0.0021,0.0017,107.7459,0.019,0.1898,0.9625,3
654maize_valid_leaf spot.JPG,105.6701,143.0334,121.8388,70.7999,91.6073,144.3485,0.0003,0.0,0.0019,1408.1162,0.0089,0.0335,0.5586,3
655maize_valid_leaf spot.JPG,91.6003,135.7461,114.4994,74.7481,90.9772,136.2202,0.0,0.0,0.0,58.8793,0.0413,0.289,0.9655,3
656maize_valid_leaf spot.JPG,165.3929,173.0255,143.8301,62.8851,70.1473,178.4502,0.0029,0.0112,0.0005,1273.6598,0.0081,0.0364,0.6535,3
657maize_valid_leaf spot.JPG,170.7457,177.9123,150.4512,72.475,79.5256,189.1955,0.0019,0.0705,0.0,3.8937,0.1227,0.6374,0.9985,3
658maize_valid_leaf spot.JPG,124.4373,141.3671,83.2109,36.707,118.3836,142.1101,0.0022,0.0103,0.1019,1424.8818,0.0075,0.0335,0.7526,3
659maize_valid_leaf spot.JPG,151.6333,167.4694,101.6234,37.1945,105.2166,168.3795,0.0,0.0297,0.0,162.1141,0.0174,0.1263,0.904,3
660maize_valid_leaf spot.JPG,109.6779,125.1845,72.8371,37.1481,123.4647,126.209,0.0028,0.0044,0.1224,1368.8311,0.007,0.0348,0.7878,3
661maize_valid_leaf spot.JPG,160.1032,177.5765,104.4754,37.0832,109.1341,178.189,0.0,0.0138,0.0,129.7649,0.0177,0.1438,0.9209,3
662maize_valid_leaf spot.JPG,125.1685,134.6296,115.3686,58.6013,72.0089,142.3495,0.0087,0.0003,0.1663,115.5644,0.1434,0.4489,0.9901,3
663maize_valid_leaf spot.JPG,154.614,164.1453,143.6166,69.71,76.6417,174.3537,0.0117,0.0003,0.0,187.7582,0.0303,0.3103,0.9726,3
664maize_valid_leaf spot.JPG,121.2603,146.041,95.9682,48.6108,100.1296,147.6395,0.0006,0.0005,0.0244,1402.9131,0.0081,0.0332,0.6231,3
665maize_valid_leaf spot.JPG,118.9417,148.8448,94.9931,49.9167,99.8503,149.9034,0.0001,0.0003,0.0024,42.1573,0.024,0.2554,0.9776,3
666maize_valid_leaf spot.JPG,136.7598,155.5089,94.7407,37.0269,112.4001,160.1602,0.0096,0.0044,0.0085,1439.3556,0.008,0.034,0.6115,3
667maize_valid_leaf spot.JPG,140.5238,161.9422,90.7063,36.6615,115.9982,165.9755,0.0122,0.0095,0.0,91.9366,0.0189,0.1817,0.9666,3
668maize_valid_leaf spot.JPG,120.8206,135.7836,94.7813,39.319,96.4975,137.5017,0.0014,0.0001,0.0854,1473.2915,0.0071,0.033,0.767,3
669maize_valid_leaf spot.JPG,122.7003,140.7872,91.0903,38.6538,95.8425,142.4999,0.0006,0.0,0.0451,133.2272,0.0186,0.1859,0.9629,3
670maize_valid_leaf spot.JPG,115.5379,119.12,84.0996,30.8109,107.4022,124.0923,0.0142,0.0014,0.133,1327.6187,0.0072,0.0377,0.8486,3
671maize_valid_leaf spot.JPG,105.5654,104.9193,72.5141,27.4172,102.3644,111.5399,0.0253,0.0004,0.1901,125.866,0.0244,0.2704,0.9864,3
672maize_valid_leaf spot.JPG,130.1407,153.6344,106.5191,45.477,93.496,155.3509,0.0068,0.0005,0.0048,1450.8082,0.0077,0.0352,0.6842,3
673maize_valid_leaf spot.JPG,118.8794,147.6656,101.8979,49.5074,87.068,148.8893,0.0001,0.0,0.0,94.2496,0.0196,0.1568,0.9734,3
674maize_valid_leaf spot.JPG,133.2199,165.0652,96.9457,44.6108,120.7728,165.1463,0.0,0.0009,0.0001,1366.0065,0.0096,0.039,0.6181,3
675maize_valid_leaf spot.JPG,108.602,143.214,65.3593,43.285,139.9769,143.2253,0.0,0.002,0.0,40.9756,0.0394,0.26,0.9116,3
692maize_valid_leaf spot.JPG,116.4437,142.1258,124.2705,68.4317,74.1712,144.9739,0.0014,0.0001,0.0048,1533.9905,0.0088,0.0316,0.4717,3
693maize_valid_leaf spot.JPG,100.7341,137.5526,125.439,79.311,75.2426,139.1034,0.0,0.0,0.0,70.8309,0.0297,0.2246,0.9508,3
694maize_valid_leaf spot.JPG,134.8949,150.9701,121.5255,48.5775,74.5413,156.0038,0.0041,0.0002,0.0028,1456.1327,0.0085,0.0329,0.5259,3
695maize_valid_leaf spot.JPG,118.3208,144.8479,115.273,56.5378,70.2845,147.7231,0.0025,0.0,0.0,80.5044,0.0277,0.2073,0.934,3
696maize_valid_leaf spot.JPG,111.7105,141.8774,121.9879,68.8178,75.1479,142.6865,0.0,0.0,0.0052,1542.5578,0.0085,0.0322,0.4931,3
697maize_valid_leaf spot.JPG,98.3749,130.1064,113.9636,72.6149,74.7167,131.058,0.0,0.0,0.0015,110.8139,0.0235,0.1742,0.9362,3
6maize_valid_leaf spot.JPG,98.4077,122.9038,91.1529,55.8847,92.2934,125.3745,0.0063,0.0009,0.0546,83.6401,0.0411,0.3368,0.978,3
700maize_valid_leaf spot.JPG,119.3081,138.4214,114.7004,53.5166,68.1417,141.7172,0.0004,0.0,0.0146,1483.2866,0.0085,0.0332,0.5308,3
701maize_valid_leaf spot.JPG,105.2556,137.5229,107.824,63.2534,75.3439,138.4036,0.0,0.0,0.0043,95.7372,0.0294,0.2384,0.928,3
702maize_valid_leaf spot.JPG,122.9075,143.4922,109.2491,51.3519,83.6321,146.1063,0.0031,0.0005,0.0058,1504.6694,0.0079,0.0334,0.6307,3
703maize_valid_leaf spot.JPG,113.0834,142.891,118.6442,65.9424,67.0576,144.0026,0.0,0.0,0.0,50.1275,0.0348,0.3916,0.9771,3
704maize_valid_leaf spot.JPG,128.6356,145.7662,115.2763,46.4054,72.1181,150.1207,0.0003,0.0002,0.0148,1500.3372,0.0078,0.0325,0.645,3
705maize_valid_leaf spot.JPG,119.0067,153.9726,111.4966,54.8127,82.4136,154.4404,0.0,0.0,0.0001,94.1016,0.0203,0.1792,0.9634,3
706maize_valid_leaf spot.JPG,113.099,141.2298,113.6352,65.9459,78.8815,143.6537,0.0001,0.0,0.0249,1589.5458,0.0079,0.0325,0.5928,3
707maize_valid_leaf spot.JPG,98.7104,140.1191,102.6514,64.1929,90.9646,140.6471,0.0,0.0,0.0,221.5087,0.0172,0.1147,0.8836,3
708maize_valid_leaf spot.JPG,99.9455,139.3046,108.5398,64.5833,94.5631,141.0273,0.0,0.0,0.0043,1447.6606,0.0089,0.0329,0.4746,3
709maize_valid_leaf spot.JPG,87.4207,136.3389,97.1167,65.064,103.4284,136.7341,0.0,0.0,0.0,87.8327,0.0296,0.2408,0.9403,3
710maize_valid_leaf spot.JPG,118.912,122.1021,80.3984,28.0035,95.3273,130.8329,0.0092,0.0008,0.1648,146.4777,0.1383,0.322,0.9811,3
711maize_valid_leaf spot.JPG,142.4462,146.3526,96.764,31.6316,105.393,156.8523,0.012,0.0015,0.0,124.2835,0.019,0.2108,0.9556,3
712maize_valid_leaf spot.JPG,119.108,144.6279,125.4947,64.3387,72.8276,147.3276,0.0001,0.0,0.0121,1441.4538,0.008,0.0331,0.6266,3
713maize_valid_leaf spot.JPG,105.9995,150.7063,143.4205,85.0606,80.5144,152.0782,0.0,0.0,0.0,12.6781,0.0568,0.4371,0.9935,3
714maize_valid_leaf spot.JPG,160.9288,169.1056,154.982,80.1459,64.0358,177.6616,0.0035,0.0024,0.0035,1293.0391,0.0084,0.039,0.7131,3
715maize_valid_leaf spot.JPG,146.3797,155.5413,132.863,73.314,77.3052,164.081,0.005,0.0078,0.0,46.916,0.0572,0.391,0.9834,3
716maize_valid_leaf spot.JPG,138.3252,160.6463,122.6124,44.9723,79.4963,164.4825,0.0014,0.0,0.0073,1307.924,0.0074,0.0373,0.7458,3
717maize_valid_leaf spot.JPG,138.2888,168.2354,125.3854,50.1064,76.6162,169.9609,0.001,0.0001,0.0,44.0804,0.0191,0.2442,0.9903,3
718maize_valid_leaf spot.JPG,95.9486,126.0686,105.099,69.6991,86.4612,127.1035,0.0001,0.0001,0.06,1367.1955,0.0078,0.0335,0.6928,3
719maize_valid_leaf spot.JPG,93.3239,126.2597,109.7829,73.4649,78.9728,127.6493,0.0,0.0001,0.0348,53.5712,0.0273,0.2441,0.9801,3
720maize_valid_leaf spot.JPG,113.6683,134.4186,115.1944,78.0647,57.2618,138.5842,0.0002,0.0,0.0266,1445.7827,0.0077,0.0334,0.6561,3
721maize_valid_leaf spot.JPG,105.4749,162.0562,118.9457,68.0394,94.9791,162.2339,0.0,0.0,0.0,70.3532,0.0225,0.2204,0.9635,3
722maize_valid_leaf spot.JPG,124.9727,135.4625,120.2174,69.357,76.3902,140.2748,0.0019,0.0,0.0455,1297.9182,0.0074,0.0351,0.823,3
723maize_valid_leaf spot.JPG,80.0407,92.9661,63.3931,51.2645,108.5142,94.7513,0.0012,0.0,0.0127,26.3101,0.0353,0.368,0.9923,3
724maize_valid_leaf spot.JPG,104.4019,119.9078,87.9552,44.4141,94.588,122.8809,0.0005,0.0052,0.0729,1362.4623,0.0075,0.0355,0.7892,3
725maize_valid_leaf spot.JPG,116.957,129.3681,102.5564,43.1867,71.0417,132.4271,0.0012,0.0001,0.0758,53.0054,0.0227,0.2967,0.9944,3
726maize_valid_leaf spot.JPG,104.7413,131.3448,112.4807,75.6255,83.1053,135.2609,0.0006,0.0003,0.0157,1459.0825,0.0081,0.0333,0.6377,3
727maize_valid_leaf spot.JPG,92.9125,118.7376,99.5276,74.536,84.9013,123.8419,0.0003,0.0,0.0,21.0013,0.0378,0.4908,0.9908,3
728maize_valid_leaf spot.JPG,104.9627,129.0177,111.684,70.6627,79.4213,132.53,0.0004,0.0,0.0118,1512.0063,0.0088,0.0326,0.5016,3
729maize_valid_leaf spot.JPG,94.293,133.7722,115.089,74.0559,91.2894,136.6499,0.0,0.0,0.0,65.5976,0.0238,0.2261,0.9721,3
730maize_valid_leaf spot.JPG,112.8997,130.9727,105.5559,69.0618,71.6746,134.7174,0.0,0.0,0.0301,1555.588,0.0077,0.0323,0.6279,3
731maize_valid_leaf spot.JPG,96.9068,135.9202,100.4924,64.1054,91.4494,136.4891,0.0,0.0,0.0,43.7721,0.0355,0.4025,0.9819,3
732maize_valid_leaf spot.JPG,117.8016,145.2562,117.3389,62.5893,82.8842,146.8939,0.0004,0.0,0.0052,1461.1072,0.008,0.0324,0.5944,3
733maize_valid_leaf spot.JPG,103.6781,134.5151,108.226,65.8255,82.5205,135.9348,0.0,0.0,0.0,97.0587,0.0217,0.209,0.9571,3
842maize_valid_leaf spot.JPG,121.1838,144.4672,89.5395,42.9404,120.7467,150.7884,0.0095,0.0054,0.0016,1400.925,0.0081,0.034,0.6185,3
843maize_valid_leaf spot.JPG,114.4643,132.5594,70.6281,35.7337,137.354,143.0835,0.0195,0.0067,0.0,19.8414,0.0425,0.4744,0.9917,3
846maize_valid_leaf spot.JPG,156.8832,168.0357,149.993,74.9009,77.6451,176.6153,0.0171,0.0084,0.008,1174.8311,0.0079,0.0378,0.8223,3
847maize_valid_leaf spot.JPG,125.256,139.6306,113.148,67.039,95.6085,146.1003,0.0272,0.0,0.0,5.563,0.0515,0.6011,0.999,3
850maize_valid_leaf spot.JPG,135.0708,158.6575,80.3227,41.7315,138.6449,159.2633,0.0056,0.0985,0.0023,1367.6966,0.0083,0.0378,0.6685,3
851maize_valid_leaf spot.JPG,106.6927,136.165,49.1768,41.4729,162.975,136.4924,0.0014,0.0469,0.0,56.3408,0.027,0.2401,0.9562,3
854maize_valid_leaf spot.JPG,142.6053,134.1329,100.7083,28.9184,102.2209,154.0401,0.0674,0.0024,0.0051,1366.8414,0.008,0.0342,0.6472,3
855maize_valid_leaf spot.JPG,121.4148,121.848,82.6309,33.595,108.6141,138.8049,0.1096,0.0132,0.0,16.2734,0.0387,0.433,0.9897,3
leaf spot1000_.jpg,114.8195,164.7394,95.5785,59.9682,113.8436,165.7016,0.0,0.0033,0.0,54.745,0.0284,0.2509,0.9564,3
leaf spot1001_.jpg,96.4827,131.8657,106.6522,70.6177,83.1073,133.8985,0.0,0.0,0.0107,149.6259,0.0174,0.17,0.9414,3
leaf spot1002_.jpg,101.4485,131.1459,89.6625,56.1678,96.3351,131.7481,0.0002,0.0012,0.0007,111.1314,0.0236,0.2211,0.9539,3
leaf spot1003_.jpg,118.3229,144.7935,105.2966,56.9159,85.3887,145.5992,0.0021,0.0005,0.0,95.1435,0.0263,0.2654,0.9596,3
leaf spot1004_.jpg,104.1902,130.8354,95.6141,59.1381,87.4469,131.65,0.0001,0.0002,0.0008,74.3751,0.0267,0.2738,0.9672,3
leaf spot1005_.jpg,111.3184,137.7449,107.5819,60.2275,72.9832,137.757,0.0,0.0,0.0303,63.6816,0.0242,0.2743,0.9865,3
leaf spot1006_.jpg,102.6767,126.8854,99.7751,59.8844,73.0376,126.9011,0.0,0.0,0.0412,96.1565,0.0208,0.2507,0.9806,3
leaf spot1007_.jpg,99.9369,134.4314,99.9054,57.5708,76.8845,135.2499,0.0002,0.0,0.0209,88.9653,0.025,0.2213,0.942,3
leaf spot1008_.jpg,103.6306,137.9493,95.9504,54.4359,85.4145,139.2058,0.0055,0.0001,0.0153,99.3466,0.0246,0.2109,0.9325,3
leaf spot1009_.jpg,94.8703,139.5533,96.7662,62.9916,97.0195,139.5584,0.0,0.0,0.0,99.7152,0.0271,0.1878,0.8877,3
leaf spot100_.jpg,139.0701,147.3774,125.0429,74.2457,81.4365,154.3001,0.0249,0.0014,0.0,65.3612,0.0364,0.3105,0.9883,3
leaf spot1010_.jpg,77.9345,137.6339,63.5771,55.1047,141.7632,137.6339,0.0,0.0,0.0,46.1942,0.0357,0.2284,0.9357,3
leaf spot1011_.jpg,80.8382,111.0174,80.6887,61.1907,85.4832,111.1332,0.0,0.0,0.002,61.9131,0.0348,0.2578,0.9483,3
leaf spot1012_.jpg,97.1336,123.8815,89.1346,59.027,90.2674,124.5047,0.0005,0.0,0.0006,11.5979,0.0384,0.3782,0.9888,3
leaf spot1013_.jpg,78.41,112.9556,100.5029,75.8245,85.9224,114.1238,0.0001,0.0,0.0294,13.0982,0.0482,0.3881,0.9866,3
leaf spot1014_.jpg,99.1981,140.9001,86.9565,54.5811,103.9524,140.9605,0.0,0.0,0.0007,162.5663,0.0236,0.1831,0.8542,3
leaf spot1015_.jpg,88.256,121.8338,92.4988,61.8108,76.6464,122.064,0.0001,0.0,0.0677,29.1628,0.035,0.2608,0.9834,3
leaf spot1016_.jpg,101.9331,134.3519,106.5398,62.5822,77.4418,135.7611,0.0006,0.0,0.0035,25.0271,0.0272,0.2676,0.9845,3
leaf spot1017_.jpg,101.6962,129.2686,95.9953,53.4061,83.9668,131.2759,0.0001,0.0014,0.0143,40.983,0.0246,0.2743,0.9857,3
leaf spot1018_.jpg,112.7191,129.2564,100.5092,51.1353,76.1705,133.6286,0.0,0.0001,0.0085,56.0488,0.0292,0.3703,0.9854,3
leaf spot1019_.jpg,109.9816,137.0807,109.6428,61.1034,70.8972,138.0681,0.0046,0.0018,0.0012,58.6286,0.0255,0.2763,0.9787,3
leaf spot101_.jpg,140.9049,149.0258,128.5881,77.6261,76.1508,155.0922,0.0203,0.0008,0.0,61.6064,0.0339,0.3376,0.9893,3
leaf spot1020_.jpg,120.6055,146.7772,113.818,54.8499,70.9758,148.0921,0.0024,0.0002,0.0,68.5226,0.0282,0.3027,0.9759,3
leaf spot1021_.jpg,102.6574,128.3275,99.9926,61.4081,68.1644,128.7705,0.0093,0.0012,0.0,83.3468,0.0276,0.2512,0.9461,3
leaf spot1022_.jpg,108.212,135.4723,88.6627,55.5381,98.2231,136.0191,0.0156,0.0225,0.0,80.0706,0.0256,0.2608,0.9711,3
leaf spot1023_.jpg,108.3151,133.5525,95.3552,54.0576,86.2645,135.9276,0.0075,0.0212,0.0004,84.9791,0.0333,0.2473,0.9583,3
leaf spot1024_.jpg,97.1941,126.3694,91.2294,54.274,82.8666,127.9396,0.0061,0.0001,0.0189,20.1689,0.0393,0.3133,0.9867,3
leaf spot1025_.jpg,110.935,132.2779,85.9293,42.911,100.5613,135.7403,0.0199,0.0007,0.0056,84.8353,0.019,0.2369,0.9787,3
leaf spot1026_.jpg,118.5097,132.6476,89.3846,38.8497,97.3683,137.7505,0.0322,0.0007,0.0064,97.9399,0.0183,0.2233,0.9767,3
leaf spot1027_.jpg,107.3476,131.5995,69.5646,39.0703,127.8757,134.306,0.0063,0.0002,0.0277,136.6498,0.0175,0.1933,0.9677,3
leaf spot1028_.jpg,131.4926,151.3198,89.1627,36.9644,113.4836,155.4479,0.0156,0.0105,0.01,52.7926,0.0206,0.2669,0.9883,3
leaf spot1029_.jpg,113.8977,155.1181,78.1786,46.7151,131.3991,155.1942,0.0,0.0046,0.0002,93.2301,0.0211,0.2031,0.9462,3
leaf spot102_.jpg,149.7898,157.245,128.3247,71.4529,75.6807,161.948,0.0202,0.0021,0.0,88.015,0.0229,0.2778,0.983,3
leaf spot1030_.jpg,132.4267,147.1507,89.8827,44.9024,115.335,149.2225,0.001,0.0071,0.0055,89.5652,0.0251,0.2711,0.9744,3
leaf spot1031_.jpg,151.952,166.8204,121.3844,55.7732,102.2861,173.9877,0.0,0.0042,0.0,92.0961,0.0442,0.3173,0.9676,3
leaf spot1032_.jpg,143.265,155.1368,103.6615,48.0839,99.3016,157.6589,0.0001,0.0005,0.015,142.7993,0.0295,0.2403,0.9553,3
leaf spot1033_.jpg,116.1218,142.3463,91.3233,44.8692,97.0145,142.7752,0.0004,0.0044,0.038,309.2263,0.0134,0.1081,0.891,3
leaf spot1034_.jpg,103.24,123.1281,70.6153,37.348,114.3167,126.1204,0.0078,0.0019,0.1437,107.8234,0.0213,0.2242,0.9775,3
leaf spot1035_.jpg,104.5183,124.0533,91.4818,49.3546,89.8507,129.3635,0.0076,0.0013,0.0,79.2262,0.03,0.2909,0.9666,3
leaf spot1036_.jpg,123.9738,133.3612,94.5385,39.5878,88.3967,141.8903,0.0325,0.0,0.0006,75.6079,0.0269,0.2418,0.9655,3
leaf spot1037_.jpg,92.1962,120.8661,92.6297,60.54,86.7092,123.2138,0.0061,0.0001,0.0,63.1018,0.038,0.2843,0.955,3
leaf spot1038_.jpg,97.9946,121.0833,69.8126,42.8235,114.2587,122.325,0.0091,0.0059,0.1352,184.2388,0.0238,0.2184,0.9547,3
leaf spot1039_.jpg,83.5822,106.9652,73.7603,52.9508,94.1664,108.0818,0.0066,0.0,0.0405,104.0502,0.0301,0.2888,0.9595,3
leaf spot103_.jpg,136.5838,144.8228,126.2161,67.736,80.8217,153.8829,0.0198,0.0004,0.0008,62.1241,0.0336,0.4083,0.9918,3
leaf spot1040_.jpg,120.6053,140.1889,90.4169,48.8337,101.5201,140.6011,0.0,0.0009,0.0,9.6898,0.0646,0.4693,0.9975,3
leaf spot1041_.jpg,153.4687,169.5902,119.4553,38.7007,91.4587,169.8402,0.0,0.0045,0.0056,11.0841,0.1967,0.5597,0.9984,3
leaf spot1042_.jpg,89.6066,124.2316,78.6784,58.1858,107.5495,124.5523,0.0003,0.0362,0.0099,28.0787,0.0282,0.31,0.9898,3
leaf spot1043_.jpg,87.0207,131.0895,76.2857,59.9581,120.6451,131.1573,0.0001,0.0389,0.0159,10.528,0.0423,0.4513,0.9949,3
leaf spot1044_.jpg,78.9512,131.7791,92.0211,68.3962,107.5764,131.9631,0.0,0.0,0.006,9.322,0.041,0.408,0.9914,3
leaf spot1045_.jpg,101.8955,149.8607,90.5746,56.9497,111.3623,150.5895,0.0,0.0,0.0011,29.3912,0.0332,0.3511,0.9895,3
leaf spot1046_.jpg,83.3824,122.4753,84.7099,62.1374,104.7594,122.9989,0.0002,0.0,0.0088,8.908,0.0399,0.4214,0.993,3
leaf spot1047_.jpg,99.3828,154.1782,77.8246,51.5349,128.7259,154.2869,0.0002,0.0,0.0011,12.0939,0.0542,0.4521,0.9897,3
leaf spot1048_.jpg,94.13,132.7391,104.5306,68.0129,92.2008,133.3296,0.0041,0.001,0.006,17.9884,0.0411,0.3701,0.9853,3
leaf spot1049_.jpg,87.836,137.4601,64.6698,52.1283,137.4493,137.6868,0.0,0.0087,0.0175,73.407,0.0263,0.1891,0.9494,3
leaf spot104_.jpg,125.2644,137.8352,116.6638,67.6306,80.2925,143.7582,0.0028,0.0007,0.0,69.05,0.0355,0.3661,0.9893,3
leaf spot1050_.jpg,104.5672,139.4028,92.1001,51.7992,102.7404,142.247,0.0027,0.0055,0.0056,60.7379,0.0231,0.2223,0.9715,3
leaf spot1051_.jpg,98.9247,156.5011,71.596,52.5822,139.1568,156.8166,0.0001,0.0002,0.0025,15.9933,0.0376,0.3519,0.9932,3
leaf spot1052_.jpg,112.4966,172.9682,81.2007,52.1607,135.4427,173.1646,0.0,0.0007,0.0008,26.4164,0.0425,0.3534,0.9903,3
leaf spot1053_.jpg,109.6701,172.5527,76.2087,53.864,141.9028,173.4994,0.0001,0.0014,0.0053,30.9822,0.0333,0.2925,0.9867,3
leaf spot1054_.jpg,109.9005,165.8165,80.2419,53.6571,129.6703,167.2163,0.0012,0.0014,0.0037,28.3261,0.0299,0.295,0.989,3
leaf spot1055_.jpg,96.1991,136.3685,83.548,53.6275,108.7642,137.0127,0.0033,0.0002,0.0161,44.3812,0.0283,0.2711,0.9729,3
leaf spot1056_.jpg,124.8951,157.0316,87.7251,45.1521,122.5716,157.2332,0.0,0.0025,0.0,87.2876,0.0467,0.2346,0.971,3
leaf spot1057_.jpg,161.8106,182.5306,164.5115,80.3862,72.0211,192.7832,0.0,0.0,0.0,74.3986,0.051,0.4872,0.9888,3
leaf spot1058_.jpg,115.9257,132.8218,92.6219,49.6328,89.2218,133.0192,0.0,0.0046,0.0,105.108,0.028,0.29,0.9594,3
leaf spot1059_.jpg,124.0152,135.6687,104.5918,51.0996,71.7665,136.0378,0.0004,0.0018,0.0,36.6022,0.0288,0.336,0.9877,3
leaf spot105_.jpg,114.9257,125.8513,110.5453,69.8592,78.6433,132.282,0.0029,0.0,0.0079,36.6504,0.0395,0.4306,0.9943,3
leaf spot1060_.jpg,101.3162,116.9846,100.2674,63.2378,58.8619,117.2422,0.0,0.0044,0.0598,117.9897,0.0185,0.2362,0.9757,3
leaf spot1061_.jpg,101.0995,117.5711,95.3906,60.4872,57.7956,117.717,0.0,0.0025,0.0189,86.899,0.0327,0.2372,0.9411,3
leaf spot1062_.jpg,96.211,116.3614,84.3631,57.6143,84.4904,116.5353,0.0001,0.0092,0.016,120.1746,0.0242,0.2014,0.9346,3
leaf spot1063_.jpg,118.5117,147.0436,99.7731,54.279,92.2432,147.4406,0.0,0.0006,0.0,91.7114,0.0225,0.2682,0.9719,3
leaf spot1064_.jpg,83.4244,109.6776,90.7416,67.8641,73.2933,110.1664,0.0,0.0,0.027,75.6221,0.0322,0.3182,0.9561,3
leaf spot1065_.jpg,85.8344,130.9322,95.7533,68.826,99.4355,130.9759,0.0,0.0001,0.0126,29.669,0.0364,0.2752,0.9656,3
leaf spot1066_.jpg,91.5221,158.5728,68.7094,56.1216,154.6571,158.6966,0.0,0.0012,0.0001,67.2234,0.0273,0.2806,0.972,3
leaf spot1067_.jpg,117.6671,167.7319,69.7605,46.1514,152.6235,167.81,0.0,0.0047,0.0,30.9484,0.0457,0.3636,0.9765,3
leaf spot1068_.jpg,92.3254,113.8515,78.0032,49.1619,96.5883,113.8599,0.0,0.0006,0.2362,187.2125,0.0259,0.2825,0.972,3
leaf spot1069_.jpg,126.0134,155.2644,73.694,40.7838,144.1087,155.3295,0.0004,0.001,0.0,132.342,0.0434,0.2084,0.9542,3
leaf spot106_.jpg,111.583,123.3961,106.1711,66.441,82.5352,129.4347,0.0023,0.0001,0.0436,57.9794,0.0323,0.3715,0.992,3
leaf spot1070_.jpg,86.6726,111.3377,85.9706,61.2651,72.5187,111.3983,0.0,0.0,0.0194,98.0951,0.0225,0.2295,0.9498,3
leaf spot1071_.jpg,88.3797,108.5213,81.1876,56.3379,79.5476,108.526,0.0,0.0,0.0579,55.9578,0.0265,0.3364,0.9808,3
leaf spot1072_.jpg,107.54,123.9092,95.7303,55.9079,74.845,124.2238,0.0019,0.0014,0.0168,28.8153,0.0387,0.408,0.9886,3
leaf spot1073_.jpg,110.7459,127.8562,99.7667,57.4755,72.2086,128.1395,0.0022,0.001,0.0124,35.2862,0.033,0.3574,0.9844,3
leaf spot1074_.jpg,105.5607,122.8285,96.9555,58.7944,71.7218,123.0348,0.0021,0.0004,0.0213,38.5767,0.0329,0.3476,0.9825,3
leaf spot1075_.jpg,106.2568,123.4744,98.5879,58.5643,69.0222,123.6496,0.0014,0.0,0.0224,51.7121,0.0291,0.3435,0.9798,3
leaf spot1076_.jpg,105.3569,123.1279,97.1741,59.2004,72.8226,123.2998,0.0018,0.0006,0.019,56.2434,0.0297,0.3434,0.977,3
leaf spot1077_.jpg,105.2879,121.4509,99.3739,60.0734,62.1346,121.6637,0.0029,0.0,0.0195,33.6117,0.0372,0.3736,0.9804,3
leaf spot1078_.jpg,102.756,117.3336,98.0384,60.1707,56.6935,117.5727,0.0031,0.0,0.0209,30.8379,0.0376,0.3781,0.9818,3
leaf spot1079_.jpg,102.9103,118.0444,98.2791,59.8634,55.0185,118.2166,0.0014,0.0,0.01,24.7972,0.0395,0.3983,0.9824,3
leaf spot107_.jpg,131.2006,142.4624,120.6556,67.1362,89.3659,151.2941,0.0089,0.0001,0.004,81.6538,0.0316,0.3338,0.9884,3
leaf spot1080_.jpg,100.5941,114.843,95.396,58.4274,57.2374,115.0446,0.0017,0.0,0.0249,23.727,0.0442,0.4193,0.987,3
leaf spot1081_.jpg,103.0486,116.4108,102.7623,65.017,44.4582,116.4255,0.0,0.0,0.0247,85.6862,0.0263,0.2575,0.9499,3
leaf spot1082_.jpg,99.6728,136.6804,81.1041,52.8511,109.7956,136.7697,0.0,0.0,0.0072,187.3196,0.0242,0.164,0.8673,3
leaf spot1083_.jpg,111.0871,126.3038,97.6349,63.8678,98.0925,127.9651,0.0,0.0,0.041,80.8569,0.0485,0.4233,0.9925,3
leaf spot1084_.jpg,86.1498,162.1317,63.0795,55.4988,159.0962,162.1835,0.0,0.0004,0.0001,70.4523,0.0216,0.1937,0.9671,3
leaf spot1085_.jpg,98.4615,163.3172,63.9943,54.3365,156.8793,163.8661,0.0,0.0004,0.0217,105.8895,0.0226,0.1971,0.9542,3
leaf spot1086_.jpg,99.1772,117.0965,97.9031,60.5037,56.4326,117.6866,0.0,0.0,0.0423,125.1971,0.0351,0.2637,0.9174,3
leaf spot1087_.jpg,93.0338,117.9055,92.3349,60.9698,71.829,118.0349,0.0,0.0,0.0291,98.6822,0.0267,0.2635,0.9482,3
leaf spot1088_.jpg,100.1683,121.3728,92.8249,55.7214,72.8888,121.5171,0.0,0.0,0.0256,104.2267,0.0243,0.2745,0.963,3
leaf spot1089_.jpg,86.3579,134.8786,83.4071,62.5651,113.2523,135.115,0.0,0.0,0.024,145.4848,0.0243,0.1514,0.916,3
leaf spot108_.jpg,142.7457,152.5797,125.7455,63.9761,92.5087,162.6978,0.0101,0.0024,0.0004,84.7487,0.0319,0.3282,0.9884,3
leaf spot1090_.jpg,84.9014,126.2457,80.4819,60.9287,106.4005,126.4442,0.0,0.0,0.0344,126.1319,0.0238,0.1731,0.9375,3
leaf spot1091_.jpg,95.5379,147.1058,71.7454,55.8206,135.4551,147.7011,0.0,0.0,0.0289,88.7071,0.0341,0.2686,0.9578,3
leaf spot1092_.jpg,130.7834,160.071,82.1196,44.6124,128.2629,160.7464,0.0,0.0013,0.0033,75.0629,0.0319,0.309,0.9619,3
leaf spot1093_.jpg,93.4943,113.1396,89.9152,59.4208,66.5673,113.1705,0.0,0.0,0.0181,53.834,0.0293,0.282,0.9629,3
leaf spot1094_.jpg,106.3805,176.8415,61.2405,54.6143,172.1766,178.8703,0.0005,0.0002,0.0109,48.8945,0.0367,0.2546,0.9622,3
leaf spot1095_.jpg,122.0299,182.3595,72.9485,54.1411,161.9346,182.7574,0.0,0.0057,0.0,38.3165,0.0309,0.2694,0.961,3
leaf spot1096_.jpg,130.4328,173.331,69.1479,45.5798,156.8232,173.6328,0.0001,0.0044,0.0,86.1698,0.0384,0.2438,0.9389,3
leaf spot1097_.jpg,109.8828,140.1547,66.2642,44.8689,149.8098,140.3759,0.0,0.0003,0.0,135.3154,0.0415,0.2527,0.9639,3
leaf spot1098_.jpg,82.7127,113.8367,82.3265,62.8944,91.5293,113.8873,0.0,0.0,0.0082,128.0834,0.0288,0.2294,0.8896,3
leaf spot1099_.jpg,83.8913,98.8027,83.4077,61.5454,55.5755,98.9556,0.0,0.0,0.0699,101.5537,0.0308,0.266,0.9328,3
leaf spot109_.jpg,134.7677,149.4882,126.7087,70.0657,86.323,157.3303,0.0046,0.0015,0.0001,77.8735,0.0297,0.3206,0.9881,3
leaf spot10_.jpg,173.3429,177.608,155.3711,80.0016,55.9587,182.3943,0.022,0.0266,0.0,30.1235,0.0471,0.4015,0.9927,3
leaf spot1100_.jpg,88.5626,104.2178,84.6715,58.9377,67.3068,104.2526,0.0,0.0,0.0632,41.0835,0.0284,0.3242,0.9828,3
leaf spot1101_.jpg,88.4152,104.3774,81.6835,56.1291,79.4645,104.8734,0.0008,0.0,0.1049,102.4085,0.0294,0.3011,0.9606,3
leaf spot1102_.jpg,100.4284,123.6755,96.7583,60.4123,72.719,123.9232,0.0007,0.0073,0.0073,36.5448,0.0435,0.3816,0.9747,3
leaf spot1103_.jpg,80.9834,115.0056,84.1025,66.0769,86.0883,115.7457,0.0028,0.0,0.0495,98.0052,0.0307,0.2273,0.9247,3
leaf spot1104_.jpg,80.7161,130.8518,83.6816,65.8349,108.1139,131.4985,0.0,0.0,0.0179,60.9647,0.0342,0.2489,0.952,3
leaf spot1105_.jpg,86.1677,122.2031,109.06,79.1409,82.3896,123.8876,0.0,0.0,0.0274,13.356,0.0449,0.399,0.9899,3
leaf spot1106_.jpg,81.7993,117.2555,95.288,71.4079,93.1762,118.8414,0.0015,0.0004,0.0021,23.1934,0.0483,0.3566,0.9813,3
leaf spot1107_.jpg,94.4247,126.0094,87.9844,57.7608,88.1462,126.0461,0.0,0.0001,0.0093,65.6395,0.0239,0.24,0.955,3
leaf spot1108_.jpg,97.3692,145.1167,89.7091,58.1313,105.3969,145.3866,0.0,0.0,0.0,21.5607,0.0432,0.3478,0.973,3
leaf spot1109_.jpg,93.9459,137.7136,85.2317,57.3115,102.8283,138.1071,0.0,0.0,0.0024,17.8889,0.0394,0.3283,0.9794,3
leaf spot110_.jpg,154.0699,169.6925,141.8093,70.2034,80.841,176.6892,0.003,0.0026,0.0,68.0992,0.0466,0.3592,0.9893,3
leaf spot1110_.jpg,98.8827,141.4291,78.1197,53.3607,117.3258,141.9511,0.0,0.0,0.0014,124.6409,0.0286,0.2268,0.8952,3
leaf spot1111_.jpg,101.8058,159.5472,73.2997,51.4795,141.3597,159.6659,0.0,0.0,0.0003,130.534,0.0265,0.1902,0.8552,3
leaf spot1112_.jpg,99.0779,156.4841,71.4433,52.4672,142.9376,156.7495,0.0,0.0,0.0049,143.1796,0.0271,0.1877,0.8464,3
leaf spot1113_.jpg,88.6955,121.5429,92.8876,65.1352,81.4588,121.5952,0.0,0.0004,0.0,118.799,0.025,0.1645,0.8871,3
leaf spot1114_.jpg,118.0507,135.1078,90.8718,47.9592,85.2669,135.7116,0.0062,0.0191,0.0,76.4351,0.0265,0.2345,0.953,3
leaf spot1115_.jpg,79.8623,122.0899,85.5661,64.6508,97.242,122.6003,0.0,0.0,0.0685,47.2277,0.0378,0.3415,0.9763,3
leaf spot1116_.jpg,102.5198,139.4235,105.1207,61.1674,74.8471,139.8707,0.0,0.0,0.0255,36.4522,0.0427,0.3218,0.9744,3
leaf spot1117_.jpg,105.7311,160.3977,78.6545,52.1996,138.3105,160.548,0.0,0.0003,0.0,117.4225,0.0246,0.1845,0.9403,3
leaf spot1118_.jpg,123.0249,137.2435,91.9705,45.1018,96.2876,138.1356,0.0,0.0,0.0,22.1806,0.0469,0.3875,0.9925,3
leaf spot1119_.jpg,137.1208,156.9821,126.6302,63.5586,83.9859,161.6822,0.0,0.0,0.0,23.8132,0.0852,0.4397,0.9967,3
leaf spot111_.jpg,171.4962,188.0448,166.7434,79.688,70.582,197.2835,0.0001,0.0035,0.0,32.2805,0.0571,0.4552,0.9945,3
leaf spot1120_.jpg,139.7222,150.7004,140.8781,78.4821,62.7517,158.1375,0.0,0.0,0.0004,22.5222,0.0794,0.5245,0.9974,3
leaf spot1121_.jpg,139.9811,148.8483,148.7297,88.0589,56.412,159.1361,0.0,0.0,0.043,39.1744,0.0802,0.5896,0.9949,3
leaf spot1122_.jpg,138.9287,158.0615,127.5188,62.7463,89.7852,165.0646,0.0,0.0,0.0,19.001,0.0543,0.4548,0.9969,3
leaf spot1123_.jpg,112.622,132.2729,92.4186,50.4476,84.2445,132.6684,0.0003,0.0001,0.0003,63.9456,0.0254,0.2382,0.9687,3
leaf spot1124_.jpg,95.2315,131.9804,88.2062,57.2594,93.1418,131.987,0.0,0.0,0.0,45.5809,0.0305,0.2737,0.9753,3
leaf spot1125_.jpg,91.1086,114.9693,87.7127,56.71,73.581,116.9485,0.0,0.0,0.0921,61.171,0.031,0.2801,0.9755,3
leaf spot1126_.jpg,94.4842,125.7262,88.047,57.8693,88.1885,125.7265,0.0,0.0,0.0005,44.7906,0.0328,0.3031,0.9679,3
leaf spot1127_.jpg,119.3851,153.9948,90.6593,46.8267,112.6125,154.0174,0.0,0.0,0.0175,24.9378,0.0253,0.2856,0.9909,3
leaf spot1128_.jpg,100.1632,131.0223,71.576,46.1396,117.8538,131.0238,0.0,0.0001,0.0656,30.0754,0.0344,0.3192,0.9873,3
leaf spot1129_.jpg,104.3988,135.0364,71.1722,43.8578,119.5221,135.3867,0.0001,0.0008,0.0749,12.5997,0.0419,0.4092,0.996,3
leaf spot112_.jpg,137.2687,153.9871,141.3239,79.9765,79.3231,165.0139,0.0026,0.0006,0.0067,32.7151,0.0375,0.4386,0.9951,3
leaf spot1130_.jpg,107.341,137.6016,97.4435,54.166,82.0748,137.699,0.0002,0.003,0.0369,93.4743,0.0241,0.2611,0.9639,3
leaf spot1131_.jpg,111.5165,152.647,57.5883,46.0838,156.1181,152.661,0.0,0.0561,0.0221,135.6111,0.0199,0.1497,0.9156,3
leaf spot1132_.jpg,84.7676,116.8026,91.0876,66.0504,74.0011,116.8235,0.0,0.0,0.0001,123.2433,0.0331,0.1756,0.8576,3
leaf spot1133_.jpg,122.0392,141.5473,114.9338,63.6776,68.8429,144.0019,0.0031,0.0,0.0,33.0134,0.069,0.4224,0.9944,3
leaf spot1134_.jpg,88.2532,125.0038,91.6264,63.4311,85.391,125.0759,0.0,0.0,0.0,104.7241,0.0289,0.1684,0.9079,3
leaf spot1135_.jpg,87.5235,128.8037,88.1813,61.9387,91.673,128.8873,0.0,0.0,0.0,28.2083,0.0442,0.2895,0.9684,3
leaf spot1136_.jpg,86.4472,125.8303,86.6396,61.685,90.0359,125.9122,0.0,0.0,0.0,29.5829,0.0437,0.284,0.9647,3
leaf spot1137_.jpg,97.115,134.2441,96.276,61.0086,84.309,134.2627,0.0,0.0,0.002,98.8569,0.0254,0.1873,0.8954,3
leaf spot1138_.jpg,107.7099,145.0007,104.6639,60.2299,82.8004,145.0259,0.0,0.0,0.0,72.6564,0.0281,0.2417,0.9292,3
leaf spot1139_.jpg,121.3925,139.9257,93.7162,47.7344,89.1662,140.676,0.0035,0.0026,0.0,43.3116,0.0324,0.3278,0.9746,3
leaf spot113_.jpg,157.7597,177.5882,162.5503,79.4603,77.7011,191.3728,0.0003,0.0016,0.0001,28.0804,0.0511,0.4736,0.9953,3
leaf spot1140_.jpg,92.2438,125.7447,96.2017,64.3764,77.2645,125.77,0.0007,0.0,0.0036,63.7474,0.0308,0.2178,0.9332,3
leaf spot1141_.jpg,95.0062,128.5962,99.0698,64.4426,75.2325,128.6247,0.0005,0.0,0.0023,73.9537,0.0287,0.2015,0.9202,3
leaf spot1142_.jpg,97.8516,127.3771,92.0261,56.6352,80.9192,127.3835,0.0,0.0,0.0376,65.8038,0.0342,0.3146,0.9664,3
leaf spot1143_.jpg,100.2803,128.7615,92.4412,55.4554,81.5409,128.7664,0.0,0.0,0.0336,65.6773,0.0295,0.292,0.97,3
leaf spot1144_.jpg,90.5255,118.8936,73.7829,51.9794,110.6193,118.9365,0.0,0.0,0.0723,55.7478,0.0291,0.3569,0.9816,3
leaf spot1145_.jpg,106.4776,134.9833,84.1547,50.7472,108.5718,135.0739,0.0013,0.0002,0.0418,43.3802,0.029,0.3696,0.9877,3
leaf spot1146_.jpg,102.3872,123.6804,97.8596,59.544,73.1655,123.6979,0.0,0.0,0.0208,26.8892,0.0274,0.3474,0.9939,3
leaf spot1147_.jpg,100.9087,125.9349,92.311,56.6602,79.0021,125.9671,0.0,0.0042,0.0317,19.9133,0.0309,0.3414,0.9912,3
leaf spot1148_.jpg,95.6344,131.0992,96.6937,61.2313,79.7316,131.3768,0.0,0.0,0.0062,9.6417,0.0469,0.422,0.9916,3
leaf spot1149_.jpg,102.0803,135.9736,89.6747,53.0834,92.0666,136.4316,0.0013,0.0017,0.0012,11.031,0.0426,0.3757,0.9881,3
leaf spot114_.jpg,160.8496,171.7872,155.8996,77.9767,61.3486,179.7792,0.0013,0.0007,0.0,75.2833,0.0902,0.4187,0.9902,3
leaf spot1150_.jpg,90.408,126.233,91.9859,62.2672,84.2404,126.2866,0.0,0.0,0.0025,125.7098,0.0212,0.1556,0.9249,3
leaf spot1151_.jpg,95.076,129.0605,95.0683,60.3902,81.0728,129.1732,0.0,0.0,0.0269,161.5892,0.0194,0.1684,0.9297,3
leaf spot1152_.jpg,93.335,111.6422,89.6361,57.2614,73.8482,113.7442,0.0033,0.0,0.0556,64.7494,0.0252,0.28,0.9735,3
leaf spot1153_.jpg,105.6651,155.7962,97.5587,59.1687,107.1181,155.808,0.0,0.0001,0.005,110.1283,0.023,0.1904,0.9261,3
leaf spot1154_.jpg,99.4268,127.4926,85.835,53.2118,92.919,127.8923,0.0011,0.0001,0.0282,17.5739,0.0356,0.3776,0.991,3
leaf spot1155_.jpg,113.2728,143.2944,98.2462,52.5537,87.5917,143.6088,0.0027,0.0007,0.0133,83.7037,0.0325,0.3018,0.9358,3
leaf spot1156_.jpg,77.9332,128.3315,83.0076,65.8238,115.8189,128.5105,0.0,0.0,0.0164,21.475,0.0351,0.349,0.9845,3
leaf spot1157_.jpg,98.8106,119.3924,96.86,70.2238,54.8484,121.0195,0.0,0.0,0.1484,27.4287,0.0259,0.3417,0.9946,3
leaf spot1158_.jpg,93.2046,122.1847,87.2311,57.3446,86.2242,122.3779,0.0005,0.0003,0.0944,94.8681,0.0214,0.2539,0.9736,3
leaf spot1159_.jpg,96.1062,119.227,93.538,59.5433,71.6134,119.4485,0.0002,0.0021,0.143,94.1068,0.0233,0.3019,0.9811,3
leaf spot115_.jpg,147.2388,159.5841,143.7953,76.3543,65.6766,166.6337,0.0025,0.0002,0.0,79.3071,0.0765,0.4012,0.9904,3
leaf spot1160_.jpg,88.2349,122.0143,85.8086,60.5558,88.9398,122.1799,0.001,0.0,0.0994,121.8476,0.0205,0.2357,0.9636,3
leaf spot1161_.jpg,94.7236,125.5802,91.5299,59.582,77.5107,125.795,0.0,0.0,0.101,126.0266,0.0203,0.226,0.9595,3
leaf spot1162_.jpg,94.0311,120.7996,91.5894,58.3464,68.801,120.8888,0.0002,0.0,0.0261,69.8901,0.0267,0.2379,0.9521,3
leaf spot1163_.jpg,99.3958,130.3446,97.1645,61.3627,74.5384,130.4379,0.0,0.0,0.0184,9.1069,0.0527,0.424,0.9924,3
leaf spot1164_.jpg,97.0646,119.6903,91.1682,56.4271,68.5771,119.8749,0.0,0.0,0.0429,22.467,0.0323,0.3297,0.9914,3
leaf spot1165_.jpg,86.6642,111.9438,82.5195,57.3615,81.4364,112.128,0.0,0.0,0.1105,22.8864,0.028,0.3289,0.9926,3
leaf spot1166_.jpg,79.5605,134.173,90.4961,67.5743,113.0865,134.3145,0.0,0.0,0.0709,113.1543,0.0332,0.1962,0.9415,3
leaf spot1167_.jpg,97.8924,113.9087,91.742,56.1729,62.1708,114.3205,0.0,0.0,0.0764,61.4167,0.0338,0.3565,0.972,3
leaf spot1168_.jpg,85.1694,101.6922,91.7428,72.5745,57.9812,104.9632,0.0001,0.0,0.1729,73.1446,0.0296,0.2938,0.9761,3
leaf spot1169_.jpg,94.2973,113.4441,99.684,66.4068,54.6094,115.0011,0.0,0.0,0.0888,66.2218,0.0302,0.2729,0.9716,3
leaf spot116_.jpg,153.3118,167.2924,148.2896,75.091,67.4414,174.397,0.001,0.001,0.0,78.9631,0.1,0.4073,0.9904,3
leaf spot1170_.jpg,97.2915,117.3298,105.7229,71.2543,56.3142,119.5226,0.0002,0.0,0.0815,60.3335,0.0278,0.264,0.9761,3
leaf spot1171_.jpg,99.0665,147.2561,90.4683,58.0286,107.6179,147.5574,0.0,0.0,0.0002,49.4315,0.0325,0.2999,0.9691,3
leaf spot1172_.jpg,116.4405,147.5316,89.9754,50.5263,103.2727,148.0479,0.0,0.0009,0.0062,85.6938,0.0303,0.2497,0.9372,3
leaf spot1173_.jpg,100.8066,109.9407,95.6062,48.631,52.5606,110.8929,0.0,0.0,0.2455,84.1278,0.0364,0.3898,0.9883,3
leaf spot1174_.jpg,93.5813,107.5326,95.5042,63.7114,42.04,108.1647,0.0,0.0,0.0414,92.245,0.0364,0.2441,0.9259,3
leaf spot1175_.jpg,90.8075,100.2819,88.9343,55.3401,54.3905,103.0186,0.0,0.0,0.1323,50.6799,0.0318,0.3303,0.9815,3
leaf spot1176_.jpg,90.854,121.4232,96.4187,64.9446,71.3441,121.6331,0.0,0.0,0.0539,86.5578,0.0287,0.2647,0.9526,3
leaf spot1177_.jpg,123.0792,141.5671,117.1534,57.2457,52.4088,141.588,0.0,0.0,0.0,56.8177,0.0269,0.2708,0.9664,3
leaf spot1178_.jpg,103.1449,120.3192,102.0429,61.6371,56.5434,120.3403,0.0,0.0,0.0383,42.8928,0.0315,0.3448,0.9826,3
leaf spot1179_.jpg,92.2804,126.3805,109.3892,68.1009,82.786,129.4061,0.0,0.0,0.0483,76.5311,0.025,0.239,0.9645,3
leaf spot117_.jpg,152.0071,163.3757,149.8582,78.4917,62.8389,171.216,0.0026,0.0001,0.0001,95.9255,0.0908,0.4469,0.9885,3
leaf spot1180_.jpg,85.8041,125.1286,108.6039,72.0757,91.2271,127.4221,0.0,0.0,0.0279,78.0932,0.0268,0.2108,0.951,3
leaf spot1181_.jpg,90.3904,154.2137,79.072,58.2748,128.6619,154.3639,0.0,0.0,0.019,38.3197,0.0373,0.3029,0.9706,3
leaf spot1182_.jpg,96.9426,127.7356,94.5601,59.49,82.4588,128.3133,0.0014,0.0,0.0228,41.1235,0.0341,0.2851,0.9796,3
leaf spot1183_.jpg,86.0542,138.0473,83.827,63.7021,108.4309,138.4938,0.0,0.0,0.0315,47.6304,0.0424,0.2806,0.9606,3
leaf spot1184_.jpg,79.223,121.5201,84.9165,65.0702,95.7954,121.5624,0.0,0.0,0.0,14.0385,0.0445,0.3561,0.9878,3
leaf spot1185_.jpg,87.2309,127.4821,87.8819,62.4876,94.0623,127.5222,0.0,0.0,0.0,15.6062,0.0434,0.3467,0.9827,3
leaf spot1186_.jpg,105.3261,143.4738,69.8528,47.4711,133.9327,143.9769,0.0,0.0002,0.0,75.2313,0.0285,0.2187,0.9184,3
leaf spot1187_.jpg,89.3365,118.834,85.7349,57.821,81.9596,119.0531,0.0007,0.0,0.0038,79.8355,0.0299,0.2466,0.9399,3
leaf spot1188_.jpg,89.8801,116.5413,93.5824,64.9927,72.0616,116.9015,0.0016,0.0,0.0021,66.1414,0.0376,0.2949,0.937,3
leaf spot1189_.jpg,85.1988,123.8073,81.9224,59.4344,99.071,123.9931,0.0,0.0,0.0,75.1186,0.0286,0.2334,0.9385,3
leaf spot118_.jpg,175.0796,184.4144,169.9585,79.8638,57.4858,194.5315,0.0009,0.0046,0.0,35.8895,0.1048,0.472,0.9942,3
leaf spot1190_.jpg,108.102,152.9507,96.554,56.9364,94.8927,153.3073,0.0,0.0008,0.012,80.8115,0.0244,0.2869,0.9727,3
leaf spot1191_.jpg,88.8995,119.5622,93.5766,66.8012,75.2602,119.9352,0.0,0.0029,0.015,27.4138,0.0277,0.2902,0.9882,3
leaf spot1192_.jpg,74.8878,107.413,79.0758,64.9616,89.5959,107.5362,0.0,0.0,0.015,20.5512,0.0328,0.3642,0.9905,3
leaf spot1193_.jpg,100.3362,129.8812,86.4076,51.2265,90.8009,130.405,0.0,0.0,0.0256,21.5999,0.0418,0.3421,0.9902,3
leaf spot1194_.jpg,102.6432,131.0814,87.2485,50.1909,90.4463,131.7754,0.0,0.0,0.011,93.1442,0.0329,0.2275,0.9424,3
leaf spot1195_.jpg,110.1063,135.0835,107.2162,59.2531,63.5825,135.108,0.0,0.0,0.0,16.2225,0.0269,0.3233,0.9927,3
leaf spot1196_.jpg,86.6222,136.4165,92.4271,66.6765,108.6048,136.6429,0.0,0.0,0.0019,27.3948,0.0322,0.2701,0.9793,3
leaf spot1197_.jpg,83.8279,123.022,83.2763,63.2063,104.2689,123.1629,0.0,0.0,0.023,116.3553,0.0218,0.1781,0.9526,3
leaf spot1198_.jpg,82.3774,124.709,82.2358,61.8143,104.331,124.9575,0.0,0.0,0.0069,74.8203,0.0276,0.2381,0.9467,3
leaf spot1199_.jpg,106.938,138.8844,90.4717,53.9615,95.9946,139.1779,0.0001,0.0177,0.0337,62.2401,0.022,0.2968,0.9829,3
leaf spot119_.jpg,182.8139,193.8698,184.7942,83.4855,29.078,197.337,0.0,0.0,0.0,16.1067,0.1935,0.5646,0.9977,3
leaf spot11_.jpg,181.8693,185.3707,161.8872,81.439,56.013,190.4894,0.0185,0.0307,0.0,32.5052,0.0527,0.4167,0.9926,3
leaf spot1200_.jpg,112.6199,141.7415,115.0939,63.7404,71.6393,141.8292,0.0,0.0,0.0063,93.0595,0.0194,0.231,0.9776,3
leaf spot1201_.jpg,92.8901,124.6474,100.7723,67.1574,72.6758,124.7313,0.0004,0.0,0.0188,168.9731,0.0224,0.1739,0.8925,3
leaf spot1202_.jpg,99.3311,145.6393,71.5063,52.0923,130.7049,145.6428,0.0,0.0025,0.0107,84.2544,0.0232,0.1987,0.9521,3
leaf spot1203_.jpg,109.5519,127.5685,101.4792,62.8545,65.9219,127.9277,0.0,0.0197,0.0004,40.6922,0.0233,0.2726,0.9878,3
leaf spot1204_.jpg,104.7279,127.7577,110.5462,66.6166,68.43,128.2307,0.0,0.0,0.0217,23.0975,0.0289,0.3939,0.9955,3
leaf spot1205_.jpg,115.1758,134.3504,84.4328,44.4532,99.5598,134.6425,0.0,0.0001,0.0006,46.5005,0.0297,0.2798,0.9618,3
leaf spot1206_.jpg,129.4088,155.5529,67.0898,38.9878,155.8576,155.6628,0.0004,0.0385,0.0,48.8755,0.0429,0.3458,0.9841,3
leaf spot1207_.jpg,95.4456,121.1999,98.4497,58.3976,62.208,121.6909,0.0,0.0,0.1563,84.5013,0.0362,0.2878,0.9748,3
leaf spot1208_.jpg,99.99,126.5816,101.5903,56.4052,68.9826,128.0698,0.0009,0.0,0.062,72.4539,0.0352,0.2857,0.9758,3
leaf spot1209_.jpg,93.035,117.204,89.0349,55.843,66.976,117.6217,0.0,0.0,0.0857,10.7514,0.0447,0.408,0.995,3
leaf spot120_.jpg,176.9512,187.4899,168.8257,73.8167,49.8768,193.1562,0.0001,0.0,0.0,26.114,0.0873,0.482,0.9956,3
leaf spot1210_.jpg,97.8639,119.9333,94.5384,55.8447,61.7366,120.1494,0.0,0.0,0.1364,10.5663,0.0573,0.4289,0.9966,3
leaf spot1211_.jpg,76.2585,118.2908,80.14,65.0259,103.8395,118.4779,0.0,0.0,0.007,4.1115,0.06,0.5335,0.9956,3
leaf spot1212_.jpg,98.771,119.1935,87.3919,54.2191,77.7159,119.3428,0.0,0.0,0.0277,89.9854,0.0328,0.2556,0.9437,3
leaf spot1213_.jpg,104.1059,122.6207,90.5013,54.424,79.8737,122.7176,0.0,0.0001,0.0352,29.3323,0.0373,0.3905,0.987,3
leaf spot1214_.jpg,86.5813,113.335,53.0057,46.4412,138.0615,113.7589,0.0001,0.0524,0.0,73.3932,0.0386,0.3145,0.9668,3
leaf spot1215_.jpg,92.5825,140.908,84.4707,60.7539,115.7008,141.0046,0.0,0.0278,0.0,16.5367,0.0434,0.4361,0.9925,3
leaf spot1216_.jpg,93.3774,141.4095,92.0801,59.7481,103.2314,141.412,0.0,0.0,0.0,18.604,0.0404,0.3991,0.9941,3
leaf spot1217_.jpg,96.7452,150.543,84.8613,55.8095,118.4624,150.5672,0.0,0.0004,0.003,17.7763,0.0485,0.3986,0.9904,3
leaf spot1218_.jpg,109.0376,139.4482,74.7273,45.4315,120.9922,139.4592,0.0,0.0027,0.0011,136.8431,0.0173,0.1491,0.9507,3
leaf spot1219_.jpg,141.3624,166.8007,98.6122,40.2562,109.1937,168.0405,0.012,0.0009,0.0014,35.9256,0.0255,0.2844,0.9858,3
leaf spot121_.jpg,173.6653,184.6112,165.9891,74.1704,51.769,190.0111,0.0,0.0,0.0,22.5339,0.1245,0.5149,0.9967,3
leaf spot1220_.jpg,134.3043,158.5347,92.9885,39.7836,110.2537,159.9183,0.0138,0.0005,0.0011,38.746,0.0246,0.2663,0.9853,3
leaf spot1221_.jpg,134.5542,139.3899,81.6379,30.5865,112.1778,145.9948,0.017,0.0562,0.0004,26.5885,0.0237,0.2868,0.9918,3
leaf spot1222_.jpg,140.9297,145.3901,85.2202,30.3916,111.3904,152.1331,0.0168,0.0797,0.0,25.5847,0.0244,0.2997,0.9916,3
leaf spot1223_.jpg,130.3355,139.9174,84.6119,32.7609,109.3639,145.7277,0.0209,0.0246,0.0051,57.3967,0.0192,0.1908,0.9792,3
leaf spot1224_.jpg,124.412,123.9028,60.6755,29.5819,147.0679,132.4388,0.1111,0.0173,0.0,64.1541,0.0266,0.279,0.9796,3
leaf spot1225_.jpg,145.7243,132.9216,69.3316,26.1023,143.188,149.4346,0.1336,0.0494,0.0167,438.0355,0.0112,0.095,0.8841,3
leaf spot1226_.jpg,130.4675,143.6732,65.5554,35.0925,147.5746,144.6413,0.0286,0.0259,0.0002,24.8366,0.0306,0.3409,0.9901,3
leaf spot1227_.jpg,130.9332,131.7235,125.666,102.9995,52.9653,137.0112,0.0002,0.0,0.1126,72.2383,0.0313,0.3267,0.9894,3
leaf spot1228_.jpg,167.9539,175.13,108.6915,45.6476,114.2066,177.1814,0.0107,0.123,0.0001,93.2973,0.0714,0.3357,0.981,3
leaf spot1229_.jpg,131.7134,134.1278,99.0326,52.7434,92.8584,137.3721,0.0379,0.0011,0.0,64.2319,0.0318,0.329,0.9883,3
leaf spot122_.jpg,143.5713,158.2455,125.1808,55.4791,69.7761,160.8662,0.0001,0.0,0.0,26.9954,0.0536,0.3827,0.9938,3
leaf spot1230_.jpg,126.2246,132.467,101.3981,50.2508,80.3931,134.3289,0.0082,0.0,0.0,65.4905,0.0292,0.3634,0.984,3
leaf spot1231_.jpg,124.2538,130.3201,99.5638,50.064,81.5266,132.5488,0.0141,0.0,0.0,53.7825,0.0286,0.3698,0.9863,3
leaf spot1232_.jpg,135.9258,140.4741,114.5535,66.7155,81.3036,146.066,0.0065,0.0,0.0091,72.2159,0.0256,0.3397,0.9857,3
leaf spot1233_.jpg,119.8093,124.1304,101.9847,66.1786,79.908,128.8448,0.0053,0.0,0.0497,71.0058,0.0235,0.3249,0.9849,3
leaf spot1234_.jpg,116.6549,119.9734,98.395,54.5075,66.3605,122.4148,0.0046,0.0,0.0145,58.2444,0.024,0.301,0.9861,3
leaf spot1235_.jpg,113.5273,119.6225,94.3245,52.7099,78.009,122.2878,0.0056,0.0,0.0004,58.3143,0.0258,0.3001,0.9859,3
leaf spot1236_.jpg,136.4676,124.3505,62.3806,25.0269,148.2308,140.1681,0.1038,0.0932,0.0147,95.2903,0.0215,0.2321,0.9761,3
leaf spot1237_.jpg,153.3354,134.7594,61.5199,24.0942,158.9241,156.9024,0.2768,0.0951,0.0,35.0067,0.0264,0.3256,0.9876,3
leaf spot1238_.jpg,153.8562,141.1007,63.0191,25.9541,156.986,157.858,0.2334,0.0901,0.0,30.0162,0.0318,0.4107,0.9894,3
leaf spot1239_.jpg,149.6012,142.7412,61.6256,27.7408,157.7967,154.1815,0.1617,0.0919,0.0,24.282,0.0328,0.4401,0.9924,3
leaf spot123_.jpg,143.4503,160.1425,133.5843,65.3961,81.1885,168.2735,0.0017,0.0019,0.0,151.8851,0.036,0.2902,0.9779,3
leaf spot1240_.jpg,145.6141,129.9808,57.6731,24.9278,162.3693,149.8337,0.2253,0.1263,0.0,34.8516,0.0291,0.4092,0.9908,3
leaf spot1241_.jpg,155.2345,126.7393,61.5361,21.4166,159.0791,157.8305,0.3167,0.0878,0.0,25.1644,0.0342,0.4618,0.9911,3
leaf spot1242_.jpg,148.4931,127.213,56.6361,23.2129,164.0811,151.8889,0.2603,0.1396,0.0,27.7723,0.0301,0.4202,0.9916,3
leaf spot1243_.jpg,162.3707,159.6898,54.7382,28.7991,175.9186,170.7347,0.1195,0.5039,0.0,24.0974,0.0411,0.4207,0.9923,3
leaf spot1244_.jpg,160.2589,160.8876,52.4006,29.5452,177.8125,169.213,0.1008,0.6105,0.0002,38.0621,0.0456,0.41,0.9868,3
leaf spot1245_.jpg,141.5226,128.632,59.5764,25.9617,152.0648,144.063,0.2377,0.1384,0.0012,34.7877,0.0259,0.2636,0.9847,3
leaf spot1246_.jpg,144.8447,130.8927,63.6366,25.6976,146.0669,147.8221,0.2757,0.1039,0.0,28.2428,0.0369,0.3745,0.9781,3
leaf spot1247_.jpg,130.795,121.9582,57.8833,27.2215,148.1221,134.9635,0.1956,0.0722,0.0059,29.2433,0.025,0.2657,0.9861,3
leaf spot1248_.jpg,141.2058,136.3939,65.3049,28.6224,143.63,145.7957,0.129,0.1206,0.0008,31.541,0.0261,0.2694,0.986,3
leaf spot1249_.jpg,139.8938,128.1578,61.1952,26.2258,150.3003,143.5476,0.2288,0.1014,0.0095,56.678,0.0212,0.2413,0.9812,3
leaf spot124_.jpg,109.3539,126.2327,86.0135,49.6715,106.3578,131.1631,0.0344,0.0016,0.0271,147.7564,0.0208,0.2176,0.9678,3
leaf spot1250_.jpg,151.5986,139.5143,64.3889,27.0381,154.3384,156.1209,0.093,0.0867,0.0,65.0369,0.0237,0.2784,0.9747,3
leaf spot1251_.jpg,141.0745,127.0696,62.5256,25.3643,146.597,143.8042,0.229,0.0807,0.0073,33.0137,0.0246,0.315,0.9876,3
leaf spot1252_.jpg,119.252,118.1501,61.1891,29.9857,137.5284,126.0097,0.0896,0.0022,0.0039,32.4276,0.0275,0.3256,0.9893,3
leaf spot1253_.jpg,124.4243,120.4934,64.1733,28.9589,136.4873,130.8784,0.1271,0.0021,0.0051,75.8228,0.0266,0.3055,0.9761,3
leaf spot1254_.jpg,122.0747,117.7201,62.68,28.868,137.6894,128.4833,0.15,0.0029,0.0158,61.2245,0.0285,0.3454,0.9823,3
leaf spot1255_.jpg,139.2947,141.259,64.2314,30.8603,150.2477,149.9265,0.1006,0.0441,0.0,38.2933,0.0269,0.2864,0.9787,3
leaf spot1256_.jpg,137.9925,139.7856,64.1594,30.8718,149.0981,148.2975,0.1091,0.0371,0.0,30.963,0.0284,0.3105,0.9827,3
leaf spot1257_.jpg,138.1548,138.6376,84.3102,31.7923,112.8143,149.3211,0.184,0.0044,0.0,37.2885,0.0382,0.2812,0.9645,3
leaf spot1258_.jpg,139.8097,135.582,79.1437,29.3448,122.6884,149.1547,0.2319,0.004,0.0,45.7907,0.0311,0.2686,0.9671,3
leaf spot1259_.jpg,126.0442,130.2786,66.5132,32.458,133.157,137.6127,0.1252,0.008,0.0,25.9153,0.0433,0.3345,0.9689,3
leaf spot125_.jpg,125.6518,142.6893,139.5392,78.8515,75.7149,158.3473,0.0026,0.0,0.0,102.1173,0.0454,0.398,0.9805,3
leaf spot1260_.jpg,131.357,136.4603,74.5504,33.2645,122.764,143.32,0.097,0.0136,0.0,48.0936,0.0486,0.3624,0.9288,3
leaf spot1261_.jpg,142.2442,130.3675,71.9833,26.5927,136.8418,151.0511,0.2633,0.0077,0.0002,74.1813,0.0239,0.2402,0.9569,3
leaf spot1262_.jpg,131.6236,132.7171,75.3865,31.7257,125.7031,143.8418,0.1789,0.0031,0.0,51.511,0.0243,0.2463,0.9705,3
leaf spot1263_.jpg,131.8352,133.5303,76.3505,31.6856,123.7454,142.0112,0.1201,0.006,0.0,85.678,0.0268,0.3092,0.9617,3
leaf spot1264_.jpg,123.1278,119.3156,64.0425,29.0495,135.8165,129.6945,0.1431,0.0028,0.0211,44.4355,0.0297,0.3594,0.9872,3
leaf spot126_.jpg,119.7695,136.9589,134.8593,79.5947,75.5842,152.4602,0.0035,0.0,0.0,95.0995,0.0442,0.3972,0.9813,3
leaf spot127_.jpg,159.8032,169.4018,172.0869,88.0399,66.5015,187.0043,0.0154,0.0004,0.0093,164.6317,0.0818,0.4413,0.9805,3
leaf spot128_.jpg,134.8818,142.5543,110.3142,58.8398,97.7707,150.4948,0.0505,0.0119,0.0,193.2631,0.0257,0.3111,0.9749,3
leaf spot129_.jpg,106.0589,115.6001,98.477,65.6062,94.9212,124.8672,0.0319,0.0005,0.0924,84.4833,0.0318,0.3364,0.9886,3
leaf spot12_.jpg,161.131,165.2227,126.1264,63.6369,89.0698,172.1949,0.0519,0.0432,0.0054,78.9086,0.0423,0.3919,0.9878,3
leaf spot130_.jpg,123.0786,133.3056,123.9431,74.0978,83.2209,145.7593,0.0235,0.0005,0.0463,90.4511,0.0444,0.3775,0.9894,3
leaf spot131_.jpg,146.3056,167.1279,95.3312,51.1293,129.4126,170.4925,0.0001,0.1539,0.0,98.5594,0.0407,0.2778,0.9782,3
leaf spot132_.jpg,145.914,156.38,101.1069,44.3637,98.0286,158.7352,0.0026,0.0881,0.0,90.9436,0.0246,0.2161,0.9775,3
leaf spot133_.jpg,161.6188,178.6111,71.5985,42.9261,164.6044,185.1527,0.0161,0.3305,0.0,113.6619,0.022,0.2216,0.9665,3
leaf spot134_.jpg,141.1924,158.0378,95.7151,51.7381,130.6388,168.2094,0.0225,0.1141,0.0395,88.3086,0.0301,0.2914,0.9847,3
leaf spot135_.jpg,173.6006,182.6128,163.5482,54.8069,39.7333,184.5337,0.0001,0.0001,0.0,93.7856,0.1255,0.3952,0.9862,3
leaf spot136_.jpg,177.5798,186.2194,167.1928,53.7412,38.946,188.0515,0.0008,0.0001,0.0,68.4319,0.1497,0.4307,0.9898,3
leaf spot137_.jpg,132.4757,148.3449,127.0227,68.1619,70.2477,153.3714,0.0029,0.0001,0.0,86.0536,0.0595,0.3367,0.9902,3
leaf spot138_.jpg,152.909,166.6283,140.5461,71.8612,67.9767,171.2149,0.0004,0.0015,0.0,92.2151,0.0771,0.4032,0.9878,3
leaf spot139_.jpg,147.4392,161.9618,138.531,71.9383,69.5255,167.444,0.0007,0.001,0.0,104.5992,0.0664,0.3827,0.987,3
leaf spot13_.jpg,171.4765,175.7916,134.8667,63.9731,85.5713,182.1537,0.0379,0.0643,0.0042,66.6588,0.0467,0.4143,0.9895,3
leaf spot140_.jpg,127.1951,124.3472,93.4861,33.1262,88.0769,138.1456,0.0481,0.0,0.0,30.4018,0.0296,0.322,0.9841,3
leaf spot141_.jpg,120.2621,137.7501,84.6587,39.3512,112.7485,143.7018,0.0247,0.0015,0.0003,92.4686,0.0236,0.254,0.9658,3
leaf spot142_.jpg,112.2975,121.8943,76.9062,35.6287,110.057,131.14,0.0519,0.0003,0.0002,77.1668,0.0256,0.2444,0.9492,3
leaf spot143_.jpg,117.9331,125.916,90.5597,37.364,90.3025,136.7482,0.0428,0.0,0.0011,94.004,0.0274,0.2293,0.9292,3
leaf spot144_.jpg,117.5324,135.1154,96.666,44.6681,83.2361,140.1232,0.0361,0.0001,0.0,77.339,0.0277,0.2491,0.9439,3
leaf spot145_.jpg,108.1618,119.3989,83.8133,38.839,94.9145,130.023,0.0316,0.0,0.0023,27.3829,0.0422,0.3934,0.9758,3
leaf spot146_.jpg,148.9269,167.082,134.7408,50.3541,70.9856,172.2247,0.0256,0.0,0.0003,71.1863,0.0957,0.3351,0.9893,3
leaf spot147_.jpg,152.2837,158.9524,125.6461,57.6321,88.5257,167.0327,0.0301,0.0011,0.0023,69.3621,0.0665,0.365,0.992,3
leaf spot148_.jpg,138.3517,150.4499,130.631,69.6228,89.6944,161.9356,0.0181,0.0003,0.0047,95.6866,0.036,0.3699,0.9875,3
leaf spot149_.jpg,129.1427,140.109,121.5521,69.1242,95.4751,151.7049,0.0181,0.0002,0.0207,94.7135,0.0332,0.3697,0.9885,3
leaf spot14_.jpg,198.4511,205.9148,178.4355,79.7442,54.9687,210.4218,0.0001,0.0097,0.0026,101.5585,0.1057,0.4362,0.9806,3
leaf spot150_.jpg,159.3478,175.6886,137.8864,44.621,75.6809,179.7268,0.0017,0.0008,0.0,126.634,0.1421,0.3319,0.9803,3
leaf spot151_.jpg,131.5796,151.4921,98.1184,54.8113,118.6059,156.0529,0.0208,0.0035,0.0005,112.4036,0.0277,0.2806,0.9789,3
leaf spot152_.jpg,146.456,160.3712,161.4176,86.7714,67.2728,177.3417,0.0027,0.0,0.0023,49.6809,0.035,0.4431,0.9917,3
leaf spot153_.jpg,176.2499,189.4429,174.5834,79.4117,52.466,196.8606,0.0,0.0001,0.0,74.2094,0.0598,0.435,0.9888,3
leaf spot154_.jpg,146.3982,161.9605,157.418,81.7833,64.7762,175.5788,0.0014,0.0,0.0,53.1098,0.0384,0.399,0.993,3
leaf spot155_.jpg,147.2189,158.0095,138.7735,72.6322,85.5933,170.3504,0.0357,0.0017,0.0001,55.8205,0.0399,0.395,0.9907,3
leaf spot156_.jpg,124.196,143.1299,108.956,62.9571,95.5783,148.5209,0.0055,0.0017,0.0,60.3719,0.0265,0.3165,0.9875,3
leaf spot157_.jpg,138.2123,138.0216,127.7068,64.4639,94.2728,157.0059,0.0594,0.0,0.0207,87.5056,0.0296,0.3777,0.9858,3
leaf spot158_.jpg,134.3831,144.9982,124.8942,69.1444,91.7348,156.5651,0.0341,0.0003,0.0033,37.106,0.0332,0.3855,0.9923,3
leaf spot159_.jpg,143.4823,150.2032,133.1001,68.2475,88.1154,164.6769,0.0367,0.0006,0.0094,81.5711,0.0287,0.3407,0.9859,3
leaf spot15_.jpg,198.4511,205.9148,178.4355,79.7442,54.9687,210.4218,0.0001,0.0097,0.0026,101.5585,0.1057,0.4362,0.9806,3
leaf spot160_.jpg,127.4153,134.6163,107.3063,48.6356,81.3781,142.7983,0.0475,0.0002,0.0006,55.9696,0.0232,0.2899,0.9861,3
leaf spot161_.jpg,139.6036,150.9972,127.6314,65.8854,67.2878,155.9155,0.0038,0.0,0.0003,41.9733,0.0663,0.4066,0.9937,3
leaf spot162_.jpg,127.4382,148.9102,99.4686,56.4958,115.7238,153.2642,0.0203,0.0047,0.0,93.9599,0.0364,0.2697,0.9847,3
leaf spot163_.jpg,125.8378,146.4148,95.5711,54.4499,116.9849,150.5042,0.0189,0.0056,0.0,86.8095,0.0297,0.2807,0.9854,3
leaf spot164_.jpg,131.4926,149.2342,117.9281,64.8342,95.1216,155.966,0.0039,0.0006,0.0012,43.0187,0.0276,0.3647,0.9926,3
leaf spot165_.jpg,117.6893,140.1136,97.0605,58.6673,116.6671,145.1107,0.0164,0.0017,0.0001,64.7167,0.0308,0.3132,0.9898,3
leaf spot166_.jpg,117.6893,140.1136,97.0605,58.6673,116.6671,145.1107,0.0164,0.0017,0.0001,64.7167,0.0308,0.3132,0.9898,3
leaf spot167_.jpg,124.9676,144.3727,91.5933,52.1089,123.1108,149.1364,0.0263,0.0053,0.0,61.7854,0.037,0.3222,0.9899,3
leaf spot168_.jpg,131.5283,148.2356,124.8242,67.5682,95.952,158.3033,0.0225,0.0001,0.0,70.0749,0.0446,0.3793,0.9907,3
leaf spot169_.jpg,101.1467,114.3495,102.2553,66.3306,95.8719,124.9731,0.0065,0.0,0.0299,76.3764,0.0415,0.3271,0.9901,3
leaf spot16_.jpg,180.1576,189.339,161.4404,80.0195,67.701,195.5726,0.0037,0.0209,0.0031,124.9317,0.0694,0.4015,0.9779,3
leaf spot170_.jpg,105.5753,118.6889,107.3401,67.6835,96.7641,130.359,0.0073,0.0,0.0246,64.1116,0.0488,0.3632,0.9919,3
leaf spot171_.jpg,143.3172,158.9288,102.5789,47.5792,102.2648,160.7364,0.0003,0.0058,0.0,134.1308,0.0318,0.2078,0.9584,3
leaf spot172_.jpg,136.491,151.1761,96.7527,46.1445,104.9498,153.8059,0.0013,0.0039,0.0,142.5449,0.0253,0.207,0.9543,3
leaf spot173_.jpg,137.5881,161.853,114.7173,59.7481,100.6112,165.6478,0.0008,0.005,0.0,68.5662,0.0504,0.3336,0.9859,3
leaf spot174_.jpg,107.0378,126.7596,83.772,44.5758,103.4413,132.0088,0.0022,0.0,0.0,147.1712,0.0261,0.2494,0.9605,3
leaf spot175_.jpg,142.065,152.1895,117.8465,59.4761,89.954,157.866,0.0116,0.0029,0.0004,279.3594,0.0281,0.2502,0.9523,3
leaf spot176_.jpg,160.2161,168.0778,135.592,64.8359,78.9588,173.4106,0.017,0.0033,0.0001,163.0838,0.0564,0.3373,0.9728,3
leaf spot177_.jpg,152.1742,172.1864,148.0276,55.2994,44.0079,173.2224,0.0,0.0,0.0016,112.3703,0.0786,0.2358,0.967,3
leaf spot178_.jpg,145.496,162.3631,150.7264,77.0677,69.1138,174.2539,0.005,0.0005,0.0,113.2224,0.0529,0.3685,0.9861,3
leaf spot179_.jpg,160.6981,177.6715,160.275,77.0348,62.604,186.1663,0.0035,0.0006,0.0,113.7233,0.0637,0.3944,0.986,3
leaf spot17_.jpg,180.1576,189.339,161.4404,80.0195,67.701,195.5726,0.0037,0.0209,0.0031,124.9317,0.0694,0.4015,0.9779,3
leaf spot180_.jpg,154.1368,166.5492,142.7825,71.214,63.3404,171.972,0.016,0.0006,0.0001,143.5016,0.0788,0.354,0.9818,3
leaf spot181_.jpg,150.3077,163.5041,140.512,71.4021,63.5707,168.1672,0.0069,0.0002,0.0002,163.2707,0.0693,0.3595,0.982,3
leaf spot182_.jpg,131.0951,138.2498,102.0377,50.0234,98.0528,144.7433,0.028,0.0022,0.0031,106.3102,0.021,0.2658,0.9829,3
leaf spot183_.jpg,143.7774,151.982,121.7063,60.335,79.0277,156.6639,0.0061,0.0013,0.0176,110.7099,0.0291,0.2963,0.9832,3
leaf spot184_.jpg,161.1933,169.4852,141.6756,62.1656,66.6683,174.6689,0.0026,0.0017,0.0015,106.8665,0.0346,0.3119,0.9811,3
leaf spot185_.jpg,110.8127,119.1992,81.9532,38.8078,95.3952,124.4104,0.0139,0.0002,0.0242,140.4771,0.0167,0.1899,0.9673,3
leaf spot188_.jpg,190.3137,196.9078,183.6198,82.8027,52.0185,206.4895,0.0053,0.001,0.0,117.1338,0.0522,0.4133,0.9784,3
leaf spot189_.jpg,194.1303,200.1269,186.2691,82.9423,49.4173,208.9381,0.0032,0.0017,0.0015,120.318,0.0556,0.4216,0.9772,3
leaf spot18_.jpg,197.9784,202.0922,174.6174,75.3771,51.8586,206.2269,0.0026,0.006,0.0,87.3737,0.0845,0.3917,0.9834,3
leaf spot190_.jpg,141.5094,142.3997,114.2528,60.1835,102.8068,155.2079,0.0742,0.0041,0.0,63.8086,0.0352,0.3843,0.9909,3
leaf spot191_.jpg,140.0927,138.8332,109.6007,57.7135,105.4902,152.2027,0.0817,0.0053,0.0,59.7922,0.0335,0.3916,0.9914,3
leaf spot192_.jpg,136.376,146.4819,129.9304,76.4551,82.6224,155.9123,0.0292,0.0006,0.0001,30.9796,0.035,0.4276,0.9941,3
leaf spot193_.jpg,132.0326,140.7735,128.8568,79.5252,73.8326,150.379,0.0227,0.0015,0.0017,19.4235,0.0398,0.482,0.9955,3
leaf spot194_.jpg,138.4225,138.8822,108.007,57.554,106.5163,151.1987,0.0569,0.004,0.0007,68.6458,0.0286,0.3953,0.9893,3
leaf spot195_.jpg,141.13,147.3768,115.7647,52.981,98.1716,157.6268,0.0585,0.0008,0.0032,156.1509,0.0347,0.2872,0.9795,3
leaf spot196_.jpg,136.4411,141.6072,111.3953,52.575,100.0805,152.3012,0.0599,0.0006,0.0068,162.0966,0.0309,0.2806,0.9792,3
leaf spot197_.jpg,149.3584,157.8241,136.6943,66.8634,80.4511,168.423,0.0188,0.0003,0.0003,187.334,0.0293,0.3111,0.9739,3
leaf spot198_.jpg,154.6192,164.1407,143.6226,69.7958,76.8178,174.4605,0.0123,0.0004,0.0,187.6663,0.0304,0.31,0.9726,3
leaf spot199_.jpg,126.8623,128.2127,98.8072,48.4741,107.0585,140.8534,0.0879,0.0003,0.008,150.0686,0.0258,0.2772,0.9792,3
leaf spot19_.jpg,197.9784,202.0922,174.6174,75.3771,51.8586,206.2269,0.0026,0.006,0.0,87.3737,0.0845,0.3917,0.9834,3
leaf spot200_.jpg,143.0505,150.478,134.6468,68.9511,78.446,162.4223,0.0072,0.0002,0.0046,181.6325,0.0275,0.314,0.9717,3
leaf spot201_.jpg,166.6055,170.6872,132.7646,58.2523,90.3021,179.8555,0.0956,0.0442,0.0029,59.5923,0.0464,0.3616,0.9916,3
leaf spot202_.jpg,170.3968,179.6563,150.6308,68.7164,76.9529,187.1409,0.0207,0.0215,0.0042,46.51,0.0518,0.4039,0.9936,3
leaf spot203_.jpg,130.6035,143.3961,132.6628,76.1163,81.5062,154.6459,0.0168,0.0,0.0,20.8028,0.039,0.4552,0.9969,3
leaf spot204_.jpg,139.5891,153.3787,137.1022,71.3327,82.2024,164.5048,0.0255,0.0002,0.0,28.7488,0.0389,0.4204,0.9957,3
leaf spot205_.jpg,132.9694,147.4829,123.4032,65.9265,92.0256,156.7827,0.0262,0.0008,0.0,34.5243,0.0325,0.3592,0.9949,3
leaf spot206_.jpg,136.4059,146.3306,99.6479,37.8483,94.9004,151.7446,0.0168,0.0,0.0,89.781,0.0178,0.1941,0.9771,3
leaf spot207_.jpg,136.2764,143.9049,104.0608,51.1529,102.2141,150.2921,0.0602,0.0015,0.0001,98.4464,0.0393,0.2986,0.9828,3
leaf spot208_.jpg,146.8359,158.7171,107.76,64.057,107.1439,163.4869,0.0031,0.0945,0.0,23.962,0.0355,0.4194,0.9894,3
leaf spot209_.jpg,164.8067,178.9673,94.2512,51.0788,135.2487,181.2154,0.0013,0.2911,0.0,19.601,0.0375,0.4396,0.9927,3
leaf spot20_.jpg,190.0716,194.0002,164.4466,72.8029,59.4365,198.5209,0.01,0.0155,0.0016,105.2545,0.0628,0.3521,0.9837,3
leaf spot210_.jpg,196.9648,205.297,170.4412,37.9526,55.4865,207.8021,0.0,0.0006,0.0,42.1316,0.2379,0.4538,0.9886,3
leaf spot211_.jpg,181.2162,184.757,147.5939,63.9566,74.8473,190.9245,0.0141,0.0194,0.0,60.8295,0.0709,0.3665,0.9888,3
leaf spot212_.jpg,192.4471,197.5107,158.6696,68.0632,70.3321,202.2208,0.001,0.0212,0.0,45.5755,0.0856,0.406,0.9902,3
leaf spot213_.jpg,132.4572,156.9379,107.7713,47.8275,92.5889,160.8486,0.0077,0.0056,0.0,233.8004,0.0152,0.1342,0.9166,3
leaf spot214_.jpg,126.052,155.4539,97.4319,45.0034,103.0101,157.6838,0.0,0.0057,0.0,153.4931,0.0172,0.1493,0.9179,3
leaf spot215_.jpg,129.3153,146.8149,106.331,45.225,83.9718,150.3429,0.0027,0.0033,0.0,238.1821,0.0156,0.1503,0.897,3
leaf spot216_.jpg,120.9184,139.4467,98.2068,46.008,89.0455,142.3079,0.0049,0.0021,0.0,253.2392,0.0152,0.1404,0.8877,3
leaf spot217_.jpg,131.9132,137.7612,102.8176,38.0963,81.5472,146.1844,0.0294,0.0002,0.0035,99.537,0.0267,0.2567,0.9509,3
leaf spot218_.jpg,125.751,133.726,98.3931,39.4799,82.9716,140.5413,0.0313,0.0001,0.0111,127.9369,0.0221,0.2071,0.9461,3
leaf spot219_.jpg,143.5314,145.9331,98.0601,30.7373,101.992,156.312,0.0135,0.0013,0.0,167.8553,0.0195,0.1934,0.9316,3
leaf spot21_.jpg,185.1863,189.3665,169.3495,80.7509,50.6501,194.517,0.0012,0.0093,0.0093,164.4323,0.0468,0.328,0.9693,3
leaf spot220_.jpg,142.4403,146.3555,96.7704,31.6342,105.4171,156.903,0.0121,0.0017,0.0,124.1969,0.019,0.211,0.9556,3
leaf spot221_.jpg,142.6341,147.0771,96.1234,31.6757,107.041,157.6398,0.0106,0.0049,0.0,112.4882,0.0192,0.2136,0.959,3
leaf spot222_.jpg,131.2783,151.6216,43.9481,35.312,183.228,153.2474,0.0097,0.0869,0.0,28.3347,0.0356,0.3379,0.9707,3
leaf spot223_.jpg,139.474,162.1113,42.7123,35.356,189.0738,163.1529,0.0085,0.1738,0.0,28.9079,0.0398,0.3332,0.9582,3
leaf spot224_.jpg,142.0307,160.7739,47.7162,34.4674,182.0498,163.7273,0.0074,0.1578,0.0,23.1833,0.0379,0.3484,0.9707,3
leaf spot225_.jpg,149.6319,150.1036,80.0421,30.9028,129.6635,160.0624,0.1446,0.0499,0.0,44.7655,0.0259,0.2586,0.9709,3
leaf spot226_.jpg,135.8294,139.0087,70.1091,31.8117,137.1114,147.4104,0.1168,0.0356,0.0,38.741,0.0262,0.2833,0.9805,3
leaf spot227_.jpg,132.4609,141.1952,68.997,33.9604,141.0657,146.3301,0.0637,0.0362,0.0,50.1205,0.0224,0.2526,0.9805,3
leaf spot228_.jpg,126.9535,133.0249,129.3156,77.9742,65.3497,145.0996,0.0001,0.0,0.0,28.6532,0.051,0.4192,0.9964,3
leaf spot229_.jpg,125.8811,133.1306,124.8089,74.1834,68.0729,143.3015,0.0001,0.0,0.0,28.9435,0.0528,0.438,0.9963,3
leaf spot22_.jpg,183.5029,191.9035,188.569,94.0014,44.5084,202.4811,0.0028,0.0008,0.0,71.6156,0.0516,0.4406,0.985,3
leaf spot230_.jpg,143.6653,145.4287,131.5086,96.3236,70.5397,151.3705,0.0007,0.0,0.0009,49.3902,0.0708,0.4153,0.9935,3
leaf spot231_.jpg,162.5508,162.2069,152.2755,106.7399,59.549,169.7321,0.0006,0.0,0.0,45.0389,0.1072,0.56,0.9937,3
leaf spot232_.jpg,155.1217,156.9919,141.583,97.5591,66.7823,162.4107,0.0004,0.0,0.0,69.9821,0.0815,0.4956,0.9919,3
leaf spot233_.jpg,143.6607,147.4226,128.8268,89.1763,76.9005,152.7172,0.0003,0.0,0.0,63.6859,0.0663,0.4796,0.9928,3
leaf spot234_.jpg,113.2293,117.4086,95.8493,74.9695,93.9897,121.4326,0.0004,0.0,0.0002,26.6428,0.0458,0.4268,0.9964,3
leaf spot235_.jpg,152.3598,152.1865,144.0035,103.0249,58.7907,158.8011,0.0002,0.0,0.0028,49.8107,0.0698,0.4827,0.9936,3
leaf spot236_.jpg,144.6269,150.027,125.1772,91.4858,85.4297,155.6344,0.0012,0.0002,0.0,77.0877,0.0591,0.4237,0.989,3
leaf spot237_.jpg,145.7022,153.6258,123.8351,84.2713,79.4039,158.1089,0.0012,0.0008,0.0,27.1512,0.0543,0.4949,0.9937,3
leaf spot238_.jpg,107.535,124.6023,60.8011,45.2578,148.3088,125.3861,0.0023,0.0013,0.0013,29.9973,0.0311,0.3497,0.9929,3
leaf spot239_.jpg,120.4485,135.9471,80.2443,54.9569,130.4606,138.0329,0.0001,0.0006,0.0,30.6175,0.0352,0.3355,0.9935,3
leaf spot23_.jpg,183.5029,191.9035,188.569,94.0014,44.5084,202.4811,0.0028,0.0008,0.0,71.6156,0.0516,0.4406,0.985,3
leaf spot240_.jpg,116.916,120.3485,105.9788,71.0625,75.0282,127.0999,0.001,0.0,0.0341,49.0831,0.0305,0.3615,0.9922,3
leaf spot241_.jpg,110.8798,113.8249,100.3277,71.1628,75.2002,120.373,0.0009,0.0,0.065,43.9203,0.0282,0.3539,0.9922,3
leaf spot242_.jpg,101.8019,104.2644,90.5968,70.0789,81.0944,110.2613,0.0007,0.0,0.1248,50.8769,0.0265,0.359,0.991,3
leaf spot243_.jpg,125.8331,132.0672,110.0337,80.4022,92.0268,136.738,0.0001,0.0,0.0024,33.8377,0.0363,0.332,0.9952,3
leaf spot244_.jpg,123.0387,126.8869,112.2871,89.2015,79.178,131.637,0.0,0.0,0.0355,38.8834,0.0347,0.3124,0.994,3
leaf spot245_.jpg,114.9144,119.2168,102.5053,84.7106,91.4357,123.8842,0.0,0.0,0.0696,42.1555,0.042,0.3956,0.9938,3
leaf spot246_.jpg,146.0933,152.831,128.6339,91.703,80.1057,159.0243,0.0002,0.0,0.0,28.458,0.071,0.4706,0.9938,3
leaf spot247_.jpg,98.8188,105.2315,78.4842,62.6598,97.4979,107.7914,0.0009,0.0,0.0123,56.9141,0.0321,0.3254,0.9898,3
leaf spot248_.jpg,137.7253,142.5652,121.465,79.6416,74.4137,148.1282,0.0013,0.0,0.0,48.4301,0.0373,0.4063,0.9924,3
leaf spot249_.jpg,110.6066,116.5523,93.2955,71.331,85.2393,119.7712,0.0015,0.0,0.0005,49.9088,0.0325,0.3651,0.9915,3
leaf spot24_.jpg,182.4238,189.0915,182.4679,92.6979,41.0141,196.4558,0.0012,0.001,0.0018,96.9598,0.0598,0.4217,0.9826,3
leaf spot250_.jpg,116.8034,122.759,99.1164,71.492,81.9678,126.26,0.0017,0.0,0.0,53.0666,0.0326,0.3679,0.9906,3
leaf spot251_.jpg,131.7012,135.2211,105.9508,68.762,77.2898,137.9227,0.0095,0.0001,0.0,64.4626,0.0296,0.2601,0.9865,3
leaf spot252_.jpg,124.687,125.8042,106.6042,77.5338,67.8778,129.2254,0.0012,0.0,0.0067,50.3262,0.0364,0.3195,0.9923,3
leaf spot253_.jpg,150.1027,149.1513,132.3354,87.567,52.6032,153.604,0.0017,0.0,0.0,17.741,0.0742,0.4982,0.9969,3
leaf spot254_.jpg,131.8191,135.45,96.3768,58.9586,90.8483,137.9586,0.0245,0.0028,0.0,29.0736,0.0504,0.4557,0.9919,3
leaf spot255_.jpg,139.8563,143.7948,99.618,54.7767,93.215,146.1047,0.015,0.0056,0.0,71.3912,0.0451,0.3504,0.9772,3
leaf spot256_.jpg,129.3029,133.5256,90.8603,54.6015,97.178,135.6964,0.0196,0.0035,0.0,70.2699,0.0436,0.3542,0.9783,3
leaf spot257_.jpg,139.2984,143.0834,99.8276,56.7799,94.9858,145.7193,0.0184,0.0025,0.0,84.3333,0.0351,0.3411,0.9752,3
leaf spot258_.jpg,125.5342,131.5409,83.2231,40.0544,107.3151,133.0714,0.02,0.0021,0.0,63.4026,0.041,0.3605,0.9749,3
leaf spot259_.jpg,150.3215,142.8196,68.422,27.3227,145.5512,152.97,0.1046,0.1796,0.0006,134.3952,0.0196,0.1887,0.9521,3
leaf spot25_.jpg,182.4238,189.0915,182.4679,92.6979,41.0141,196.4558,0.0012,0.001,0.0018,96.9598,0.0598,0.4217,0.9826,3
leaf spot260_.jpg,151.7305,143.3303,68.8146,27.1343,145.5567,153.972,0.1023,0.1915,0.0013,123.3891,0.0194,0.1871,0.9567,3
leaf spot261_.jpg,171.2008,172.4331,91.3663,38.5464,128.9123,175.4274,0.0114,0.3156,0.0008,63.6708,0.0298,0.2943,0.9769,3
leaf spot262_.jpg,141.3964,146.4801,87.5914,39.06,117.6021,148.6117,0.0221,0.0082,0.0,89.7162,0.0347,0.3317,0.9717,3
leaf spot263_.jpg,148.8162,153.9864,89.0562,41.7695,120.5855,155.9602,0.013,0.0328,0.0,91.8127,0.0332,0.318,0.9664,3
leaf spot264_.jpg,161.874,154.5529,78.4958,27.4865,138.1424,164.7138,0.1135,0.0982,0.0025,139.416,0.0233,0.2108,0.9579,3
leaf spot265_.jpg,161.3836,157.3776,80.699,28.5058,135.3114,164.3312,0.0791,0.085,0.0046,121.3308,0.0248,0.2186,0.9673,3
leaf spot266_.jpg,149.6595,152.0559,68.6747,30.672,148.047,158.408,0.0593,0.1795,0.004,195.3691,0.0162,0.15,0.9295,3
leaf spot267_.jpg,154.9576,154.3832,72.9584,29.6108,143.4465,162.4872,0.0818,0.1821,0.0005,181.8951,0.0172,0.1622,0.9314,3
leaf spot268_.jpg,138.8924,139.3972,61.235,29.9603,152.6705,146.418,0.0723,0.1683,0.0089,196.5415,0.0151,0.1532,0.9446,3
leaf spot269_.jpg,129.9157,139.6563,50.1062,33.0819,167.8604,141.827,0.0215,0.231,0.0019,258.8419,0.0174,0.1728,0.9125,3
leaf spot26_.jpg,164.0895,168.3114,158.8016,82.8196,53.8893,175.8999,0.0059,0.0007,0.0382,111.3191,0.0498,0.3815,0.9873,3
leaf spot270_.jpg,142.5776,137.4656,76.6445,28.5909,125.6736,146.4915,0.0674,0.0209,0.0,99.05,0.0213,0.1983,0.9593,3
leaf spot273_.jpg,135.0671,141.0073,87.8206,43.5357,109.6146,144.0577,0.0339,0.013,0.0,50.1129,0.0295,0.2984,0.9751,3
leaf spot274_.jpg,155.7517,157.4186,118.7953,54.9528,83.351,161.3505,0.0133,0.0009,0.0,29.428,0.0337,0.3496,0.9909,3
leaf spot275_.jpg,122.6663,126.9279,81.7974,40.7695,103.9898,128.6233,0.058,0.0,0.0231,39.1315,0.0382,0.3766,0.9856,3
leaf spot276_.jpg,142.174,147.7687,94.0168,45.1474,106.0949,149.8854,0.0117,0.0043,0.0,52.143,0.0268,0.2724,0.9748,3
leaf spot277_.jpg,164.1576,169.5854,113.3272,49.687,97.2939,171.7049,0.0005,0.0172,0.0,24.1719,0.0388,0.3725,0.9902,3
leaf spot278_.jpg,117.7385,126.7088,81.3199,52.0754,110.1418,128.9395,0.0124,0.0,0.0,6.4115,0.0586,0.5345,0.9977,3
leaf spot279_.jpg,133.4255,137.0314,111.2543,72.5269,85.8376,143.2762,0.0174,0.0,0.0062,70.4435,0.0588,0.446,0.9841,3
leaf spot27_.jpg,164.0895,168.3114,158.8016,82.8196,53.8893,175.8999,0.0059,0.0007,0.0382,111.3191,0.0498,0.3815,0.9873,3
leaf spot280_.jpg,128.7094,134.0348,103.1555,65.5345,95.796,138.7087,0.0113,0.0001,0.0169,68.3214,0.0447,0.4288,0.9891,3
leaf spot281_.jpg,122.8996,129.1199,92.689,59.126,104.7543,133.1196,0.011,0.0003,0.0178,61.5429,0.0438,0.4244,0.989,3
leaf spot282_.jpg,132.7295,138.8072,102.2083,62.2924,99.337,142.9351,0.0114,0.0011,0.0001,40.75,0.0506,0.4305,0.9926,3
leaf spot283_.jpg,139.5059,147.9673,66.5444,32.2903,149.9119,154.455,0.0764,0.0823,0.0007,79.0865,0.0204,0.2143,0.9688,3
leaf spot284_.jpg,139.9761,154.2714,64.6863,34.5377,155.5198,157.2996,0.0249,0.1108,0.0004,64.1245,0.0215,0.2327,0.9756,3
leaf spot285_.jpg,137.7712,139.2019,63.7008,30.6555,145.7117,145.3131,0.0746,0.0925,0.0,141.6578,0.017,0.1329,0.9215,3
leaf spot286_.jpg,135.7458,138.4003,62.1019,31.2283,146.9808,143.3175,0.0538,0.096,0.0,144.4188,0.0169,0.129,0.9202,3
leaf spot287_.jpg,137.714,138.5041,63.4736,30.3353,145.6596,144.7299,0.073,0.0903,0.0005,145.809,0.0165,0.1281,0.9218,3
leaf spot288_.jpg,146.7641,147.872,64.2419,30.4242,152.5224,155.7486,0.0556,0.1191,0.0023,58.1187,0.0228,0.2284,0.9765,3
leaf spot289_.jpg,151.7261,150.5526,67.0309,29.525,150.6032,159.9947,0.0574,0.1263,0.0032,50.4186,0.0235,0.2365,0.9809,3
leaf spot28_.jpg,161.0079,155.4464,123.508,41.9025,90.7083,169.3026,0.1498,0.005,0.0117,99.3294,0.1014,0.3307,0.9896,3
leaf spot290_.jpg,147.6916,147.4488,65.3584,30.0259,150.9649,156.2981,0.0554,0.1099,0.0022,48.4679,0.0239,0.2388,0.9817,3
leaf spot291_.jpg,141.5434,147.2694,60.7491,31.7192,155.2781,151.7656,0.0563,0.1421,0.0002,71.0705,0.0228,0.2081,0.9542,3
leaf spot292_.jpg,156.5991,162.1983,67.6626,31.5759,153.4614,166.3811,0.0174,0.2401,0.0,42.068,0.0263,0.2447,0.9679,3
leaf spot293_.jpg,138.0901,139.6068,66.2215,30.8443,142.3095,145.8085,0.0649,0.0668,0.0002,114.3728,0.0175,0.1527,0.944,3
leaf spot294_.jpg,139.4484,140.5557,67.0196,30.6101,142.0295,147.374,0.0641,0.0695,0.0005,128.8872,0.0171,0.1458,0.936,3
leaf spot295_.jpg,128.7846,141.519,56.9916,34.0978,156.7183,144.4121,0.0188,0.0677,0.0032,61.908,0.0414,0.3769,0.9477,3
leaf spot296_.jpg,142.3845,152.1115,54.1355,31.9535,167.6843,158.7653,0.0914,0.1946,0.0,33.618,0.0349,0.3387,0.9695,3
leaf spot297_.jpg,133.4386,145.1472,51.4888,32.8191,167.962,150.9068,0.087,0.1432,0.0,50.0428,0.0336,0.3268,0.957,3
leaf spot298_.jpg,140.6355,150.5799,58.8013,32.4191,160.3272,156.3891,0.0785,0.1367,0.0,44.3635,0.0291,0.3074,0.9749,3
leaf spot299_.jpg,139.765,150.4571,60.9277,33.212,157.1882,154.5474,0.0464,0.1294,0.0,51.851,0.0261,0.2892,0.974,3
leaf spot29_.jpg,161.0079,155.4464,123.508,41.9025,90.7083,169.3026,0.1498,0.005,0.0117,99.3294,0.1014,0.3307,0.9896,3
leaf spot300_.jpg,150.8132,147.0591,60.101,28.3076,156.4,153.9605,0.0855,0.4921,0.0,32.0972,0.0389,0.442,0.9895,3
leaf spot301_.jpg,137.157,140.8877,62.2282,30.5532,148.5432,144.9035,0.0204,0.2106,0.016,66.6305,0.0292,0.3236,0.9804,3
leaf spot302_.jpg,140.7454,144.9557,63.8996,30.7409,148.3386,148.6053,0.0139,0.2437,0.0151,51.7524,0.0283,0.2643,0.9844,3
leaf spot303_.jpg,134.9301,139.6977,63.9586,31.0662,145.8773,143.5537,0.0219,0.1293,0.016,58.6674,0.0203,0.2315,0.9848,3
leaf spot304_.jpg,146.633,151.1951,70.6922,31.0287,142.8916,154.9286,0.0208,0.207,0.0056,55.4932,0.0215,0.2355,0.985,3
leaf spot305_.jpg,142.5021,145.4543,72.7988,30.542,136.9355,153.2457,0.0826,0.0672,0.0003,162.1433,0.0176,0.1396,0.9224,3
leaf spot306_.jpg,143.5564,146.4881,73.5227,30.598,135.7821,154.0858,0.0865,0.0735,0.0,111.7353,0.0208,0.177,0.9391,3
leaf spot307_.jpg,139.4013,135.5895,69.2542,28.6702,141.1634,147.8688,0.1047,0.0471,0.001,125.3861,0.0169,0.1908,0.9587,3
leaf spot308_.jpg,146.9922,139.7274,67.1387,27.3824,149.5934,152.4942,0.1332,0.078,0.0007,183.2103,0.0157,0.1725,0.9536,3
leaf spot309_.jpg,151.7412,145.9604,90.8289,28.2346,112.0941,154.7962,0.1963,0.0062,0.0,31.9701,0.0257,0.2842,0.9904,3
leaf spot30_.jpg,176.534,183.4305,179.4367,90.6885,45.6473,194.0603,0.0045,0.0023,0.0008,145.186,0.0362,0.3605,0.9716,3
leaf spot310_.jpg,122.5188,126.3207,72.0448,32.7126,123.212,129.4177,0.0354,0.006,0.0066,62.816,0.021,0.2496,0.9857,3
leaf spot311_.jpg,142.1606,148.1376,94.0565,33.5324,100.7976,149.239,0.0075,0.0147,0.0081,25.2349,0.0215,0.2767,0.9935,3
leaf spot312_.jpg,96.6571,103.6433,39.5409,32.7384,168.4571,110.4046,0.0716,0.0063,0.0062,106.7726,0.0252,0.2114,0.9325,3
leaf spot313_.jpg,133.5608,150.125,38.8961,34.5227,186.2912,151.8779,0.0266,0.391,0.0007,14.0293,0.0368,0.3951,0.9942,3
leaf spot314_.jpg,159.335,140.4275,70.4906,23.903,149.4403,162.7691,0.2649,0.0883,0.0001,414.7407,0.0151,0.1543,0.8339,3
leaf spot315_.jpg,147.3739,127.1078,63.6331,22.5406,150.9543,149.923,0.2855,0.1097,0.0,83.8667,0.0189,0.1909,0.9757,3
leaf spot316_.jpg,141.6608,120.2772,60.1699,21.9025,152.8721,144.0075,0.2829,0.0859,0.0,90.3036,0.018,0.181,0.9736,3
leaf spot317_.jpg,146.5327,126.9065,64.7887,22.7342,149.3309,148.8917,0.2577,0.079,0.0003,124.0655,0.0162,0.1567,0.9669,3
leaf spot318_.jpg,143.401,132.4988,65.105,25.6717,149.2762,149.7077,0.2285,0.1099,0.0,86.7601,0.0214,0.213,0.9731,3
leaf spot319_.jpg,143.5283,139.6047,65.7948,28.242,150.0272,152.0842,0.1631,0.1406,0.0,85.4923,0.0221,0.2194,0.9716,3
leaf spot31_.jpg,176.534,183.4305,179.4367,90.6885,45.6473,194.0603,0.0045,0.0023,0.0008,145.186,0.0362,0.3605,0.9716,3
leaf spot320_.jpg,131.1706,130.5086,53.5139,29.4898,162.9126,140.6721,0.1133,0.1193,0.0012,159.6183,0.0164,0.1674,0.9436,3
leaf spot321_.jpg,132.0174,131.2199,53.908,29.4582,163.0086,141.611,0.1184,0.118,0.0006,154.4428,0.0163,0.1662,0.9459,3
leaf spot322_.jpg,139.7968,147.3456,67.4932,32.6023,148.7225,151.112,0.034,0.0763,0.0002,105.1789,0.0187,0.2004,0.9709,3
leaf spot323_.jpg,134.0059,142.5827,65.9303,33.0595,145.4586,145.1044,0.0122,0.053,0.0014,195.7069,0.0183,0.1908,0.9339,3
leaf spot324_.jpg,113.4999,121.7112,97.7532,63.971,87.7532,126.6469,0.0007,0.0,0.0014,24.872,0.0413,0.4215,0.9957,3
leaf spot325_.jpg,108.2806,115.0743,96.1176,66.6957,82.9703,120.265,0.0005,0.0,0.0182,26.0294,0.0402,0.4198,0.9956,3
leaf spot326_.jpg,153.8337,155.8985,153.596,95.662,64.4701,168.6567,0.001,0.0,0.0075,223.5073,0.0551,0.3409,0.9692,3
leaf spot327_.jpg,125.5471,135.2121,63.0043,33.7842,143.0193,138.6294,0.0636,0.0236,0.0,69.7751,0.0226,0.2115,0.9533,3
leaf spot328_.jpg,113.9239,129.2808,59.1779,36.3446,145.2626,130.6527,0.0323,0.0104,0.0,11.3786,0.0466,0.4584,0.9928,3
leaf spot329_.jpg,113.672,129.0595,60.3724,36.5441,143.1215,130.309,0.0283,0.0105,0.0,15.0674,0.0427,0.4394,0.9917,3
leaf spot32_.jpg,175.891,190.8899,146.3574,58.3547,77.0998,193.4783,0.001,0.0058,0.0,30.4752,0.0943,0.4599,0.9944,3
leaf spot330_.jpg,130.6727,144.4152,82.0148,37.5204,122.0917,145.7454,0.0096,0.0119,0.0,15.8765,0.0391,0.4373,0.9953,3
leaf spot331_.jpg,116.9558,154.6322,86.2831,48.1539,117.896,155.1268,0.0,0.024,0.0043,110.184,0.025,0.2529,0.9452,3
leaf spot332_.jpg,110.0359,146.9106,69.9594,44.4823,139.3532,147.0331,0.0009,0.0002,0.0384,107.6891,0.024,0.2317,0.9622,3
leaf spot333_.jpg,128.445,167.4984,78.6309,43.2303,138.7087,167.6338,0.0001,0.0022,0.0005,18.0831,0.0338,0.3527,0.9852,3
leaf spot334_.jpg,119.4416,158.2208,74.6625,43.9099,139.0448,158.2678,0.0001,0.0005,0.0057,33.7662,0.0296,0.2933,0.9776,3
leaf spot335_.jpg,103.6198,128.5222,72.9744,41.867,117.857,129.4433,0.0019,0.0,0.0389,55.1446,0.0207,0.2487,0.9841,3
leaf spot336_.jpg,113.4141,138.9972,78.4098,41.3911,118.9126,140.0529,0.0097,0.0003,0.0332,77.9125,0.0218,0.2459,0.9782,3
leaf spot337_.jpg,110.1151,141.2281,88.431,48.0116,101.9925,141.6153,0.001,0.0,0.0069,85.324,0.0208,0.2106,0.9619,3
leaf spot338_.jpg,110.5597,141.4028,93.6485,49.1753,92.8363,142.082,0.0005,0.0001,0.0325,82.3086,0.0236,0.2201,0.9657,3
leaf spot339_.jpg,116.326,128.7305,81.0712,33.7908,104.8832,135.2441,0.0106,0.0026,0.0102,153.725,0.0177,0.1854,0.9507,3
leaf spot33_.jpg,175.891,190.8899,146.3574,58.3547,77.0998,193.4783,0.001,0.0058,0.0,30.4752,0.0943,0.4599,0.9944,3
leaf spot340_.jpg,141.9319,170.7706,75.9634,37.8686,144.3867,173.1991,0.0115,0.0564,0.0,43.5356,0.0277,0.2664,0.9669,3
leaf spot341_.jpg,105.6171,147.1323,80.9399,49.3479,117.8378,147.5785,0.0007,0.0009,0.0043,27.3472,0.0379,0.3582,0.9787,3
leaf spot342_.jpg,109.4355,153.2452,72.1746,47.2616,137.6398,153.3823,0.0004,0.0033,0.0002,23.2185,0.0343,0.3327,0.9787,3
leaf spot343_.jpg,131.657,159.2181,84.3156,43.3172,126.65,161.9622,0.0045,0.0251,0.0035,17.4967,0.0336,0.3847,0.9913,3
leaf spot344_.jpg,110.2436,142.8278,94.1036,51.4787,94.5669,142.9275,0.0002,0.0,0.0076,51.6888,0.0247,0.2339,0.9729,3
leaf spot345_.jpg,110.019,138.5289,89.0236,45.6997,97.4696,140.6553,0.0077,0.0049,0.0127,33.1949,0.0325,0.282,0.9847,3
leaf spot346_.jpg,120.1878,151.7248,65.1461,41.1379,148.9888,152.0106,0.0024,0.0781,0.0399,138.0713,0.0173,0.1684,0.9679,3
leaf spot347_.jpg,130.8391,149.6152,82.7987,37.2675,121.6559,151.6492,0.0048,0.0,0.025,25.1319,0.0288,0.3248,0.9948,3
leaf spot348_.jpg,112.8087,140.7892,84.1805,45.0278,107.0349,141.2265,0.002,0.0007,0.0219,44.1351,0.0245,0.274,0.9827,3
leaf spot349_.jpg,128.5155,152.8663,99.7756,43.4139,96.6334,155.1435,0.0134,0.0003,0.0147,272.9822,0.0183,0.1568,0.8708,3
leaf spot34_.jpg,170.9114,188.0457,148.8148,51.8927,66.4525,189.0652,0.0,0.0003,0.0,18.8058,0.1187,0.4628,0.9962,3
leaf spot350_.jpg,124.9728,157.0853,97.642,47.2349,103.9483,157.2989,0.0001,0.0004,0.0,151.7897,0.0166,0.1582,0.9655,3
leaf spot351_.jpg,116.108,147.1114,70.6821,40.9682,135.6204,148.1732,0.0074,0.013,0.0112,71.396,0.0209,0.2282,0.9703,3
leaf spot352_.jpg,122.5416,173.4744,57.4444,43.3211,172.1478,173.5585,0.0,0.0317,0.0,21.6103,0.034,0.2712,0.974,3
leaf spot354_.jpg,124.7494,170.2791,76.9124,43.2488,139.1081,171.8228,0.0,0.0125,0.0006,48.297,0.0323,0.2776,0.9507,3
leaf spot355_.jpg,115.3908,140.2107,101.9336,45.6684,83.4983,144.5208,0.0001,0.0001,0.0,33.8896,0.0289,0.3046,0.9835,3
leaf spot356_.jpg,126.2402,156.0145,74.6198,45.1866,142.1442,157.5058,0.0263,0.0244,0.0,40.614,0.0324,0.3834,0.9844,3
leaf spot357_.jpg,113.4959,167.098,67.9152,47.2481,153.9217,167.1974,0.0006,0.0172,0.0,33.7359,0.0278,0.2771,0.9782,3
leaf spot358_.jpg,112.2685,166.0787,68.8907,47.5682,151.8885,166.2551,0.0006,0.015,0.0,39.1718,0.0251,0.2501,0.9779,3
leaf spot359_.jpg,97.7995,132.4991,93.9799,57.9475,84.9257,132.7259,0.0002,0.0,0.0006,98.9636,0.0192,0.1707,0.9525,3
leaf spot35_.jpg,170.9114,188.0457,148.8148,51.8927,66.4525,189.0652,0.0,0.0003,0.0,18.8058,0.1187,0.4628,0.9962,3
leaf spot360_.jpg,111.1169,134.4545,88.5167,42.9367,96.5054,137.1968,0.0008,0.0015,0.0202,108.1915,0.0199,0.2292,0.9709,3
leaf spot361_.jpg,93.3854,117.6451,69.5844,41.8864,109.1237,119.5398,0.0014,0.0022,0.0745,100.513,0.0204,0.2306,0.9671,3
leaf spot362_.jpg,108.0225,138.292,93.6714,45.5353,91.8878,141.5019,0.0015,0.0,0.0129,26.387,0.0305,0.3074,0.9895,3
leaf spot363_.jpg,126.0604,155.4657,84.0519,41.4165,122.3557,156.7461,0.0061,0.0177,0.0148,513.7553,0.0126,0.1014,0.8383,3
leaf spot364_.jpg,105.8641,127.2496,90.3873,45.411,85.6666,130.0627,0.0026,0.0,0.0262,64.3788,0.0211,0.2339,0.9785,3
leaf spot365_.jpg,134.8189,158.7258,98.9707,41.0035,106.7951,162.3246,0.0076,0.0244,0.0011,125.012,0.0184,0.1915,0.9751,3
leaf spot366_.jpg,130.0658,158.7181,90.5425,41.6063,117.2403,161.4855,0.0074,0.0031,0.0201,130.6147,0.0229,0.2163,0.9514,3
leaf spot367_.jpg,149.3383,174.672,91.5955,39.222,122.9176,176.5774,0.0069,0.0034,0.0003,109.284,0.029,0.2598,0.9541,3
leaf spot368_.jpg,108.6252,125.9706,97.1625,48.0227,70.7485,128.0514,0.003,0.0012,0.0567,85.3301,0.0226,0.2808,0.9798,3
leaf spot369_.jpg,115.9968,139.7953,78.8989,46.095,115.0661,140.1742,0.0013,0.0714,0.0,63.469,0.0261,0.3057,0.9775,3
leaf spot36_.jpg,177.9398,193.5941,157.9035,49.5408,62.1009,195.1299,0.0023,0.0019,0.0,34.357,0.1487,0.4815,0.9947,3
leaf spot370_.jpg,127.5646,155.7824,100.4706,44.7617,95.8701,156.8212,0.0006,0.0,0.0025,48.1142,0.0248,0.3098,0.9855,3
leaf spot371_.jpg,97.2738,128.0581,75.3174,46.7076,111.3023,128.7458,0.0001,0.0004,0.0308,58.1682,0.0241,0.2928,0.9832,3
leaf spot372_.jpg,104.8872,129.0164,75.0019,41.3836,111.3254,130.6807,0.0005,0.0018,0.0258,99.8072,0.0219,0.2857,0.9752,3
leaf spot373_.jpg,117.81,137.9026,87.5511,43.3037,100.2958,139.8551,0.0007,0.0175,0.0488,209.7051,0.018,0.2262,0.9571,3
leaf spot374_.jpg,108.8224,149.9722,84.343,53.0471,122.6216,150.9115,0.0,0.0054,0.0019,67.1411,0.0245,0.3007,0.9779,3
leaf spot375_.jpg,119.2923,146.7391,97.8345,49.9153,95.635,147.4975,0.0031,0.0046,0.0,83.9507,0.029,0.3254,0.9732,3
leaf spot376_.jpg,123.9807,139.526,55.9296,35.0256,160.2395,144.4034,0.0354,0.0392,0.0,57.9671,0.0299,0.2779,0.9615,3
leaf spot377_.jpg,132.877,122.0625,67.8164,26.973,136.5387,141.4616,0.2331,0.0021,0.0,30.7284,0.0283,0.3161,0.9828,3
leaf spot378_.jpg,132.877,122.0625,67.8164,26.973,136.5387,141.4616,0.2331,0.0021,0.0,30.7284,0.0283,0.3161,0.9828,3
leaf spot379_.jpg,109.3471,131.5705,84.0793,45.2594,103.1668,131.7134,0.0015,0.0026,0.0374,150.483,0.0157,0.1713,0.9632,3
leaf spot37_.jpg,177.9398,193.5941,157.9035,49.5408,62.1009,195.1299,0.0023,0.0019,0.0,34.357,0.1487,0.4815,0.9947,3
leaf spot380_.jpg,103.802,123.1074,81.8347,45.187,101.6556,124.9424,0.0132,0.0001,0.0545,159.3327,0.0138,0.1434,0.9694,3
leaf spot381_.jpg,125.5973,142.4021,75.4639,36.764,128.0694,144.9263,0.02,0.0154,0.0426,106.9741,0.015,0.1523,0.9756,3
leaf spot382_.jpg,139.9654,155.8578,81.2061,35.4121,128.0863,159.3927,0.0373,0.0323,0.0078,90.9569,0.0192,0.2086,0.9739,3
leaf spot383_.jpg,132.3419,167.4394,66.4033,41.271,154.974,168.1473,0.0032,0.1824,0.0001,93.7352,0.0198,0.2333,0.9715,3
leaf spot384_.jpg,114.1924,136.2749,69.7722,39.1836,135.3861,138.7173,0.0139,0.0087,0.0199,136.9534,0.0172,0.1779,0.9651,3
leaf spot385_.jpg,98.0567,144.0589,103.1808,65.3048,105.3951,145.0587,0.0002,0.003,0.0,59.0267,0.0243,0.2614,0.9786,3
leaf spot386_.jpg,102.3255,146.956,96.7341,60.0887,100.5132,147.0972,0.0,0.0103,0.0,22.0826,0.0353,0.3422,0.9868,3
leaf spot387_.jpg,123.6825,168.155,111.8761,59.2882,101.35,168.4691,0.0,0.0032,0.0,17.7996,0.0348,0.3486,0.9918,3
leaf spot388_.jpg,114.9685,155.0445,103.0342,57.2239,103.3552,155.687,0.0006,0.0043,0.0,39.2987,0.0262,0.2882,0.9872,3
leaf spot389_.jpg,103.1516,141.7401,85.776,50.3213,109.3019,142.9468,0.0001,0.0004,0.0,35.2902,0.0403,0.3895,0.9801,3
leaf spot38_.jpg,189.761,204.9131,166.4947,31.9115,58.4062,205.7595,0.0007,0.0031,0.0,37.8855,0.314,0.5146,0.9925,3
leaf spot390_.jpg,131.6009,150.8202,78.0047,40.0663,122.0987,155.2735,0.0057,0.1485,0.0011,107.6128,0.0172,0.1989,0.9738,3
leaf spot391_.jpg,117.979,137.738,105.4664,49.4487,92.427,145.7226,0.0051,0.0022,0.0,163.9044,0.0218,0.2389,0.9374,3
leaf spot392_.jpg,152.0395,155.137,120.2645,38.4553,77.9308,168.0065,0.025,0.0004,0.0,182.8177,0.0136,0.1438,0.9617,3
leaf spot393_.jpg,110.633,120.0921,108.0301,69.7025,72.0542,129.1757,0.0099,0.0003,0.0001,33.1723,0.0251,0.2892,0.9928,3
leaf spot394_.jpg,127.4916,131.443,109.0964,45.1791,73.3372,142.8239,0.0075,0.0,0.0035,66.6369,0.0194,0.206,0.9742,3
leaf spot395_.jpg,121.5181,129.5832,83.348,35.0943,105.3425,134.5859,0.0247,0.011,0.0104,98.1702,0.0162,0.1924,0.9794,3
leaf spot396_.jpg,81.5564,95.0233,62.6569,45.3873,100.9222,97.1465,0.0097,0.0056,0.219,130.2294,0.022,0.2111,0.9726,3
leaf spot397_.jpg,87.0371,99.1657,70.0507,45.531,91.9674,100.8762,0.0029,0.0011,0.2488,136.8367,0.0227,0.2342,0.9793,3
leaf spot398_.jpg,103.0689,117.077,79.6745,41.243,93.6321,119.6368,0.007,0.0001,0.1084,141.8993,0.0156,0.1769,0.9736,3
leaf spot399_.jpg,99.4187,109.9999,79.7956,40.1233,83.6191,112.635,0.004,0.0,0.1495,265.601,0.0151,0.176,0.9506,3
leaf spot39_.jpg,189.761,204.9131,166.4947,31.9115,58.4062,205.7595,0.0007,0.0031,0.0,37.8855,0.314,0.5146,0.9925,3
leaf spot400_.jpg,107.8198,124.551,71.4511,38.4561,115.4694,126.5009,0.0088,0.002,0.0567,223.5105,0.0153,0.1621,0.9537,3
leaf spot401_.jpg,116.4863,132.2945,80.9909,37.7874,109.5995,133.915,0.0098,0.0017,0.0719,125.9306,0.0143,0.1806,0.9789,3
leaf spot402_.jpg,113.2545,129.9816,78.7749,38.8927,110.295,131.0981,0.0011,0.0003,0.0924,105.2915,0.0164,0.2065,0.9799,3
leaf spot403_.jpg,110.8223,146.0093,89.8959,52.0531,102.9852,147.1861,0.0062,0.0295,0.0,70.9941,0.0257,0.2576,0.9693,3
leaf spot404_.jpg,112.8812,140.0239,97.6098,51.1834,92.6233,140.8977,0.008,0.0058,0.0,80.5507,0.0246,0.2346,0.9879,3
leaf spot405_.jpg,137.7672,162.5981,120.7059,49.9155,79.9655,163.016,0.0014,0.0,0.0,130.0083,0.0166,0.1643,0.9797,3
leaf spot406_.jpg,108.1972,131.17,80.2938,44.5314,107.3205,131.8117,0.0013,0.0021,0.0142,167.9705,0.0167,0.1757,0.9638,3
leaf spot407_.jpg,89.2135,106.9513,72.9195,49.8477,97.7626,107.862,0.0073,0.0009,0.0646,118.3158,0.0223,0.195,0.9739,3
leaf spot408_.jpg,95.5285,133.4052,111.9525,71.0763,90.4871,134.8732,0.0,0.0,0.0,59.9106,0.036,0.2919,0.9694,3
leaf spot409_.jpg,90.826,129.0161,116.9988,78.5865,90.2537,131.0014,0.0,0.0,0.0,80.7128,0.035,0.2569,0.9463,3
leaf spot40_.jpg,156.5611,164.3326,137.0021,64.331,73.0021,172.2786,0.0049,0.0234,0.0,26.9945,0.0454,0.459,0.9901,3
leaf spot410_.jpg,116.2998,134.1406,94.8162,47.3154,83.9167,137.3125,0.0003,0.0,0.0,50.5238,0.0294,0.3045,0.9752,3
leaf spot411_.jpg,121.1519,137.7963,77.1762,36.9025,116.3041,139.0049,0.0008,0.0158,0.1198,159.9613,0.0188,0.1862,0.9654,3
leaf spot412_.jpg,114.115,131.1148,71.2186,36.6158,118.4869,132.0978,0.0006,0.023,0.1408,162.5034,0.0215,0.2016,0.9669,3
leaf spot413_.jpg,118.4886,136.6084,66.4027,37.3544,133.0764,137.8172,0.0028,0.0389,0.0649,160.6703,0.0164,0.1754,0.9575,3
leaf spot414_.jpg,98.9557,114.8436,59.8605,36.8769,124.6997,116.0942,0.0051,0.0075,0.1719,133.8522,0.0179,0.2127,0.9761,3
leaf spot415_.jpg,117.7827,138.1465,66.5247,37.7604,135.2865,140.3412,0.0038,0.0582,0.0161,156.7573,0.0161,0.1725,0.9523,3
leaf spot416_.jpg,111.2426,136.3204,85.4871,48.8504,98.8116,138.0744,0.0003,0.0003,0.0145,64.1277,0.0205,0.2248,0.9739,3
leaf spot417_.jpg,115.457,133.732,75.8308,39.583,113.9013,136.2846,0.0127,0.0032,0.0284,185.1925,0.0153,0.1634,0.945,3
leaf spot418_.jpg,127.2764,146.4573,84.277,37.1478,112.784,151.3133,0.0131,0.0071,0.0041,131.2901,0.0177,0.1706,0.9491,3
leaf spot419_.jpg,107.0544,131.2641,75.517,40.8028,114.1183,134.9036,0.0135,0.0025,0.0192,95.5076,0.0217,0.1986,0.9604,3
leaf spot41_.jpg,126.2617,133.2685,134.215,81.3118,63.4514,146.0703,0.0021,0.0007,0.1583,49.76,0.041,0.3866,0.993,3
leaf spot420_.jpg,113.704,129.5126,89.0404,40.4105,94.2381,131.0777,0.0015,0.0002,0.0877,217.8966,0.0135,0.1426,0.9674,3
leaf spot421_.jpg,110.3203,125.7684,83.0328,39.2426,96.4276,127.6623,0.0038,0.0001,0.1126,206.5582,0.0153,0.1659,0.9616,3
leaf spot422_.jpg,108.7855,120.8751,75.0088,35.6224,102.8876,123.2223,0.0084,0.0006,0.1066,198.7858,0.0166,0.191,0.9577,3
leaf spot423_.jpg,107.0206,110.0437,71.7698,30.3585,109.2453,116.1896,0.0245,0.0024,0.1688,183.7574,0.0195,0.2113,0.9788,3
leaf spot426_.jpg,121.1405,145.0553,96.3436,45.4679,93.8333,147.1779,0.01,0.0005,0.0008,171.5178,0.0159,0.1489,0.9538,3
leaf spot427_.jpg,110.1856,129.3249,71.5066,40.3905,119.792,131.6179,0.0089,0.0051,0.0767,183.991,0.0161,0.17,0.9534,3
leaf spot428_.jpg,98.152,139.3195,97.2231,60.6503,100.6174,140.7727,0.0002,0.0,0.0019,217.9576,0.0176,0.1447,0.9106,3
leaf spot429_.jpg,101.5719,139.5218,86.544,55.5403,103.5681,140.5317,0.0001,0.0021,0.0,61.6709,0.0292,0.233,0.9576,3
leaf spot42_.jpg,126.2617,133.2685,134.215,81.3118,63.4514,146.0703,0.0021,0.0007,0.1583,49.76,0.041,0.3866,0.993,3
leaf spot430_.jpg,97.7786,138.8194,102.8302,62.4521,93.6668,139.6218,0.0001,0.0,0.0004,177.1314,0.0212,0.163,0.9102,3
leaf spot431_.jpg,112.0746,140.4537,104.0076,55.989,85.3322,142.5563,0.0005,0.0003,0.0,138.6308,0.0214,0.2213,0.9507,3
leaf spot432_.jpg,103.481,128.9758,94.7889,56.8965,92.6904,131.594,0.007,0.0009,0.0012,100.7757,0.0244,0.2825,0.9612,3
leaf spot433_.jpg,97.3709,124.3062,95.4028,65.0054,80.031,127.9883,0.0005,0.0,0.0301,241.1837,0.0167,0.1559,0.917,3
leaf spot434_.jpg,113.3104,141.2927,111.3487,64.9357,73.6398,144.8628,0.0004,0.0,0.0111,159.2276,0.0173,0.1723,0.9444,3
leaf spot435_.jpg,108.6104,137.7685,102.1425,56.0978,85.7422,140.7481,0.0028,0.0002,0.0075,207.8963,0.0194,0.1613,0.9144,3
leaf spot436_.jpg,107.905,139.3273,108.671,60.2801,84.1745,141.4006,0.0012,0.0,0.0022,108.9948,0.025,0.2049,0.9446,3
leaf spot437_.jpg,105.6994,135.0286,107.7343,61.4711,76.0268,136.2556,0.0006,0.0,0.0011,97.5617,0.0241,0.2192,0.947,3
leaf spot438_.jpg,97.419,134.4935,113.8533,69.9473,81.3082,135.7908,0.0,0.0,0.0,67.1582,0.029,0.2699,0.9439,3
leaf spot439_.jpg,100.0357,130.6413,93.2882,62.5073,82.4585,133.1527,0.0007,0.0001,0.0239,220.5709,0.0168,0.1627,0.9182,3
leaf spot43_.jpg,154.0487,162.4542,147.8904,79.4975,68.6651,172.7314,0.006,0.0067,0.0002,77.2265,0.0536,0.3907,0.9811,3
leaf spot440_.jpg,97.4016,126.0689,96.3711,66.9885,78.5688,128.768,0.0005,0.0,0.0213,222.1438,0.0171,0.1666,0.9178,3
leaf spot441_.jpg,96.7159,128.6789,89.9135,54.8051,93.3398,131.3847,0.0026,0.0,0.0385,140.7609,0.0186,0.1796,0.9446,3
leaf spot442_.jpg,99.1326,127.491,88.5723,51.9088,87.0711,129.0701,0.0008,0.0,0.0128,112.594,0.0216,0.2226,0.9569,3
leaf spot443_.jpg,100.0419,132.4094,102.2715,62.96,75.9477,133.1582,0.0001,0.0,0.0018,76.3869,0.0243,0.2275,0.9487,3
leaf spot444_.jpg,113.2271,138.3415,101.4931,50.1695,76.5142,139.5553,0.0,0.0,0.0,14.8431,0.0374,0.4092,0.9909,3
leaf spot445_.jpg,94.5907,119.3456,102.2272,65.151,77.6338,122.2562,0.0016,0.0,0.0119,222.3589,0.0216,0.1684,0.8926,3
leaf spot446_.jpg,94.5577,118.9838,98.3475,61.5248,78.417,121.5988,0.0009,0.0,0.0098,213.8156,0.021,0.1668,0.898,3
leaf spot447_.jpg,106.4473,132.3902,114.5013,68.6264,72.7045,135.4942,0.003,0.0004,0.001,158.2366,0.0239,0.1937,0.9004,3
leaf spot448_.jpg,105.4395,141.0108,112.5842,66.777,79.5398,142.4112,0.0002,0.0,0.0005,175.563,0.0204,0.1471,0.8786,3
leaf spot449_.jpg,125.6021,141.583,111.6523,48.7059,73.9023,147.0227,0.0031,0.0,0.0,115.4007,0.0212,0.1982,0.9368,3
leaf spot44_.jpg,154.0487,162.4542,147.8904,79.4975,68.6651,172.7314,0.006,0.0067,0.0002,77.2265,0.0536,0.3907,0.9811,3
leaf spot450_.jpg,84.6016,122.8264,101.6688,71.9483,90.2721,123.9534,0.0,0.0,0.0072,168.1938,0.0215,0.1673,0.9182,3
leaf spot451_.jpg,91.671,124.1857,102.8755,70.6532,78.4722,125.1162,0.0001,0.0,0.0036,205.9564,0.0188,0.1525,0.8954,3
leaf spot452_.jpg,101.7444,132.2236,112.0149,68.981,73.4413,133.1793,0.0,0.0,0.0016,190.8771,0.02,0.1566,0.8919,3
leaf spot453_.jpg,102.7917,131.0154,103.8274,62.5564,68.6604,131.9938,0.0,0.0,0.0067,105.2172,0.0244,0.2323,0.9365,3
leaf spot454_.jpg,109.7255,128.8465,104.8107,53.5437,65.8305,132.3555,0.0,0.0,0.0065,102.9289,0.0241,0.2314,0.9441,3
leaf spot455_.jpg,115.5212,131.8398,91.8884,44.0449,89.504,135.6227,0.0038,0.0001,0.0144,271.7083,0.0161,0.1719,0.9114,3
leaf spot456_.jpg,113.3653,134.0381,99.1379,51.9376,83.0336,137.1129,0.0049,0.0004,0.0001,179.3078,0.0209,0.2108,0.9393,3
leaf spot457_.jpg,110.2109,129.0049,96.4453,50.7465,80.8447,132.2912,0.0028,0.0,0.0004,240.4447,0.0189,0.1951,0.9227,3
leaf spot458_.jpg,92.584,108.6889,78.5727,46.8213,85.8339,112.3432,0.004,0.0,0.0318,325.5505,0.0186,0.1763,0.9027,3
leaf spot459_.jpg,119.2415,136.6207,105.4857,46.8073,70.7913,141.2304,0.0,0.0005,0.0099,185.8157,0.0224,0.2299,0.9398,3
leaf spot45_.jpg,152.9105,161.2662,148.3654,81.4294,66.5412,171.7553,0.0048,0.0056,0.0001,64.0413,0.055,0.4071,0.9838,3
leaf spot460_.jpg,102.9397,131.5871,103.4159,66.2422,77.3094,134.2367,0.0,0.0,0.0292,269.7897,0.0159,0.1475,0.902,3
leaf spot461_.jpg,87.0316,117.889,85.5532,59.906,87.8484,119.8101,0.0007,0.0,0.0485,188.5948,0.0182,0.1904,0.9265,3
leaf spot462_.jpg,103.7881,127.8468,99.7342,64.2374,75.2292,131.1367,0.0003,0.0,0.0127,115.1569,0.021,0.213,0.9663,3
leaf spot463_.jpg,89.7207,129.762,98.5583,64.7883,93.5261,131.5401,0.0,0.0,0.0,99.56,0.0292,0.2431,0.9318,3
leaf spot464_.jpg,98.0109,122.1608,100.0456,61.6664,76.7436,124.2705,0.0006,0.0,0.0024,96.4052,0.0266,0.2438,0.9519,3
leaf spot465_.jpg,95.0168,119.0928,95.1414,59.7734,80.0471,121.3285,0.0005,0.0,0.0104,198.0222,0.0176,0.1641,0.9289,3
leaf spot466_.jpg,109.2291,135.198,115.9563,64.7604,71.3562,138.2584,0.0,0.0,0.0011,106.0058,0.0213,0.2122,0.9606,3
leaf spot467_.jpg,100.7704,134.3131,114.3668,70.1292,78.1339,135.7893,0.0,0.0,0.0,130.7161,0.0232,0.2054,0.9341,3
leaf spot468_.jpg,109.9443,140.9457,105.5246,56.9099,84.542,142.8964,0.0001,0.0001,0.0011,93.9085,0.023,0.2251,0.9576,3
leaf spot469_.jpg,111.9525,139.7945,98.9718,53.9903,88.397,141.2167,0.004,0.0001,0.0,161.2925,0.0196,0.171,0.9309,3
leaf spot46_.jpg,152.9105,161.2662,148.3654,81.4294,66.5412,171.7553,0.0048,0.0056,0.0001,64.0413,0.055,0.4071,0.9838,3
leaf spot470_.jpg,109.2109,137.1776,102.5287,57.2981,83.7811,138.429,0.002,0.0,0.0,160.6138,0.023,0.1839,0.9155,3
leaf spot471_.jpg,129.2057,153.1757,112.9063,45.197,80.4768,157.2307,0.001,0.0,0.0014,62.7941,0.0171,0.2015,0.9859,3
leaf spot472_.jpg,110.677,140.315,117.2362,70.4972,79.2283,143.9967,0.0,0.0,0.0,75.7011,0.0187,0.2053,0.9813,3
leaf spot473_.jpg,85.1896,116.0207,94.436,69.8902,83.7298,117.331,0.0,0.0001,0.0746,72.9052,0.0214,0.242,0.9783,3
leaf spot474_.jpg,89.5137,125.6711,102.8706,72.6313,90.2765,127.7481,0.0001,0.0,0.0248,55.7252,0.0214,0.2418,0.9844,3
leaf spot475_.jpg,94.3315,115.1374,95.0383,84.3621,60.5734,119.3463,0.0007,0.0,0.0153,162.8514,0.0222,0.2343,0.9505,3
leaf spot476_.jpg,103.7142,124.9639,105.2756,78.3885,55.3343,129.3274,0.0004,0.0,0.0041,117.9322,0.0217,0.2361,0.961,3
leaf spot477_.jpg,101.4355,119.1381,96.0761,72.0002,62.3248,124.0562,0.005,0.0003,0.0259,186.9967,0.0185,0.1985,0.9518,3
leaf spot478_.jpg,89.802,108.3158,88.6754,86.5317,60.7941,112.2139,0.001,0.0007,0.0699,141.2507,0.0245,0.2757,0.9611,3
leaf spot479_.jpg,94.5345,110.5031,76.5811,45.0953,92.6022,113.8067,0.0009,0.0067,0.0636,105.8742,0.0211,0.239,0.9815,3
leaf spot47_.jpg,140.9227,147.2171,141.0151,72.8218,72.0157,160.1579,0.0089,0.0,0.089,109.5592,0.0426,0.333,0.987,3
leaf spot480_.jpg,98.4067,116.3575,100.6174,80.8535,63.0695,120.9392,0.0007,0.0,0.0053,145.1598,0.0233,0.2347,0.9481,3
leaf spot481_.jpg,96.625,119.8608,100.0578,75.7024,74.7577,124.2645,0.0004,0.0,0.0013,179.9416,0.0224,0.2025,0.9284,3
leaf spot482_.jpg,94.3205,121.6418,102.4457,76.0256,83.1864,126.0207,0.0001,0.0006,0.004,152.4562,0.0207,0.1997,0.9484,3
leaf spot483_.jpg,87.4636,123.4372,105.9682,78.6922,90.9985,126.8192,0.0,0.0,0.0072,190.1463,0.0214,0.2014,0.9168,3
leaf spot484_.jpg,95.7423,120.4922,100.2542,72.1867,74.9366,124.0839,0.0006,0.0,0.0036,221.9811,0.021,0.1805,0.8917,3
leaf spot485_.jpg,94.6472,119.0839,101.7906,71.1305,77.3697,122.9972,0.0002,0.0,0.0016,137.6126,0.0246,0.2097,0.9211,3
leaf spot486_.jpg,95.2751,121.7526,98.2886,76.8401,71.4425,124.8308,0.0,0.0,0.0036,192.5032,0.0207,0.1982,0.9114,3
leaf spot487_.jpg,92.4326,119.1373,94.3858,75.5172,73.5641,122.4364,0.0,0.0,0.0073,164.4488,0.0206,0.2014,0.925,3
leaf spot488_.jpg,102.7434,121.1065,95.4486,69.6369,68.9409,125.1069,0.0,0.0,0.0071,196.7843,0.0201,0.2198,0.9328,3
leaf spot489_.jpg,99.7852,119.9126,97.2974,71.2028,73.3064,123.6783,0.0001,0.0,0.0092,243.4855,0.018,0.1866,0.9184,3
leaf spot48_.jpg,165.0957,173.4752,155.4515,72.187,70.4554,183.3544,0.0039,0.0021,0.0316,114.9335,0.0541,0.3387,0.9858,3
leaf spot490_.jpg,107.6801,135.4562,107.4082,63.1197,81.7674,137.4298,0.0002,0.0,0.0,112.1798,0.021,0.2083,0.9517,3
leaf spot491_.jpg,107.5187,137.7023,109.9745,64.9105,81.5127,139.9248,0.0,0.0,0.0,83.0533,0.0246,0.2424,0.9553,3
leaf spot492_.jpg,106.0955,126.1654,95.7881,64.6681,72.7037,130.3426,0.0,0.0,0.0005,167.8459,0.0208,0.22,0.9301,3
leaf spot493_.jpg,111.5347,132.4411,103.8071,52.9179,73.446,136.8736,0.0001,0.0,0.0,216.0826,0.0198,0.1868,0.8961,3
leaf spot494_.jpg,115.4432,142.46,101.1109,57.4795,83.6476,145.1759,0.0,0.0,0.0001,89.8584,0.0238,0.2496,0.9636,3
leaf spot495_.jpg,114.2169,131.9334,104.5725,60.0593,77.3288,134.6494,0.0008,0.0002,0.0336,71.6899,0.0196,0.2431,0.9836,3
leaf spot498_.jpg,104.3163,121.5919,95.3845,58.6773,77.0628,124.3069,0.0009,0.0,0.0281,300.7209,0.019,0.1972,0.9496,3
leaf spot499_.jpg,123.3511,142.3296,85.8663,38.1507,119.6477,144.8342,0.0015,0.0131,0.0308,124.9717,0.0157,0.2029,0.9771,3
leaf spot49_.jpg,160.2317,167.2822,137.4304,70.9861,73.5142,172.5707,0.0102,0.027,0.0,57.27,0.0774,0.3821,0.9889,3
leaf spot4_.jpg,151.2291,167.7131,129.4478,71.1077,90.8581,173.123,0.0002,0.0138,0.0055,76.2402,0.0238,0.3076,0.9826,3
leaf spot500_.jpg,128.4899,152.488,90.8388,39.9652,121.9288,154.5234,0.0007,0.0207,0.0039,126.5418,0.0162,0.2027,0.9796,3
leaf spot501_.jpg,131.061,168.4824,100.7972,52.3693,120.8204,170.0442,0.0001,0.0091,0.0,85.8155,0.0163,0.1994,0.9834,3
leaf spot502_.jpg,98.9789,132.4918,84.6767,56.3573,118.4951,134.3689,0.0001,0.0001,0.0302,112.8294,0.0163,0.2054,0.9788,3
leaf spot503_.jpg,107.4345,126.0871,100.848,65.6676,66.1681,131.1606,0.0001,0.0,0.0138,103.1186,0.0289,0.2617,0.9518,3
leaf spot504_.jpg,105.6515,141.5225,67.6081,44.2969,135.4061,141.6602,0.0018,0.0188,0.04,159.9858,0.02,0.2056,0.9549,3
leaf spot505_.jpg,102.147,135.9797,75.6178,46.6363,118.3823,136.1286,0.0004,0.0022,0.0249,74.1991,0.0217,0.2266,0.973,3
leaf spot506_.jpg,95.5785,128.0398,71.6039,46.6648,118.2735,128.392,0.0004,0.0019,0.0331,80.7811,0.0208,0.2278,0.9704,3
leaf spot507_.jpg,127.7191,177.22,58.4412,42.517,170.1061,177.2655,0.0003,0.0292,0.0001,21.9308,0.0432,0.3545,0.9676,3
leaf spot508_.jpg,123.4602,161.5116,71.485,42.7097,142.228,161.5913,0.0013,0.0176,0.01,95.5155,0.0223,0.2066,0.9607,3
leaf spot509_.jpg,128.8918,170.9983,73.9982,42.8663,147.0691,171.5331,0.004,0.0302,0.0014,47.9393,0.0301,0.3108,0.975,3
leaf spot50_.jpg,160.2317,167.2822,137.4304,70.9861,73.5142,172.5707,0.0102,0.027,0.0,57.27,0.0774,0.3821,0.9889,3
leaf spot510_.jpg,106.7384,147.1543,80.2322,47.0269,118.3251,148.5474,0.0005,0.0,0.0029,48.2421,0.0337,0.2515,0.9379,3
leaf spot511_.jpg,113.1425,143.072,74.2572,41.5349,126.5261,144.4776,0.0158,0.0036,0.0034,80.0613,0.0221,0.213,0.9575,3
leaf spot512_.jpg,138.3927,168.3785,87.6237,43.8234,128.3533,169.0477,0.0024,0.0342,0.0,77.2371,0.0208,0.2132,0.9599,3
leaf spot513_.jpg,142.6331,177.4074,83.9805,40.9696,135.8016,177.6661,0.0042,0.0537,0.0039,96.6606,0.0344,0.3421,0.9531,3
leaf spot514_.jpg,140.1647,175.0496,86.4106,41.8158,131.6062,175.1994,0.0015,0.0396,0.0131,137.3943,0.0487,0.4115,0.9426,3
leaf spot515_.jpg,132.7417,164.4244,80.5764,41.173,133.8692,164.6099,0.0031,0.0239,0.0245,157.259,0.0338,0.311,0.9548,3
leaf spot516_.jpg,118.2452,123.1989,81.3684,29.869,96.858,129.1451,0.0134,0.0004,0.0248,162.4425,0.0148,0.1708,0.9585,3
leaf spot517_.jpg,120.6637,116.6418,82.1099,24.4373,90.95,126.4606,0.0249,0.0024,0.0157,238.9195,0.014,0.1274,0.919,3
leaf spot518_.jpg,117.2274,154.3035,73.8166,44.2945,134.5875,154.5214,0.0008,0.0333,0.0253,99.7182,0.0281,0.2882,0.9609,3
leaf spot519_.jpg,120.7422,160.1221,67.5108,42.8947,148.2903,160.2518,0.0006,0.0341,0.0132,72.2374,0.0271,0.2596,0.9673,3
leaf spot51_.jpg,161.5711,168.1558,149.3233,74.9333,62.514,175.6863,0.0057,0.0156,0.0,48.2779,0.0412,0.37,0.9914,3
leaf spot520_.jpg,106.9774,139.2379,76.179,43.3824,119.9453,140.1726,0.001,0.0003,0.0488,99.914,0.0207,0.2338,0.9716,3
leaf spot521_.jpg,101.6756,127.1806,72.7036,41.4002,112.5954,128.3379,0.0031,0.0005,0.0838,66.4728,0.0238,0.2446,0.983,3
leaf spot522_.jpg,109.8754,142.3533,70.6171,42.8974,132.3007,143.4664,0.0052,0.0007,0.0353,43.9405,0.0295,0.2733,0.9814,3
leaf spot523_.jpg,140.902,156.5429,98.5443,37.5342,98.147,159.2171,0.0061,0.0582,0.0039,780.5751,0.0158,0.1626,0.7437,3
leaf spot524_.jpg,139.2266,150.1349,113.3905,39.2368,77.6493,155.2001,0.0057,0.0066,0.0224,981.0864,0.0302,0.2967,0.8175,3
leaf spot525_.jpg,108.9711,120.7415,86.3468,37.299,84.2716,124.5369,0.0018,0.0002,0.0171,28.6531,0.0231,0.2832,0.9929,3
leaf spot526_.jpg,108.9711,120.7415,86.3468,37.299,84.2716,124.5369,0.0018,0.0002,0.0171,28.6531,0.0231,0.2832,0.9929,3
leaf spot527_.jpg,114.3114,139.9488,70.1292,41.2519,127.4369,140.8278,0.0033,0.0319,0.0014,96.511,0.0209,0.1972,0.9504,3
leaf spot528_.jpg,121.8862,153.5737,61.1389,40.7687,149.1536,154.0769,0.0066,0.1076,0.0,30.2431,0.0314,0.3291,0.9775,3
leaf spot529_.jpg,116.9515,153.5383,53.3762,41.596,163.4401,153.8712,0.0044,0.1007,0.001,86.1618,0.0251,0.2523,0.95,3
leaf spot52_.jpg,161.5711,168.1558,149.3233,74.9333,62.514,175.6863,0.0057,0.0156,0.0,48.2779,0.0412,0.37,0.9914,3
leaf spot530_.jpg,115.7568,155.5796,46.614,42.2159,177.159,156.0345,0.005,0.0891,0.0001,93.3897,0.0242,0.2603,0.9539,3
leaf spot531_.jpg,121.3837,140.3773,92.542,38.4315,93.0011,143.5429,0.0059,0.0005,0.0755,52.5004,0.0217,0.236,0.9898,3
leaf spot532_.jpg,124.0763,142.5089,93.8861,37.7529,92.8566,146.036,0.0048,0.0001,0.0282,79.7037,0.0221,0.2513,0.9819,3
leaf spot533_.jpg,123.8813,163.4917,64.6447,41.8095,158.5102,164.2373,0.0067,0.0635,0.0,43.0622,0.0266,0.3023,0.9796,3
leaf spot534_.jpg,125.78,168.9642,65.1388,42.9449,159.8282,169.2094,0.0011,0.0963,0.0,90.7878,0.0214,0.2288,0.9573,3
leaf spot535_.jpg,110.5541,147.2012,71.1338,44.583,139.4528,148.0456,0.0005,0.001,0.0,62.6283,0.0246,0.2485,0.9716,3
leaf spot536_.jpg,116.8857,142.2449,83.2645,37.5739,115.9964,147.5,0.0006,0.0001,0.0,17.0928,0.0442,0.4181,0.9912,3
leaf spot537_.jpg,105.2137,123.8513,82.8271,42.9598,94.1918,126.3735,0.004,0.0024,0.0465,180.3362,0.0169,0.1822,0.951,3
leaf spot538_.jpg,113.453,137.9768,82.7072,41.4094,110.5172,141.2672,0.0028,0.0021,0.005,252.2163,0.016,0.1265,0.8695,3
leaf spot539_.jpg,121.7666,148.5617,88.3673,41.8816,110.9618,151.9183,0.0034,0.0023,0.0011,197.5359,0.017,0.1374,0.8949,3
leaf spot53_.jpg,174.6478,177.1508,145.9801,44.7812,65.7626,181.1068,0.0137,0.0126,0.0197,77.8851,0.1698,0.4277,0.9897,3
leaf spot540_.jpg,107.8703,131.4441,81.596,42.073,105.0688,135.6557,0.0038,0.0003,0.0002,122.6037,0.023,0.1742,0.895,3
leaf spot541_.jpg,105.3945,133.0809,78.298,43.6622,110.822,136.2062,0.0015,0.0006,0.0,83.4765,0.0256,0.2094,0.9327,3
leaf spot542_.jpg,112.6645,158.6832,69.6544,47.4769,149.6884,158.8035,0.0001,0.0054,0.0002,77.0159,0.0261,0.2221,0.9622,3
leaf spot543_.jpg,114.7455,158.2514,74.6755,47.863,141.6572,158.8219,0.0015,0.0031,0.0001,64.5654,0.0248,0.2325,0.956,3
leaf spot544_.jpg,120.5563,162.224,71.8595,45.4512,152.9117,162.3872,0.0001,0.0461,0.0005,82.8375,0.0387,0.2868,0.978,3
leaf spot545_.jpg,93.9309,120.693,70.1221,41.4137,108.3118,123.412,0.0021,0.0005,0.056,115.9381,0.0216,0.2021,0.9575,3
leaf spot546_.jpg,102.8994,130.6686,75.242,41.0409,109.3336,132.779,0.0015,0.0,0.0196,62.3553,0.0257,0.2599,0.9757,3
leaf spot547_.jpg,127.3185,148.1189,71.2425,35.9913,131.3723,150.7402,0.0124,0.0593,0.0064,48.6418,0.0276,0.25,0.9719,3
leaf spot548_.jpg,105.7456,136.5266,82.7328,46.8185,102.9759,137.2763,0.003,0.0,0.0564,40.4167,0.0246,0.2726,0.9896,3
leaf spot549_.jpg,110.2047,131.1812,83.946,39.3492,97.109,134.1295,0.0022,0.0006,0.0194,137.229,0.0174,0.163,0.9513,3
leaf spot54_.jpg,174.6478,177.1508,145.9801,44.7812,65.7626,181.1068,0.0137,0.0126,0.0197,77.8851,0.1698,0.4277,0.9897,3
leaf spot550_.jpg,115.2239,130.8915,86.4881,37.7551,94.4272,134.7851,0.0061,0.006,0.0133,203.8119,0.0156,0.1394,0.92,3
leaf spot551_.jpg,111.8662,130.3164,87.0404,39.1894,92.8678,134.0607,0.0027,0.0028,0.0122,97.293,0.0198,0.1929,0.9574,3
leaf spot552_.jpg,118.4136,137.2443,78.2571,39.1543,115.6512,139.4982,0.0082,0.0258,0.0121,77.419,0.0187,0.2289,0.9788,3
leaf spot553_.jpg,115.0209,134.5479,72.9801,37.8902,121.7607,137.2496,0.0081,0.0231,0.0139,76.2096,0.0196,0.2391,0.9789,3
leaf spot554_.jpg,117.3074,134.1009,72.5011,36.7475,122.2714,136.945,0.0137,0.0424,0.0119,45.1474,0.0224,0.2795,0.986,3
leaf spot555_.jpg,101.3309,131.0708,74.0232,45.966,118.1836,131.5559,0.0051,0.0011,0.1164,25.6163,0.0236,0.3075,0.995,3
leaf spot556_.jpg,111.0975,144.4268,77.8801,45.5461,123.2028,144.6087,0.0015,0.0021,0.0453,31.5339,0.0227,0.2853,0.992,3
leaf spot557_.jpg,102.7128,133.6685,67.5209,44.3153,124.8908,134.4839,0.0016,0.0147,0.0213,25.1165,0.0218,0.2811,0.9941,3
leaf spot558_.jpg,113.0987,147.7516,75.3774,38.7949,120.0837,150.936,0.0002,0.0185,0.0067,62.2515,0.0225,0.2225,0.9681,3
leaf spot559_.jpg,120.7436,157.1258,79.777,39.0509,121.5307,160.3338,0.0001,0.0356,0.0021,31.2682,0.0263,0.2749,0.9826,3
leaf spot55_.jpg,159.1662,163.9855,131.4784,67.3006,76.6008,167.7282,0.0153,0.0185,0.0433,100.1756,0.0534,0.3631,0.9887,3
leaf spot560_.jpg,114.0993,146.4426,82.1146,39.9422,111.282,150.1866,0.0002,0.015,0.0047,71.3084,0.0214,0.2065,0.9631,3
leaf spot561_.jpg,116.4818,147.8034,81.763,38.7132,113.0992,151.8089,0.0001,0.0212,0.0006,37.5233,0.0246,0.261,0.9791,3
leaf spot562_.jpg,113.1828,146.2274,75.5255,37.1098,119.962,150.2721,0.0015,0.0028,0.0175,621.9245,0.0229,0.214,0.7715,3
leaf spot563_.jpg,119.7968,149.6802,84.3405,36.5513,109.8192,154.6255,0.0004,0.0134,0.0022,135.6038,0.0196,0.1876,0.9353,3
leaf spot564_.jpg,98.0624,126.389,67.5909,43.5046,121.358,127.0285,0.0034,0.0028,0.0958,139.4828,0.0188,0.1986,0.9628,3
leaf spot565_.jpg,133.8946,160.4591,76.7487,36.9574,135.8889,163.7577,0.0016,0.0709,0.0012,100.3552,0.021,0.1808,0.9371,3
leaf spot566_.jpg,135.3211,157.7793,81.0069,35.2837,127.3268,161.8059,0.0014,0.0424,0.0031,64.1304,0.0239,0.2124,0.9585,3
leaf spot567_.jpg,129.8889,150.0481,79.9598,34.6128,122.9562,154.5481,0.0036,0.0355,0.0075,139.6816,0.019,0.1536,0.9273,3
leaf spot568_.jpg,145.765,172.4383,83.0238,36.2481,135.2383,175.8226,0.0004,0.0843,0.0021,25.4245,0.0312,0.342,0.9836,3
leaf spot569_.jpg,109.5519,143.7269,103.2681,58.7625,86.2883,145.6786,0.0004,0.007,0.0061,68.2782,0.0193,0.2095,0.9744,3
leaf spot56_.jpg,158.2758,156.5477,133.5532,65.2777,73.4745,163.7272,0.0284,0.0344,0.0989,79.0524,0.0435,0.3828,0.9915,3
leaf spot570_.jpg,93.7819,143.2044,90.2226,60.1117,111.5798,143.8409,0.0002,0.0002,0.0008,48.1321,0.0296,0.2607,0.9609,3
leaf spot571_.jpg,98.2066,150.0345,92.1405,58.9836,114.8792,150.5453,0.0001,0.0009,0.0001,47.9955,0.0302,0.2745,0.964,3
leaf spot572_.jpg,100.2449,151.8367,97.0058,61.5628,113.0293,152.3905,0.0001,0.0011,0.0,48.0944,0.0288,0.3049,0.9717,3
leaf spot573_.jpg,86.386,116.3886,79.4364,58.1164,99.24,118.3487,0.0024,0.0063,0.0249,81.5904,0.0222,0.2129,0.9709,3
leaf spot574_.jpg,104.0762,134.2645,96.384,59.3373,88.7103,137.0842,0.0008,0.0059,0.0073,66.569,0.0211,0.2083,0.9752,3
leaf spot575_.jpg,113.4845,131.327,88.9828,38.4568,91.0726,138.2368,0.0011,0.0033,0.0027,102.4047,0.0181,0.1746,0.956,3
leaf spot576_.jpg,113.7249,130.6029,90.4811,37.4455,84.4746,137.0582,0.0005,0.0071,0.0019,91.8024,0.0198,0.18,0.9536,3
leaf spot577_.jpg,119.4037,137.5048,97.2409,38.7918,80.5318,143.7559,0.0005,0.0062,0.0009,77.6372,0.0206,0.188,0.9592,3
leaf spot579_.jpg,120.7645,134.8568,71.6104,36.4397,127.5803,139.5098,0.0357,0.0102,0.011,32.0626,0.0237,0.263,0.9862,3
leaf spot57_.jpg,189.4959,189.3439,164.7067,72.5324,56.203,194.1708,0.0256,0.0349,0.0,34.8073,0.0553,0.4299,0.9927,3
leaf spot580_.jpg,125.2769,138.2518,74.6174,35.7813,125.1244,143.186,0.0349,0.0153,0.008,37.0338,0.0229,0.2442,0.9836,3
leaf spot581_.jpg,120.7958,147.4371,78.8239,41.7089,121.3274,148.5036,0.0117,0.0047,0.0014,35.2574,0.0277,0.2986,0.9804,3
leaf spot582_.jpg,112.7675,142.3866,82.5518,46.7155,113.5142,143.4134,0.0022,0.0043,0.0032,55.107,0.0234,0.2568,0.9852,3
leaf spot583_.jpg,114.328,141.96,79.0807,45.0751,122.4517,142.9273,0.0058,0.0138,0.0571,119.7337,0.0156,0.177,0.9726,3
leaf spot584_.jpg,99.2717,126.1644,68.027,46.6891,128.9483,126.9115,0.0029,0.0145,0.0713,99.9852,0.0159,0.1924,0.9804,3
leaf spot585_.jpg,111.7306,110.9737,65.5028,27.9458,129.1184,122.6694,0.0397,0.0045,0.0817,243.5991,0.0166,0.1793,0.953,3
leaf spot586_.jpg,88.2436,91.5899,51.9359,30.0737,132.2771,99.6639,0.0132,0.0017,0.1593,70.5645,0.0193,0.2103,0.9831,3
leaf spot587_.jpg,107.8598,121.0029,80.7993,45.3577,110.6066,126.5989,0.0303,0.004,0.0,82.2203,0.0199,0.2133,0.9841,3
leaf spot588_.jpg,111.9431,135.2536,78.0712,42.5322,124.5089,142.1589,0.009,0.0078,0.0,88.155,0.0213,0.2036,0.9657,3
leaf spot589_.jpg,120.1897,144.19,71.8864,39.7276,136.4516,148.3459,0.0078,0.0781,0.0002,116.0375,0.0187,0.1798,0.97,3
leaf spot58_.jpg,148.2603,160.2362,145.2098,76.9732,83.8594,173.1029,0.0276,0.0132,0.0,25.3163,0.0588,0.4697,0.9958,3
leaf spot590_.jpg,110.1232,137.3134,82.0177,46.4054,119.0786,141.744,0.0031,0.0082,0.0,106.5761,0.0227,0.2013,0.9655,3
leaf spot591_.jpg,137.5104,156.2317,106.7201,41.1653,94.5888,159.5815,0.0211,0.0045,0.0019,92.0257,0.0191,0.191,0.9802,3
leaf spot592_.jpg,134.5974,151.6989,110.6258,41.794,81.6542,155.2187,0.0117,0.0015,0.023,105.4823,0.0145,0.1749,0.9797,3
leaf spot593_.jpg,139.5942,156.5476,115.1752,41.7295,79.1875,160.1875,0.0094,0.0025,0.0059,139.3748,0.0143,0.1673,0.9719,3
leaf spot594_.jpg,104.253,113.63,92.1737,49.418,73.5316,118.0735,0.0103,0.0021,0.0093,78.218,0.0214,0.2346,0.9859,3
leaf spot595_.jpg,113.1714,120.9853,96.5149,48.7353,80.1904,127.7409,0.0102,0.0116,0.0067,88.8968,0.019,0.2263,0.9821,3
leaf spot596_.jpg,126.4559,150.3694,68.6551,42.1144,144.8631,151.2271,0.012,0.0961,0.0,111.7474,0.0342,0.231,0.9676,3
leaf spot597_.jpg,112.0719,145.6105,48.1319,41.0451,168.7536,146.6466,0.0105,0.0957,0.0119,127.7151,0.0203,0.211,0.9494,3
leaf spot598_.jpg,105.1021,133.549,49.7333,40.4483,159.3154,135.3419,0.0147,0.0714,0.0015,136.1149,0.0181,0.1786,0.9481,3
leaf spot599_.jpg,115.4576,142.0274,57.3621,39.143,151.7845,144.8085,0.0228,0.0856,0.0,174.2821,0.0171,0.1597,0.9352,3
leaf spot59_.jpg,136.9496,147.6217,135.3741,73.2134,92.0511,162.7867,0.0367,0.0,0.0001,102.5615,0.0589,0.3635,0.9795,3
leaf spot5_.jpg,133.8596,148.2036,126.8112,75.1652,83.2297,155.478,0.0012,0.0017,0.0364,110.3921,0.0311,0.3705,0.9832,3
leaf spot600_.jpg,134.426,124.4075,89.971,28.5699,103.833,146.0997,0.1133,0.0048,0.0,45.8897,0.0252,0.2903,0.9836,3
leaf spot601_.jpg,124.7673,119.3238,81.0824,29.396,111.9526,137.3042,0.1455,0.01,0.0,59.6895,0.0244,0.2708,0.9822,3
leaf spot602_.jpg,113.0312,101.2201,65.6589,24.424,124.7367,120.9165,0.0611,0.0049,0.0267,88.1669,0.0227,0.2536,0.981,3
leaf spot603_.jpg,128.2293,123.6753,84.2004,31.2479,108.6023,141.6949,0.1032,0.0156,0.0,32.3073,0.0258,0.3007,0.9882,3
leaf spot604_.jpg,125.8829,125.0366,83.8635,31.9954,109.7759,140.6831,0.0818,0.0182,0.0,44.3879,0.0248,0.2874,0.9868,3
leaf spot605_.jpg,129.767,128.0729,82.7666,30.2535,112.1477,144.4006,0.1131,0.019,0.0,60.3184,0.0247,0.2858,0.9822,3
leaf spot606_.jpg,137.7998,128.0365,87.1823,27.2594,108.4236,148.1303,0.1387,0.0126,0.0,31.8589,0.0257,0.3127,0.9914,3
leaf spot607_.jpg,112.7209,106.2751,75.9047,27.9931,108.1697,121.1749,0.0842,0.0021,0.0406,155.7644,0.0218,0.2355,0.974,3
leaf spot608_.jpg,94.3382,91.9521,65.7616,28.5355,108.2899,102.6047,0.026,0.0,0.1864,90.1619,0.0246,0.2486,0.9851,3
leaf spot609_.jpg,136.0087,123.5509,89.7135,25.7522,103.7195,143.7643,0.0921,0.0122,0.0,126.0874,0.0221,0.2411,0.975,3
leaf spot60_.jpg,136.7823,146.7062,139.3125,76.3266,84.7944,162.0721,0.0229,0.0,0.0052,86.3156,0.0525,0.3844,0.9844,3
leaf spot610_.jpg,110.8514,121.2332,94.6472,43.4286,93.7593,133.7541,0.0312,0.0,0.0102,98.0741,0.0241,0.2532,0.957,3
leaf spot611_.jpg,103.5992,119.0681,96.0833,48.0892,87.8199,128.4359,0.0212,0.0,0.0033,108.4384,0.0271,0.2508,0.9348,3
leaf spot612_.jpg,107.1992,121.7466,105.267,50.2423,78.7369,130.6049,0.0046,0.0,0.0073,99.1631,0.0241,0.2576,0.9614,3
leaf spot613_.jpg,94.836,99.0151,90.2286,47.6335,71.7886,108.4503,0.0022,0.0,0.0558,79.9087,0.0247,0.2911,0.9775,3
leaf spot614_.jpg,101.957,114.1805,91.8283,45.9459,88.4039,124.0674,0.0513,0.0,0.0013,77.9763,0.026,0.2581,0.9553,3
leaf spot615_.jpg,96.1451,118.9292,91.6855,54.0073,89.8403,124.6045,0.0031,0.0006,0.0205,110.6247,0.0199,0.2296,0.9631,3
leaf spot616_.jpg,93.2194,118.4112,94.372,59.0314,84.7314,122.3562,0.0009,0.0005,0.0012,116.9327,0.0199,0.205,0.9524,3
leaf spot617_.jpg,96.9776,121.143,91.3761,53.6074,90.3001,126.0396,0.003,0.0012,0.0,125.0992,0.0205,0.211,0.9535,3
leaf spot618_.jpg,108.901,131.0678,88.5143,43.9989,101.2084,138.0735,0.0017,0.0043,0.0,67.1928,0.0256,0.2743,0.9734,3
leaf spot619_.jpg,110.0886,125.5699,80.6561,39.9744,109.853,135.6547,0.0297,0.0056,0.0069,79.488,0.0231,0.2588,0.9674,3
leaf spot61_.jpg,138.9877,149.0565,143.2425,77.2534,83.9936,165.633,0.03,0.0,0.0018,95.4572,0.0689,0.3866,0.9813,3
leaf spot620_.jpg,103.8341,121.7537,95.3599,51.9527,83.8066,128.7326,0.0035,0.0001,0.0,42.1486,0.0254,0.2976,0.9852,3
leaf spot621_.jpg,102.8857,122.5514,107.3683,65.6005,67.5683,126.0791,0.0028,0.0004,0.0,53.1465,0.0211,0.2444,0.9844,3
leaf spot622_.jpg,96.682,106.7697,91.2051,56.0409,67.9569,110.961,0.0139,0.0,0.0793,35.1444,0.0247,0.3117,0.9933,3
leaf spot623_.jpg,139.7982,151.3865,128.2393,50.7243,53.7276,154.5072,0.0042,0.0,0.0074,91.7392,0.0168,0.1923,0.985,3
leaf spot624_.jpg,97.053,112.0864,93.9259,57.4749,56.3499,112.9739,0.0023,0.0,0.0129,54.2965,0.0231,0.2461,0.9838,3
leaf spot625_.jpg,106.5395,123.2831,93.6016,51.2549,77.1654,127.4857,0.0161,0.0,0.0,96.6714,0.0222,0.2359,0.9662,3
leaf spot626_.jpg,110.0051,131.4834,107.9467,59.9299,65.3149,134.0171,0.0014,0.0,0.0,62.5263,0.0206,0.2426,0.9809,3
leaf spot627_.jpg,83.1097,94.0397,67.504,46.5382,88.0768,97.5672,0.0072,0.0,0.1626,68.0413,0.0257,0.2592,0.9866,3
leaf spot628_.jpg,112.5866,119.0625,85.666,37.0106,87.942,126.2577,0.0312,0.0,0.0304,85.2667,0.0187,0.2332,0.9788,3
leaf spot629_.jpg,118.9987,130.023,88.2361,40.4056,99.0117,139.8414,0.0179,0.0003,0.0,33.816,0.0259,0.2963,0.9887,3
leaf spot62_.jpg,152.181,162.6313,157.6308,79.4622,81.7618,181.2486,0.039,0.0003,0.0,123.5453,0.0708,0.3836,0.9735,3
leaf spot630_.jpg,111.4874,112.0801,73.0671,31.0491,108.3684,123.1929,0.0449,0.0014,0.0349,126.7832,0.0195,0.2152,0.9683,3
leaf spot631_.jpg,127.3701,117.8683,87.7666,31.9885,90.7165,135.71,0.0579,0.0001,0.0001,97.974,0.019,0.1953,0.9595,3
leaf spot632_.jpg,128.5093,124.1831,88.3297,33.0785,93.0108,138.7409,0.0548,0.0011,0.0,123.5621,0.0183,0.1846,0.9503,3
leaf spot633_.jpg,132.9736,123.3707,92.4149,31.8806,89.7335,141.3943,0.0508,0.0007,0.0001,89.2932,0.0189,0.1921,0.9641,3
leaf spot634_.jpg,132.183,123.3067,86.7792,24.3566,103.8,139.6822,0.0493,0.037,0.0289,248.7988,0.013,0.1247,0.9599,3
leaf spot635_.jpg,118.1621,104.0714,71.2502,21.5683,114.6021,123.8113,0.0822,0.0099,0.0325,179.2315,0.0164,0.1755,0.9564,3
leaf spot636_.jpg,123.1,108.7709,72.5215,21.4961,116.6181,129.2942,0.0785,0.0047,0.0212,148.8044,0.0174,0.1876,0.9599,3
leaf spot637_.jpg,121.0026,102.4749,67.5013,19.1438,123.4533,126.3047,0.0903,0.0027,0.0317,122.2328,0.0202,0.2277,0.9685,3
leaf spot638_.jpg,129.0364,118.6532,80.7659,22.6248,110.1268,138.3305,0.0436,0.0036,0.0,97.7737,0.0202,0.2376,0.9733,3
leaf spot639_.jpg,102.8203,121.6439,85.3873,48.4983,86.5844,124.1668,0.0102,0.0,0.0218,94.4408,0.0177,0.179,0.9773,3
leaf spot63_.jpg,141.8263,152.0646,143.8836,75.9683,87.1331,169.1351,0.0362,0.0,0.0,125.7732,0.0675,0.3598,0.9733,3
leaf spot640_.jpg,108.7545,137.1107,83.2845,47.159,109.431,138.0076,0.0029,0.0073,0.0,65.9978,0.0207,0.2214,0.9748,3
leaf spot641_.jpg,101.4834,122.7998,67.4235,42.3881,124.3554,123.94,0.0099,0.0095,0.0007,73.1467,0.0213,0.2227,0.9709,3
leaf spot642_.jpg,114.222,129.3128,76.3593,38.0315,115.0015,132.9947,0.0262,0.0075,0.0057,60.487,0.0222,0.2551,0.9799,3
leaf spot643_.jpg,118.5554,125.5536,71.0006,32.9873,123.7043,136.1661,0.0407,0.0384,0.0,67.8787,0.0202,0.2097,0.9743,3
leaf spot644_.jpg,119.7529,129.0199,57.7705,30.2166,141.8295,138.9052,0.0598,0.0903,0.0091,71.1769,0.0194,0.226,0.9802,3
leaf spot645_.jpg,112.5661,127.013,59.8135,34.7851,138.7867,135.9522,0.0539,0.0548,0.0008,69.8988,0.0209,0.2228,0.9736,3
leaf spot646_.jpg,120.3123,130.1328,74.2829,35.5145,120.4517,139.5375,0.046,0.0336,0.0,87.6228,0.0194,0.1961,0.9705,3
leaf spot647_.jpg,132.2183,150.3577,93.4029,39.3909,109.0428,156.4027,0.0206,0.0251,0.0002,123.8692,0.0157,0.1648,0.9693,3
leaf spot648_.jpg,100.6245,119.3279,63.9325,39.6673,129.2733,123.8484,0.0189,0.0245,0.0015,123.4474,0.0199,0.2072,0.9642,3
leaf spot650_.jpg,109.076,126.1993,95.8132,42.1601,92.7773,136.0746,0.0051,0.0001,0.0014,64.3858,0.0267,0.2398,0.9619,3
leaf spot651_.jpg,116.2879,133.9132,110.3283,44.9344,84.8081,143.5245,0.0001,0.0,0.0,62.4954,0.0278,0.2507,0.9576,3
leaf spot652_.jpg,119.088,127.7756,102.9771,39.4563,85.1237,140.5157,0.0011,0.0,0.0,47.9509,0.0309,0.3439,0.9766,3
leaf spot653_.jpg,151.2783,177.5825,104.6926,41.1987,111.3711,178.7097,0.0084,0.0227,0.0,152.0062,0.0159,0.1597,0.9481,3
leaf spot654_.jpg,113.9294,140.5884,63.5299,39.0222,145.511,143.0941,0.0125,0.0244,0.0,158.3233,0.0192,0.2018,0.9289,3
leaf spot655_.jpg,109.2872,128.1947,58.5093,36.6617,148.9535,133.6248,0.0353,0.0259,0.0001,171.6122,0.0185,0.2026,0.9417,3
leaf spot656_.jpg,119.4848,133.2278,65.7091,33.8343,140.9621,141.358,0.0414,0.0175,0.0,139.0867,0.0197,0.217,0.9517,3
leaf spot657_.jpg,111.9624,123.5536,61.7311,32.7565,140.5134,133.4988,0.0531,0.0118,0.0,129.523,0.0214,0.225,0.9555,3
leaf spot658_.jpg,121.3812,135.3711,65.4379,33.4304,142.9584,144.1208,0.0476,0.0214,0.0,140.0095,0.0201,0.2308,0.9497,3
leaf spot659_.jpg,111.5153,149.6848,57.2174,42.3926,162.1405,151.2179,0.0015,0.0276,0.0,62.3262,0.0216,0.2483,0.9713,3
leaf spot65_.jpg,141.3964,148.4823,109.5264,49.7918,79.1445,150.3076,0.0046,0.016,0.0,45.3392,0.0497,0.3255,0.9874,3
leaf spot660_.jpg,103.2018,125.0918,91.8315,51.4669,77.3613,125.7508,0.0078,0.0,0.0073,83.3879,0.0191,0.1963,0.9757,3
leaf spot661_.jpg,107.3901,126.0327,92.1126,48.0383,76.3808,129.2316,0.0278,0.0001,0.0077,40.9538,0.0329,0.2464,0.9696,3
leaf spot662_.jpg,108.13,116.2431,74.236,36.1772,104.2736,123.4178,0.0294,0.0,0.0284,42.4899,0.021,0.2449,0.9848,3
leaf spot663_.jpg,121.6366,106.3957,73.1826,21.4656,111.0937,125.9323,0.1058,0.0118,0.0025,256.9629,0.0249,0.2537,0.9329,3
leaf spot664_.jpg,100.2572,90.578,64.605,24.7039,112.6185,106.2689,0.0826,0.0041,0.0642,209.3661,0.0239,0.244,0.9602,3
leaf spot665_.jpg,120.326,117.7926,88.3163,32.6711,91.9434,131.6808,0.0621,0.0,0.0088,198.9841,0.0188,0.1934,0.9515,3
leaf spot666_.jpg,118.6117,122.9193,89.887,37.6766,90.6254,133.2457,0.0548,0.0003,0.0044,187.3005,0.0173,0.1816,0.9518,3
leaf spot667_.jpg,95.1774,88.2895,63.2606,24.1534,114.8987,101.9129,0.0104,0.0002,0.2235,164.6725,0.0241,0.2282,0.9771,3
leaf spot668_.jpg,124.1869,125.1574,85.4589,31.024,109.213,136.82,0.0735,0.0005,0.0155,155.0972,0.016,0.2082,0.976,3
leaf spot669_.jpg,121.4347,109.4871,80.9733,30.1202,103.6535,130.4638,0.0732,0.0005,0.0288,63.2114,0.023,0.2684,0.985,3
leaf spot66_.jpg,144.0666,154.3613,108.7273,51.9127,92.8513,156.5295,0.0018,0.0314,0.0,77.0468,0.0539,0.3168,0.9834,3
leaf spot670_.jpg,119.202,110.3677,83.321,26.8328,100.5024,126.941,0.0836,0.0001,0.0781,90.1314,0.0212,0.2489,0.9881,3
leaf spot671_.jpg,108.6476,128.264,96.3029,55.6914,82.3882,130.321,0.0087,0.0068,0.0,49.2596,0.024,0.2672,0.987,3
leaf spot672_.jpg,100.4838,124.6532,82.6182,54.7197,96.2469,127.1291,0.006,0.0507,0.0,62.9852,0.026,0.2664,0.9791,3
leaf spot673_.jpg,105.4216,131.3774,78.393,52.7103,105.1447,132.5811,0.0006,0.052,0.0031,99.3053,0.0204,0.2167,0.9805,3
leaf spot674_.jpg,127.3295,146.8029,110.359,47.647,82.0016,148.2702,0.0019,0.0171,0.0056,92.7432,0.027,0.2563,0.9907,3
leaf spot675_.jpg,121.0996,150.1309,85.8727,50.5087,110.8933,150.6774,0.0012,0.0723,0.0,85.4687,0.0194,0.2294,0.9843,3
leaf spot676_.jpg,104.3401,120.7721,86.8638,51.9588,87.6662,124.3209,0.0045,0.0093,0.0058,86.9295,0.0198,0.2348,0.9787,3
leaf spot677_.jpg,95.7136,120.5748,85.7371,58.8269,87.4346,121.2363,0.0017,0.0191,0.0,54.1593,0.0258,0.2845,0.9804,3
leaf spot678_.jpg,109.7298,140.8817,87.3174,57.5348,100.1767,141.5731,0.0017,0.0837,0.0,45.5474,0.0275,0.3116,0.9876,3
leaf spot679_.jpg,116.351,115.2467,76.8922,26.3746,104.6535,129.4108,0.0531,0.0055,0.0,65.4194,0.0317,0.2725,0.968,3
leaf spot67_.jpg,135.8677,157.0052,117.7058,54.7272,76.8992,157.6199,0.0004,0.0026,0.0,193.4752,0.0596,0.2128,0.9567,3
leaf spot680_.jpg,103.6877,102.1907,69.1857,27.5132,106.1017,115.745,0.041,0.0013,0.0006,71.0097,0.0347,0.299,0.9704,3
leaf spot681_.jpg,117.2257,107.2035,77.6615,22.9691,101.5312,124.2878,0.0425,0.0002,0.0102,60.8166,0.0321,0.3023,0.9855,3
leaf spot682_.jpg,101.7698,112.7926,81.6417,41.4403,101.4969,124.899,0.015,0.0,0.0007,28.1933,0.032,0.3327,0.988,3
leaf spot683_.jpg,92.9231,105.4521,74.0044,41.6012,109.1951,116.539,0.0146,0.0004,0.0307,49.9593,0.0272,0.2968,0.9823,3
leaf spot684_.jpg,101.6656,112.5198,76.3518,37.7215,107.8369,124.2579,0.0224,0.0001,0.0,39.8358,0.0295,0.3126,0.9825,3
leaf spot685_.jpg,114.264,119.8879,81.8902,34.7706,105.6004,134.1242,0.0441,0.0002,0.0,45.6465,0.027,0.284,0.9784,3
leaf spot686_.jpg,110.4901,119.6037,72.1603,32.697,120.4128,132.6614,0.0318,0.0064,0.001,46.4774,0.0256,0.2863,0.9842,3
leaf spot687_.jpg,139.2227,125.8323,89.4555,25.7785,103.0875,147.4941,0.0701,0.0011,0.0305,77.9361,0.0194,0.2317,0.9778,3
leaf spot688_.jpg,128.9167,123.4857,86.1033,31.4624,97.9604,139.6243,0.1165,0.0006,0.0,91.7812,0.0213,0.1958,0.9608,3
leaf spot689_.jpg,132.2013,122.059,89.9935,29.3284,91.7427,140.4933,0.0697,0.0,0.0,73.5943,0.0222,0.2234,0.9661,3
leaf spot68_.jpg,129.1746,150.2861,110.9746,54.5293,80.6732,150.9585,0.0005,0.0021,0.0002,172.3653,0.0439,0.1992,0.9619,3
leaf spot690_.jpg,128.7775,124.5945,95.4693,33.3086,82.1607,138.9684,0.0554,0.0,0.0,64.0984,0.0249,0.2544,0.9711,3
leaf spot691_.jpg,117.4836,119.6643,71.727,30.7341,113.6564,128.0499,0.046,0.061,0.0024,72.297,0.0217,0.2475,0.9832,3
leaf spot692_.jpg,134.0471,143.537,73.8647,33.0649,127.8937,151.5706,0.0276,0.1274,0.0,112.5766,0.0185,0.2051,0.9644,3
leaf spot693_.jpg,121.1114,134.5991,65.5093,35.2553,135.8804,143.3947,0.026,0.0927,0.0071,141.8312,0.018,0.1935,0.9581,3
leaf spot694_.jpg,121.2562,139.8293,66.2497,35.8578,138.0716,147.1074,0.0368,0.0833,0.0,130.6348,0.0213,0.2089,0.9558,3
leaf spot695_.jpg,139.946,124.9892,80.3785,23.6173,116.9503,145.6594,0.1094,0.0485,0.0002,68.8883,0.0183,0.2047,0.978,3
leaf spot696_.jpg,140.1692,125.1302,76.3751,23.323,123.4378,145.6766,0.1079,0.0655,0.0016,75.5782,0.0176,0.1959,0.9754,3
leaf spot697_.jpg,124.2483,148.6156,79.3074,44.5964,126.4744,153.8304,0.0096,0.1336,0.0037,186.6366,0.0173,0.1752,0.9499,3
leaf spot698_.jpg,123.5966,141.5963,53.8783,33.945,156.9335,148.2427,0.027,0.1995,0.0191,212.525,0.0162,0.1856,0.9521,3
leaf spot699_.jpg,100.8635,117.3967,46.8497,37.1508,148.2853,122.1533,0.0145,0.0986,0.2199,163.1444,0.0273,0.2435,0.9749,3
leaf spot69_.jpg,161.0373,179.282,137.0294,53.6054,71.993,179.9876,0.0001,0.0034,0.0,153.8775,0.0841,0.2851,0.9711,3
leaf spot700_.jpg,123.059,131.1123,82.0444,37.4389,112.8143,142.6765,0.0617,0.0282,0.0,55.4053,0.0211,0.2379,0.9844,3
leaf spot701_.jpg,115.4853,106.1475,81.0658,29.8616,98.2973,125.2226,0.081,0.0028,0.003,83.0264,0.0191,0.2091,0.9768,3
leaf spot702_.jpg,118.6757,112.1662,84.2965,30.6168,97.6163,129.9722,0.1065,0.0046,0.0218,106.6455,0.0185,0.193,0.9708,3
leaf spot703_.jpg,136.4243,125.5122,101.769,30.1873,87.7613,146.1483,0.0298,0.0029,0.0136,104.9761,0.0174,0.2096,0.9775,3
leaf spot704_.jpg,127.1285,131.0478,80.879,33.3422,114.3479,144.9882,0.0167,0.0365,0.042,123.9405,0.0179,0.2207,0.9747,3
leaf spot705_.jpg,127.9895,130.6884,110.1098,43.8314,72.7958,142.9552,0.0279,0.003,0.0027,127.4919,0.0173,0.194,0.9683,3
leaf spot706_.jpg,111.9289,122.4736,69.1829,33.5165,124.7204,134.3301,0.0413,0.0279,0.0019,159.2983,0.0186,0.1761,0.9335,3
leaf spot707_.jpg,87.1548,84.0445,67.0054,35.4551,83.3128,93.1291,0.054,0.0,0.3202,431.4492,0.0241,0.2468,0.9276,3
leaf spot708_.jpg,136.0704,141.296,117.2363,42.1149,63.5331,148.676,0.0148,0.0001,0.0188,101.1598,0.0147,0.1631,0.98,3
leaf spot709_.jpg,111.3886,113.2929,94.4058,41.7068,64.5022,121.1346,0.0282,0.0,0.0227,63.9894,0.019,0.2238,0.9828,3
leaf spot70_.jpg,132.2306,152.1153,105.0514,46.3351,85.4025,153.0125,0.0016,0.0097,0.0,256.1551,0.0142,0.1172,0.9227,3
leaf spot710_.jpg,123.6546,125.6912,105.2052,36.9803,66.5914,133.9746,0.0191,0.0002,0.0539,144.3079,0.0145,0.159,0.9763,3
leaf spot711_.jpg,96.7711,96.3237,81.2189,33.2436,71.1099,102.8399,0.0029,0.0,0.232,95.0512,0.0251,0.2507,0.9875,3
leaf spot712_.jpg,105.209,104.2004,85.6691,40.1578,71.7439,114.1944,0.0259,0.0,0.008,68.35,0.0212,0.2245,0.9826,3
leaf spot713_.jpg,113.4121,116.8295,81.5944,32.8353,95.5938,125.6007,0.0179,0.0071,0.0011,53.4621,0.0262,0.2924,0.9876,3
leaf spot714_.jpg,126.4999,133.7436,101.8039,36.2723,77.5882,138.2819,0.0084,0.0002,0.0085,40.8713,0.0219,0.2818,0.9929,3
leaf spot715_.jpg,106.4428,119.7058,90.3663,42.2683,78.0135,121.4968,0.0011,0.0,0.097,94.3827,0.0204,0.2265,0.9835,3
leaf spot716_.jpg,111.5468,125.8834,91.9459,42.7006,78.8408,127.6579,0.01,0.0053,0.0541,49.7656,0.02,0.255,0.9871,3
leaf spot717_.jpg,98.8192,110.134,78.2244,39.2942,87.6901,112.4629,0.0058,0.0,0.1499,47.5487,0.0265,0.2866,0.9917,3
leaf spot718_.jpg,119.7709,125.8753,75.9551,37.5921,108.0629,133.7641,0.0222,0.1062,0.0061,119.192,0.0186,0.2134,0.97,3
leaf spot719_.jpg,101.3933,111.9511,71.1696,39.4303,105.2561,117.0944,0.0325,0.0082,0.0029,76.3669,0.0228,0.2452,0.9637,3
leaf spot71_.jpg,125.3602,141.9094,88.8883,41.5956,104.7585,142.7559,0.0033,0.0031,0.0,157.6808,0.0176,0.167,0.9477,3
leaf spot720_.jpg,139.4006,148.1157,125.2849,45.9449,64.4257,156.2849,0.0057,0.0015,0.0,27.9468,0.0228,0.2921,0.9914,3
leaf spot721_.jpg,111.9977,113.7427,85.057,35.0801,86.5432,122.7929,0.035,0.0008,0.0,22.7468,0.0274,0.3515,0.9923,3
leaf spot722_.jpg,112.3508,129.9575,84.9865,47.486,102.9108,133.4274,0.0192,0.0207,0.0029,68.4814,0.0203,0.2239,0.9845,3
leaf spot725_.jpg,100.7974,112.159,73.1596,36.8816,109.4751,123.1571,0.0442,0.0013,0.0,57.585,0.029,0.2508,0.9497,3
leaf spot726_.jpg,101.3153,116.0452,90.2826,44.7617,91.5396,125.5024,0.0229,0.0002,0.0023,93.4431,0.0228,0.1961,0.9546,3
leaf spot727_.jpg,92.4427,114.5563,87.9948,51.1511,92.335,121.2331,0.0101,0.0001,0.0006,83.8833,0.0254,0.2126,0.9445,3
leaf spot728_.jpg,94.1913,123.0683,78.7314,48.3186,111.8237,128.6381,0.0016,0.0048,0.0,71.2927,0.0312,0.2834,0.9403,3
leaf spot729_.jpg,113.316,129.2027,79.7281,36.9948,110.6921,139.1552,0.0065,0.0026,0.0001,53.9147,0.0308,0.2924,0.9502,3
leaf spot72_.jpg,126.1115,144.6369,108.2171,50.6168,75.406,146.4251,0.0009,0.0035,0.0001,157.7506,0.024,0.1783,0.9493,3
leaf spot730_.jpg,107.6594,106.7827,86.0693,38.004,77.1615,117.9886,0.0257,0.0,0.0091,39.2069,0.0248,0.2907,0.9891,3
leaf spot731_.jpg,99.7534,112.8908,92.8589,53.5554,74.1268,119.7689,0.0033,0.0,0.0006,102.6179,0.0204,0.2038,0.9576,3
leaf spot732_.jpg,102.3758,111.3924,77.734,42.0071,95.3454,119.804,0.0246,0.0048,0.0544,42.6308,0.0256,0.2601,0.9832,3
leaf spot733_.jpg,103.9644,118.4297,88.6779,48.5818,83.5222,126.0332,0.019,0.0004,0.0,49.542,0.0278,0.2358,0.9687,3
leaf spot734_.jpg,107.0218,123.3833,88.5271,46.6264,89.0988,129.8328,0.0172,0.0001,0.0,136.9583,0.0225,0.177,0.9237,3
leaf spot735_.jpg,98.2474,111.1459,81.8366,43.5087,89.8139,118.8676,0.0131,0.0004,0.0,86.9717,0.028,0.241,0.9514,3
leaf spot736_.jpg,122.3362,119.558,88.7302,34.5282,89.1551,134.1028,0.0624,0.0004,0.0003,45.1131,0.0247,0.2411,0.9787,3
leaf spot737_.jpg,118.2945,128.8368,88.9954,42.0704,105.5141,141.1847,0.0134,0.0066,0.0291,82.3389,0.0203,0.2333,0.9819,3
leaf spot738_.jpg,136.0832,125.1606,101.6475,31.9616,85.8091,143.6468,0.0335,0.0002,0.0216,101.254,0.0194,0.2583,0.9873,3
leaf spot739_.jpg,132.1079,129.6779,102.0393,37.7669,85.3356,144.7373,0.0228,0.0009,0.0026,70.7168,0.0294,0.2906,0.9894,3
leaf spot73_.jpg,175.3113,181.8152,147.5859,65.7328,79.517,189.2953,0.0036,0.0737,0.0,65.0739,0.0506,0.3713,0.9863,3
leaf spot740_.jpg,110.0293,109.0675,83.1621,39.6921,93.8295,123.7811,0.0275,0.0006,0.0116,89.5141,0.0216,0.2482,0.979,3
leaf spot741_.jpg,114.0103,120.3211,107.6971,67.7437,64.8743,129.2785,0.006,0.0019,0.0476,69.1224,0.0179,0.2271,0.9877,3
leaf spot742_.jpg,116.6553,120.1673,113.8775,46.476,37.5168,125.1002,0.0107,0.0,0.0266,55.2837,0.2593,0.4387,0.9853,3
leaf spot743_.jpg,123.1918,127.6765,106.3352,40.2159,65.4707,134.8396,0.0184,0.0023,0.1376,156.9194,0.0152,0.1852,0.9838,3
leaf spot744_.jpg,130.0641,134.4012,110.7894,38.8835,67.2135,143.825,0.0217,0.0035,0.0643,149.2149,0.0158,0.1762,0.9782,3
leaf spot745_.jpg,115.6179,123.6321,90.1458,38.6846,93.134,130.3711,0.0266,0.0009,0.0349,76.0728,0.0178,0.2156,0.9885,3
leaf spot746_.jpg,131.1225,147.5778,110.9924,44.525,77.0657,149.898,0.0119,0.0,0.0001,103.1087,0.0149,0.1717,0.9774,3
leaf spot747_.jpg,118.7668,133.256,99.7541,45.1304,76.5288,137.0261,0.0165,0.0,0.0078,75.5768,0.0187,0.1905,0.9724,3
leaf spot748_.jpg,98.7473,113.8886,88.1757,49.9069,70.9216,116.6703,0.0282,0.0,0.0344,46.1291,0.021,0.2286,0.9847,3
leaf spot749_.jpg,99.5108,110.0865,87.0537,47.4829,68.6959,114.5011,0.0012,0.0,0.0204,55.6942,0.0215,0.2317,0.9803,3
leaf spot74_.jpg,150.2459,159.4478,136.1167,70.7602,86.9955,169.7731,0.0343,0.0091,0.0001,68.7199,0.0331,0.3811,0.9871,3
leaf spot750_.jpg,122.4696,108.4311,91.6227,30.3723,80.4209,127.9254,0.0823,0.0,0.0215,57.1223,0.0199,0.2595,0.9866,3
leaf spot751_.jpg,116.222,96.5239,82.0576,22.2661,87.457,119.1129,0.0778,0.0021,0.0151,42.4157,0.0238,0.2884,0.9884,3
leaf spot752_.jpg,119.6549,159.8683,62.125,43.903,152.1547,160.2329,0.0006,0.1157,0.0,90.8979,0.0227,0.264,0.9601,3
leaf spot753_.jpg,115.1247,151.6066,59.998,43.4488,149.085,152.023,0.0026,0.1045,0.0,95.8382,0.0212,0.2513,0.9653,3
leaf spot754_.jpg,120.6016,144.6544,91.2633,48.8551,97.9099,147.4074,0.0004,0.0435,0.0,64.3783,0.0267,0.3204,0.9746,3
leaf spot755_.jpg,137.7514,158.3373,80.0458,37.5036,122.287,160.4913,0.004,0.0775,0.0,65.567,0.0255,0.3278,0.9781,3
leaf spot756_.jpg,168.7226,182.6998,133.7517,40.2456,72.1752,184.0196,0.0001,0.0017,0.0,46.5114,0.0239,0.2959,0.9844,3
leaf spot757_.jpg,158.2996,169.2078,117.5165,42.8137,83.5002,171.0543,0.0028,0.0321,0.0,52.9982,0.0235,0.3294,0.9872,3
leaf spot758_.jpg,152.3468,160.3593,102.2289,40.3011,104.153,164.0408,0.018,0.0737,0.006,106.4743,0.0597,0.2932,0.9814,3
leaf spot759_.jpg,142.3549,143.9889,96.0847,52.6775,92.0314,150.4616,0.0238,0.0688,0.0558,74.6565,0.0382,0.3328,0.9886,3
leaf spot75_.jpg,149.0781,158.0513,128.9879,66.3002,91.7208,167.0366,0.0281,0.023,0.0,78.1703,0.0281,0.3606,0.9842,3
leaf spot760_.jpg,141.8815,159.7667,102.7828,39.4794,98.0032,160.1875,0.0009,0.0249,0.0,78.3259,0.0237,0.2966,0.9738,3
leaf spot761_.jpg,133.7369,155.1471,100.3403,42.8352,93.8643,155.3762,0.0002,0.0041,0.0,63.9452,0.0281,0.338,0.9787,3
leaf spot762_.jpg,114.9709,129.409,70.3263,36.5941,126.3515,137.7467,0.0236,0.0005,0.0211,449.3341,0.0526,0.3786,0.8615,3
leaf spot763_.jpg,112.5201,127.0285,81.2925,47.7199,112.6025,137.4736,0.0054,0.001,0.0607,44.0237,0.0326,0.3441,0.9908,3
leaf spot764_.jpg,128.1513,162.0893,45.4161,36.5624,179.2122,165.7713,0.0128,0.2769,0.0051,88.6586,0.019,0.2164,0.9713,3
leaf spot765_.jpg,118.084,144.5517,62.6194,45.6471,141.0585,147.8513,0.0297,0.1662,0.0,179.2885,0.0161,0.1631,0.9523,3
leaf spot766_.jpg,118.7674,143.3386,49.7087,34.4818,159.5856,147.687,0.0083,0.2108,0.055,146.2003,0.0188,0.2283,0.9658,3
leaf spot767_.jpg,131.8933,161.8487,43.6101,34.8641,179.217,164.9607,0.0088,0.3434,0.012,152.9941,0.0191,0.2066,0.9552,3
leaf spot768_.jpg,135.9053,175.3892,44.5616,39.6696,190.4354,175.562,0.0,0.2886,0.0,83.6485,0.0217,0.2152,0.9564,3
leaf spot769_.jpg,117.0823,160.2635,49.6617,42.9907,173.965,160.3475,0.0,0.1233,0.0,74.8355,0.0251,0.2449,0.9527,3
leaf spot76_.jpg,147.3916,158.8131,142.8872,76.465,87.28,173.3876,0.0288,0.0133,0.0002,74.1297,0.0353,0.3953,0.9796,3
leaf spot770_.jpg,114.5309,161.5634,38.0714,42.1326,194.1573,161.6771,0.0001,0.0799,0.0,302.5386,0.0172,0.1039,0.7661,3
leaf spot771_.jpg,114.2162,152.5233,35.9141,39.4405,194.0047,153.1134,0.008,0.0777,0.0003,273.2278,0.0169,0.1404,0.8776,3
leaf spot772_.jpg,89.1953,129.7194,41.2702,47.6478,167.7803,129.7757,0.0005,0.0423,0.0,229.4618,0.0194,0.1454,0.9054,3
leaf spot773_.jpg,120.069,161.5253,45.6658,42.6257,179.9329,161.6648,0.0,0.1643,0.0,73.4488,0.0246,0.2424,0.956,3
leaf spot774_.jpg,124.8537,169.1988,44.8333,40.9473,188.1851,169.2813,0.0,0.1151,0.0,39.2967,0.035,0.3535,0.9668,3
leaf spot775_.jpg,115.0971,159.6717,40.8636,41.4977,190.5356,159.7471,0.0,0.0912,0.0,52.3309,0.036,0.291,0.9556,3
leaf spot776_.jpg,124.0141,145.2924,90.4423,42.703,101.2628,147.5487,0.0046,0.0002,0.0048,79.4819,0.017,0.1745,0.9796,3
leaf spot777_.jpg,135.3942,150.0494,92.5535,37.5655,105.7407,154.537,0.0123,0.0015,0.0,81.021,0.0212,0.2313,0.9749,3
leaf spot778_.jpg,108.7883,123.6243,69.6408,37.6449,124.182,127.9217,0.0288,0.0068,0.0819,55.7721,0.0222,0.2832,0.9875,3
leaf spot779_.jpg,91.4756,99.8168,65.149,39.8849,104.7603,107.4319,0.046,0.0,0.0132,51.8028,0.0245,0.2196,0.9838,3
leaf spot77_.jpg,151.4741,162.0313,136.3067,68.4105,97.7942,176.2529,0.0307,0.0374,0.0005,83.8055,0.0322,0.3498,0.9803,3
leaf spot780_.jpg,73.8856,76.9356,55.1075,39.6091,97.9002,87.496,0.0508,0.0,0.0267,33.0696,0.0387,0.3307,0.9705,3
leaf spot781_.jpg,106.2488,124.9048,76.7385,41.9021,115.3435,135.908,0.0829,0.0067,0.0,43.0568,0.0331,0.3011,0.9708,3
leaf spot782_.jpg,102.9248,120.0604,50.5293,35.3646,152.2905,131.1748,0.0347,0.0661,0.0,28.3276,0.0334,0.3499,0.9912,3
leaf spot783_.jpg,101.9112,122.9506,74.0965,42.7725,115.6632,132.5103,0.0926,0.0132,0.0,35.6923,0.0345,0.3196,0.9744,3
leaf spot784_.jpg,109.981,147.0882,48.0847,42.2598,172.9034,148.2877,0.0026,0.0824,0.0,108.1711,0.0244,0.2447,0.9434,3
leaf spot785_.jpg,128.7582,167.0821,57.3148,37.7934,172.2712,170.9916,0.0008,0.1061,0.0,110.0696,0.022,0.2422,0.9486,3
leaf spot786_.jpg,111.5902,158.9674,58.3199,42.4805,165.2412,161.0904,0.0001,0.0299,0.0,86.3954,0.0258,0.2528,0.9416,3
leaf spot787_.jpg,118.2843,148.3093,62.103,35.7668,154.9681,154.8119,0.0028,0.0272,0.0,60.144,0.027,0.2523,0.9582,3
leaf spot788_.jpg,117.712,144.9931,68.5875,35.9152,142.2179,152.2857,0.0047,0.0196,0.0,54.3708,0.039,0.328,0.9531,3
leaf spot789_.jpg,118.0114,146.9295,80.2188,44.1295,120.0634,147.264,0.0015,0.0191,0.0,50.8247,0.0337,0.2794,0.9579,3
leaf spot78_.jpg,135.3411,146.3661,123.2387,69.18,100.0998,159.0914,0.0361,0.0122,0.0043,91.9653,0.0297,0.3484,0.9788,3
leaf spot790_.jpg,92.8667,114.8175,70.7988,45.6424,107.6279,115.1717,0.0013,0.0001,0.0073,116.308,0.0233,0.2137,0.9699,3
leaf spot791_.jpg,95.3852,111.6688,75.901,44.8682,93.6326,112.0832,0.0005,0.0,0.1445,107.923,0.0201,0.2181,0.9775,3
leaf spot792_.jpg,108.0689,126.8543,89.3947,46.0974,85.6601,127.1148,0.0002,0.0,0.0741,101.0912,0.0176,0.2054,0.9788,3
leaf spot793_.jpg,97.7627,111.8307,83.0571,44.9442,75.9094,112.8678,0.0005,0.0,0.134,64.0427,0.02,0.2535,0.9866,3
leaf spot794_.jpg,100.1524,111.9385,83.3508,42.0825,81.0568,114.3019,0.0005,0.0,0.1419,46.6579,0.022,0.3025,0.9925,3
leaf spot795_.jpg,88.6253,108.2367,68.1697,46.0698,103.8033,108.5396,0.0008,0.0,0.0354,97.0302,0.0234,0.2327,0.9756,3
leaf spot796_.jpg,116.9856,123.1102,100.3145,44.7293,76.9403,131.8646,0.0082,0.0,0.0064,83.7749,0.0189,0.2443,0.9803,3
leaf spot797_.jpg,132.0779,134.8195,108.7603,41.041,72.1426,143.6805,0.0098,0.0,0.0005,73.562,0.0185,0.2527,0.9854,3
leaf spot79_.jpg,149.7516,162.166,140.7427,70.5375,95.3044,177.2658,0.0209,0.0198,0.0001,73.104,0.0396,0.3703,0.986,3
leaf spot800_.jpg,107.5457,113.1879,88.4534,46.6137,89.348,125.9103,0.0522,0.0056,0.0251,47.8855,0.0238,0.2766,0.9845,3
leaf spot801_.jpg,110.3794,127.7876,91.0951,49.2042,88.2139,133.334,0.0146,0.0103,0.0006,55.7063,0.023,0.2468,0.9777,3
leaf spot802_.jpg,124.5859,131.8215,71.3132,31.9476,126.5301,141.4252,0.0802,0.071,0.0,162.6968,0.0192,0.1945,0.9239,3
leaf spot803_.jpg,105.0658,119.1526,82.9273,46.014,96.6681,126.8195,0.0226,0.0111,0.0177,101.0439,0.0187,0.1982,0.9641,3
leaf spot804_.jpg,122.4235,132.7474,93.8362,39.363,91.4908,143.8433,0.0233,0.0017,0.0,18.2729,0.0309,0.3629,0.9935,3
leaf spot805_.jpg,119.7749,131.3144,85.0032,36.378,101.2121,135.2767,0.0009,0.0004,0.0014,103.6574,0.0193,0.2105,0.979,3
leaf spot806_.jpg,97.7981,109.5006,66.3223,35.8219,111.617,112.4094,0.0047,0.0008,0.1376,89.4488,0.0251,0.2264,0.9794,3
leaf spot807_.jpg,119.5632,126.9891,83.8485,31.1465,101.8824,131.962,0.0007,0.0005,0.1463,78.0908,0.0311,0.3303,0.99,3
leaf spot808_.jpg,95.2993,102.5119,64.458,29.5053,107.8479,106.0404,0.0038,0.0011,0.3311,71.8727,0.0486,0.3336,0.9904,3
leaf spot809_.jpg,99.1695,106.019,66.7645,29.0447,109.424,110.0995,0.0041,0.0018,0.309,109.0728,0.0456,0.3088,0.9855,3
leaf spot80_.jpg,142.0798,149.1927,108.0854,50.1588,93.2733,154.4138,0.0093,0.0223,0.0005,141.3081,0.0218,0.2238,0.9609,3
leaf spot810_.jpg,91.2051,96.1017,57.8547,28.7931,118.1184,100.4853,0.0061,0.0152,0.3276,108.055,0.0403,0.3095,0.9847,3
leaf spot811_.jpg,147.2143,149.0896,96.4853,27.5388,103.6453,159.2614,0.0256,0.0323,0.0007,73.9042,0.0193,0.2433,0.9891,3
leaf spot812_.jpg,109.3999,124.1103,56.1076,31.0687,139.7138,131.9273,0.0128,0.0389,0.0,65.308,0.0301,0.3261,0.9801,3
leaf spot813_.jpg,91.6225,106.8619,61.8107,40.2376,116.2685,112.9186,0.0079,0.0099,0.0023,99.5726,0.026,0.2614,0.9688,3
leaf spot814_.jpg,89.8643,111.2689,74.1886,46.063,102.6348,117.313,0.0124,0.004,0.0005,98.769,0.0277,0.2547,0.9577,3
leaf spot815_.jpg,100.0077,100.5264,83.1278,49.246,81.5758,111.9579,0.0127,0.0,0.0235,89.833,0.0264,0.3069,0.9851,3
leaf spot816_.jpg,90.2836,112.8353,68.0363,46.2481,107.8216,117.6846,0.0008,0.0276,0.0001,54.0608,0.0327,0.3215,0.9817,3
leaf spot817_.jpg,99.632,125.5002,59.5794,43.5816,129.9448,127.6953,0.0017,0.0548,0.0,61.8497,0.0234,0.2575,0.9804,3
leaf spot818_.jpg,103.6899,127.9892,57.3034,40.3816,139.7418,131.7933,0.0056,0.0734,0.0,101.8857,0.0207,0.2077,0.9688,3
leaf spot819_.jpg,90.1479,122.7853,66.5943,46.3065,124.481,126.1861,0.0017,0.001,0.0,54.8117,0.0268,0.2576,0.9674,3
leaf spot81_.jpg,121.3325,133.3243,95.3532,46.1455,91.9477,137.0265,0.0176,0.0012,0.0009,171.177,0.0168,0.1651,0.9623,3
leaf spot820_.jpg,133.5732,144.2535,94.9771,41.7626,102.7389,148.1673,0.0388,0.0133,0.0011,36.9463,0.0216,0.272,0.9916,3
leaf spot821_.jpg,106.2372,114.3611,77.7107,44.612,106.4174,118.9055,0.0315,0.0077,0.0784,42.8213,0.0199,0.2473,0.9914,3
leaf spot822_.jpg,124.7493,135.3557,80.7967,42.7268,121.8919,140.0057,0.0312,0.073,0.0,49.2926,0.0235,0.2883,0.991,3
leaf spot823_.jpg,132.0421,132.9009,83.7326,29.7827,113.2193,150.1008,0.0539,0.0285,0.0,41.3153,0.0271,0.2721,0.9787,3
leaf spot824_.jpg,119.4512,108.3616,72.5856,28.1882,112.0884,128.4904,0.1204,0.0211,0.0107,54.7839,0.0265,0.2808,0.9746,3
leaf spot825_.jpg,123.8816,107.7571,75.3387,26.0773,106.9907,128.6375,0.1244,0.0279,0.0011,40.9887,0.0292,0.3102,0.9806,3
leaf spot826_.jpg,128.7279,116.0635,76.3836,23.9783,110.246,135.6677,0.1098,0.0272,0.0012,49.4525,0.0278,0.2889,0.9725,3
leaf spot827_.jpg,104.7079,102.8994,59.6555,29.7045,121.0824,114.9147,0.0633,0.0709,0.0172,27.7159,0.0273,0.3236,0.9929,3
leaf spot828_.jpg,124.6075,111.5367,74.3787,31.376,114.9093,132.4513,0.1794,0.0214,0.0044,50.8799,0.0209,0.2408,0.9832,3
leaf spot829_.jpg,132.8483,113.1215,74.09,26.7153,117.9967,137.8538,0.1929,0.0334,0.0187,21.877,0.0246,0.3037,0.9913,3
leaf spot82_.jpg,156.2193,166.4044,120.7386,48.1569,81.5474,168.5797,0.0009,0.0236,0.0,218.2411,0.049,0.1877,0.9502,3
leaf spot830_.jpg,122.1424,106.6292,74.157,25.0497,106.7344,125.9211,0.0858,0.0044,0.0274,63.1729,0.0219,0.2548,0.9773,3
leaf spot831_.jpg,142.6123,120.4127,72.5824,26.1681,127.7458,147.8368,0.1602,0.0817,0.0002,47.1497,0.021,0.2441,0.9845,3
leaf spot836_.jpg,156.3743,146.1479,123.257,25.2495,67.6376,163.2907,0.015,0.0,0.0139,48.9823,0.0177,0.2318,0.9918,3
leaf spot837_.jpg,137.2626,121.8101,97.4681,22.675,87.2849,141.9218,0.0805,0.0028,0.0425,44.8452,0.0174,0.2396,0.9931,3
leaf spot838_.jpg,104.6165,87.6129,65.3733,21.0152,108.796,108.1182,0.1011,0.003,0.1106,59.9788,0.0215,0.2456,0.9889,3
leaf spot839_.jpg,89.1366,125.2216,84.8684,57.8519,99.7884,126.9631,0.0002,0.0048,0.0,66.915,0.0285,0.238,0.9563,3
leaf spot83_.jpg,155.6343,165.5943,119.027,47.1353,82.848,167.9324,0.0008,0.0242,0.0,216.284,0.0415,0.1796,0.9473,3
leaf spot840_.jpg,84.4716,110.7407,74.3877,52.9643,97.2499,113.3167,0.0009,0.0083,0.0108,59.6706,0.0256,0.243,0.9733,3
leaf spot841_.jpg,86.9831,119.8829,83.2994,62.5153,97.8963,120.7064,0.0005,0.0286,0.0,85.7722,0.025,0.2091,0.9735,3
leaf spot842_.jpg,84.2229,109.9769,79.4367,51.6747,102.3691,115.1922,0.0005,0.0008,0.0,109.1717,0.0293,0.2455,0.9617,3
leaf spot843_.jpg,79.2444,109.0188,70.9238,57.3945,111.1606,111.2478,0.0021,0.0026,0.0,46.4464,0.0358,0.2716,0.9845,3
leaf spot844_.jpg,94.9872,106.1525,76.6198,46.2531,94.1467,114.2796,0.0141,0.0,0.0,34.9888,0.0331,0.2907,0.9709,3
leaf spot845_.jpg,99.56,117.9997,92.9357,55.8119,89.3277,126.5504,0.0258,0.0,0.0,25.4469,0.0351,0.2834,0.9683,3
leaf spot846_.jpg,106.8046,116.7736,93.8423,53.1771,85.9131,127.1226,0.0221,0.0,0.0,55.7349,0.0286,0.2461,0.973,3
leaf spot847_.jpg,101.5649,104.5552,88.9241,57.7333,81.9509,117.6319,0.0289,0.0,0.0,108.6419,0.0244,0.2172,0.9413,3
leaf spot848_.jpg,111.8102,106.3685,86.3329,44.0865,92.2115,125.1252,0.0913,0.0007,0.0,71.8701,0.0252,0.2471,0.959,3
leaf spot849_.jpg,108.2086,110.1059,86.2765,38.5267,90.54,123.6162,0.0309,0.0006,0.0,97.8251,0.0245,0.2479,0.9597,3
leaf spot84_.jpg,148.7398,159.3446,116.4349,49.6719,80.5116,161.764,0.001,0.0202,0.0,171.8766,0.0283,0.1713,0.9566,3
leaf spot850_.jpg,112.2953,115.8539,84.1435,41.9367,92.6557,126.7994,0.034,0.0015,0.0018,82.9706,0.0202,0.2218,0.9767,3
leaf spot851_.jpg,115.8912,109.7708,72.2138,28.7911,110.5076,123.0138,0.083,0.0012,0.0302,85.9097,0.0204,0.242,0.9802,3
leaf spot852_.jpg,105.3816,118.057,99.296,59.651,78.4165,125.8122,0.0197,0.0,0.0,21.1463,0.0342,0.3353,0.986,3
leaf spot853_.jpg,120.9141,130.5471,94.3797,43.3517,89.8692,139.2486,0.0357,0.0067,0.0,46.9057,0.0239,0.2211,0.9774,3
leaf spot854_.jpg,120.9777,123.3542,99.5012,52.719,79.9875,134.3585,0.0478,0.0025,0.0,30.0941,0.0287,0.2863,0.9799,3
leaf spot855_.jpg,93.5136,102.6776,79.1616,48.277,84.7926,110.2414,0.0274,0.0006,0.0,22.8136,0.0357,0.2996,0.981,3
leaf spot856_.jpg,107.1893,118.0115,99.9992,61.9054,78.7322,125.9735,0.0151,0.0004,0.0,56.2577,0.0231,0.2257,0.9712,3
leaf spot857_.jpg,117.1134,120.7554,102.7036,61.0293,74.1548,132.1768,0.0199,0.0,0.0,37.7011,0.0249,0.2775,0.9822,3
leaf spot858_.jpg,79.6537,96.5119,88.85,59.6534,85.9271,104.1048,0.003,0.0,0.0077,55.8509,0.0318,0.2867,0.964,3
leaf spot859_.jpg,73.4594,96.9682,88.8252,76.4212,83.7253,100.7139,0.0,0.0,0.0,54.9619,0.0359,0.2852,0.9566,3
leaf spot85_.jpg,128.887,134.287,116.4685,56.0974,61.3363,141.5113,0.017,0.0,0.0021,35.0784,0.0312,0.3749,0.9912,3
leaf spot860_.jpg,76.8499,97.6746,92.7843,73.3068,81.3331,103.8761,0.0009,0.0,0.0,38.9226,0.0362,0.3309,0.9713,3
leaf spot861_.jpg,71.2024,86.4884,79.9439,64.4654,81.7421,93.3194,0.0022,0.0,0.0018,41.7093,0.0383,0.3266,0.9612,3
leaf spot862_.jpg,121.6594,146.6285,48.2282,39.2557,174.0683,146.6797,0.0003,0.2695,0.0,280.0967,0.0138,0.1184,0.9311,3
leaf spot863_.jpg,139.9421,140.8789,90.0176,28.7964,107.7871,155.8803,0.0669,0.014,0.0,59.9689,0.0192,0.2104,0.9871,3
leaf spot864_.jpg,101.4648,111.1086,67.8026,35.3965,114.489,119.5004,0.0297,0.0079,0.0152,63.0541,0.0226,0.2238,0.9772,3
leaf spot865_.jpg,120.8288,120.157,79.2843,27.9841,108.0192,133.2709,0.0526,0.0061,0.0067,53.467,0.0214,0.2563,0.9864,3
leaf spot866_.jpg,103.978,120.4498,70.656,36.7056,120.2769,128.9033,0.0221,0.0062,0.034,49.715,0.0255,0.2601,0.9845,3
leaf spot867_.jpg,125.6565,133.0174,80.9834,32.4302,116.5741,144.6544,0.0431,0.0119,0.0,53.9549,0.023,0.2443,0.9834,3
leaf spot868_.jpg,107.8737,127.9442,67.4611,37.3482,129.6224,133.1318,0.0079,0.0091,0.0321,50.8925,0.0277,0.2925,0.9845,3
leaf spot869_.jpg,120.6205,135.3983,74.4343,35.4107,126.6856,139.7859,0.0296,0.0208,0.0242,58.8852,0.0196,0.2278,0.9861,3
leaf spot86_.jpg,155.4081,160.6794,134.4475,71.0315,78.245,168.489,0.019,0.0136,0.0004,142.5875,0.0379,0.3535,0.9742,3
leaf spot870_.jpg,134.8615,148.113,92.0526,35.4088,112.6579,152.3234,0.0319,0.0077,0.0079,80.4629,0.0173,0.2184,0.986,3
leaf spot871_.jpg,123.5303,140.6697,66.2461,36.4981,146.024,143.4567,0.0219,0.0196,0.0,48.4954,0.0216,0.2336,0.986,3
leaf spot872_.jpg,127.762,140.9951,78.3721,36.2907,128.434,144.2727,0.0184,0.0104,0.0,47.752,0.0206,0.2395,0.9904,3
leaf spot873_.jpg,117.9857,125.0418,69.1018,32.9671,132.7103,131.2759,0.0592,0.0007,0.0,24.4381,0.0273,0.326,0.9938,3
leaf spot874_.jpg,112.6561,115.6457,67.4335,30.7247,126.0243,123.3037,0.05,0.0106,0.0052,31.6813,0.0257,0.3059,0.9925,3
leaf spot875_.jpg,107.3051,114.4195,63.0287,27.7327,113.9835,122.224,0.0104,0.0222,0.0551,32.5427,0.0247,0.3015,0.99,3
leaf spot876_.jpg,109.1467,117.3359,62.817,28.8132,120.6674,125.3795,0.0195,0.023,0.0536,38.7377,0.0236,0.2732,0.9881,3
leaf spot877_.jpg,116.4441,124.2007,65.8314,29.0938,123.9166,132.0997,0.026,0.0371,0.0363,51.7377,0.0218,0.2455,0.9868,3
leaf spot878_.jpg,136.0539,144.0337,81.4309,29.921,116.1098,151.1309,0.0271,0.0242,0.0453,95.0911,0.0164,0.2043,0.9847,3
leaf spot879_.jpg,127.3504,134.9845,75.2373,29.4663,120.1899,142.9663,0.0423,0.03,0.1012,121.4761,0.0158,0.1985,0.9813,3
leaf spot87_.jpg,155.3603,159.8671,139.935,75.769,74.8007,168.794,0.0345,0.0042,0.0032,159.9969,0.0403,0.3563,0.9747,3
leaf spot883_.jpg,111.5494,150.3591,67.2811,46.5567,139.0793,150.3989,0.0,0.0636,0.003,69.0225,0.0233,0.1835,0.9523,3
leaf spot884_.jpg,124.9941,160.7159,72.871,42.7141,141.2102,161.5074,0.0002,0.035,0.0,84.9404,0.0284,0.1742,0.9054,3
leaf spot885_.jpg,117.7546,139.3861,69.0748,38.2671,133.0495,142.9099,0.0108,0.0339,0.0192,131.3634,0.021,0.1938,0.9283,3
leaf spot886_.jpg,119.3689,139.5616,71.2996,37.8923,130.5067,143.2504,0.0112,0.0318,0.0251,127.6287,0.0194,0.1718,0.9383,3
leaf spot887_.jpg,123.8837,149.6212,65.0467,38.8355,147.0673,151.5807,0.0014,0.062,0.0008,71.8158,0.0218,0.1911,0.9623,3
leaf spot888_.jpg,130.0928,148.6452,94.4751,40.2401,99.9257,148.8572,0.0001,0.0038,0.0468,80.2071,0.0183,0.2124,0.9788,3
leaf spot889_.jpg,104.8923,123.921,74.8721,41.3596,104.2479,124.1344,0.0016,0.0,0.0612,58.0938,0.0212,0.2413,0.9781,3
leaf spot88_.jpg,147.2781,152.5917,133.0305,74.9283,76.8176,161.5115,0.0306,0.004,0.0078,160.4137,0.0451,0.3711,0.9741,3
leaf spot890_.jpg,93.3866,108.6557,81.6957,51.1394,89.9067,113.3494,0.018,0.0002,0.0,28.9379,0.028,0.2873,0.9875,3
leaf spot891_.jpg,88.1459,109.2654,89.3548,59.1498,82.7658,113.3178,0.0033,0.0,0.0099,32.52,0.0314,0.2736,0.9838,3
leaf spot892_.jpg,88.6582,103.7303,85.6825,55.0661,75.4833,108.4453,0.0012,0.0,0.0343,20.1822,0.0285,0.3183,0.9911,3
leaf spot893_.jpg,83.8758,100.9187,77.8905,69.0977,69.8238,104.3416,0.0024,0.0,0.0629,126.6555,0.025,0.2699,0.9559,3
leaf spot894_.jpg,85.5941,103.2669,82.0107,80.2326,62.6064,105.9775,0.0,0.0,0.0488,146.4265,0.0244,0.2609,0.9441,3
leaf spot895_.jpg,97.6985,115.7319,89.4787,68.1111,66.045,118.7252,0.0001,0.0007,0.0266,129.4434,0.0217,0.2395,0.953,3
leaf spot896_.jpg,98.1853,117.4316,85.3317,54.6145,74.2385,120.3348,0.0005,0.0095,0.0527,115.4221,0.021,0.2495,0.9666,3
leaf spot897_.jpg,94.7243,112.2192,77.2984,41.0101,83.092,115.8433,0.0032,0.0106,0.0782,106.9774,0.0228,0.2718,0.9696,3
leaf spot898_.jpg,104.3284,127.2654,84.1374,42.8263,91.4791,130.1886,0.0036,0.0082,0.0153,118.8998,0.0206,0.2372,0.9671,3
leaf spot899_.jpg,108.3924,129.3893,78.4867,41.8479,105.6747,132.3616,0.0045,0.0114,0.0417,131.7812,0.018,0.226,0.9738,3
leaf spot89_.jpg,141.1341,154.3775,102.9163,54.0986,105.6314,157.4934,0.0041,0.0261,0.0038,52.9909,0.0258,0.311,0.9874,3
leaf spot900_.jpg,97.2565,122.9789,77.5218,45.8018,98.5642,125.1576,0.0008,0.0011,0.0111,132.8095,0.0206,0.2181,0.9468,3
leaf spot901_.jpg,110.052,134.8205,85.3046,45.3516,98.3515,137.6169,0.0032,0.0054,0.0171,103.3353,0.0192,0.2236,0.9706,3
leaf spot902_.jpg,118.4376,137.5983,76.8157,38.1586,115.8431,141.5727,0.0164,0.013,0.0015,112.1213,0.0178,0.1946,0.9702,3
leaf spot903_.jpg,84.6613,105.8315,83.0352,69.0316,86.6113,110.6888,0.0052,0.0,0.0536,120.4525,0.0213,0.2305,0.9528,3
leaf spot904_.jpg,77.5942,98.6533,80.6225,73.5279,77.2212,101.3782,0.0035,0.0002,0.0536,121.0571,0.0251,0.25,0.9471,3
leaf spot905_.jpg,94.7279,111.1916,85.9123,63.9585,71.8767,114.3037,0.0007,0.0001,0.0781,112.0806,0.025,0.2742,0.9762,3
leaf spot906_.jpg,104.5386,112.6232,84.2759,47.3032,74.2218,118.2159,0.0057,0.0034,0.0436,82.7512,0.0241,0.2345,0.9808,3
leaf spot907_.jpg,109.727,125.0246,79.1433,42.3035,101.8106,130.8177,0.0273,0.0055,0.0319,96.4665,0.0209,0.1911,0.9522,3
leaf spot908_.jpg,98.8282,118.2483,74.8726,52.9821,101.3484,122.6911,0.0194,0.0077,0.0096,82.4249,0.0217,0.2089,0.9604,3
leaf spot909_.jpg,102.2622,126.6606,85.6776,59.2293,91.9076,130.1429,0.0056,0.0064,0.0031,52.7724,0.0263,0.2423,0.9656,3
leaf spot90_.jpg,143.521,155.3452,102.3308,51.1874,105.8049,157.8019,0.0043,0.0314,0.0051,80.0745,0.031,0.284,0.9828,3
leaf spot910_.jpg,109.694,101.1292,90.6623,65.7877,59.5455,115.3646,0.0085,0.001,0.0286,72.5209,0.022,0.227,0.9665,3
leaf spot911_.jpg,117.7857,112.763,96.8271,73.4746,71.0617,129.2995,0.0086,0.0025,0.0083,119.0163,0.0224,0.2153,0.9357,3
leaf spot912_.jpg,120.1662,120.6079,101.91,75.0962,77.2809,137.4888,0.0066,0.0058,0.0002,76.3659,0.0236,0.2087,0.9518,3
leaf spot913_.jpg,111.3791,115.5982,98.5211,75.2758,77.7255,131.1605,0.0061,0.0045,0.0005,96.5516,0.0232,0.1977,0.9373,3
leaf spot914_.jpg,110.5208,104.8699,93.4465,63.9604,69.0135,121.2176,0.0095,0.0,0.002,80.8057,0.0237,0.2026,0.9544,3
leaf spot915_.jpg,115.3355,112.2211,96.4266,48.1936,66.0066,125.5136,0.0062,0.0002,0.0072,126.4768,0.0198,0.1764,0.9523,3
leaf spot916_.jpg,99.9897,87.7053,63.8281,33.5245,90.2063,105.1975,0.0797,0.0031,0.1719,102.1311,0.0288,0.2962,0.9764,3
leaf spot917_.jpg,99.4212,92.6126,66.7971,35.3108,86.8053,106.6923,0.056,0.0043,0.1677,103.3665,0.0251,0.2768,0.9753,3
leaf spot918_.jpg,103.4822,102.6954,70.7196,36.6875,90.4907,113.9098,0.0563,0.0137,0.0971,49.3831,0.0217,0.2577,0.9867,3
leaf spot919_.jpg,112.6746,110.6059,74.6393,33.7605,94.9885,123.1723,0.071,0.0202,0.0314,61.6345,0.0217,0.2488,0.9828,3
leaf spot91_.jpg,123.8173,139.7622,84.0431,41.7765,120.6075,142.4872,0.0148,0.0042,0.0008,89.8944,0.0204,0.2106,0.9782,3
leaf spot920_.jpg,111.4856,106.4739,73.6129,34.6423,95.3957,120.7759,0.0724,0.0134,0.0431,96.7834,0.021,0.2197,0.969,3
leaf spot921_.jpg,118.5472,112.2469,73.7415,30.897,105.2407,125.5538,0.1021,0.0092,0.0544,121.656,0.0184,0.1928,0.9708,3
leaf spot922_.jpg,93.0807,97.2102,59.7625,34.9927,108.3334,102.3543,0.0197,0.0059,0.119,92.0886,0.0226,0.2369,0.9792,3
leaf spot923_.jpg,107.1407,113.407,54.3758,33.1109,131.8317,119.1322,0.0281,0.0996,0.1163,73.9561,0.0204,0.2482,0.9841,3
leaf spot924_.jpg,93.0239,119.9393,77.4253,68.4358,92.9566,122.4519,0.0002,0.0,0.0506,25.859,0.0264,0.3216,0.9906,3
leaf spot925_.jpg,91.8575,109.5612,77.5764,72.6279,80.2963,113.0021,0.0006,0.0001,0.0755,20.5442,0.029,0.3509,0.9926,3
leaf spot926_.jpg,104.0931,134.1005,108.2318,67.5552,75.5006,135.6825,0.0035,0.0,0.0264,86.7249,0.0209,0.2417,0.9759,3
leaf spot927_.jpg,87.5699,116.1879,87.1205,61.7344,78.9359,116.4049,0.0006,0.0001,0.0491,91.8629,0.0213,0.2117,0.9542,3
leaf spot928_.jpg,91.3376,120.8177,95.8373,64.5085,71.6285,120.9195,0.0,0.0,0.017,49.82,0.0261,0.2158,0.9618,3
leaf spot929_.jpg,101.9455,125.6078,97.1969,56.8248,71.3089,126.3135,0.0018,0.0,0.0213,71.318,0.0189,0.2049,0.9767,3
leaf spot92_.jpg,150.4314,161.7531,103.8452,42.2919,113.5518,164.7146,0.0203,0.0122,0.0,78.4446,0.0677,0.2691,0.987,3
leaf spot930_.jpg,104.0612,125.8752,99.5816,58.2673,66.4794,126.8228,0.0004,0.0,0.028,24.1405,0.0304,0.3989,0.9923,3
leaf spot931_.jpg,80.5763,106.2052,93.7321,87.6872,76.1656,109.4939,0.0,0.0,0.0292,173.5098,0.0265,0.2665,0.9142,3
leaf spot932_.jpg,86.7364,111.3186,96.2275,82.3802,70.1279,113.6164,0.0,0.0001,0.0017,125.4205,0.0267,0.2608,0.9343,3
leaf spot933_.jpg,76.3154,103.7908,88.146,86.2405,80.2578,106.4353,0.0001,0.0,0.0033,98.1654,0.0294,0.2526,0.9326,3
leaf spot934_.jpg,71.5618,104.0994,86.4076,83.9215,90.7915,106.4058,0.0,0.0,0.0017,76.1827,0.0296,0.2608,0.9385,3
leaf spot935_.jpg,139.2113,158.9008,49.9227,38.7807,179.7918,160.1587,0.0027,0.2465,0.0,141.7839,0.0185,0.1685,0.9483,3
leaf spot936_.jpg,149.0865,177.6309,47.0741,38.2864,189.5415,178.09,0.0004,0.3545,0.0,92.8877,0.0227,0.1897,0.9553,3
leaf spot937_.jpg,139.1111,167.8408,42.5847,38.4988,193.1405,168.2514,0.0009,0.2723,0.0018,226.8321,0.0191,0.1479,0.8878,3
leaf spot938_.jpg,133.954,160.1999,37.2074,37.0733,194.1809,160.5134,0.0013,0.378,0.0019,168.3306,0.017,0.1639,0.9466,3
leaf spot939_.jpg,156.2978,175.8324,64.791,40.0972,174.953,177.0232,0.0005,0.4047,0.0,14.8288,0.0611,0.4626,0.9971,3
leaf spot93_.jpg,149.8403,149.3629,106.0687,47.5399,102.2289,157.6176,0.0857,0.0224,0.0044,75.795,0.0328,0.3219,0.9842,3
leaf spot940_.jpg,147.1517,181.8951,67.9006,38.0458,167.5958,182.1991,0.0004,0.2193,0.0,27.478,0.0758,0.3689,0.9909,3
leaf spot941_.jpg,131.0644,158.248,47.0133,36.7823,181.8998,159.8914,0.0108,0.1868,0.0001,90.7579,0.0262,0.2129,0.9573,3
leaf spot942_.jpg,126.93,149.6123,65.2901,36.4006,156.0005,151.821,0.0158,0.0514,0.0,63.6629,0.0474,0.2844,0.9831,3
leaf spot943_.jpg,140.5433,167.1927,68.4857,37.4222,159.9626,168.52,0.0109,0.1004,0.0,95.4474,0.0338,0.2366,0.9719,3
leaf spot944_.jpg,117.5556,145.5978,52.6872,39.2887,168.8939,147.1743,0.0157,0.0696,0.0,138.5602,0.0229,0.2156,0.9512,3
leaf spot945_.jpg,124.9097,154.2397,60.6038,41.0106,157.6454,154.7467,0.0043,0.1002,0.0,113.6887,0.0191,0.2061,0.9577,3
leaf spot946_.jpg,119.4503,137.3657,91.7205,50.7058,91.3851,138.1062,0.001,0.0233,0.0001,117.5518,0.0204,0.2287,0.9583,3
leaf spot947_.jpg,105.4886,144.6071,82.0714,49.5054,118.0086,144.6595,0.0,0.0037,0.0,84.5806,0.033,0.264,0.9631,3
leaf spot948_.jpg,102.4487,149.4637,58.7949,46.5389,158.3124,149.6531,0.0,0.0146,0.003,69.9217,0.0304,0.2631,0.9529,3
leaf spot949_.jpg,110.8486,162.514,50.1071,44.4767,177.2819,162.6832,0.0,0.0334,0.0,62.0862,0.0287,0.2585,0.946,3
leaf spot94_.jpg,156.1047,162.3594,124.5811,59.2012,86.852,168.2714,0.0202,0.0151,0.0001,48.7902,0.0307,0.3729,0.9894,3
leaf spot950_.jpg,116.4505,166.126,52.7606,46.0664,177.0672,167.1312,0.0,0.0435,0.0,77.3636,0.0263,0.2504,0.9576,3
leaf spot951_.jpg,108.0049,160.9907,51.9267,47.2996,176.0084,162.0967,0.0,0.0249,0.0,72.5858,0.0289,0.2657,0.9423,3
leaf spot952_.jpg,123.6249,165.1212,68.5467,49.2429,155.0887,167.2748,0.0,0.0419,0.0061,40.2713,0.0304,0.2997,0.9851,3
leaf spot953_.jpg,106.0705,115.6356,111.5802,76.8234,60.4061,123.9051,0.0001,0.0,0.0332,19.4729,0.0289,0.3715,0.995,3
leaf spot954_.jpg,91.5576,127.4515,116.3282,73.4372,86.0313,131.4239,0.0,0.0,0.0067,41.7049,0.0331,0.3291,0.9785,3
leaf spot955_.jpg,97.883,134.7459,126.392,79.7537,80.4954,138.8299,0.0,0.0,0.0,50.4232,0.0363,0.2704,0.9552,3
leaf spot956_.jpg,95.1537,129.4725,120.5407,77.4202,85.1976,135.8627,0.0,0.0,0.0,159.1488,0.0215,0.1938,0.9159,3
leaf spot959_.jpg,100.3015,114.7973,89.0801,57.8567,72.3879,117.517,0.0035,0.0032,0.0478,40.2604,0.0286,0.3362,0.9859,3
leaf spot95_.jpg,156.102,162.9045,118.171,59.9509,87.5514,166.3355,0.0109,0.0391,0.0,43.4523,0.0387,0.4215,0.9907,3
leaf spot960_.jpg,117.7739,137.9633,86.9164,55.3128,96.1823,139.2622,0.0023,0.0499,0.0006,36.763,0.0293,0.34,0.9856,3
leaf spot961_.jpg,100.9032,133.5092,67.735,57.1723,123.216,135.2396,0.0007,0.0704,0.0202,78.1189,0.0232,0.2712,0.9701,3
leaf spot962_.jpg,111.9755,147.5316,58.3892,49.1715,149.1315,148.7314,0.0001,0.1155,0.0046,97.843,0.0225,0.2497,0.9588,3
leaf spot963_.jpg,112.5563,145.7028,55.1321,50.269,151.5764,147.1906,0.0,0.1239,0.0009,66.4652,0.0245,0.2824,0.9739,3
leaf spot964_.jpg,117.2223,151.7202,60.5996,53.1825,148.1019,153.6171,0.0003,0.1175,0.0,32.1644,0.0294,0.3271,0.9843,3
leaf spot965_.jpg,117.4583,127.9152,109.3628,76.1395,68.6167,136.3343,0.0057,0.0096,0.0,39.3085,0.0299,0.3313,0.988,3
leaf spot966_.jpg,159.0804,164.2826,110.3494,30.5014,95.2321,167.4946,0.0163,0.0644,0.0,108.4067,0.077,0.3325,0.976,3
leaf spot967_.jpg,156.3777,164.0083,96.7326,32.1563,113.6381,167.0694,0.0109,0.0969,0.0,155.7516,0.0386,0.2688,0.9534,3
leaf spot968_.jpg,159.2352,164.9441,107.4368,31.3097,98.6404,168.2499,0.0054,0.0713,0.0,181.6763,0.0621,0.2655,0.9569,3
leaf spot969_.jpg,149.4042,153.5288,99.877,30.8302,99.979,157.5539,0.0103,0.0678,0.0007,215.295,0.0558,0.2598,0.9561,3
leaf spot96_.jpg,120.8804,133.7199,95.1734,59.2851,101.7407,139.1967,0.0121,0.0105,0.0,25.5012,0.033,0.3983,0.9913,3
leaf spot970_.jpg,149.4042,153.5288,99.877,30.8302,99.979,157.5539,0.0103,0.0678,0.0007,215.295,0.0558,0.2598,0.9561,3
leaf spot971_.jpg,150.0495,154.3461,104.1405,31.9004,95.1182,158.52,0.0147,0.0611,0.0,160.1203,0.0774,0.2839,0.968,3
leaf spot972_.jpg,103.8717,118.1244,82.1761,48.8083,88.2118,121.6933,0.0016,0.0239,0.0046,21.5556,0.0284,0.3141,0.9907,3
leaf spot973_.jpg,97.3816,112.9507,76.4472,49.9409,92.4053,116.1447,0.0007,0.0198,0.024,70.2315,0.0236,0.2466,0.9726,3
leaf spot974_.jpg,89.2554,131.8476,105.1197,71.1433,97.2362,134.169,0.0,0.0,0.0162,36.3957,0.0353,0.3669,0.9794,3
leaf spot975_.jpg,83.1622,118.5644,93.8674,71.8336,90.2994,119.7725,0.0003,0.0,0.028,28.7629,0.0265,0.2964,0.9869,3
leaf spot976_.jpg,95.8408,139.1864,112.2573,69.9997,87.602,140.8815,0.0004,0.0011,0.0264,32.8874,0.0275,0.2725,0.9841,3
leaf spot977_.jpg,77.4047,108.0851,93.8832,72.7753,87.3221,109.826,0.0001,0.0,0.0427,22.8429,0.0293,0.3469,0.9916,3
leaf spot978_.jpg,77.3832,104.5849,87.6904,69.5398,85.2367,106.2265,0.0009,0.0,0.0693,83.5126,0.0195,0.2031,0.9727,3
leaf spot979_.jpg,69.7664,96.6868,80.0312,68.9891,85.2092,98.2227,0.0001,0.0,0.1689,81.1621,0.0227,0.2593,0.9789,3
leaf spot97_.jpg,164.1658,172.063,133.7873,61.9683,86.1681,178.9506,0.0153,0.0093,0.0,33.9802,0.0404,0.3866,0.9922,3
leaf spot980_.jpg,107.6431,125.3165,107.5626,63.2258,63.2515,127.0384,0.0005,0.0001,0.0126,136.0514,0.0171,0.1811,0.9657,3
leaf spot981_.jpg,91.2638,106.2548,90.7527,62.6374,65.8906,107.7522,0.0002,0.0001,0.0439,136.4109,0.0179,0.185,0.9621,3
leaf spot982_.jpg,84.8966,111.3751,96.3972,66.0127,83.0835,113.5494,0.0008,0.0,0.0135,27.9804,0.0268,0.3181,0.9902,3
leaf spot983_.jpg,97.775,116.5656,106.7063,73.914,61.2436,117.7732,0.0006,0.0,0.0047,80.5761,0.0228,0.2588,0.9747,3
leaf spot984_.jpg,95.0202,114.1699,95.0577,64.5838,68.9631,115.4868,0.0006,0.0,0.0,135.7399,0.0269,0.2324,0.9052,3
leaf spot985_.jpg,95.5048,151.813,70.9561,53.7521,139.84,151.9,0.0,0.0008,0.0011,49.6627,0.0321,0.3272,0.9612,3
leaf spot986_.jpg,66.6724,100.7365,75.8169,63.0662,99.7597,101.637,0.0,0.0,0.0723,158.6603,0.0226,0.2087,0.9337,3
leaf spot987_.jpg,80.1556,117.2796,81.3537,64.6745,108.3066,117.8787,0.0,0.0001,0.0331,62.519,0.0236,0.2856,0.9807,3
leaf spot988_.jpg,77.4245,107.6698,73.9682,61.3296,101.7724,108.233,0.0,0.0015,0.0447,54.0375,0.0295,0.3484,0.9779,3
leaf spot989_.jpg,99.6956,128.727,92.8852,58.8845,86.186,129.3748,0.0001,0.0002,0.0008,28.5095,0.0333,0.3814,0.9878,3
leaf spot98_.jpg,142.0971,150.4376,109.5477,52.4899,88.551,153.7689,0.0051,0.0228,0.0248,65.9691,0.0293,0.345,0.9865,3
leaf spot990_.jpg,73.8538,100.2767,64.9082,56.112,116.6421,100.6311,0.0,0.0,0.1735,46.5234,0.0404,0.3859,0.9872,3
leaf spot991_.jpg,89.5702,113.9572,102.7482,76.9814,71.2033,115.6354,0.001,0.0,0.0141,93.0509,0.023,0.2278,0.9615,3
leaf spot992_.jpg,104.3525,130.8619,90.8644,52.3628,90.1228,130.9479,0.0002,0.0,0.0,62.8542,0.0203,0.2192,0.9791,3
leaf spot993_.jpg,100.8643,120.3999,81.5675,49.3748,87.2993,121.4719,0.0002,0.0,0.0761,118.1469,0.0167,0.1996,0.9674,3
leaf spot994_.jpg,107.5387,138.0433,95.9307,53.6407,87.1142,138.0835,0.0,0.0,0.0015,100.5431,0.0222,0.217,0.9361,3
leaf spot995_.jpg,106.8201,136.2813,92.8499,51.6524,89.7096,136.7134,0.0,0.0001,0.0,109.7222,0.0198,0.2144,0.9429,3
leaf spot996_.jpg,101.0657,131.6543,98.6035,61.6247,84.6562,133.748,0.0035,0.001,0.0224,117.421,0.0181,0.1717,0.9567,3
leaf spot997_.jpg,104.123,132.0155,102.4857,62.3015,78.0041,134.3097,0.0022,0.0004,0.0192,112.8812,0.0185,0.1826,0.9575,3
leaf spot998_.jpg,114.7098,165.385,95.9925,59.3421,113.8326,166.0918,0.0,0.0022,0.0,57.0586,0.0283,0.2585,0.9542,3
leaf spot999_.jpg,103.5737,143.9796,72.4445,52.1759,129.7727,145.1077,0.0001,0.0058,0.0129,487.5281,0.0417,0.3106,0.7393,3
leaf spot99_.jpg,165.6111,176.5698,141.246,67.1773,83.4715,184.2202,0.0062,0.0111,0.0,44.6831,0.0374,0.3678,0.9903,3
leaf spot9_.jpg,199.1711,202.8333,184.0114,80.3284,42.6436,207.262,0.0014,0.0264,0.0,22.0059,0.0546,0.4419,0.9936,3
