image,culture_id,maladie_id,etat_id
streak virus374_.jpg,1,1,1
150maize_valid_streak virus.JPG,1,1,1
streak virus976_.jpg,1,1,1
90maize_train_healthy.JPG,1,0,0
leaf blight137_.jpg,1,2,1
AUG_552e1983.jpg,1,0,0
streak virus446_.jpg,1,1,1
leaf spot528_.jpg,1,3,1
534maize_train_streak virus.JPG,1,1,1
AUG_af873a46.jpg,1,0,0
leaf blight788_.jpg,1,2,1
AUG_89f87a66.jpg,1,0,0
streak virus97_.jpg,1,1,1
310maize_train_streak virus.JPG,1,1,1
leaf spot1186_.jpg,1,3,1
streak virus161_.jpg,1,1,1
leaf spot1005_.jpg,1,3,1
leaf blight659_.jpg,1,2,1
leaf blight933_.jpg,1,2,1
streak virus79_.jpg,1,1,1
leaf spot546_.jpg,1,3,1
148maize_train_healthy.JPG,1,0,0
2172maize_train_leaf blight.JPG,1,2,1
leaf blight955_.jpg,1,2,1
AUG_5672b27c.jpg,1,0,0
streak virus678_.jpg,1,1,1
2094maize_train_leaf blight.JPG,1,2,1
1930maize_train_leaf spot.JPG,1,3,1
AUG_36da4657.jpg,1,0,0
AUG_0ed069b5.jpg,1,0,0
leaf blight683_.jpg,1,2,1
700maize_valid_leaf blight.JPG,1,2,1
leaf spot67_.jpg,1,3,1
leaf blight378_.jpg,1,2,1
streak virus40_.jpg,1,1,1
leaf spot51_.jpg,1,3,1
streak virus837_.jpg,1,1,1
leaf spot188_.jpg,1,3,1
AUG_6aa05f02.jpg,1,0,0
streak virus803_.jpg,1,1,1
1020maize_train_leaf spot.JPG,1,3,1
961maize_train_leaf blight.JPG,1,2,1
leaf blight1001_.jpg,1,2,1
leaf spot991_.jpg,1,3,1
leaf spot220_.jpg,1,3,1
streak virus741_.jpg,1,1,1
926maize_valid_leaf blight.JPG,1,2,1
AUG_cfe3b357.jpg,1,0,0
leaf blight807_.jpg,1,2,1
leaf blight134_.jpg,1,2,1
leaf blight340_.jpg,1,2,1
streak virus850_.jpg,1,1,1
1maize_train_leaf blight.JPG,1,2,1
leaf spot562_.jpg,1,3,1
800maize_valid_leaf blight.JPG,1,2,1
2072maize_train_leaf blight.JPG,1,2,1
streak virus591_.jpg,1,1,1
leaf blight282_.jpg,1,2,1
leaf spot1080_.jpg,1,3,1
leaf blight669_.jpg,1,2,1
streak virus157_.jpg,1,1,1
163maize_train_healthy.JPG,1,0,0
streak virus715_.jpg,1,1,1
streak virus471_.jpg,1,1,1
380maize_valid_leaf blight.JPG,1,2,1
leaf blight415_.jpg,1,2,1
AUG_1b633022.jpg,1,0,0
streak virus515_.jpg,1,1,1
2278maize_train_leaf blight.JPG,1,2,1
587maize_valid_streak virus.JPG,1,1,1
513maize_train_streak virus.JPG,1,1,1
leaf blight924_.jpg,1,2,1
844maize_valid_streak virus.JPG,1,1,1
leaf spot906_.jpg,1,3,1
leaf blight785_.jpg,1,2,1
920maize_valid_leaf blight.JPG,1,2,1
leaf blight258_.jpg,1,2,1
1152maize_valid_leaf spot.JPG,1,3,1
leaf blight309_.jpg,1,2,1
streak virus1007_.jpg,1,1,1
313maize_train_streak virus.JPG,1,1,1
leaf blight754_.jpg,1,2,1
AUG_7a3af2ee.jpg,1,0,0
AUG_0f45c2ab.jpg,1,0,0
671maize_train_leaf blight.JPG,1,2,1
180maize_train_healthy.JPG,1,0,0
healthy52_.jpg,1,0,0
leaf blight957_.jpg,1,2,1
streak virus733_.jpg,1,1,1
168maize_train_healthy.JPG,1,0,0
206maize_valid_healthy.JPG,1,0,0
3maize_valid_leaf spot.JPG,1,3,1
leaf spot899_.jpg,1,3,1
908maize_valid_leaf blight.JPG,1,2,1
436maize_valid_leaf blight.JPG,1,2,1
AUG_bbe9a53a.jpg,1,0,0
418maize_valid_leaf blight.JPG,1,2,1
AUG_e93a385e.jpg,1,0,0
295maize_train_streak virus.JPG,1,1,1
704maize_valid_streak virus.JPG,1,1,1
AUG_f9f37d6d.jpg,1,0,0
AUG_bdf46e7d.jpg,1,0,0
21maize_valid_leaf blight.JPG,1,2,1
2179maize_train_leaf blight.JPG,1,2,1
1106maize_train_leaf spot.JPG,1,3,1
leaf blight212_.jpg,1,2,1
leaf spot102_.jpg,1,3,1
70maize_train_healthy.JPG,1,0,0
leaf blight550_.jpg,1,2,1
18maize_valid_streak virus.JPG,1,1,1
streak virus781_.jpg,1,1,1
AUG_9661ff43.jpg,1,0,0
leaf spot1176_.jpg,1,3,1
leaf spot514_.jpg,1,3,1
1023maize_train_leaf spot.JPG,1,3,1
leaf spot597_.jpg,1,3,1
leaf spot646_.jpg,1,3,1
AUG_dbfc30f8.jpg,1,0,0
648maize_valid_leaf spot.JPG,1,3,1
17maize_valid_streak virus.JPG,1,1,1
healthy64_.jpg,1,0,0
leaf blight68_.jpg,1,2,1
leaf spot1230_.jpg,1,3,1
leaf spot727_.jpg,1,3,1
leaf blight320_.jpg,1,2,1
AUG_90dc822f.jpg,1,0,0
671maize_valid_leaf blight.JPG,1,2,1
streak virus731_.jpg,1,1,1
streak virus218_.jpg,1,1,1
leaf blight709_.jpg,1,2,1
streak virus533_.jpg,1,1,1
359maize_valid_leaf blight.JPG,1,2,1
leaf spot808_.jpg,1,3,1
965maize_valid_streak virus.JPG,1,1,1
335maize_valid_streak virus.JPG,1,1,1
399maize_valid_leaf spot.JPG,1,3,1
streak virus904_.jpg,1,1,1
streak virus499_.jpg,1,1,1
streak virus91_.jpg,1,1,1
812maize_valid_streak virus.JPG,1,1,1
25maize_valid_leaf spot.JPG,1,3,1
AUG_d4ecf268.jpg,1,0,0
leaf blight84_.jpg,1,2,1
streak virus358_.jpg,1,1,1
AUG_d10898cb.jpg,1,0,0
43maize_valid_leaf blight.JPG,1,2,1
leaf blight97_.jpg,1,2,1
2202maize_train_leaf blight.JPG,1,2,1
leaf spot1045_.jpg,1,3,1
218maize_train_streak virus.JPG,1,1,1
1928maize_train_leaf spot.JPG,1,3,1
AUG_e29932cd.jpg,1,0,0
408maize_valid_leaf blight.JPG,1,2,1
healthy186_.jpg,1,0,0
288maize_valid_streak virus.JPG,1,1,1
streak virus757_.jpg,1,1,1
leaf spot211_.jpg,1,3,1
leaf spot593_.jpg,1,3,1
2292maize_train_leaf blight.JPG,1,2,1
leaf spot590_.jpg,1,3,1
streak virus968_.jpg,1,1,1
574maize_train_streak virus.JPG,1,1,1
AUG_8db2528b.jpg,1,0,0
657maize_valid_leaf spot.JPG,1,3,1
AUG_3cf7a67b.jpg,1,0,0
leaf spot45_.jpg,1,3,1
377maize_valid_streak virus.JPG,1,1,1
2068maize_train_leaf blight.JPG,1,2,1
streak virus14_.jpg,1,1,1
streak virus943_.jpg,1,1,1
leaf spot165_.jpg,1,3,1
260maize_train_streak virus.JPG,1,1,1
leaf spot1113_.jpg,1,3,1
918maize_valid_leaf blight.JPG,1,2,1
leaf spot208_.jpg,1,3,1
leaf spot623_.jpg,1,3,1
leaf spot1126_.jpg,1,3,1
leaf blight131_.jpg,1,2,1
leaf spot764_.jpg,1,3,1
healthy108_.jpg,1,0,0
AUG_3ecfbb5b.jpg,1,0,0
streak virus802_.jpg,1,1,1
leaf blight610_.jpg,1,2,1
441maize_valid_leaf blight.JPG,1,2,1
91maize_valid_streak virus.JPG,1,1,1
AUG_a460f770.jpg,1,0,0
streak virus637_.jpg,1,1,1
1255maize_valid_leaf spot.JPG,1,3,1
5maize_valid_leaf blight.JPG,1,2,1
105maize_train_healthy.JPG,1,0,0
streak virus993_.jpg,1,1,1
AUG_a8366856.jpg,1,0,0
558maize_train_streak virus.JPG,1,1,1
streak virus610_.jpg,1,1,1
leaf blight605_.jpg,1,2,1
leaf spot366_.jpg,1,3,1
streak virus984_.jpg,1,1,1
leaf blight373_.jpg,1,2,1
AUG_8b9dcc6a.jpg,1,0,0
1881maize_train_leaf spot.JPG,1,3,1
AUG_d82e1af3.jpg,1,0,0
leaf spot1034_.jpg,1,3,1
506maize_train_streak virus.JPG,1,1,1
leaf blight877_.jpg,1,2,1
AUG_4e30c14e.jpg,1,0,0
streak virus387_.jpg,1,1,1
leaf spot527_.jpg,1,3,1
leaf blight70_.jpg,1,2,1
streak virus311_.jpg,1,1,1
leaf spot531_.jpg,1,3,1
AUG_0236c5dd.jpg,1,0,0
134maize_valid_streak virus.JPG,1,1,1
799maize_valid_leaf blight.JPG,1,2,1
leaf blight950_.jpg,1,2,1
leaf spot175_.jpg,1,3,1
leaf blight937_.jpg,1,2,1
773maize_valid_leaf blight.JPG,1,2,1
AUG_9b3ea640.jpg,1,0,0
leaf spot316_.jpg,1,3,1
leaf blight768_.jpg,1,2,1
701maize_valid_leaf spot.JPG,1,3,1
leaf blight793_.jpg,1,2,1
AUG_94bfce9b.jpg,1,0,0
559maize_train_streak virus.JPG,1,1,1
2169maize_train_leaf blight.JPG,1,2,1
AUG_03316dd2.jpg,1,0,0
AUG_6eb9bcb3.jpg,1,0,0
212maize_train_streak virus.JPG,1,1,1
488maize_valid_streak virus.JPG,1,1,1
leaf blight948_.jpg,1,2,1
981maize_valid_streak virus.JPG,1,1,1
leaf blight250_.jpg,1,2,1
233maize_train_healthy.JPG,1,0,0
225maize_train_healthy.JPG,1,0,0
streak virus845_.jpg,1,1,1
leaf spot550_.jpg,1,3,1
75maize_train_streak virus.JPG,1,1,1
leaf blight408_.jpg,1,2,1
845maize_valid_streak virus.JPG,1,1,1
678maize_train_leaf blight.JPG,1,2,1
healthy136_.jpg,1,0,0
leaf blight791_.jpg,1,2,1
leaf spot850_.jpg,1,3,1
789maize_train_streak virus.JPG,1,1,1
leaf spot474_.jpg,1,3,1
healthy185_.jpg,1,0,0
leaf spot135_.jpg,1,3,1
AUG_76e859ff.jpg,1,0,0
leaf blight660_.jpg,1,2,1
streak virus552_.jpg,1,1,1
streak virus300_.jpg,1,1,1
leaf spot928_.jpg,1,3,1
leaf blight35_.jpg,1,2,1
leaf spot1103_.jpg,1,3,1
2maize_valid_streak virus.JPG,1,1,1
streak virus403_.jpg,1,1,1
996maize_valid_streak virus.JPG,1,1,1
streak virus136_.jpg,1,1,1
AUG_7501b725.jpg,1,0,0
healthy149_.jpg,1,0,0
leaf spot687_.jpg,1,3,1
streak virus378_.jpg,1,1,1
leaf blight198_.jpg,1,2,1
streak virus842_.jpg,1,1,1
leaf spot1057_.jpg,1,3,1
1040maize_train_leaf spot.JPG,1,3,1
streak virus769_.jpg,1,1,1
leaf blight705_.jpg,1,2,1
100maize_train_healthy.JPG,1,0,0
streak virus197_.jpg,1,1,1
370maize_valid_streak virus.JPG,1,1,1
AUG_93bea636.jpg,1,0,0
leaf spot1136_.jpg,1,3,1
952maize_train_leaf blight.JPG,1,2,1
367maize_valid_streak virus.JPG,1,1,1
streak virus599_.jpg,1,1,1
leaf spot489_.jpg,1,3,1
516maize_valid_leaf blight.JPG,1,2,1
streak virus815_.jpg,1,1,1
372maize_valid_streak virus.JPG,1,1,1
streak virus597_.jpg,1,1,1
healthy157_.jpg,1,0,0
streak virus77_.jpg,1,1,1
leaf blight323_.jpg,1,2,1
1003maize_valid_leaf blight.JPG,1,2,1
leaf spot494_.jpg,1,3,1
leaf blight961_.jpg,1,2,1
leaf spot1232_.jpg,1,3,1
leaf blight627_.jpg,1,2,1
384maize_valid_streak virus.JPG,1,1,1
leaf blight682_.jpg,1,2,1
702maize_valid_leaf spot.JPG,1,3,1
367maize_valid_leaf blight.JPG,1,2,1
healthy54_.jpg,1,0,0
662maize_valid_leaf spot.JPG,1,3,1
AUG_057099ab.jpg,1,0,0
leaf spot286_.jpg,1,3,1
2189maize_train_leaf blight.JPG,1,2,1
AUG_1199bfef.jpg,1,0,0
825maize_valid_streak virus.JPG,1,1,1
AUG_551ce3dc.jpg,1,0,0
leaf spot954_.jpg,1,3,1
AUG_3fca9f60.jpg,1,0,0
716maize_valid_streak virus.JPG,1,1,1
958maize_train_leaf blight.JPG,1,2,1
AUG_3275ea66.jpg,1,0,0
leaf blight712_.jpg,1,2,1
45maize_train_leaf blight.JPG,1,2,1
705maize_train_streak virus.JPG,1,1,1
leaf blight512_.jpg,1,2,1
leaf spot1178_.jpg,1,3,1
360maize_valid_leaf blight.JPG,1,2,1
streak virus379_.jpg,1,1,1
leaf spot87_.jpg,1,3,1
AUG_fc448321.jpg,1,0,0
leaf spot616_.jpg,1,3,1
leaf spot1062_.jpg,1,3,1
leaf spot488_.jpg,1,3,1
97maize_train_healthy.JPG,1,0,0
leaf spot725_.jpg,1,3,1
leaf blight489_.jpg,1,2,1
404maize_valid_leaf blight.JPG,1,2,1
leaf blight781_.jpg,1,2,1
streak virus456_.jpg,1,1,1
198maize_valid_leaf blight.JPG,1,2,1
AUG_ee8aaeeb.jpg,1,0,0
streak virus535_.jpg,1,1,1
AUG_6a2b8f59.jpg,1,0,0
leaf spot975_.jpg,1,3,1
141maize_train_healthy.JPG,1,0,0
425maize_valid_leaf blight.JPG,1,2,1
667maize_valid_streak virus.JPG,1,1,1
leaf blight777_.jpg,1,2,1
leaf spot665_.jpg,1,3,1
303maize_train_streak virus.JPG,1,1,1
AUG_9280dd3e.jpg,1,0,0
streak virus52_.jpg,1,1,1
leaf spot149_.jpg,1,3,1
leaf spot1196_.jpg,1,3,1
streak virus128_.jpg,1,1,1
726maize_valid_leaf spot.JPG,1,3,1
209maize_train_streak virus.JPG,1,1,1
leaf blight140_.jpg,1,2,1
AUG_859a5a24.jpg,1,0,0
AUG_3e96621b.jpg,1,0,0
AUG_27716410.jpg,1,0,0
1899maize_train_leaf spot.JPG,1,3,1
streak virus11_.jpg,1,1,1
451maize_valid_leaf blight.JPG,1,2,1
leaf spot1172_.jpg,1,3,1
leaf blight623_.jpg,1,2,1
leaf spot929_.jpg,1,3,1
leaf spot1078_.jpg,1,3,1
streak virus785_.jpg,1,1,1
leaf blight385_.jpg,1,2,1
262maize_train_healthy.JPG,1,0,0
leaf blight240_.jpg,1,2,1
leaf spot181_.jpg,1,3,1
358maize_valid_streak virus.JPG,1,1,1
AUG_48b92688.jpg,1,0,0
AUG_ffa77459.jpg,1,0,0
streak virus26_.jpg,1,1,1
527maize_train_streak virus.JPG,1,1,1
leaf blight44_.jpg,1,2,1
leaf blight218_.jpg,1,2,1
AUG_7b4de5ed.jpg,1,0,0
34maize_train_healthy.JPG,1,0,0
leaf spot877_.jpg,1,3,1
healthy122_.jpg,1,0,0
1031maize_train_leaf spot.JPG,1,3,1
1174maize_valid_leaf spot.JPG,1,3,1
healthy175_.jpg,1,0,0
AUG_3bd7b25f.jpg,1,0,0
86maize_train_healthy.JPG,1,0,0
AUG_69046ac0.jpg,1,0,0
195maize_train_leaf blight.JPG,1,2,1
streak virus536_.jpg,1,1,1
leaf blight752_.jpg,1,2,1
leaf blight651_.jpg,1,2,1
leaf blight213_.jpg,1,2,1
1118maize_valid_leaf spot.JPG,1,3,1
269maize_valid_streak virus.JPG,1,1,1
healthy189_.jpg,1,0,0
208maize_train_healthy.JPG,1,0,0
leaf spot698_.jpg,1,3,1
leaf spot22_.jpg,1,3,1
791maize_train_streak virus.JPG,1,1,1
AUG_f9aff5e5.jpg,1,0,0
581maize_valid_streak virus.JPG,1,1,1
leaf blight555_.jpg,1,2,1
leaf spot126_.jpg,1,3,1
streak virus762_.jpg,1,1,1
leaf blight997_.jpg,1,2,1
leaf spot603_.jpg,1,3,1
2089maize_train_leaf blight.JPG,1,2,1
leaf spot299_.jpg,1,3,1
16maize_valid_leaf blight.JPG,1,2,1
leaf blight318_.jpg,1,2,1
566maize_valid_streak virus.JPG,1,1,1
leaf spot439_.jpg,1,3,1
leaf spot1207_.jpg,1,3,1
703maize_valid_streak virus.JPG,1,1,1
489maize_valid_streak virus.JPG,1,1,1
158maize_valid_leaf blight.JPG,1,2,1
leaf spot117_.jpg,1,3,1
leaf spot148_.jpg,1,3,1
291maize_valid_streak virus.JPG,1,1,1
AUG_9fca216f.jpg,1,0,0
833maize_valid_streak virus.JPG,1,1,1
AUG_86fa3055.jpg,1,0,0
355maize_valid_streak virus.JPG,1,1,1
295maize_valid_leaf blight.JPG,1,2,1
AUG_edd06c77.jpg,1,0,0
leaf spot1144_.jpg,1,3,1
223maize_valid_leaf spot.JPG,1,3,1
675maize_valid_streak virus.JPG,1,1,1
84maize_train_streak virus.JPG,1,1,1
streak virus639_.jpg,1,1,1
711maize_train_streak virus.JPG,1,1,1
376maize_valid_streak virus.JPG,1,1,1
leaf spot827_.jpg,1,3,1
67maize_train_healthy.JPG,1,0,0
176maize_train_leaf blight.JPG,1,2,1
40maize_train_healthy.JPG,1,0,0
leaf spot16_.jpg,1,3,1
387maize_valid_streak virus.JPG,1,1,1
streak virus312_.jpg,1,1,1
streak virus441_.jpg,1,1,1
streak virus843_.jpg,1,1,1
leaf spot459_.jpg,1,3,1
leaf spot461_.jpg,1,3,1
198maize_train_streak virus.JPG,1,1,1
755maize_train_streak virus.JPG,1,1,1
streak virus49_.jpg,1,1,1
healthy101_.jpg,1,0,0
976maize_valid_streak virus.JPG,1,1,1
AUG_0bfa986e.jpg,1,0,0
666maize_valid_streak virus.JPG,1,1,1
AUG_7a86ac95.jpg,1,0,0
leaf spot486_.jpg,1,3,1
leaf spot513_.jpg,1,3,1
AUG_4a5593ef.jpg,1,0,0
leaf blight717_.jpg,1,2,1
leaf blight758_.jpg,1,2,1
streak virus822_.jpg,1,1,1
streak virus397_.jpg,1,1,1
leaf blight784_.jpg,1,2,1
leaf spot944_.jpg,1,3,1
leaf spot1233_.jpg,1,3,1
AUG_a40dc110.jpg,1,0,0
64maize_train_healthy.JPG,1,0,0
streak virus664_.jpg,1,1,1
AUG_f0dd9564.jpg,1,0,0
streak virus609_.jpg,1,1,1
606maize_valid_streak virus.JPG,1,1,1
leaf spot1010_.jpg,1,3,1
leaf spot454_.jpg,1,3,1
streak virus126_.jpg,1,1,1
leaf spot870_.jpg,1,3,1
streak virus324_.jpg,1,1,1
leaf blight741_.jpg,1,2,1
710maize_valid_leaf spot.JPG,1,3,1
656maize_train_leaf blight.JPG,1,2,1
healthy177_.jpg,1,0,0
streak virus940_.jpg,1,1,1
AUG_fdf8e046.jpg,1,0,0
leaf blight515_.jpg,1,2,1
leaf blight342_.jpg,1,2,1
streak virus121_.jpg,1,1,1
streak virus616_.jpg,1,1,1
455maize_valid_leaf spot.JPG,1,3,1
209maize_valid_healthy.JPG,1,0,0
1251maize_valid_leaf spot.JPG,1,3,1
leaf spot127_.jpg,1,3,1
leaf spot409_.jpg,1,3,1
leaf blight947_.jpg,1,2,1
AUG_47dfbb1c.jpg,1,0,0
11maize_valid_streak virus.JPG,1,1,1
streak virus518_.jpg,1,1,1
leaf spot248_.jpg,1,3,1
602maize_train_streak virus.JPG,1,1,1
550maize_train_streak virus.JPG,1,1,1
leaf spot255_.jpg,1,3,1
leaf blight326_.jpg,1,2,1
leaf blight902_.jpg,1,2,1
leaf blight742_.jpg,1,2,1
leaf spot1133_.jpg,1,3,1
streak virus53_.jpg,1,1,1
AUG_05bb2fda.jpg,1,0,0
leaf spot800_.jpg,1,3,1
leaf blight861_.jpg,1,2,1
leaf spot840_.jpg,1,3,1
leaf spot1169_.jpg,1,3,1
healthy194_.jpg,1,0,0
384maize_valid_leaf spot.JPG,1,3,1
848maize_valid_streak virus.JPG,1,1,1
streak virus386_.jpg,1,1,1
706maize_valid_leaf spot.JPG,1,3,1
AUG_6e087f25.jpg,1,0,0
leaf spot789_.jpg,1,3,1
leaf blight688_.jpg,1,2,1
AUG_8396bf67.jpg,1,0,0
413maize_valid_leaf blight.JPG,1,2,1
138maize_valid_streak virus.JPG,1,1,1
healthy158_.jpg,1,0,0
596maize_valid_streak virus.JPG,1,1,1
leaf blight427_.jpg,1,2,1
16maize_train_healthy.JPG,1,0,0
AUG_6dd1f0af.jpg,1,0,0
streak virus480_.jpg,1,1,1
674maize_valid_leaf spot.JPG,1,3,1
leaf spot227_.jpg,1,3,1
689maize_train_streak virus.JPG,1,1,1
leaf spot874_.jpg,1,3,1
leaf spot539_.jpg,1,3,1
leaf blight612_.jpg,1,2,1
319maize_train_leaf blight.JPG,1,2,1
AUG_0f703298.jpg,1,0,0
708maize_valid_leaf spot.JPG,1,3,1
218maize_train_healthy.JPG,1,0,0
189maize_train_healthy.JPG,1,0,0
leaf spot324_.jpg,1,3,1
healthy94_.jpg,1,0,0
677maize_valid_streak virus.JPG,1,1,1
streak virus5_.jpg,1,1,1
94maize_train_healthy.JPG,1,0,0
leaf blight721_.jpg,1,2,1
58maize_train_leaf blight.JPG,1,2,1
streak virus965_.jpg,1,1,1
leaf spot811_.jpg,1,3,1
AUG_730a0a0e.jpg,1,0,0
AUG_3f6e50b6.jpg,1,0,0
leaf spot818_.jpg,1,3,1
leaf blight943_.jpg,1,2,1
leaf blight809_.jpg,1,2,1
leaf spot897_.jpg,1,3,1
AUG_31db5d95.jpg,1,0,0
AUG_66951b2f.jpg,1,0,0
955maize_train_leaf blight.JPG,1,2,1
AUG_1c008a28.jpg,1,0,0
leaf blight66_.jpg,1,2,1
AUG_32646921.jpg,1,0,0
797maize_valid_leaf blight.JPG,1,2,1
streak virus158_.jpg,1,1,1
2188maize_train_leaf blight.JPG,1,2,1
leaf spot794_.jpg,1,3,1
leaf spot1119_.jpg,1,3,1
leaf spot49_.jpg,1,3,1
streak virus319_.jpg,1,1,1
676maize_train_leaf blight.JPG,1,2,1
leaf spot264_.jpg,1,3,1
streak virus337_.jpg,1,1,1
AUG_7ec60701.jpg,1,0,0
814maize_valid_streak virus.JPG,1,1,1
leaf spot470_.jpg,1,3,1
855maize_valid_streak virus.JPG,1,1,1
streak virus143_.jpg,1,1,1
leaf blight317_.jpg,1,2,1
leaf blight563_.jpg,1,2,1
leaf blight1010_.jpg,1,2,1
leaf spot184_.jpg,1,3,1
leaf blight355_.jpg,1,2,1
leaf spot300_.jpg,1,3,1
2085maize_train_leaf blight.JPG,1,2,1
339maize_valid_leaf spot.JPG,1,3,1
AUG_4198a33e.jpg,1,0,0
leaf blight602_.jpg,1,2,1
AUG_0c734d07.jpg,1,0,0
leaf spot178_.jpg,1,3,1
leaf blight266_.jpg,1,2,1
leaf spot441_.jpg,1,3,1
405maize_valid_leaf blight.JPG,1,2,1
leaf spot1264_.jpg,1,3,1
178maize_train_leaf blight.JPG,1,2,1
AUG_f65f14b3.jpg,1,0,0
streak virus826_.jpg,1,1,1
927maize_train_leaf blight.JPG,1,2,1
382maize_valid_leaf spot.JPG,1,3,1
266maize_valid_streak virus.JPG,1,1,1
streak virus667_.jpg,1,1,1
leaf spot739_.jpg,1,3,1
leaf spot499_.jpg,1,3,1
leaf spot1203_.jpg,1,3,1
streak virus9_.jpg,1,1,1
917maize_valid_leaf blight.JPG,1,2,1
572maize_valid_streak virus.JPG,1,1,1
streak virus351_.jpg,1,1,1
403maize_valid_leaf spot.JPG,1,3,1
689maize_valid_leaf blight.JPG,1,2,1
leaf spot923_.jpg,1,3,1
leaf blight827_.jpg,1,2,1
streak virus791_.jpg,1,1,1
263maize_valid_streak virus.JPG,1,1,1
670maize_valid_leaf spot.JPG,1,3,1
922maize_valid_leaf blight.JPG,1,2,1
leaf spot552_.jpg,1,3,1
AUG_74762871.jpg,1,0,0
687maize_valid_streak virus.JPG,1,1,1
529maize_train_streak virus.JPG,1,1,1
healthy190_.jpg,1,0,0
869maize_valid_streak virus.JPG,1,1,1
leaf blight566_.jpg,1,2,1
leaf blight59_.jpg,1,2,1
leaf blight493_.jpg,1,2,1
leaf spot1180_.jpg,1,3,1
AUG_e20b8762.jpg,1,0,0
874maize_valid_leaf blight.JPG,1,2,1
leaf blight433_.jpg,1,2,1
775maize_train_streak virus.JPG,1,1,1
638maize_valid_leaf spot.JPG,1,3,1
1maize_valid_leaf blight.JPG,1,2,1
leaf spot566_.jpg,1,3,1
healthy160_.jpg,1,0,0
AUG_7a099fb6.jpg,1,0,0
healthy83_.jpg,1,0,0
streak virus464_.jpg,1,1,1
210maize_valid_healthy.JPG,1,0,0
streak virus1001_.jpg,1,1,1
AUG_5dcb5979.jpg,1,0,0
164maize_train_healthy.JPG,1,0,0
leaf spot567_.jpg,1,3,1
leaf blight377_.jpg,1,2,1
715maize_valid_streak virus.JPG,1,1,1
streak virus982_.jpg,1,1,1
AUG_f822a57c.jpg,1,0,0
2290maize_train_leaf blight.JPG,1,2,1
AUG_df35d6db.jpg,1,0,0
streak virus356_.jpg,1,1,1
656maize_valid_leaf spot.JPG,1,3,1
leaf blight663_.jpg,1,2,1
642maize_valid_leaf spot.JPG,1,3,1
streak virus568_.jpg,1,1,1
344maize_valid_streak virus.JPG,1,1,1
145maize_valid_leaf blight.JPG,1,2,1
191maize_valid_streak virus.JPG,1,1,1
leaf spot648_.jpg,1,3,1
AUG_f03cb800.jpg,1,0,0
987maize_valid_streak virus.JPG,1,1,1
856maize_valid_streak virus.JPG,1,1,1
329maize_train_streak virus.JPG,1,1,1
streak virus443_.jpg,1,1,1
leaf blight532_.jpg,1,2,1
streak virus957_.jpg,1,1,1
AUG_e2e0a24e.jpg,1,0,0
2056maize_train_leaf blight.JPG,1,2,1
294maize_train_streak virus.JPG,1,1,1
leaf blight898_.jpg,1,2,1
40maize_valid_streak virus.JPG,1,1,1
2074maize_train_leaf blight.JPG,1,2,1
leaf spot684_.jpg,1,3,1
leaf spot613_.jpg,1,3,1
980maize_valid_streak virus.JPG,1,1,1
streak virus583_.jpg,1,1,1
AUG_32382b9f.jpg,1,0,0
828maize_valid_streak virus.JPG,1,1,1
streak virus913_.jpg,1,1,1
679maize_valid_leaf blight.JPG,1,2,1
streak virus674_.jpg,1,1,1
leaf spot702_.jpg,1,3,1
leaf spot450_.jpg,1,3,1
780maize_train_streak virus.JPG,1,1,1
AUG_e30b5cc7.jpg,1,0,0
AUG_0734776d.jpg,1,0,0
leaf blight56_.jpg,1,2,1
streak virus259_.jpg,1,1,1
198maize_train_healthy.JPG,1,0,0
AUG_ba232940.jpg,1,0,0
574maize_valid_streak virus.JPG,1,1,1
453maize_valid_leaf blight.JPG,1,2,1
AUG_3920d797.jpg,1,0,0
2093maize_train_leaf blight.JPG,1,2,1
AUG_a7d2dbcd.jpg,1,0,0
701maize_valid_streak virus.JPG,1,1,1
1904maize_train_leaf spot.JPG,1,3,1
718maize_valid_streak virus.JPG,1,1,1
streak virus297_.jpg,1,1,1
197maize_train_streak virus.JPG,1,1,1
leaf blight744_.jpg,1,2,1
AUG_1b60295a.jpg,1,0,0
leaf spot225_.jpg,1,3,1
AUG_682d4694.jpg,1,0,0
streak virus313_.jpg,1,1,1
718maize_valid_leaf spot.JPG,1,3,1
leaf spot130_.jpg,1,3,1
streak virus56_.jpg,1,1,1
leaf blight847_.jpg,1,2,1
leaf blight549_.jpg,1,2,1
leaf spot1048_.jpg,1,3,1
leaf spot733_.jpg,1,3,1
2170maize_train_leaf blight.JPG,1,2,1
58maize_valid_streak virus.JPG,1,1,1
876maize_valid_leaf blight.JPG,1,2,1
448maize_valid_leaf blight.JPG,1,2,1
leaf spot598_.jpg,1,3,1
leaf blight582_.jpg,1,2,1
AUG_96f494d3.jpg,1,0,0
834maize_valid_streak virus.JPG,1,1,1
973maize_valid_streak virus.JPG,1,1,1
2081maize_train_leaf blight.JPG,1,2,1
393maize_valid_streak virus.JPG,1,1,1
streak virus453_.jpg,1,1,1
2103maize_train_leaf blight.JPG,1,2,1
829maize_valid_leaf blight.JPG,1,2,1
leaf spot419_.jpg,1,3,1
leaf blight787_.jpg,1,2,1
streak virus782_.jpg,1,1,1
leaf spot641_.jpg,1,3,1
AUG_2f416ddc.jpg,1,0,0
AUG_c5307a2a.jpg,1,0,0
leaf blight28_.jpg,1,2,1
AUG_a69b5952.jpg,1,0,0
1039maize_valid_leaf spot.JPG,1,3,1
leaf spot535_.jpg,1,3,1
245maize_train_healthy.JPG,1,0,0
leaf spot947_.jpg,1,3,1
1024maize_train_leaf spot.JPG,1,3,1
streak virus882_.jpg,1,1,1
137maize_train_healthy.JPG,1,0,0
leaf blight909_.jpg,1,2,1
AUG_669566e3.jpg,1,0,0
leaf blight434_.jpg,1,2,1
leaf spot730_.jpg,1,3,1
AUG_a18a57fc.jpg,1,0,0
956maize_train_leaf blight.JPG,1,2,1
leaf spot810_.jpg,1,3,1
leaf blight874_.jpg,1,2,1
leaf blight755_.jpg,1,2,1
streak virus39_.jpg,1,1,1
385maize_valid_streak virus.JPG,1,1,1
AUG_c2cf2460.jpg,1,0,0
AUG_d180b6f6.jpg,1,0,0
702maize_train_streak virus.JPG,1,1,1
streak virus916_.jpg,1,1,1
AUG_4fd4e7b5.jpg,1,0,0
2193maize_train_leaf blight.JPG,1,2,1
leaf spot576_.jpg,1,3,1
293maize_train_streak virus.JPG,1,1,1
leaf blight386_.jpg,1,2,1
113maize_valid_healthy.JPG,1,0,0
leaf spot859_.jpg,1,3,1
leaf spot837_.jpg,1,3,1
AUG_611cf4a5.jpg,1,0,0
217maize_train_streak virus.JPG,1,1,1
AUG_a55a021b.jpg,1,0,0
317maize_train_streak virus.JPG,1,1,1
leaf spot900_.jpg,1,3,1
leaf blight188_.jpg,1,2,1
68maize_train_streak virus.JPG,1,1,1
leaf blight698_.jpg,1,2,1
2212maize_train_leaf blight.JPG,1,2,1
streak virus853_.jpg,1,1,1
348maize_valid_streak virus.JPG,1,1,1
291maize_train_streak virus.JPG,1,1,1
AUG_71822d4e.jpg,1,0,0
AUG_0b3adc3d.jpg,1,0,0
AUG_a03e0185.jpg,1,0,0
streak virus289_.jpg,1,1,1
339maize_valid_streak virus.JPG,1,1,1
streak virus801_.jpg,1,1,1
1012maize_train_leaf spot.JPG,1,3,1
949maize_valid_leaf blight.JPG,1,2,1
streak virus735_.jpg,1,1,1
streak virus692_.jpg,1,1,1
leaf spot526_.jpg,1,3,1
AUG_a3602ba1.jpg,1,0,0
AUG_37a375ed.jpg,1,0,0
2295maize_train_leaf blight.JPG,1,2,1
17maize_valid_leaf blight.JPG,1,2,1
563maize_valid_streak virus.JPG,1,1,1
leaf blight969_.jpg,1,2,1
streak virus787_.jpg,1,1,1
942maize_train_leaf blight.JPG,1,2,1
59maize_valid_streak virus.JPG,1,1,1
leaf blight771_.jpg,1,2,1
leaf blight818_.jpg,1,2,1
794maize_valid_streak virus.JPG,1,1,1
leaf spot418_.jpg,1,3,1
leaf spot481_.jpg,1,3,1
AUG_3eb09d63.jpg,1,0,0
leaf spot210_.jpg,1,3,1
leaf blight128_.jpg,1,2,1
streak virus656_.jpg,1,1,1
AUG_47fe4c12.jpg,1,0,0
streak virus727_.jpg,1,1,1
streak virus559_.jpg,1,1,1
streak virus381_.jpg,1,1,1
691maize_train_leaf blight.JPG,1,2,1
AUG_3638432e.jpg,1,0,0
healthy7_.jpg,1,0,0
723maize_valid_streak virus.JPG,1,1,1
835maize_valid_leaf blight.JPG,1,2,1
587maize_train_streak virus.JPG,1,1,1
leaf blight332_.jpg,1,2,1
AUG_231429d0.jpg,1,0,0
leaf spot293_.jpg,1,3,1
490maize_train_streak virus.JPG,1,1,1
47maize_train_healthy.JPG,1,0,0
leaf spot924_.jpg,1,3,1
streak virus873_.jpg,1,1,1
102maize_valid_streak virus.JPG,1,1,1
691maize_valid_streak virus.JPG,1,1,1
231maize_valid_leaf spot.JPG,1,3,1
AUG_a793dbb9.jpg,1,0,0
leaf spot367_.jpg,1,3,1
leaf blight184_.jpg,1,2,1
leaf spot101_.jpg,1,3,1
leaf spot71_.jpg,1,3,1
leaf blight29_.jpg,1,2,1
leaf spot660_.jpg,1,3,1
streak virus398_.jpg,1,1,1
leaf blight393_.jpg,1,2,1
AUG_74fe6c65.jpg,1,0,0
leaf spot1234_.jpg,1,3,1
272maize_valid_streak virus.JPG,1,1,1
healthy117_.jpg,1,0,0
leaf blight724_.jpg,1,2,1
leaf spot65_.jpg,1,3,1
leaf spot1189_.jpg,1,3,1
336maize_valid_streak virus.JPG,1,1,1
leaf spot512_.jpg,1,3,1
716maize_train_streak virus.JPG,1,1,1
leaf spot276_.jpg,1,3,1
leaf spot615_.jpg,1,3,1
304maize_train_streak virus.JPG,1,1,1
350maize_valid_streak virus.JPG,1,1,1
leaf blight479_.jpg,1,2,1
leaf blight637_.jpg,1,2,1
leaf blight73_.jpg,1,2,1
221maize_valid_streak virus.JPG,1,1,1
715maize_valid_leaf spot.JPG,1,3,1
660maize_valid_streak virus.JPG,1,1,1
streak virus861_.jpg,1,1,1
713maize_valid_streak virus.JPG,1,1,1
362maize_valid_leaf blight.JPG,1,2,1
485maize_valid_streak virus.JPG,1,1,1
leaf blight538_.jpg,1,2,1
202maize_valid_healthy.JPG,1,0,0
leaf spot277_.jpg,1,3,1
252maize_train_streak virus.JPG,1,1,1
446maize_valid_leaf blight.JPG,1,2,1
517maize_valid_leaf blight.JPG,1,2,1
streak virus550_.jpg,1,1,1
AUG_8128c96b.jpg,1,0,0
2308maize_train_leaf blight.JPG,1,2,1
562maize_valid_streak virus.JPG,1,1,1
AUG_1a1a7343.jpg,1,0,0
14maize_valid_leaf blight.JPG,1,2,1
473maize_train_streak virus.JPG,1,1,1
leaf spot755_.jpg,1,3,1
2109maize_train_leaf blight.JPG,1,2,1
leaf spot180_.jpg,1,3,1
710maize_train_streak virus.JPG,1,1,1
leaf blight210_.jpg,1,2,1
leaf blight117_.jpg,1,2,1
AUG_fb5a9cf6.jpg,1,0,0
leaf spot86_.jpg,1,3,1
leaf spot442_.jpg,1,3,1
605maize_train_streak virus.JPG,1,1,1
572maize_train_streak virus.JPG,1,1,1
AUG_993d4134.jpg,1,0,0
757maize_train_streak virus.JPG,1,1,1
streak virus58_.jpg,1,1,1
leaf blight331_.jpg,1,2,1
streak virus602_.jpg,1,1,1
AUG_28d63b96.jpg,1,0,0
659maize_valid_leaf spot.JPG,1,3,1
leaf spot1106_.jpg,1,3,1
684maize_valid_leaf blight.JPG,1,2,1
leaf spot1037_.jpg,1,3,1
leaf spot157_.jpg,1,3,1
streak virus897_.jpg,1,1,1
streak virus619_.jpg,1,1,1
288maize_train_streak virus.JPG,1,1,1
leaf blight514_.jpg,1,2,1
leaf spot1049_.jpg,1,3,1
leaf blight220_.jpg,1,2,1
leaf spot1028_.jpg,1,3,1
leaf spot451_.jpg,1,3,1
leaf blight111_.jpg,1,2,1
AUG_232b108f.jpg,1,0,0
leaf blight509_.jpg,1,2,1
leaf blight609_.jpg,1,2,1
leaf blight224_.jpg,1,2,1
leaf blight329_.jpg,1,2,1
29maize_valid_leaf spot.JPG,1,3,1
315maize_train_streak virus.JPG,1,1,1
AUG_e270a4bb.jpg,1,0,0
streak virus389_.jpg,1,1,1
leaf spot666_.jpg,1,3,1
1932maize_train_leaf spot.JPG,1,3,1
leaf blight661_.jpg,1,2,1
171maize_train_healthy.JPG,1,0,0
leaf blight719_.jpg,1,2,1
leaf spot1188_.jpg,1,3,1
leaf spot468_.jpg,1,3,1
AUG_73320ec2.jpg,1,0,0
AUG_25dd67a6.jpg,1,0,0
AUG_6ab40a3f.jpg,1,0,0
1226maize_valid_leaf spot.JPG,1,3,1
AUG_f5efc5ec.jpg,1,0,0
AUG_7b5010c1.jpg,1,0,0
886maize_valid_leaf blight.JPG,1,2,1
healthy143_.jpg,1,0,0
154maize_train_healthy.JPG,1,0,0
leaf spot1058_.jpg,1,3,1
healthy103_.jpg,1,0,0
streak virus694_.jpg,1,1,1
770maize_train_streak virus.JPG,1,1,1
2304maize_train_leaf blight.JPG,1,2,1
leaf spot431_.jpg,1,3,1
AUG_cc231a45.jpg,1,0,0
leaf spot1142_.jpg,1,3,1
leaf spot258_.jpg,1,3,1
streak virus488_.jpg,1,1,1
287maize_valid_leaf blight.JPG,1,2,1
streak virus331_.jpg,1,1,1
leaf blight690_.jpg,1,2,1
AUG_2d0b20c8.jpg,1,0,0
140maize_valid_leaf blight.JPG,1,2,1
leaf blight927_.jpg,1,2,1
858maize_valid_leaf blight.JPG,1,2,1
leaf blight498_.jpg,1,2,1
healthy47_.jpg,1,0,0
leaf spot679_.jpg,1,3,1
564maize_train_streak virus.JPG,1,1,1
AUG_523002ac.jpg,1,0,0
336maize_train_streak virus.JPG,1,1,1
562maize_train_streak virus.JPG,1,1,1
leaf spot765_.jpg,1,3,1
AUG_6b9009cf.jpg,1,0,0
healthy95_.jpg,1,0,0
80maize_train_streak virus.JPG,1,1,1
healthy15_.jpg,1,0,0
streak virus749_.jpg,1,1,1
streak virus732_.jpg,1,1,1
1075maize_valid_leaf spot.JPG,1,3,1
AUG_9d9279f8.jpg,1,0,0
leaf blight751_.jpg,1,2,1
723maize_train_streak virus.JPG,1,1,1
streak virus459_.jpg,1,1,1
AUG_9de9d282.jpg,1,0,0
leaf spot390_.jpg,1,3,1
595maize_valid_streak virus.JPG,1,1,1
383maize_valid_leaf spot.JPG,1,3,1
993maize_valid_streak virus.JPG,1,1,1
leaf spot288_.jpg,1,3,1
AUG_44bc3edd.jpg,1,0,0
leaf blight287_.jpg,1,2,1
leaf spot568_.jpg,1,3,1
leaf spot916_.jpg,1,3,1
687maize_valid_leaf blight.JPG,1,2,1
streak virus278_.jpg,1,1,1
AUG_8e16c923.jpg,1,0,0
streak virus198_.jpg,1,1,1
AUG_d3dd7171.jpg,1,0,0
243maize_train_healthy.JPG,1,0,0
leaf blight696_.jpg,1,2,1
AUG_aa931db5.jpg,1,0,0
streak virus500_.jpg,1,1,1
122maize_train_healthy.JPG,1,0,0
139maize_train_healthy.JPG,1,0,0
leaf blight890_.jpg,1,2,1
leaf spot507_.jpg,1,3,1
streak virus995_.jpg,1,1,1
32maize_valid_leaf spot.JPG,1,3,1
359maize_valid_streak virus.JPG,1,1,1
AUG_33411bdd.jpg,1,0,0
880maize_valid_leaf blight.JPG,1,2,1
leaf blight799_.jpg,1,2,1
655maize_train_leaf blight.JPG,1,2,1
streak virus832_.jpg,1,1,1
streak virus643_.jpg,1,1,1
AUG_fba907eb.jpg,1,0,0
leaf spot773_.jpg,1,3,1
leaf spot197_.jpg,1,3,1
leaf spot168_.jpg,1,3,1
healthy109_.jpg,1,0,0
streak virus962_.jpg,1,1,1
673maize_train_leaf blight.JPG,1,2,1
leaf spot1017_.jpg,1,3,1
362maize_valid_streak virus.JPG,1,1,1
leaf blight845_.jpg,1,2,1
AUG_3c52d568.jpg,1,0,0
AUG_b837c69a.jpg,1,0,0
leaf blight560_.jpg,1,2,1
AUG_e290df08.jpg,1,0,0
streak virus512_.jpg,1,1,1
leaf spot59_.jpg,1,3,1
18maize_valid_leaf blight.JPG,1,2,1
535maize_train_streak virus.JPG,1,1,1
194maize_valid_leaf spot.JPG,1,3,1
leaf blight941_.jpg,1,2,1
2185maize_train_leaf blight.JPG,1,2,1
AUG_55168cb8.jpg,1,0,0
leaf spot263_.jpg,1,3,1
streak virus45_.jpg,1,1,1
leaf blight506_.jpg,1,2,1
309maize_train_streak virus.JPG,1,1,1
leaf spot993_.jpg,1,3,1
leaf spot223_.jpg,1,3,1
streak virus342_.jpg,1,1,1
leaf spot1008_.jpg,1,3,1
69maize_train_healthy.JPG,1,0,0
AUG_4ed65391.jpg,1,0,0
streak virus875_.jpg,1,1,1
leaf blight567_.jpg,1,2,1
leaf spot655_.jpg,1,3,1
AUG_fc682df8.jpg,1,0,0
597maize_valid_streak virus.JPG,1,1,1
AUG_45b007fd.jpg,1,0,0
1257maize_valid_leaf spot.JPG,1,3,1
streak virus35_.jpg,1,1,1
AUG_28d05b33.jpg,1,0,0
758maize_train_streak virus.JPG,1,1,1
streak virus169_.jpg,1,1,1
1170maize_valid_leaf spot.JPG,1,3,1
AUG_61f62975.jpg,1,0,0
healthy39_.jpg,1,0,0
streak virus771_.jpg,1,1,1
leaf blight568_.jpg,1,2,1
leaf blight280_.jpg,1,2,1
leaf spot533_.jpg,1,3,1
leaf spot736_.jpg,1,3,1
AUG_9460ef20.jpg,1,0,0
311maize_train_leaf blight.JPG,1,2,1
streak virus580_.jpg,1,1,1
healthy71_.jpg,1,0,0
leaf spot1074_.jpg,1,3,1
661maize_valid_leaf spot.JPG,1,3,1
736maize_train_streak virus.JPG,1,1,1
leaf spot839_.jpg,1,3,1
28maize_valid_leaf blight.JPG,1,2,1
AUG_8534dc02.jpg,1,0,0
AUG_3fb3442c.jpg,1,0,0
leaf spot908_.jpg,1,3,1
566maize_train_streak virus.JPG,1,1,1
211maize_train_healthy.JPG,1,0,0
leaf spot1073_.jpg,1,3,1
653maize_train_leaf blight.JPG,1,2,1
leaf blight269_.jpg,1,2,1
94maize_valid_leaf blight.JPG,1,2,1
leaf blight886_.jpg,1,2,1
streak virus318_.jpg,1,1,1
leaf blight95_.jpg,1,2,1
leaf blight255_.jpg,1,2,1
170maize_train_leaf blight.JPG,1,2,1
leaf spot757_.jpg,1,3,1
streak virus395_.jpg,1,1,1
721maize_valid_streak virus.JPG,1,1,1
healthy75_.jpg,1,0,0
497maize_train_streak virus.JPG,1,1,1
AUG_3f2f76bd.jpg,1,0,0
streak virus642_.jpg,1,1,1
leaf blight429_.jpg,1,2,1
leaf spot731_.jpg,1,3,1
streak virus807_.jpg,1,1,1
leaf spot80_.jpg,1,3,1
leaf spot36_.jpg,1,3,1
AUG_e7e4eea3.jpg,1,0,0
AUG_5350f731.jpg,1,0,0
986maize_valid_streak virus.JPG,1,1,1
AUG_c749f9d3.jpg,1,0,0
leaf spot1122_.jpg,1,3,1
975maize_valid_streak virus.JPG,1,1,1
420maize_valid_leaf blight.JPG,1,2,1
leaf spot444_.jpg,1,3,1
leaf spot261_.jpg,1,3,1
217maize_train_healthy.JPG,1,0,0
528maize_train_streak virus.JPG,1,1,1
leaf blight381_.jpg,1,2,1
AUG_c24caf9c.jpg,1,0,0
592maize_train_streak virus.JPG,1,1,1
251maize_train_healthy.JPG,1,0,0
AUG_a069e784.jpg,1,0,0
57maize_train_healthy.JPG,1,0,0
leaf spot177_.jpg,1,3,1
leaf blight507_.jpg,1,2,1
streak virus702_.jpg,1,1,1
leaf blight298_.jpg,1,2,1
933maize_train_leaf blight.JPG,1,2,1
487maize_valid_streak virus.JPG,1,1,1
leaf spot701_.jpg,1,3,1
streak virus47_.jpg,1,1,1
streak virus778_.jpg,1,1,1
leaf blight670_.jpg,1,2,1
leaf spot1022_.jpg,1,3,1
AUG_ea085945.jpg,1,0,0
330maize_train_streak virus.JPG,1,1,1
leaf spot830_.jpg,1,3,1
leaf blight96_.jpg,1,2,1
AUG_bf07dca3.jpg,1,0,0
161maize_train_streak virus.JPG,1,1,1
AUG_6b355f1e.jpg,1,0,0
AUG_b9ea0caf.jpg,1,0,0
leaf spot779_.jpg,1,3,1
484maize_valid_streak virus.JPG,1,1,1
streak virus573_.jpg,1,1,1
AUG_afd86ad3.jpg,1,0,0
537maize_train_streak virus.JPG,1,1,1
leaf spot1121_.jpg,1,3,1
leaf blight543_.jpg,1,2,1
leaf spot1250_.jpg,1,3,1
leaf blight616_.jpg,1,2,1
leaf blight713_.jpg,1,2,1
leaf spot778_.jpg,1,3,1
healthy92_.jpg,1,0,0
leaf spot657_.jpg,1,3,1
321maize_train_leaf blight.JPG,1,2,1
leaf spot848_.jpg,1,3,1
400maize_valid_leaf spot.JPG,1,3,1
357maize_valid_leaf blight.JPG,1,2,1
healthy196_.jpg,1,0,0
leaf spot770_.jpg,1,3,1
85maize_valid_streak virus.JPG,1,1,1
2181maize_train_leaf blight.JPG,1,2,1
155maize_valid_streak virus.JPG,1,1,1
AUG_51e4e5a8.jpg,1,0,0
leaf spot946_.jpg,1,3,1
healthy37_.jpg,1,0,0
81maize_train_streak virus.JPG,1,1,1
172maize_valid_streak virus.JPG,1,1,1
streak virus950_.jpg,1,1,1
streak virus812_.jpg,1,1,1
streak virus557_.jpg,1,1,1
585maize_train_streak virus.JPG,1,1,1
712maize_train_streak virus.JPG,1,1,1
leaf spot1064_.jpg,1,3,1
leaf spot480_.jpg,1,3,1
261maize_valid_leaf spot.JPG,1,3,1
leaf spot817_.jpg,1,3,1
leaf blight576_.jpg,1,2,1
AUG_a8cf4772.jpg,1,0,0
leaf blight303_.jpg,1,2,1
AUG_d818e553.jpg,1,0,0
leaf spot1009_.jpg,1,3,1
leaf spot601_.jpg,1,3,1
leaf spot1020_.jpg,1,3,1
711maize_valid_leaf blight.JPG,1,2,1
2218maize_train_leaf blight.JPG,1,2,1
leaf blight319_.jpg,1,2,1
leaf blight535_.jpg,1,2,1
AUG_4c85c7c9.jpg,1,0,0
960maize_train_leaf blight.JPG,1,2,1
leaf spot554_.jpg,1,3,1
142maize_valid_streak virus.JPG,1,1,1
leaf blight634_.jpg,1,2,1
leaf spot505_.jpg,1,3,1
healthy173_.jpg,1,0,0
493maize_valid_streak virus.JPG,1,1,1
375maize_valid_streak virus.JPG,1,1,1
695maize_valid_streak virus.JPG,1,1,1
AUG_6225854b.jpg,1,0,0
7maize_train_leaf blight.JPG,1,2,1
68maize_valid_streak virus.JPG,1,1,1
AUG_4950bdc0.jpg,1,0,0
AUG_10f9f371.jpg,1,0,0
62maize_valid_streak virus.JPG,1,1,1
969maize_valid_streak virus.JPG,1,1,1
leaf spot1093_.jpg,1,3,1
1059maize_valid_leaf spot.JPG,1,3,1
leaf blight684_.jpg,1,2,1
leaf spot738_.jpg,1,3,1
289maize_valid_streak virus.JPG,1,1,1
leaf blight338_.jpg,1,2,1
664maize_valid_streak virus.JPG,1,1,1
leaf spot962_.jpg,1,3,1
AUG_bbcc6219.jpg,1,0,0
streak virus326_.jpg,1,1,1
streak virus146_.jpg,1,1,1
2305maize_train_leaf blight.JPG,1,2,1
836maize_valid_streak virus.JPG,1,1,1
436maize_valid_leaf spot.JPG,1,3,1
leaf blight113_.jpg,1,2,1
leaf spot1019_.jpg,1,3,1
670maize_valid_leaf blight.JPG,1,2,1
779maize_train_streak virus.JPG,1,1,1
187maize_train_leaf blight.JPG,1,2,1
leaf blight715_.jpg,1,2,1
leaf spot636_.jpg,1,3,1
31maize_train_healthy.JPG,1,0,0
healthy86_.jpg,1,0,0
streak virus915_.jpg,1,1,1
AUG_881505f8.jpg,1,0,0
leaf spot495_.jpg,1,3,1
streak virus449_.jpg,1,1,1
leaf blight7_.jpg,1,2,1
AUG_f9037648.jpg,1,0,0
leaf blight770_.jpg,1,2,1
276maize_valid_streak virus.JPG,1,1,1
streak virus827_.jpg,1,1,1
leaf spot759_.jpg,1,3,1
654maize_valid_leaf spot.JPG,1,3,1
226maize_train_healthy.JPG,1,0,0
leaf spot500_.jpg,1,3,1
leaf spot374_.jpg,1,3,1
leaf blight603_.jpg,1,2,1
995maize_valid_leaf blight.JPG,1,2,1
696maize_valid_streak virus.JPG,1,1,1
leaf blight127_.jpg,1,2,1
952maize_valid_leaf blight.JPG,1,2,1
leaf blight252_.jpg,1,2,1
leaf spot585_.jpg,1,3,1
110maize_train_healthy.JPG,1,0,0
leaf spot490_.jpg,1,3,1
AUG_ea30cc29.jpg,1,0,0
AUG_b91a3c99.jpg,1,0,0
9maize_train_leaf blight.JPG,1,2,1
737maize_train_streak virus.JPG,1,1,1
1066maize_valid_leaf spot.JPG,1,3,1
837maize_valid_streak virus.JPG,1,1,1
leaf spot1222_.jpg,1,3,1
leaf spot296_.jpg,1,3,1
540maize_train_streak virus.JPG,1,1,1
leaf spot1139_.jpg,1,3,1
streak virus273_.jpg,1,1,1
leaf blight204_.jpg,1,2,1
252maize_valid_streak virus.JPG,1,1,1
28maize_train_healthy.JPG,1,0,0
AUG_9874d4a1.jpg,1,0,0
leaf spot1209_.jpg,1,3,1
AUG_d01b34de.jpg,1,0,0
AUG_32a18198.jpg,1,0,0
leaf spot1228_.jpg,1,3,1
67maize_train_streak virus.JPG,1,1,1
318maize_train_leaf blight.JPG,1,2,1
leaf spot626_.jpg,1,3,1
leaf spot214_.jpg,1,3,1
699maize_valid_leaf blight.JPG,1,2,1
leaf spot849_.jpg,1,3,1
streak virus493_.jpg,1,1,1
AUG_884ad2e5.jpg,1,0,0
2311maize_train_leaf blight.JPG,1,2,1
764maize_train_streak virus.JPG,1,1,1
611maize_train_streak virus.JPG,1,1,1
AUG_134fe2c6.jpg,1,0,0
512maize_train_streak virus.JPG,1,1,1
leaf spot452_.jpg,1,3,1
AUG_23217f5b.jpg,1,0,0
leaf spot1147_.jpg,1,3,1
healthy50_.jpg,1,0,0
4maize_train_leaf blight.JPG,1,2,1
954maize_train_leaf blight.JPG,1,2,1
streak virus788_.jpg,1,1,1
leaf blight209_.jpg,1,2,1
leaf spot1254_.jpg,1,3,1
leaf blight146_.jpg,1,2,1
284maize_valid_streak virus.JPG,1,1,1
200maize_train_streak virus.JPG,1,1,1
leaf spot582_.jpg,1,3,1
leaf blight322_.jpg,1,2,1
streak virus448_.jpg,1,1,1
leaf spot605_.jpg,1,3,1
streak virus223_.jpg,1,1,1
684maize_valid_streak virus.JPG,1,1,1
streak virus350_.jpg,1,1,1
177maize_train_streak virus.JPG,1,1,1
AUG_8d8ff130.jpg,1,0,0
AUG_ab84131a.jpg,1,0,0
216maize_valid_leaf blight.JPG,1,2,1
leaf blight431_.jpg,1,2,1
926maize_train_leaf blight.JPG,1,2,1
32maize_train_healthy.JPG,1,0,0
157maize_train_healthy.JPG,1,0,0
450maize_valid_leaf spot.JPG,1,3,1
leaf blight517_.jpg,1,2,1
368maize_valid_streak virus.JPG,1,1,1
streak virus561_.jpg,1,1,1
streak virus954_.jpg,1,1,1
AUG_331a5d62.jpg,1,0,0
streak virus830_.jpg,1,1,1
leaf spot868_.jpg,1,3,1
AUG_0fc763f9.jpg,1,0,0
342maize_valid_leaf spot.JPG,1,3,1
149maize_train_healthy.JPG,1,0,0
leaf blight528_.jpg,1,2,1
leaf blight632_.jpg,1,2,1
leaf blight500_.jpg,1,2,1
leaf spot19_.jpg,1,3,1
leaf spot1068_.jpg,1,3,1
701maize_train_streak virus.JPG,1,1,1
226maize_valid_leaf spot.JPG,1,3,1
leaf blight903_.jpg,1,2,1
leaf spot160_.jpg,1,3,1
leaf spot364_.jpg,1,3,1
streak virus81_.jpg,1,1,1
AUG_eb47e978.jpg,1,0,0
leaf spot1131_.jpg,1,3,1
leaf spot1252_.jpg,1,3,1
streak virus503_.jpg,1,1,1
leaf blight551_.jpg,1,2,1
leaf spot134_.jpg,1,3,1
leaf blight852_.jpg,1,2,1
leaf spot804_.jpg,1,3,1
774maize_train_streak virus.JPG,1,1,1
703maize_valid_leaf blight.JPG,1,2,1
leaf blight149_.jpg,1,2,1
1027maize_valid_leaf spot.JPG,1,3,1
leaf blight853_.jpg,1,2,1
streak virus931_.jpg,1,1,1
leaf spot169_.jpg,1,3,1
streak virus725_.jpg,1,1,1
leaf spot931_.jpg,1,3,1
51maize_valid_leaf spot.JPG,1,3,1
leaf blight954_.jpg,1,2,1
streak virus57_.jpg,1,1,1
583maize_valid_streak virus.JPG,1,1,1
AUG_cd30a9d8.jpg,1,0,0
549maize_train_streak virus.JPG,1,1,1
303maize_valid_leaf blight.JPG,1,2,1
522maize_train_streak virus.JPG,1,1,1
leaf blight539_.jpg,1,2,1
leaf spot477_.jpg,1,3,1
787maize_train_streak virus.JPG,1,1,1
1153maize_valid_leaf spot.JPG,1,3,1
streak virus396_.jpg,1,1,1
leaf spot889_.jpg,1,3,1
leaf blight930_.jpg,1,2,1
944maize_train_leaf blight.JPG,1,2,1
AUG_d78f683e.jpg,1,0,0
streak virus105_.jpg,1,1,1
leaf spot1006_.jpg,1,3,1
streak virus522_.jpg,1,1,1
leaf spot267_.jpg,1,3,1
healthy66_.jpg,1,0,0
leaf spot523_.jpg,1,3,1
AUG_bc2f2ccb.jpg,1,0,0
leaf spot308_.jpg,1,3,1
leaf spot1192_.jpg,1,3,1
190maize_train_healthy.JPG,1,0,0
AUG_b2bdde2f.jpg,1,0,0
leaf blight816_.jpg,1,2,1
leaf spot653_.jpg,1,3,1
153maize_train_healthy.JPG,1,0,0
51maize_train_healthy.JPG,1,0,0
healthy6_.jpg,1,0,0
AUG_2fa61135.jpg,1,0,0
438maize_valid_leaf blight.JPG,1,2,1
streak virus103_.jpg,1,1,1
leaf spot1150_.jpg,1,3,1
leaf blight142_.jpg,1,2,1
streak virus365_.jpg,1,1,1
leaf blight569_.jpg,1,2,1
708maize_valid_streak virus.JPG,1,1,1
714maize_train_streak virus.JPG,1,1,1
AUG_50c9b294.jpg,1,0,0
46maize_train_healthy.JPG,1,0,0
132maize_train_healthy.JPG,1,0,0
968maize_valid_streak virus.JPG,1,1,1
698maize_valid_leaf blight.JPG,1,2,1
leaf blight901_.jpg,1,2,1
786maize_valid_streak virus.JPG,1,1,1
leaf blight716_.jpg,1,2,1
leaf spot164_.jpg,1,3,1
66maize_train_leaf blight.JPG,1,2,1
57maize_valid_streak virus.JPG,1,1,1
leaf blight699_.jpg,1,2,1
AUG_f63a43e4.jpg,1,0,0
AUG_fbb4de9a.jpg,1,0,0
1172maize_valid_leaf spot.JPG,1,3,1
146maize_valid_leaf blight.JPG,1,2,1
leaf spot262_.jpg,1,3,1
leaf blight769_.jpg,1,2,1
AUG_27e6d19a.jpg,1,0,0
streak virus652_.jpg,1,1,1
159maize_train_healthy.JPG,1,0,0
leaf blight846_.jpg,1,2,1
leaf blight261_.jpg,1,2,1
AUG_fbf70562.jpg,1,0,0
437maize_valid_leaf spot.JPG,1,3,1
leaf spot204_.jpg,1,3,1
214maize_train_streak virus.JPG,1,1,1
AUG_5a909e05.jpg,1,0,0
62maize_train_healthy.JPG,1,0,0
leaf blight284_.jpg,1,2,1
AUG_8a5d1024.jpg,1,0,0
459maize_valid_leaf blight.JPG,1,2,1
leaf blight631_.jpg,1,2,1
2285maize_train_leaf blight.JPG,1,2,1
streak virus392_.jpg,1,1,1
AUG_30be07a2.jpg,1,0,0
leaf spot58_.jpg,1,3,1
1898maize_train_leaf spot.JPG,1,3,1
346maize_valid_streak virus.JPG,1,1,1
119maize_train_healthy.JPG,1,0,0
streak virus594_.jpg,1,1,1
streak virus659_.jpg,1,1,1
235maize_valid_leaf spot.JPG,1,3,1
streak virus718_.jpg,1,1,1
leaf spot1035_.jpg,1,3,1
leaf blight205_.jpg,1,2,1
leaf blight369_.jpg,1,2,1
leaf spot867_.jpg,1,3,1
leaf blight245_.jpg,1,2,1
streak virus689_.jpg,1,1,1
579maize_train_streak virus.JPG,1,1,1
AUG_4aa10717.jpg,1,0,0
leaf spot140_.jpg,1,3,1
streak virus135_.jpg,1,1,1
575maize_train_streak virus.JPG,1,1,1
leaf spot47_.jpg,1,3,1
725maize_train_streak virus.JPG,1,1,1
streak virus876_.jpg,1,1,1
759maize_train_streak virus.JPG,1,1,1
862maize_valid_leaf blight.JPG,1,2,1
leaf spot737_.jpg,1,3,1
714maize_valid_streak virus.JPG,1,1,1
366maize_valid_streak virus.JPG,1,1,1
698maize_valid_streak virus.JPG,1,1,1
588maize_train_streak virus.JPG,1,1,1
leaf spot155_.jpg,1,3,1
20maize_train_leaf blight.JPG,1,2,1
58maize_train_healthy.JPG,1,0,0
streak virus683_.jpg,1,1,1
1147maize_valid_leaf spot.JPG,1,3,1
streak virus569_.jpg,1,1,1
leaf spot433_.jpg,1,3,1
999maize_valid_streak virus.JPG,1,1,1
264maize_valid_leaf spot.JPG,1,3,1
leaf spot376_.jpg,1,3,1
streak virus820_.jpg,1,1,1
leaf spot1039_.jpg,1,3,1
leaf blight354_.jpg,1,2,1
AUG_21e39376.jpg,1,0,0
201maize_train_streak virus.JPG,1,1,1
leaf spot781_.jpg,1,3,1
833maize_valid_leaf blight.JPG,1,2,1
AUG_39e253cb.jpg,1,0,0
AUG_e818a97b.jpg,1,0,0
656maize_valid_streak virus.JPG,1,1,1
AUG_9628c754.jpg,1,0,0
leaf blight411_.jpg,1,2,1
258maize_train_healthy.JPG,1,0,0
AUG_aeff59ff.jpg,1,0,0
AUG_940133f9.jpg,1,0,0
196maize_valid_leaf blight.JPG,1,2,1
streak virus684_.jpg,1,1,1
leaf blight311_.jpg,1,2,1
334maize_valid_streak virus.JPG,1,1,1
streak virus401_.jpg,1,1,1
155maize_train_healthy.JPG,1,0,0
leaf spot922_.jpg,1,3,1
AUG_83b99981.jpg,1,0,0
leaf blight180_.jpg,1,2,1
leaf spot970_.jpg,1,3,1
leaf blight214_.jpg,1,2,1
AUG_ab76d9c2.jpg,1,0,0
AUG_0c4abde9.jpg,1,0,0
84maize_train_healthy.JPG,1,0,0
leaf spot29_.jpg,1,3,1
AUG_a31af4ed.jpg,1,0,0
leaf spot283_.jpg,1,3,1
1035maize_valid_leaf spot.JPG,1,3,1
AUG_04827c99.jpg,1,0,0
772maize_valid_leaf blight.JPG,1,2,1
leaf blight658_.jpg,1,2,1
healthy132_.jpg,1,0,0
leaf spot901_.jpg,1,3,1
leaf blight604_.jpg,1,2,1
577maize_valid_streak virus.JPG,1,1,1
AUG_5ecb2782.jpg,1,0,0
leaf spot992_.jpg,1,3,1
445maize_valid_leaf spot.JPG,1,3,1
leaf blight53_.jpg,1,2,1
23maize_valid_leaf blight.JPG,1,2,1
AUG_8c37282e.jpg,1,0,0
leaf spot368_.jpg,1,3,1
streak virus179_.jpg,1,1,1
leaf spot189_.jpg,1,3,1
305maize_train_streak virus.JPG,1,1,1
leaf blight531_.jpg,1,2,1
561maize_train_streak virus.JPG,1,1,1
streak virus199_.jpg,1,1,1
streak virus477_.jpg,1,1,1
leaf spot56_.jpg,1,3,1
AUG_be8b3646.jpg,1,0,0
284maize_train_streak virus.JPG,1,1,1
724maize_train_streak virus.JPG,1,1,1
leaf blight100_.jpg,1,2,1
704maize_train_streak virus.JPG,1,1,1
AUG_1a51b7a1.jpg,1,0,0
360maize_valid_streak virus.JPG,1,1,1
streak virus611_.jpg,1,1,1
174maize_train_healthy.JPG,1,0,0
leaf blight422_.jpg,1,2,1
streak virus51_.jpg,1,1,1
leaf blight416_.jpg,1,2,1
streak virus322_.jpg,1,1,1
leaf spot1095_.jpg,1,3,1
leaf spot842_.jpg,1,3,1
leaf blight277_.jpg,1,2,1
AUG_12fb4fe2.jpg,1,0,0
AUG_cfb23c41.jpg,1,0,0
leaf spot631_.jpg,1,3,1
291maize_valid_leaf blight.JPG,1,2,1
streak virus28_.jpg,1,1,1
257maize_valid_leaf spot.JPG,1,3,1
AUG_76334bff.jpg,1,0,0
423maize_valid_leaf blight.JPG,1,2,1
1000maize_valid_streak virus.JPG,1,1,1
29maize_valid_streak virus.JPG,1,1,1
321maize_train_streak virus.JPG,1,1,1
867maize_valid_streak virus.JPG,1,1,1
AUG_17415abc.jpg,1,0,0
1071maize_valid_leaf spot.JPG,1,3,1
streak virus220_.jpg,1,1,1
664maize_train_leaf blight.JPG,1,2,1
leaf blight919_.jpg,1,2,1
44maize_train_healthy.JPG,1,0,0
leaf blight750_.jpg,1,2,1
161maize_valid_leaf blight.JPG,1,2,1
streak virus799_.jpg,1,1,1
2118maize_train_leaf blight.JPG,1,2,1
leaf spot754_.jpg,1,3,1
leaf spot693_.jpg,1,3,1
278maize_valid_leaf spot.JPG,1,3,1
AUG_afda9618.jpg,1,0,0
leaf blight299_.jpg,1,2,1
leaf spot751_.jpg,1,3,1
AUG_7b0cc4fc.jpg,1,0,0
191maize_train_healthy.JPG,1,0,0
23maize_train_healthy.JPG,1,0,0
60maize_train_leaf blight.JPG,1,2,1
222maize_train_streak virus.JPG,1,1,1
leaf spot1163_.jpg,1,3,1
leaf spot1210_.jpg,1,3,1
403maize_valid_leaf blight.JPG,1,2,1
818maize_valid_streak virus.JPG,1,1,1
streak virus133_.jpg,1,1,1
streak virus963_.jpg,1,1,1
streak virus598_.jpg,1,1,1
leaf blight176_.jpg,1,2,1
AUG_b8fd669c.jpg,1,0,0
leaf blight63_.jpg,1,2,1
AUG_fb23048c.jpg,1,0,0
leaf blight849_.jpg,1,2,1
AUG_4416d9ab.jpg,1,0,0
leaf blight944_.jpg,1,2,1
AUG_193a9ef5.jpg,1,0,0
leaf blight599_.jpg,1,2,1
1179maize_valid_leaf spot.JPG,1,3,1
256maize_train_healthy.JPG,1,0,0
705maize_valid_streak virus.JPG,1,1,1
healthy188_.jpg,1,0,0
healthy192_.jpg,1,0,0
leaf spot228_.jpg,1,3,1
leaf spot768_.jpg,1,3,1
143maize_valid_leaf blight.JPG,1,2,1
leaf blight71_.jpg,1,2,1
leaf spot1089_.jpg,1,3,1
AUG_32b20b91.jpg,1,0,0
leaf spot932_.jpg,1,3,1
leaf spot73_.jpg,1,3,1
leaf spot1145_.jpg,1,3,1
696maize_valid_leaf blight.JPG,1,2,1
679maize_valid_streak virus.JPG,1,1,1
795maize_train_streak virus.JPG,1,1,1
2216maize_train_leaf blight.JPG,1,2,1
239maize_train_healthy.JPG,1,0,0
AUG_214eac79.jpg,1,0,0
196maize_train_healthy.JPG,1,0,0
streak virus654_.jpg,1,1,1
leaf blight223_.jpg,1,2,1
leaf spot1003_.jpg,1,3,1
2211maize_train_leaf blight.JPG,1,2,1
95maize_train_healthy.JPG,1,0,0
leaf blight313_.jpg,1,2,1
356maize_valid_leaf blight.JPG,1,2,1
331maize_train_streak virus.JPG,1,1,1
healthy105_.jpg,1,0,0
509maize_train_streak virus.JPG,1,1,1
leaf spot32_.jpg,1,3,1
1148maize_valid_leaf spot.JPG,1,3,1
56maize_train_streak virus.JPG,1,1,1
1025maize_train_leaf spot.JPG,1,3,1
AUG_67960185.jpg,1,0,0
1169maize_valid_leaf spot.JPG,1,3,1
streak virus808_.jpg,1,1,1
leaf blight497_.jpg,1,2,1
AUG_3c6b0993.jpg,1,0,0
152maize_train_healthy.JPG,1,0,0
588maize_valid_streak virus.JPG,1,1,1
leaf spot389_.jpg,1,3,1
streak virus166_.jpg,1,1,1
leaf spot766_.jpg,1,3,1
streak virus282_.jpg,1,1,1
leaf spot1200_.jpg,1,3,1
AUG_7c19c3fa.jpg,1,0,0
leaf blight733_.jpg,1,2,1
AUG_fc52860d.jpg,1,0,0
streak virus833_.jpg,1,1,1
878maize_valid_leaf blight.JPG,1,2,1
2maize_train_leaf blight.JPG,1,2,1
leaf spot370_.jpg,1,3,1
9maize_valid_streak virus.JPG,1,1,1
leaf spot162_.jpg,1,3,1
healthy45_.jpg,1,0,0
leaf spot123_.jpg,1,3,1
leaf spot606_.jpg,1,3,1
143maize_valid_streak virus.JPG,1,1,1
streak virus574_.jpg,1,1,1
AUG_e6e7ba6d.jpg,1,0,0
leaf blight324_.jpg,1,2,1
streak virus856_.jpg,1,1,1
161maize_train_healthy.JPG,1,0,0
healthy107_.jpg,1,0,0
192maize_train_leaf blight.JPG,1,2,1
520maize_valid_leaf spot.JPG,1,3,1
leaf spot651_.jpg,1,3,1
998maize_valid_streak virus.JPG,1,1,1
AUG_fd94a27f.jpg,1,0,0
AUG_4acabff9.jpg,1,0,0
streak virus696_.jpg,1,1,1
351maize_valid_streak virus.JPG,1,1,1
1175maize_valid_leaf spot.JPG,1,3,1
88maize_valid_leaf blight.JPG,1,2,1
streak virus707_.jpg,1,1,1
streak virus944_.jpg,1,1,1
647maize_valid_leaf spot.JPG,1,3,1
leaf blight114_.jpg,1,2,1
260maize_valid_leaf spot.JPG,1,3,1
streak virus790_.jpg,1,1,1
2057maize_train_leaf blight.JPG,1,2,1
healthy137_.jpg,1,0,0
leaf spot328_.jpg,1,3,1
AUG_33700d75.jpg,1,0,0
leaf spot971_.jpg,1,3,1
116maize_train_healthy.JPG,1,0,0
753maize_train_streak virus.JPG,1,1,1
leaf blight891_.jpg,1,2,1
leaf blight10_.jpg,1,2,1
AUG_6dd001df.jpg,1,0,0
leaf blight488_.jpg,1,2,1
streak virus293_.jpg,1,1,1
AUG_04a1ddf3.jpg,1,0,0
AUG_a699bfae.jpg,1,0,0
600maize_train_streak virus.JPG,1,1,1
streak virus721_.jpg,1,1,1
AUG_3fd5e189.jpg,1,0,0
streak virus698_.jpg,1,1,1
AUG_e3406199.jpg,1,0,0
63maize_train_healthy.JPG,1,0,0
streak virus955_.jpg,1,1,1
AUG_61944ffa.jpg,1,0,0
leaf spot465_.jpg,1,3,1
102maize_train_healthy.JPG,1,0,0
2208maize_train_leaf blight.JPG,1,2,1
2061maize_train_leaf blight.JPG,1,2,1
2059maize_train_leaf blight.JPG,1,2,1
62maize_train_leaf blight.JPG,1,2,1
1194maize_valid_leaf spot.JPG,1,3,1
AUG_43f0c530.jpg,1,0,0
991maize_valid_streak virus.JPG,1,1,1
579maize_valid_streak virus.JPG,1,1,1
leaf spot836_.jpg,1,3,1
40maize_valid_leaf spot.JPG,1,3,1
AUG_031e9ae2.jpg,1,0,0
248maize_valid_streak virus.JPG,1,1,1
leaf blight89_.jpg,1,2,1
leaf spot767_.jpg,1,3,1
leaf blight821_.jpg,1,2,1
AUG_0ef6d9a6.jpg,1,0,0
AUG_3e5c636f.jpg,1,0,0
streak virus184_.jpg,1,1,1
leaf spot1158_.jpg,1,3,1
leaf blight837_.jpg,1,2,1
816maize_valid_streak virus.JPG,1,1,1
leaf blight557_.jpg,1,2,1
801maize_valid_streak virus.JPG,1,1,1
194maize_train_leaf blight.JPG,1,2,1
101maize_valid_leaf blight.JPG,1,2,1
786maize_train_streak virus.JPG,1,1,1
658maize_valid_leaf spot.JPG,1,3,1
leaf spot560_.jpg,1,3,1
streak virus155_.jpg,1,1,1
healthy13_.jpg,1,0,0
leaf spot1012_.jpg,1,3,1
leaf spot1084_.jpg,1,3,1
AUG_5c053f2f.jpg,1,0,0
leaf spot625_.jpg,1,3,1
streak virus890_.jpg,1,1,1
2276maize_train_leaf blight.JPG,1,2,1
leaf spot911_.jpg,1,3,1
AUG_e9d803e0.jpg,1,0,0
AUG_1794e917.jpg,1,0,0
353maize_valid_leaf spot.JPG,1,3,1
leaf spot471_.jpg,1,3,1
AUG_5f760663.jpg,1,0,0
1112maize_train_leaf spot.JPG,1,3,1
leaf blight763_.jpg,1,2,1
671maize_valid_leaf spot.JPG,1,3,1
streak virus824_.jpg,1,1,1
healthy199_.jpg,1,0,0
streak virus724_.jpg,1,1,1
AUG_d831b957.jpg,1,0,0
healthy178_.jpg,1,0,0
streak virus888_.jpg,1,1,1
leaf spot878_.jpg,1,3,1
AUG_cd79dc83.jpg,1,0,0
7maize_valid_leaf blight.JPG,1,2,1
199maize_train_healthy.JPG,1,0,0
601maize_valid_streak virus.JPG,1,1,1
71maize_train_streak virus.JPG,1,1,1
AUG_4e5edf30.jpg,1,0,0
streak virus201_.jpg,1,1,1
726maize_train_streak virus.JPG,1,1,1
leaf blight1004_.jpg,1,2,1
leaf spot95_.jpg,1,3,1
leaf spot129_.jpg,1,3,1
2096maize_train_leaf blight.JPG,1,2,1
AUG_f4beea87.jpg,1,0,0
streak virus265_.jpg,1,1,1
1923maize_train_leaf spot.JPG,1,3,1
streak virus793_.jpg,1,1,1
streak virus498_.jpg,1,1,1
leaf spot978_.jpg,1,3,1
2119maize_train_leaf blight.JPG,1,2,1
AUG_259488f6.jpg,1,0,0
2106maize_train_leaf blight.JPG,1,2,1
leaf blight481_.jpg,1,2,1
433maize_valid_leaf blight.JPG,1,2,1
1010maize_train_leaf spot.JPG,1,3,1
824maize_valid_streak virus.JPG,1,1,1
leaf blight931_.jpg,1,2,1
leaf spot1118_.jpg,1,3,1
386maize_valid_leaf spot.JPG,1,3,1
936maize_train_leaf blight.JPG,1,2,1
AUG_812cd9fb.jpg,1,0,0
256maize_valid_leaf spot.JPG,1,3,1
256maize_valid_streak virus.JPG,1,1,1
leaf blight630_.jpg,1,2,1
leaf blight81_.jpg,1,2,1
leaf spot563_.jpg,1,3,1
2194maize_train_leaf blight.JPG,1,2,1
streak virus523_.jpg,1,1,1
145maize_train_healthy.JPG,1,0,0
552maize_train_streak virus.JPG,1,1,1
streak virus352_.jpg,1,1,1
leaf blight413_.jpg,1,2,1
streak virus299_.jpg,1,1,1
leaf blight42_.jpg,1,2,1
940maize_train_leaf blight.JPG,1,2,1
streak virus1000_.jpg,1,1,1
AUG_52d0e025.jpg,1,0,0
2271maize_train_leaf blight.JPG,1,2,1
leaf spot1004_.jpg,1,3,1
leaf blight19_.jpg,1,2,1
803maize_valid_leaf blight.JPG,1,2,1
296maize_valid_leaf blight.JPG,1,2,1
leaf blight158_.jpg,1,2,1
1016maize_train_leaf spot.JPG,1,3,1
AUG_1391824a.jpg,1,0,0
AUG_f75c5cb0.jpg,1,0,0
leaf spot355_.jpg,1,3,1
2201maize_train_leaf blight.JPG,1,2,1
leaf spot742_.jpg,1,3,1
1062maize_valid_leaf spot.JPG,1,3,1
leaf blight174_.jpg,1,2,1
385maize_valid_leaf spot.JPG,1,3,1
leaf blight753_.jpg,1,2,1
1043maize_valid_leaf spot.JPG,1,3,1
leaf blight641_.jpg,1,2,1
leaf blight687_.jpg,1,2,1
leaf spot447_.jpg,1,3,1
474maize_train_streak virus.JPG,1,1,1
leaf spot1001_.jpg,1,3,1
leaf spot254_.jpg,1,3,1
925maize_valid_leaf blight.JPG,1,2,1
leaf spot215_.jpg,1,3,1
AUG_27ec6ee7.jpg,1,0,0
1018maize_train_leaf spot.JPG,1,3,1
AUG_64b87d26.jpg,1,0,0
855maize_valid_leaf spot.JPG,1,3,1
875maize_valid_streak virus.JPG,1,1,1
healthy115_.jpg,1,0,0
streak virus114_.jpg,1,1,1
leaf spot1226_.jpg,1,3,1
streak virus744_.jpg,1,1,1
183maize_train_leaf blight.JPG,1,2,1
streak virus304_.jpg,1,1,1
leaf spot726_.jpg,1,3,1
leaf blight236_.jpg,1,2,1
173maize_train_healthy.JPG,1,0,0
leaf spot85_.jpg,1,3,1
leaf blight33_.jpg,1,2,1
leaf blight229_.jpg,1,2,1
AUG_9006816b.jpg,1,0,0
leaf spot1124_.jpg,1,3,1
leaf blight789_.jpg,1,2,1
leaf blight504_.jpg,1,2,1
healthy161_.jpg,1,0,0
851maize_valid_streak virus.JPG,1,1,1
261maize_valid_streak virus.JPG,1,1,1
leaf spot1052_.jpg,1,3,1
streak virus907_.jpg,1,1,1
leaf blight841_.jpg,1,2,1
704maize_valid_leaf blight.JPG,1,2,1
455maize_valid_leaf blight.JPG,1,2,1
leaf blight441_.jpg,1,2,1
286maize_valid_streak virus.JPG,1,1,1
477maize_train_streak virus.JPG,1,1,1
leaf spot21_.jpg,1,3,1
54maize_valid_leaf spot.JPG,1,3,1
leaf spot305_.jpg,1,3,1
AUG_8a58cddc.jpg,1,0,0
AUG_4b9134be.jpg,1,0,0
leaf spot785_.jpg,1,3,1
streak virus271_.jpg,1,1,1
leaf spot783_.jpg,1,3,1
leaf blight107_.jpg,1,2,1
streak virus831_.jpg,1,1,1
leaf blight828_.jpg,1,2,1
leaf blight642_.jpg,1,2,1
streak virus104_.jpg,1,1,1
AUG_01037a38.jpg,1,0,0
703maize_train_streak virus.JPG,1,1,1
662maize_valid_streak virus.JPG,1,1,1
leaf spot1215_.jpg,1,3,1
leaf spot69_.jpg,1,3,1
leaf spot1055_.jpg,1,3,1
leaf spot356_.jpg,1,3,1
leaf spot1141_.jpg,1,3,1
leaf blight465_.jpg,1,2,1
leaf spot273_.jpg,1,3,1
2039maize_train_leaf spot.JPG,1,3,1
AUG_288f42ad.jpg,1,0,0
leaf blight17_.jpg,1,2,1
690maize_valid_leaf blight.JPG,1,2,1
leaf spot361_.jpg,1,3,1
leaf spot1151_.jpg,1,3,1
95maize_valid_streak virus.JPG,1,1,1
1102maize_train_leaf spot.JPG,1,3,1
AUG_6545e6f8.jpg,1,0,0
streak virus818_.jpg,1,1,1
722maize_train_streak virus.JPG,1,1,1
leaf spot1109_.jpg,1,3,1
206maize_train_streak virus.JPG,1,1,1
leaf blight965_.jpg,1,2,1
AUG_351c1236.jpg,1,0,0
AUG_ddfebc72.jpg,1,0,0
leaf blight455_.jpg,1,2,1
leaf spot291_.jpg,1,3,1
208maize_valid_healthy.JPG,1,0,0
AUG_a224dc9f.jpg,1,0,0
728maize_train_streak virus.JPG,1,1,1
AUG_d756571e.jpg,1,0,0
928maize_train_leaf blight.JPG,1,2,1
leaf blight472_.jpg,1,2,1
leaf spot936_.jpg,1,3,1
streak virus967_.jpg,1,1,1
879maize_valid_leaf blight.JPG,1,2,1
AUG_eb824e2d.jpg,1,0,0
leaf spot270_.jpg,1,3,1
leaf blight597_.jpg,1,2,1
34maize_valid_leaf blight.JPG,1,2,1
AUG_e59b494a.jpg,1,0,0
289maize_train_streak virus.JPG,1,1,1
healthy138_.jpg,1,0,0
959maize_train_leaf blight.JPG,1,2,1
leaf blight195_.jpg,1,2,1
150maize_valid_leaf blight.JPG,1,2,1
streak virus60_.jpg,1,1,1
1108maize_train_leaf spot.JPG,1,3,1
healthy49_.jpg,1,0,0
leaf spot395_.jpg,1,3,1
leaf blight893_.jpg,1,2,1
686maize_valid_leaf blight.JPG,1,2,1
leaf spot375_.jpg,1,3,1
2076maize_train_leaf blight.JPG,1,2,1
streak virus85_.jpg,1,1,1
leaf blight242_.jpg,1,2,1
leaf spot1007_.jpg,1,3,1
361maize_valid_leaf blight.JPG,1,2,1
leaf blight502_.jpg,1,2,1
leaf blight808_.jpg,1,2,1
leaf spot357_.jpg,1,3,1
leaf spot705_.jpg,1,3,1
leaf spot518_.jpg,1,3,1
AUG_165b4407.jpg,1,0,0
leaf spot772_.jpg,1,3,1
787maize_valid_streak virus.JPG,1,1,1
AUG_3da2fa7a.jpg,1,0,0
leaf spot132_.jpg,1,3,1
AUG_bc70651d.jpg,1,0,0
leaf spot752_.jpg,1,3,1
streak virus194_.jpg,1,1,1
866maize_valid_streak virus.JPG,1,1,1
leaf spot147_.jpg,1,3,1
278maize_valid_streak virus.JPG,1,1,1
leaf blight362_.jpg,1,2,1
streak virus109_.jpg,1,1,1
leaf blight572_.jpg,1,2,1
leaf spot984_.jpg,1,3,1
streak virus285_.jpg,1,1,1
596maize_train_streak virus.JPG,1,1,1
leaf spot287_.jpg,1,3,1
AUG_57d3d145.jpg,1,0,0
streak virus400_.jpg,1,1,1
leaf blight91_.jpg,1,2,1
leaf spot1021_.jpg,1,3,1
2195maize_train_leaf blight.JPG,1,2,1
healthy81_.jpg,1,0,0
560maize_train_streak virus.JPG,1,1,1
leaf blight487_.jpg,1,2,1
leaf spot281_.jpg,1,3,1
599maize_train_streak virus.JPG,1,1,1
36maize_valid_streak virus.JPG,1,1,1
175maize_train_healthy.JPG,1,0,0
leaf blight720_.jpg,1,2,1
streak virus623_.jpg,1,1,1
streak virus460_.jpg,1,1,1
883maize_valid_leaf blight.JPG,1,2,1
1121maize_valid_leaf spot.JPG,1,3,1
860maize_valid_leaf blight.JPG,1,2,1
leaf spot1132_.jpg,1,3,1
204maize_train_streak virus.JPG,1,1,1
AUG_64f19fd6.jpg,1,0,0
255maize_train_streak virus.JPG,1,1,1
195maize_valid_leaf spot.JPG,1,3,1
streak virus111_.jpg,1,1,1
leaf blight990_.jpg,1,2,1
254maize_train_healthy.JPG,1,0,0
438maize_valid_leaf spot.JPG,1,3,1
leaf blight371_.jpg,1,2,1
leaf blight653_.jpg,1,2,1
streak virus391_.jpg,1,1,1
streak virus428_.jpg,1,1,1
AUG_1c021fba.jpg,1,0,0
AUG_1d08155f.jpg,1,0,0
leaf spot1171_.jpg,1,3,1
streak virus836_.jpg,1,1,1
leaf spot677_.jpg,1,3,1
711maize_valid_streak virus.JPG,1,1,1
leaf blight558_.jpg,1,2,1
leaf blight307_.jpg,1,2,1
streak virus754_.jpg,1,1,1
leaf spot905_.jpg,1,3,1
107maize_train_healthy.JPG,1,0,0
leaf spot577_.jpg,1,3,1
754maize_train_streak virus.JPG,1,1,1
46maize_valid_leaf spot.JPG,1,3,1
322maize_train_leaf blight.JPG,1,2,1
leaf spot421_.jpg,1,3,1
AUG_cb035b77.jpg,1,0,0
2307maize_train_leaf blight.JPG,1,2,1
98maize_valid_leaf blight.JPG,1,2,1
streak virus137_.jpg,1,1,1
556maize_valid_streak virus.JPG,1,1,1
leaf spot857_.jpg,1,3,1
463maize_valid_leaf blight.JPG,1,2,1
streak virus267_.jpg,1,1,1
378maize_valid_leaf spot.JPG,1,3,1
leaf blight27_.jpg,1,2,1
leaf spot813_.jpg,1,3,1
streak virus986_.jpg,1,1,1
leaf spot845_.jpg,1,3,1
leaf blight871_.jpg,1,2,1
streak virus132_.jpg,1,1,1
71maize_train_healthy.JPG,1,0,0
842maize_valid_leaf spot.JPG,1,3,1
299maize_valid_leaf blight.JPG,1,2,1
1033maize_train_leaf spot.JPG,1,3,1
1011maize_train_leaf spot.JPG,1,3,1
660maize_valid_leaf spot.JPG,1,3,1
streak virus153_.jpg,1,1,1
leaf blight83_.jpg,1,2,1
AUG_92dc7dda.jpg,1,0,0
577maize_train_streak virus.JPG,1,1,1
leaf spot525_.jpg,1,3,1
leaf blight397_.jpg,1,2,1
100maize_train_leaf blight.JPG,1,2,1
523maize_train_streak virus.JPG,1,1,1
1113maize_train_leaf spot.JPG,1,3,1
leaf blight968_.jpg,1,2,1
leaf spot1224_.jpg,1,3,1
leaf blight265_.jpg,1,2,1
leaf spot985_.jpg,1,3,1
leaf spot158_.jpg,1,3,1
leaf spot1071_.jpg,1,3,1
streak virus867_.jpg,1,1,1
715maize_train_streak virus.JPG,1,1,1
leaf spot136_.jpg,1,3,1
AUG_2fbf688d.jpg,1,0,0
leaf blight782_.jpg,1,2,1
2273maize_train_leaf blight.JPG,1,2,1
leaf blight766_.jpg,1,2,1
AUG_5379ea80.jpg,1,0,0
streak virus879_.jpg,1,1,1
leaf spot333_.jpg,1,3,1
AUG_69c481aa.jpg,1,0,0
365maize_valid_leaf blight.JPG,1,2,1
AUG_8d5ac02a.jpg,1,0,0
streak virus743_.jpg,1,1,1
streak virus745_.jpg,1,1,1
leaf blight867_.jpg,1,2,1
AUG_dc4392c9.jpg,1,0,0
streak virus457_.jpg,1,1,1
streak virus551_.jpg,1,1,1
740maize_train_streak virus.JPG,1,1,1
leaf blight171_.jpg,1,2,1
leaf blight854_.jpg,1,2,1
2084maize_train_leaf blight.JPG,1,2,1
679maize_train_leaf blight.JPG,1,2,1
169maize_train_leaf blight.JPG,1,2,1
streak virus110_.jpg,1,1,1
leaf spot941_.jpg,1,3,1
leaf spot949_.jpg,1,3,1
AUG_0720083d.jpg,1,0,0
streak virus139_.jpg,1,1,1
37maize_valid_streak virus.JPG,1,1,1
589maize_train_streak virus.JPG,1,1,1
leaf spot1023_.jpg,1,3,1
streak virus494_.jpg,1,1,1
leaf blight686_.jpg,1,2,1
107maize_valid_streak virus.JPG,1,1,1
AUG_cd7b01b2.jpg,1,0,0
leaf spot1079_.jpg,1,3,1
leaf blight885_.jpg,1,2,1
leaf spot758_.jpg,1,3,1
leaf spot716_.jpg,1,3,1
healthy150_.jpg,1,0,0
AUG_25a9fc98.jpg,1,0,0
leaf blight949_.jpg,1,2,1
leaf spot640_.jpg,1,3,1
leaf spot113_.jpg,1,3,1
streak virus650_.jpg,1,1,1
AUG_4b51047d.jpg,1,0,0
1046maize_valid_leaf spot.JPG,1,3,1
946maize_train_leaf blight.JPG,1,2,1
AUG_ac7305ae.jpg,1,0,0
leaf spot464_.jpg,1,3,1
AUG_f395c05e.jpg,1,0,0
leaf blight739_.jpg,1,2,1
35maize_valid_leaf blight.JPG,1,2,1
690maize_train_leaf blight.JPG,1,2,1
healthy155_.jpg,1,0,0
AUG_eeba189f.jpg,1,0,0
335maize_train_streak virus.JPG,1,1,1
leaf spot443_.jpg,1,3,1
leaf blight675_.jpg,1,2,1
72maize_valid_streak virus.JPG,1,1,1
702maize_valid_leaf blight.JPG,1,2,1
850maize_valid_streak virus.JPG,1,1,1
leaf blight239_.jpg,1,2,1
505maize_train_streak virus.JPG,1,1,1
streak virus346_.jpg,1,1,1
2087maize_train_leaf blight.JPG,1,2,1
235maize_train_healthy.JPG,1,0,0
streak virus332_.jpg,1,1,1
386maize_valid_leaf blight.JPG,1,2,1
leaf spot345_.jpg,1,3,1
streak virus747_.jpg,1,1,1
AUG_5d9903a2.jpg,1,0,0
AUG_b97c5537.jpg,1,0,0
leaf blight407_.jpg,1,2,1
leaf spot151_.jpg,1,3,1
leaf blight225_.jpg,1,2,1
leaf blight868_.jpg,1,2,1
streak virus306_.jpg,1,1,1
leaf spot930_.jpg,1,3,1
leaf spot1148_.jpg,1,3,1
56maize_train_leaf blight.JPG,1,2,1
AUG_bdd614e9.jpg,1,0,0
streak virus977_.jpg,1,1,1
AUG_64d532e4.jpg,1,0,0
2197maize_train_leaf blight.JPG,1,2,1
1223maize_valid_leaf spot.JPG,1,3,1
498maize_train_streak virus.JPG,1,1,1
leaf spot873_.jpg,1,3,1
AUG_635b56a5.jpg,1,0,0
AUG_b8f8a655.jpg,1,0,0
leaf blight862_.jpg,1,2,1
AUG_6fb2a1e0.jpg,1,0,0
AUG_804639a4.jpg,1,0,0
19maize_valid_leaf spot.JPG,1,3,1
leaf spot1043_.jpg,1,3,1
leaf blight748_.jpg,1,2,1
AUG_82d2faf0.jpg,1,0,0
leaf blight792_.jpg,1,2,1
2294maize_train_leaf blight.JPG,1,2,1
AUG_b37cbcad.jpg,1,0,0
136maize_train_healthy.JPG,1,0,0
leaf spot769_.jpg,1,3,1
leaf blight147_.jpg,1,2,1
545maize_train_streak virus.JPG,1,1,1
leaf spot987_.jpg,1,3,1
leaf blight951_.jpg,1,2,1
leaf spot996_.jpg,1,3,1
964maize_valid_streak virus.JPG,1,1,1
273maize_valid_streak virus.JPG,1,1,1
404maize_valid_leaf spot.JPG,1,3,1
leaf blight292_.jpg,1,2,1
streak virus872_.jpg,1,1,1
streak virus601_.jpg,1,1,1
29maize_train_healthy.JPG,1,0,0
leaf spot822_.jpg,1,3,1
669maize_train_leaf blight.JPG,1,2,1
leaf blight1002_.jpg,1,2,1
streak virus167_.jpg,1,1,1
leaf blight382_.jpg,1,2,1
streak virus404_.jpg,1,1,1
leaf spot372_.jpg,1,3,1
streak virus990_.jpg,1,1,1
AUG_f7aa2ed4.jpg,1,0,0
leaf blight197_.jpg,1,2,1
AUG_9b6fa04f.jpg,1,0,0
streak virus759_.jpg,1,1,1
208maize_valid_streak virus.JPG,1,1,1
AUG_7865670c.jpg,1,0,0
leaf spot201_.jpg,1,3,1
leaf blight823_.jpg,1,2,1
leaf spot297_.jpg,1,3,1
healthy200_.jpg,1,0,0
87maize_train_streak virus.JPG,1,1,1
leaf blight991_.jpg,1,2,1
streak virus706_.jpg,1,1,1
493maize_train_streak virus.JPG,1,1,1
streak virus433_.jpg,1,1,1
streak virus76_.jpg,1,1,1
215maize_train_healthy.JPG,1,0,0
leaf blight450_.jpg,1,2,1
668maize_valid_leaf spot.JPG,1,3,1
AUG_bde93fac.jpg,1,0,0
streak virus679_.jpg,1,1,1
streak virus630_.jpg,1,1,1
leaf spot663_.jpg,1,3,1
streak virus584_.jpg,1,1,1
streak virus978_.jpg,1,1,1
leaf blight366_.jpg,1,2,1
leaf spot109_.jpg,1,3,1
179maize_train_streak virus.JPG,1,1,1
leaf spot351_.jpg,1,3,1
659maize_valid_streak virus.JPG,1,1,1
2196maize_train_leaf blight.JPG,1,2,1
leaf blight227_.jpg,1,2,1
leaf spot325_.jpg,1,3,1
leaf blight50_.jpg,1,2,1
603maize_valid_streak virus.JPG,1,1,1
leaf blight173_.jpg,1,2,1
leaf spot466_.jpg,1,3,1
126maize_train_healthy.JPG,1,0,0
leaf blight164_.jpg,1,2,1
675maize_valid_leaf spot.JPG,1,3,1
leaf blight547_.jpg,1,2,1
streak virus411_.jpg,1,1,1
streak virus567_.jpg,1,1,1
streak virus658_.jpg,1,1,1
leaf blight662_.jpg,1,2,1
leaf blight553_.jpg,1,2,1
leaf blight256_.jpg,1,2,1
AUG_3f18d837.jpg,1,0,0
streak virus112_.jpg,1,1,1
leaf blight613_.jpg,1,2,1
AUG_73c13c4b.jpg,1,0,0
AUG_5ca86a8b.jpg,1,0,0
healthy142_.jpg,1,0,0
streak virus739_.jpg,1,1,1
AUG_3e5c1056.jpg,1,0,0
leaf blight981_.jpg,1,2,1
847maize_valid_leaf spot.JPG,1,3,1
leaf spot998_.jpg,1,3,1
healthy91_.jpg,1,0,0
882maize_valid_leaf blight.JPG,1,2,1
leaf blight285_.jpg,1,2,1
leaf spot360_.jpg,1,3,1
AUG_ea25ee72.jpg,1,0,0
leaf blight75_.jpg,1,2,1
leaf blight585_.jpg,1,2,1
leaf blight526_.jpg,1,2,1
AUG_5011e186.jpg,1,0,0
leaf blight57_.jpg,1,2,1
18maize_train_leaf blight.JPG,1,2,1
AUG_23f07894.jpg,1,0,0
AUG_5acbd1cf.jpg,1,0,0
leaf spot128_.jpg,1,3,1
143maize_train_healthy.JPG,1,0,0
935maize_train_leaf blight.JPG,1,2,1
AUG_46de4ac7.jpg,1,0,0
leaf blight863_.jpg,1,2,1
streak virus96_.jpg,1,1,1
leaf spot40_.jpg,1,3,1
265maize_train_streak virus.JPG,1,1,1
leaf blight278_.jpg,1,2,1
streak virus911_.jpg,1,1,1
AUG_aaa28ea5.jpg,1,0,0
healthy159_.jpg,1,0,0
streak virus38_.jpg,1,1,1
439maize_valid_leaf spot.JPG,1,3,1
AUG_f23df15a.jpg,1,0,0
103maize_train_healthy.JPG,1,0,0
AUG_ee93866f.jpg,1,0,0
861maize_valid_leaf blight.JPG,1,2,1
leaf spot791_.jpg,1,3,1
665maize_valid_leaf spot.JPG,1,3,1
727maize_train_streak virus.JPG,1,1,1
1107maize_train_leaf spot.JPG,1,3,1
streak virus767_.jpg,1,1,1
leaf blight650_.jpg,1,2,1
2199maize_train_leaf blight.JPG,1,2,1
437maize_valid_leaf blight.JPG,1,2,1
leaf spot108_.jpg,1,3,1
AUG_9b39af06.jpg,1,0,0
665maize_valid_streak virus.JPG,1,1,1
1195maize_valid_leaf spot.JPG,1,3,1
163maize_train_streak virus.JPG,1,1,1
leaf spot918_.jpg,1,3,1
409maize_valid_leaf spot.JPG,1,3,1
150maize_train_healthy.JPG,1,0,0
189maize_valid_streak virus.JPG,1,1,1
leaf blight49_.jpg,1,2,1
leaf spot142_.jpg,1,3,1
696maize_train_streak virus.JPG,1,1,1
575maize_valid_streak virus.JPG,1,1,1
leaf spot1115_.jpg,1,3,1
810maize_valid_streak virus.JPG,1,1,1
AUG_bc791f13.jpg,1,0,0
healthy151_.jpg,1,0,0
leaf spot183_.jpg,1,3,1
603maize_train_streak virus.JPG,1,1,1
leaf blight135_.jpg,1,2,1
healthy56_.jpg,1,0,0
leaf spot551_.jpg,1,3,1
674maize_train_leaf blight.JPG,1,2,1
AUG_2c22d406.jpg,1,0,0
leaf spot763_.jpg,1,3,1
streak virus93_.jpg,1,1,1
AUG_628ca20b.jpg,1,0,0
195maize_train_healthy.JPG,1,0,0
796maize_valid_leaf blight.JPG,1,2,1
AUG_4b1168f6.jpg,1,0,0
leaf spot154_.jpg,1,3,1
healthy16_.jpg,1,0,0
2299maize_train_leaf blight.JPG,1,2,1
leaf spot683_.jpg,1,3,1
healthy128_.jpg,1,0,0
144maize_valid_leaf blight.JPG,1,2,1
leaf blight939_.jpg,1,2,1
750maize_train_streak virus.JPG,1,1,1
72maize_train_streak virus.JPG,1,1,1
1258maize_valid_leaf spot.JPG,1,3,1
178maize_train_streak virus.JPG,1,1,1
leaf spot1091_.jpg,1,3,1
86maize_train_streak virus.JPG,1,1,1
AUG_54f49e28.jpg,1,0,0
leaf spot414_.jpg,1,3,1
leaf spot257_.jpg,1,3,1
streak virus509_.jpg,1,1,1
441maize_valid_leaf spot.JPG,1,3,1
leaf blight1011_.jpg,1,2,1
570maize_train_streak virus.JPG,1,1,1
streak virus402_.jpg,1,1,1
leaf blight194_.jpg,1,2,1
AUG_f91034f3.jpg,1,0,0
30maize_train_healthy.JPG,1,0,0
leaf blight1000_.jpg,1,2,1
279maize_valid_streak virus.JPG,1,1,1
leaf spot380_.jpg,1,3,1
leaf blight869_.jpg,1,2,1
leaf blight880_.jpg,1,2,1
488maize_train_streak virus.JPG,1,1,1
584maize_train_streak virus.JPG,1,1,1
339maize_train_streak virus.JPG,1,1,1
689maize_valid_streak virus.JPG,1,1,1
694maize_valid_streak virus.JPG,1,1,1
leaf spot1051_.jpg,1,3,1
streak virus579_.jpg,1,1,1
leaf spot304_.jpg,1,3,1
leaf spot831_.jpg,1,3,1
streak virus344_.jpg,1,1,1
AUG_40e66611.jpg,1,0,0
275maize_valid_streak virus.JPG,1,1,1
streak virus930_.jpg,1,1,1
leaf spot796_.jpg,1,3,1
56maize_train_healthy.JPG,1,0,0
593maize_train_streak virus.JPG,1,1,1
422maize_valid_leaf blight.JPG,1,2,1
leaf spot1117_.jpg,1,3,1
leaf blight395_.jpg,1,2,1
streak virus585_.jpg,1,1,1
streak virus751_.jpg,1,1,1
leaf blight668_.jpg,1,2,1
leaf spot864_.jpg,1,3,1
healthy184_.jpg,1,0,0
AUG_26c82eac.jpg,1,0,0
424maize_valid_leaf blight.JPG,1,2,1
590maize_train_streak virus.JPG,1,1,1
199maize_valid_healthy.JPG,1,0,0
655maize_valid_leaf spot.JPG,1,3,1
2040maize_train_leaf spot.JPG,1,3,1
155maize_valid_leaf blight.JPG,1,2,1
streak virus576_.jpg,1,1,1
683maize_train_leaf blight.JPG,1,2,1
leaf spot337_.jpg,1,3,1
streak virus409_.jpg,1,1,1
903maize_valid_leaf blight.JPG,1,2,1
leaf blight448_.jpg,1,2,1
leaf spot171_.jpg,1,3,1
AUG_2dc5ddf7.jpg,1,0,0
1929maize_train_leaf spot.JPG,1,3,1
76maize_train_healthy.JPG,1,0,0
leaf blight524_.jpg,1,2,1
AUG_602a5c02.jpg,1,0,0
leaf blight372_.jpg,1,2,1
2190maize_train_leaf blight.JPG,1,2,1
67maize_train_leaf blight.JPG,1,2,1
leaf blight894_.jpg,1,2,1
leaf blight281_.jpg,1,2,1
AUG_5406f629.jpg,1,0,0
AUG_19326278.jpg,1,0,0
leaf blight189_.jpg,1,2,1
leaf blight39_.jpg,1,2,1
AUG_ff7df116.jpg,1,0,0
AUG_71162d4d.jpg,1,0,0
leaf blight870_.jpg,1,2,1
leaf blight664_.jpg,1,2,1
leaf spot790_.jpg,1,3,1
leaf blight93_.jpg,1,2,1
212maize_valid_leaf blight.JPG,1,2,1
streak virus432_.jpg,1,1,1
leaf spot824_.jpg,1,3,1
leaf spot1153_.jpg,1,3,1
streak virus742_.jpg,1,1,1
leaf spot412_.jpg,1,3,1
leaf spot564_.jpg,1,3,1
AUG_cbd56d7b.jpg,1,0,0
250maize_train_healthy.JPG,1,0,0
AUG_76b52e90.jpg,1,0,0
leaf spot521_.jpg,1,3,1
streak virus910_.jpg,1,1,1
streak virus290_.jpg,1,1,1
streak virus440_.jpg,1,1,1
streak virus474_.jpg,1,1,1
212maize_train_healthy.JPG,1,0,0
AUG_8a58bd80.jpg,1,0,0
streak virus270_.jpg,1,1,1
leaf blight144_.jpg,1,2,1
streak virus134_.jpg,1,1,1
877maize_valid_leaf blight.JPG,1,2,1
leaf spot1085_.jpg,1,3,1
2113maize_train_leaf blight.JPG,1,2,1
streak virus895_.jpg,1,1,1
AUG_12890fab.jpg,1,0,0
2075maize_train_leaf blight.JPG,1,2,1
AUG_d13485ee.jpg,1,0,0
leaf spot115_.jpg,1,3,1
streak virus423_.jpg,1,1,1
815maize_valid_streak virus.JPG,1,1,1
AUG_9eddf3b2.jpg,1,0,0
streak virus617_.jpg,1,1,1
leaf blight328_.jpg,1,2,1
208maize_valid_leaf blight.JPG,1,2,1
leaf spot1246_.jpg,1,3,1
AUG_61195c49.jpg,1,0,0
AUG_cd09f02e.jpg,1,0,0
leaf blight835_.jpg,1,2,1
644maize_valid_leaf spot.JPG,1,3,1
AUG_4d2bd11a.jpg,1,0,0
streak virus329_.jpg,1,1,1
leaf spot1154_.jpg,1,3,1
streak virus676_.jpg,1,1,1
AUG_195fb458.jpg,1,0,0
streak virus859_.jpg,1,1,1
leaf spot825_.jpg,1,3,1
leaf spot483_.jpg,1,3,1
leaf spot99_.jpg,1,3,1
1171maize_valid_leaf spot.JPG,1,3,1
830maize_valid_streak virus.JPG,1,1,1
leaf blight578_.jpg,1,2,1
AUG_2607745d.jpg,1,0,0
leaf blight121_.jpg,1,2,1
AUG_1dc29395.jpg,1,0,0
227maize_valid_leaf spot.JPG,1,3,1
leaf blight992_.jpg,1,2,1
AUG_224206ba.jpg,1,0,0
317maize_train_leaf blight.JPG,1,2,1
streak virus185_.jpg,1,1,1
leaf blight374_.jpg,1,2,1
688maize_train_leaf blight.JPG,1,2,1
AUG_fa84cdfd.jpg,1,0,0
leaf spot714_.jpg,1,3,1
1252maize_valid_leaf spot.JPG,1,3,1
leaf spot875_.jpg,1,3,1
leaf spot695_.jpg,1,3,1
leaf spot493_.jpg,1,3,1
402maize_valid_streak virus.JPG,1,1,1
197maize_valid_healthy.JPG,1,0,0
103maize_valid_streak virus.JPG,1,1,1
leaf spot994_.jpg,1,3,1
streak virus338_.jpg,1,1,1
leaf spot436_.jpg,1,3,1
316maize_train_streak virus.JPG,1,1,1
leaf spot871_.jpg,1,3,1
streak virus865_.jpg,1,1,1
streak virus938_.jpg,1,1,1
147maize_valid_leaf blight.JPG,1,2,1
streak virus942_.jpg,1,1,1
59maize_train_healthy.JPG,1,0,0
leaf blight591_.jpg,1,2,1
199maize_train_streak virus.JPG,1,1,1
leaf spot542_.jpg,1,3,1
2220maize_train_leaf blight.JPG,1,2,1
AUG_a76027f9.jpg,1,0,0
AUG_3f948921.jpg,1,0,0
204maize_valid_streak virus.JPG,1,1,1
293maize_valid_leaf blight.JPG,1,2,1
47maize_train_leaf blight.JPG,1,2,1
leaf blight221_.jpg,1,2,1
leaf spot543_.jpg,1,3,1
1228maize_valid_leaf spot.JPG,1,3,1
leaf spot68_.jpg,1,3,1
leaf spot294_.jpg,1,3,1
streak virus148_.jpg,1,1,1
2105maize_train_leaf blight.JPG,1,2,1
leaf blight270_.jpg,1,2,1
AUG_e38760ee.jpg,1,0,0
streak virus484_.jpg,1,1,1
streak virus961_.jpg,1,1,1
686maize_valid_streak virus.JPG,1,1,1
streak virus661_.jpg,1,1,1
leaf spot711_.jpg,1,3,1
AUG_f0dec7e8.jpg,1,0,0
leaf spot747_.jpg,1,3,1
leaf blight628_.jpg,1,2,1
AUG_a7e0a3fb.jpg,1,0,0
735maize_train_streak virus.JPG,1,1,1
leaf blight130_.jpg,1,2,1
leaf spot1206_.jpg,1,3,1
532maize_train_streak virus.JPG,1,1,1
299maize_train_streak virus.JPG,1,1,1
AUG_0a7c2d6d.jpg,1,0,0
AUG_888b0892.jpg,1,0,0
AUG_72bf8ed6.jpg,1,0,0
77maize_train_streak virus.JPG,1,1,1
717maize_train_streak virus.JPG,1,1,1
leaf spot710_.jpg,1,3,1
AUG_80f25e17.jpg,1,0,0
leaf blight348_.jpg,1,2,1
streak virus560_.jpg,1,1,1
streak virus891_.jpg,1,1,1
leaf spot927_.jpg,1,3,1
AUG_d155e71c.jpg,1,0,0
169maize_valid_streak virus.JPG,1,1,1
leaf spot1127_.jpg,1,3,1
leaf spot586_.jpg,1,3,1
leaf spot432_.jpg,1,3,1
AUG_bc6b4d37.jpg,1,0,0
963maize_train_leaf blight.JPG,1,2,1
AUG_edafc859.jpg,1,0,0
leaf blight118_.jpg,1,2,1
AUG_9b943fde.jpg,1,0,0
healthy51_.jpg,1,0,0
leaf spot405_.jpg,1,3,1
leaf blight673_.jpg,1,2,1
1254maize_valid_leaf spot.JPG,1,3,1
leaf blight64_.jpg,1,2,1
636maize_valid_leaf spot.JPG,1,3,1
leaf blight286_.jpg,1,2,1
AUG_4e222d9e.jpg,1,0,0
AUG_93d3cd76.jpg,1,0,0
324maize_train_streak virus.JPG,1,1,1
216maize_valid_streak virus.JPG,1,1,1
leaf blight714_.jpg,1,2,1
733maize_train_streak virus.JPG,1,1,1
AUG_dad374e1.jpg,1,0,0
261maize_train_streak virus.JPG,1,1,1
AUG_65830e2b.jpg,1,0,0
leaf spot588_.jpg,1,3,1
2214maize_train_leaf blight.JPG,1,2,1
leaf spot697_.jpg,1,3,1
leaf blight383_.jpg,1,2,1
244maize_train_healthy.JPG,1,0,0
AUG_625bbc52.jpg,1,0,0
859maize_valid_leaf blight.JPG,1,2,1
91maize_train_healthy.JPG,1,0,0
leaf spot1175_.jpg,1,3,1
leaf blight403_.jpg,1,2,1
healthy198_.jpg,1,0,0
AUG_1e7ee2fe.jpg,1,0,0
leaf spot1251_.jpg,1,3,1
AUG_9a8790ff.jpg,1,0,0
leaf spot402_.jpg,1,3,1
leaf spot557_.jpg,1,3,1
leaf spot960_.jpg,1,3,1
2200maize_train_leaf blight.JPG,1,2,1
AUG_fbf4abba.jpg,1,0,0
streak virus607_.jpg,1,1,1
AUG_6caf81f8.jpg,1,0,0
142maize_train_healthy.JPG,1,0,0
AUG_6e432d22.jpg,1,0,0
streak virus75_.jpg,1,1,1
leaf spot83_.jpg,1,3,1
streak virus92_.jpg,1,1,1
leaf blight178_.jpg,1,2,1
2041maize_train_leaf spot.JPG,1,3,1
AUG_810d5579.jpg,1,0,0
streak virus651_.jpg,1,1,1
leaf blight165_.jpg,1,2,1
leaf blight689_.jpg,1,2,1
1058maize_valid_leaf spot.JPG,1,3,1
AUG_0c5d2851.jpg,1,0,0
105maize_valid_leaf blight.JPG,1,2,1
leaf spot854_.jpg,1,3,1
817maize_valid_streak virus.JPG,1,1,1
leaf spot545_.jpg,1,3,1
leaf blight90_.jpg,1,2,1
streak virus846_.jpg,1,1,1
leaf spot269_.jpg,1,3,1
270maize_valid_leaf spot.JPG,1,3,1
streak virus649_.jpg,1,1,1
streak virus94_.jpg,1,1,1
AUG_8f8656ff.jpg,1,0,0
streak virus424_.jpg,1,1,1
AUG_00baa6b3.jpg,1,0,0
590maize_valid_streak virus.JPG,1,1,1
leaf blight104_.jpg,1,2,1
199maize_train_leaf blight.JPG,1,2,1
247maize_train_healthy.JPG,1,0,0
AUG_b083e782.jpg,1,0,0
AUG_79964edf.jpg,1,0,0
AUG_aa1e6e66.jpg,1,0,0
leaf spot104_.jpg,1,3,1
leaf spot809_.jpg,1,3,1
63maize_valid_streak virus.JPG,1,1,1
leaf spot1044_.jpg,1,3,1
leaf blight31_.jpg,1,2,1
85maize_train_healthy.JPG,1,0,0
706maize_valid_streak virus.JPG,1,1,1
leaf blight614_.jpg,1,2,1
streak virus266_.jpg,1,1,1
282maize_valid_leaf blight.JPG,1,2,1
streak virus421_.jpg,1,1,1
leaf blight655_.jpg,1,2,1
719maize_valid_streak virus.JPG,1,1,1
25maize_valid_leaf blight.JPG,1,2,1
leaf blight786_.jpg,1,2,1
457maize_valid_leaf blight.JPG,1,2,1
leaf blight394_.jpg,1,2,1
leaf blight196_.jpg,1,2,1
streak virus287_.jpg,1,1,1
AUG_f0f8617f.jpg,1,0,0
10maize_valid_leaf blight.JPG,1,2,1
leaf spot744_.jpg,1,3,1
782maize_train_streak virus.JPG,1,1,1
leaf spot592_.jpg,1,3,1
leaf blight936_.jpg,1,2,1
streak virus912_.jpg,1,1,1
streak virus1009_.jpg,1,1,1
AUG_e2f4f3eb.jpg,1,0,0
663maize_train_leaf blight.JPG,1,2,1
leaf blight295_.jpg,1,2,1
142maize_valid_leaf blight.JPG,1,2,1
AUG_77e143b4.jpg,1,0,0
39maize_train_healthy.JPG,1,0,0
AUG_bd537a1f.jpg,1,0,0
leaf spot509_.jpg,1,3,1
leaf blight929_.jpg,1,2,1
54maize_train_healthy.JPG,1,0,0
streak virus921_.jpg,1,1,1
257maize_train_healthy.JPG,1,0,0
leaf spot334_.jpg,1,3,1
443maize_valid_leaf blight.JPG,1,2,1
leaf spot748_.jpg,1,3,1
leaf blight908_.jpg,1,2,1
253maize_valid_streak virus.JPG,1,1,1
streak virus758_.jpg,1,1,1
leaf spot599_.jpg,1,3,1
leaf blight451_.jpg,1,2,1
449maize_valid_leaf blight.JPG,1,2,1
66maize_train_streak virus.JPG,1,1,1
healthy33_.jpg,1,0,0
752maize_train_streak virus.JPG,1,1,1
leaf blight344_.jpg,1,2,1
leaf blight308_.jpg,1,2,1
1120maize_valid_leaf spot.JPG,1,3,1
445maize_valid_leaf blight.JPG,1,2,1
33maize_valid_streak virus.JPG,1,1,1
streak virus19_.jpg,1,1,1
AUG_774edbc5.jpg,1,0,0
leaf spot279_.jpg,1,3,1
953maize_valid_leaf blight.JPG,1,2,1
AUG_8a2b490b.jpg,1,0,0
streak virus168_.jpg,1,1,1
161maize_valid_streak virus.JPG,1,1,1
208maize_train_streak virus.JPG,1,1,1
streak virus116_.jpg,1,1,1
AUG_3eaaa2d6.jpg,1,0,0
1034maize_train_leaf spot.JPG,1,3,1
streak virus260_.jpg,1,1,1
548maize_train_streak virus.JPG,1,1,1
AUG_97385969.jpg,1,0,0
AUG_de7fb640.jpg,1,0,0
streak virus291_.jpg,1,1,1
leaf spot492_.jpg,1,3,1
743maize_train_streak virus.JPG,1,1,1
leaf spot150_.jpg,1,3,1
streak virus193_.jpg,1,1,1
streak virus31_.jpg,1,1,1
707maize_valid_leaf blight.JPG,1,2,1
streak virus334_.jpg,1,1,1
leaf spot460_.jpg,1,3,1
leaf blight923_.jpg,1,2,1
leaf spot607_.jpg,1,3,1
2173maize_train_leaf blight.JPG,1,2,1
830maize_valid_leaf blight.JPG,1,2,1
leaf spot1157_.jpg,1,3,1
leaf spot348_.jpg,1,3,1
919maize_valid_leaf blight.JPG,1,2,1
AUG_29274377.jpg,1,0,0
22maize_train_leaf blight.JPG,1,2,1
streak virus756_.jpg,1,1,1
302maize_train_streak virus.JPG,1,1,1
585maize_valid_streak virus.JPG,1,1,1
AUG_565e0c98.jpg,1,0,0
AUG_6ab7f98c.jpg,1,0,0
188maize_train_leaf blight.JPG,1,2,1
AUG_ba78576c.jpg,1,0,0
leaf spot93_.jpg,1,3,1
808maize_valid_streak virus.JPG,1,1,1
12maize_train_leaf blight.JPG,1,2,1
397maize_valid_streak virus.JPG,1,1,1
leaf spot632_.jpg,1,3,1
727maize_valid_leaf spot.JPG,1,3,1
270maize_valid_streak virus.JPG,1,1,1
211maize_train_streak virus.JPG,1,1,1
524maize_train_streak virus.JPG,1,1,1
leaf spot650_.jpg,1,3,1
leaf blight883_.jpg,1,2,1
472maize_train_streak virus.JPG,1,1,1
leaf blight312_.jpg,1,2,1
320maize_train_leaf blight.JPG,1,2,1
streak virus789_.jpg,1,1,1
713maize_valid_leaf spot.JPG,1,3,1
leaf blight62_.jpg,1,2,1
383maize_valid_leaf blight.JPG,1,2,1
AUG_f975689e.jpg,1,0,0
592maize_valid_streak virus.JPG,1,1,1
leaf blight275_.jpg,1,2,1
AUG_540869eb.jpg,1,0,0
leaf blight201_.jpg,1,2,1
leaf spot685_.jpg,1,3,1
leaf blight918_.jpg,1,2,1
leaf spot124_.jpg,1,3,1
683maize_valid_leaf blight.JPG,1,2,1
leaf blight446_.jpg,1,2,1
leaf spot114_.jpg,1,3,1
AUG_44a85db0.jpg,1,0,0
leaf spot55_.jpg,1,3,1
leaf blight145_.jpg,1,2,1
leaf spot676_.jpg,1,3,1
660maize_train_leaf blight.JPG,1,2,1
streak virus362_.jpg,1,1,1
197maize_train_healthy.JPG,1,0,0
193maize_train_healthy.JPG,1,0,0
leaf spot1036_.jpg,1,3,1
leaf spot516_.jpg,1,3,1
streak virus483_.jpg,1,1,1
leaf spot784_.jpg,1,3,1
AUG_55c184ca.jpg,1,0,0
383maize_valid_streak virus.JPG,1,1,1
333maize_train_streak virus.JPG,1,1,1
AUG_65d511ca.jpg,1,0,0
leaf blight410_.jpg,1,2,1
649maize_valid_leaf spot.JPG,1,3,1
AUG_9997502a.jpg,1,0,0
leaf spot266_.jpg,1,3,1
leaf spot27_.jpg,1,3,1
AUG_f1eaa009.jpg,1,0,0
1155maize_valid_leaf spot.JPG,1,3,1
819maize_valid_streak virus.JPG,1,1,1
leaf spot498_.jpg,1,3,1
leaf blight157_.jpg,1,2,1
1166maize_valid_leaf spot.JPG,1,3,1
591maize_valid_streak virus.JPG,1,1,1
leaf blight78_.jpg,1,2,1
leaf spot341_.jpg,1,3,1
25maize_train_healthy.JPG,1,0,0
471maize_train_streak virus.JPG,1,1,1
leaf spot365_.jpg,1,3,1
106maize_train_healthy.JPG,1,0,0
streak virus495_.jpg,1,1,1
streak virus603_.jpg,1,1,1
streak virus284_.jpg,1,1,1
680maize_train_leaf blight.JPG,1,2,1
AUG_1f19d451.jpg,1,0,0
769maize_train_streak virus.JPG,1,1,1
779maize_valid_leaf blight.JPG,1,2,1
546maize_train_streak virus.JPG,1,1,1
streak virus393_.jpg,1,1,1
AUG_29dbffc0.jpg,1,0,0
leaf spot902_.jpg,1,3,1
831maize_valid_streak virus.JPG,1,1,1
693maize_valid_leaf spot.JPG,1,3,1
streak virus517_.jpg,1,1,1
40maize_train_leaf blight.JPG,1,2,1
leaf blight1005_.jpg,1,2,1
AUG_3921ee8f.jpg,1,0,0
AUG_89b5f8f9.jpg,1,0,0
leaf blight953_.jpg,1,2,1
121maize_valid_healthy.JPG,1,0,0
leaf blight1003_.jpg,1,2,1
streak virus431_.jpg,1,1,1
leaf spot935_.jpg,1,3,1
healthy165_.jpg,1,0,0
514maize_train_streak virus.JPG,1,1,1
leaf spot107_.jpg,1,3,1
213maize_train_streak virus.JPG,1,1,1
838maize_valid_streak virus.JPG,1,1,1
934maize_train_leaf blight.JPG,1,2,1
leaf blight537_.jpg,1,2,1
363maize_valid_streak virus.JPG,1,1,1
healthy48_.jpg,1,0,0
streak virus885_.jpg,1,1,1
AUG_dfc50896.jpg,1,0,0
172maize_train_leaf blight.JPG,1,2,1
307maize_train_streak virus.JPG,1,1,1
112maize_train_healthy.JPG,1,0,0
570maize_valid_streak virus.JPG,1,1,1
healthy152_.jpg,1,0,0
AUG_ebe1bedd.jpg,1,0,0
AUG_79aec795.jpg,1,0,0
181maize_train_leaf blight.JPG,1,2,1
997maize_valid_streak virus.JPG,1,1,1
leaf spot976_.jpg,1,3,1
AUG_d53cc836.jpg,1,0,0
leaf spot170_.jpg,1,3,1
leaf blight583_.jpg,1,2,1
AUG_fda92b2c.jpg,1,0,0
leaf blight611_.jpg,1,2,1
streak virus690_.jpg,1,1,1
streak virus330_.jpg,1,1,1
96maize_train_healthy.JPG,1,0,0
leaf spot967_.jpg,1,3,1
354maize_valid_streak virus.JPG,1,1,1
381maize_valid_streak virus.JPG,1,1,1
leaf spot883_.jpg,1,3,1
863maize_valid_streak virus.JPG,1,1,1
531maize_train_streak virus.JPG,1,1,1
healthy4_.jpg,1,0,0
180maize_train_streak virus.JPG,1,1,1
AUG_0d566344.jpg,1,0,0
29maize_valid_leaf blight.JPG,1,2,1
AUG_ebcd2da1.jpg,1,0,0
streak virus165_.jpg,1,1,1
524maize_valid_leaf spot.JPG,1,3,1
AUG_7d350f12.jpg,1,0,0
leaf blight392_.jpg,1,2,1
707maize_valid_leaf spot.JPG,1,3,1
719maize_valid_leaf spot.JPG,1,3,1
leaf blight606_.jpg,1,2,1
686maize_train_leaf blight.JPG,1,2,1
streak virus43_.jpg,1,1,1
AUG_1896c86b.jpg,1,0,0
AUG_6ab886cf.jpg,1,0,0
AUG_568c2bf0.jpg,1,0,0
63maize_train_leaf blight.JPG,1,2,1
78maize_train_healthy.JPG,1,0,0
leaf spot82_.jpg,1,3,1
414maize_valid_leaf blight.JPG,1,2,1
healthy119_.jpg,1,0,0
leaf spot644_.jpg,1,3,1
leaf spot5_.jpg,1,3,1
183maize_train_streak virus.JPG,1,1,1
streak virus327_.jpg,1,1,1
AUG_231fa4c4.jpg,1,0,0
190maize_valid_streak virus.JPG,1,1,1
streak virus164_.jpg,1,1,1
streak virus367_.jpg,1,1,1
AUG_e6efdc66.jpg,1,0,0
521maize_train_streak virus.JPG,1,1,1
leaf spot544_.jpg,1,3,1
499maize_train_streak virus.JPG,1,1,1
leaf blight92_.jpg,1,2,1
AUG_3507e52a.jpg,1,0,0
streak virus686_.jpg,1,1,1
streak virus361_.jpg,1,1,1
leaf spot335_.jpg,1,3,1
leaf blight88_.jpg,1,2,1
873maize_valid_streak virus.JPG,1,1,1
leaf blight172_.jpg,1,2,1
589maize_valid_streak virus.JPG,1,1,1
AUG_4fe01bea.jpg,1,0,0
669maize_valid_leaf spot.JPG,1,3,1
479maize_train_streak virus.JPG,1,1,1
leaf blight914_.jpg,1,2,1
leaf spot252_.jpg,1,3,1
leaf spot473_.jpg,1,3,1
1901maize_train_leaf spot.JPG,1,3,1
176maize_valid_leaf blight.JPG,1,2,1
165maize_train_healthy.JPG,1,0,0
2062maize_train_leaf blight.JPG,1,2,1
streak virus355_.jpg,1,1,1
leaf spot176_.jpg,1,3,1
leaf spot14_.jpg,1,3,1
5maize_valid_streak virus.JPG,1,1,1
685maize_valid_leaf blight.JPG,1,2,1
streak virus425_.jpg,1,1,1
AUG_8b2dce75.jpg,1,0,0
673maize_valid_leaf spot.JPG,1,3,1
leaf spot517_.jpg,1,3,1
862maize_valid_streak virus.JPG,1,1,1
leaf spot76_.jpg,1,3,1
leaf blight349_.jpg,1,2,1
AUG_4552e96c.jpg,1,0,0
AUG_980c4004.jpg,1,0,0
streak virus682_.jpg,1,1,1
leaf spot166_.jpg,1,3,1
leaf spot24_.jpg,1,3,1
263maize_train_streak virus.JPG,1,1,1
1884maize_train_leaf spot.JPG,1,3,1
leaf blight817_.jpg,1,2,1
streak virus149_.jpg,1,1,1
leaf spot860_.jpg,1,3,1
leaf spot1193_.jpg,1,3,1
streak virus634_.jpg,1,1,1
streak virus612_.jpg,1,1,1
leaf blight244_.jpg,1,2,1
leaf spot112_.jpg,1,3,1
streak virus750_.jpg,1,1,1
AUG_cc34674d.jpg,1,0,0
AUG_0ea0ee6f.jpg,1,0,0
AUG_99e78265.jpg,1,0,0
streak virus618_.jpg,1,1,1
219maize_train_healthy.JPG,1,0,0
841maize_valid_streak virus.JPG,1,1,1
AUG_df8378a0.jpg,1,0,0
leaf spot476_.jpg,1,3,1
leaf spot1225_.jpg,1,3,1
15maize_valid_streak virus.JPG,1,1,1
252maize_train_healthy.JPG,1,0,0
38maize_valid_leaf blight.JPG,1,2,1
leaf spot411_.jpg,1,3,1
3maize_train_leaf blight.JPG,1,2,1
AUG_0e736b7e.jpg,1,0,0
healthy154_.jpg,1,0,0
leaf spot602_.jpg,1,3,1
leaf blight810_.jpg,1,2,1
290maize_valid_streak virus.JPG,1,1,1
leaf spot174_.jpg,1,3,1
996maize_valid_leaf blight.JPG,1,2,1
streak virus108_.jpg,1,1,1
leaf blight246_.jpg,1,2,1
leaf spot230_.jpg,1,3,1
350maize_valid_leaf spot.JPG,1,3,1
349maize_valid_streak virus.JPG,1,1,1
leaf blight199_.jpg,1,2,1
leaf blight915_.jpg,1,2,1
leaf spot1101_.jpg,1,3,1
streak virus909_.jpg,1,1,1
62maize_train_streak virus.JPG,1,1,1
leaf spot237_.jpg,1,3,1
leaf spot884_.jpg,1,3,1
leaf spot392_.jpg,1,3,1
2203maize_train_leaf blight.JPG,1,2,1
streak virus162_.jpg,1,1,1
streak virus914_.jpg,1,1,1
AUG_ac6b909e.jpg,1,0,0
leaf spot589_.jpg,1,3,1
1036maize_train_leaf spot.JPG,1,3,1
leaf spot896_.jpg,1,3,1
leaf blight477_.jpg,1,2,1
leaf blight181_.jpg,1,2,1
2064maize_train_leaf blight.JPG,1,2,1
leaf spot777_.jpg,1,3,1
AUG_90757093.jpg,1,0,0
leaf blight499_.jpg,1,2,1
AUG_97145491.jpg,1,0,0
leaf spot661_.jpg,1,3,1
AUG_2babb3dc.jpg,1,0,0
leaf spot938_.jpg,1,3,1
healthy116_.jpg,1,0,0
streak virus939_.jpg,1,1,1
leaf blight215_.jpg,1,2,1
leaf spot1013_.jpg,1,3,1
healthy44_.jpg,1,0,0
AUG_9d9ea7c8.jpg,1,0,0
streak virus532_.jpg,1,1,1
AUG_1efcd826.jpg,1,0,0
2090maize_train_leaf blight.JPG,1,2,1
705maize_valid_leaf blight.JPG,1,2,1
805maize_valid_streak virus.JPG,1,1,1
leaf blight352_.jpg,1,2,1
leaf blight832_.jpg,1,2,1
406maize_valid_leaf blight.JPG,1,2,1
AUG_1c797d72.jpg,1,0,0
AUG_035348e9.jpg,1,0,0
902maize_valid_leaf blight.JPG,1,2,1
48maize_train_healthy.JPG,1,0,0
leaf spot890_.jpg,1,3,1
streak virus719_.jpg,1,1,1
AUG_1130d20d.jpg,1,0,0
207maize_train_streak virus.JPG,1,1,1
AUG_750f127a.jpg,1,0,0
leaf blight732_.jpg,1,2,1
AUG_944317f3.jpg,1,0,0
leaf spot979_.jpg,1,3,1
857maize_valid_leaf blight.JPG,1,2,1
AUG_23a527ae.jpg,1,0,0
AUG_e55a08fa.jpg,1,0,0
667maize_valid_leaf spot.JPG,1,3,1
streak virus631_.jpg,1,1,1
streak virus408_.jpg,1,1,1
streak virus25_.jpg,1,1,1
AUG_f7611666.jpg,1,0,0
985maize_valid_streak virus.JPG,1,1,1
2310maize_train_leaf blight.JPG,1,2,1
177maize_train_leaf blight.JPG,1,2,1
leaf blight279_.jpg,1,2,1
AUG_a2003046.jpg,1,0,0
666maize_valid_leaf blight.JPG,1,2,1
AUG_ec3de415.jpg,1,0,0
19maize_valid_streak virus.JPG,1,1,1
765maize_train_streak virus.JPG,1,1,1
streak virus772_.jpg,1,1,1
leaf spot718_.jpg,1,3,1
693maize_valid_streak virus.JPG,1,1,1
leaf blight101_.jpg,1,2,1
leaf blight45_.jpg,1,2,1
leaf blight351_.jpg,1,2,1
AUG_6a049ab0.jpg,1,0,0
2186maize_train_leaf blight.JPG,1,2,1
AUG_b7c483ea.jpg,1,0,0
leaf blight79_.jpg,1,2,1
streak virus613_.jpg,1,1,1
146maize_valid_streak virus.JPG,1,1,1
AUG_940e0612.jpg,1,0,0
181maize_train_healthy.JPG,1,0,0
7maize_valid_streak virus.JPG,1,1,1
2116maize_train_leaf blight.JPG,1,2,1
983maize_valid_streak virus.JPG,1,1,1
healthy123_.jpg,1,0,0
AUG_26223140.jpg,1,0,0
200maize_valid_healthy.JPG,1,0,0
leaf blight232_.jpg,1,2,1
24maize_train_healthy.JPG,1,0,0
healthy191_.jpg,1,0,0
leaf blight143_.jpg,1,2,1
809maize_valid_streak virus.JPG,1,1,1
184maize_train_leaf blight.JPG,1,2,1
271maize_valid_leaf spot.JPG,1,3,1
leaf blight552_.jpg,1,2,1
AUG_a15ec013.jpg,1,0,0
leaf spot153_.jpg,1,3,1
288maize_valid_leaf blight.JPG,1,2,1
300maize_train_streak virus.JPG,1,1,1
489maize_train_streak virus.JPG,1,1,1
leaf spot75_.jpg,1,3,1
558maize_valid_streak virus.JPG,1,1,1
77maize_valid_streak virus.JPG,1,1,1
871maize_valid_streak virus.JPG,1,1,1
198maize_train_leaf blight.JPG,1,2,1
AUG_48bbee19.jpg,1,0,0
leaf spot574_.jpg,1,3,1
107maize_train_leaf blight.JPG,1,2,1
leaf spot298_.jpg,1,3,1
1003maize_valid_streak virus.JPG,1,1,1
AUG_0d3d55f6.jpg,1,0,0
leaf spot803_.jpg,1,3,1
AUG_4d2cad46.jpg,1,0,0
784maize_train_streak virus.JPG,1,1,1
AUG_fb56e7b2.jpg,1,0,0
846maize_valid_streak virus.JPG,1,1,1
leaf spot239_.jpg,1,3,1
leaf blight501_.jpg,1,2,1
leaf spot195_.jpg,1,3,1
167maize_train_healthy.JPG,1,0,0
267maize_valid_streak virus.JPG,1,1,1
AUG_c28b84a9.jpg,1,0,0
healthy131_.jpg,1,0,0
AUG_1349a979.jpg,1,0,0
1050maize_valid_leaf spot.JPG,1,3,1
leaf blight626_.jpg,1,2,1
203maize_valid_healthy.JPG,1,0,0
2187maize_train_leaf blight.JPG,1,2,1
12maize_valid_leaf blight.JPG,1,2,1
leaf spot37_.jpg,1,3,1
748maize_train_streak virus.JPG,1,1,1
653maize_valid_leaf spot.JPG,1,3,1
2184maize_train_leaf blight.JPG,1,2,1
AUG_09fd4a7d.jpg,1,0,0
healthy40_.jpg,1,0,0
leaf blight412_.jpg,1,2,1
874maize_valid_streak virus.JPG,1,1,1
AUG_6c6ec979.jpg,1,0,0
202maize_train_healthy.JPG,1,0,0
2044maize_train_leaf spot.JPG,1,3,1
leaf blight185_.jpg,1,2,1
leaf spot608_.jpg,1,3,1
1173maize_valid_leaf spot.JPG,1,3,1
streak virus668_.jpg,1,1,1
leaf spot689_.jpg,1,3,1
leaf blight293_.jpg,1,2,1
leaf spot963_.jpg,1,3,1
leaf blight879_.jpg,1,2,1
streak virus491_.jpg,1,1,1
leaf spot62_.jpg,1,3,1
streak virus34_.jpg,1,1,1
streak virus636_.jpg,1,1,1
healthy179_.jpg,1,0,0
streak virus588_.jpg,1,1,1
127maize_train_healthy.JPG,1,0,0
leaf spot876_.jpg,1,3,1
leaf spot42_.jpg,1,3,1
734maize_train_streak virus.JPG,1,1,1
41maize_valid_streak virus.JPG,1,1,1
389maize_valid_streak virus.JPG,1,1,1
395maize_valid_streak virus.JPG,1,1,1
AUG_dfbd93ca.jpg,1,0,0
leaf spot750_.jpg,1,3,1
100maize_valid_leaf blight.JPG,1,2,1
leaf spot522_.jpg,1,3,1
AUG_ec09fffb.jpg,1,0,0
leaf blight85_.jpg,1,2,1
leaf spot249_.jpg,1,3,1
leaf blight1006_.jpg,1,2,1
AUG_0b1389da.jpg,1,0,0
leaf spot1257_.jpg,1,3,1
streak virus538_.jpg,1,1,1
859maize_valid_streak virus.JPG,1,1,1
41maize_valid_leaf spot.JPG,1,3,1
AUG_80d791cf.jpg,1,0,0
835maize_valid_streak virus.JPG,1,1,1
leaf blight132_.jpg,1,2,1
streak virus711_.jpg,1,1,1
485maize_train_streak virus.JPG,1,1,1
streak virus301_.jpg,1,1,1
healthy96_.jpg,1,0,0
576maize_train_streak virus.JPG,1,1,1
leaf blight985_.jpg,1,2,1
streak virus770_.jpg,1,1,1
streak virus131_.jpg,1,1,1
leaf spot1182_.jpg,1,3,1
AUG_744783d1.jpg,1,0,0
streak virus858_.jpg,1,1,1
leaf blight325_.jpg,1,2,1
AUG_abeec51a.jpg,1,0,0
leaf blight34_.jpg,1,2,1
leaf spot1059_.jpg,1,3,1
leaf spot1185_.jpg,1,3,1
streak virus462_.jpg,1,1,1
leaf blight798_.jpg,1,2,1
28maize_valid_leaf spot.JPG,1,3,1
AUG_7c3b1950.jpg,1,0,0
175maize_train_leaf blight.JPG,1,2,1
streak virus229_.jpg,1,1,1
leaf blight155_.jpg,1,2,1
2045maize_train_leaf spot.JPG,1,3,1
leaf blight41_.jpg,1,2,1
leaf spot580_.jpg,1,3,1
664maize_valid_leaf spot.JPG,1,3,1
streak virus200_.jpg,1,1,1
AUG_762df705.jpg,1,0,0
AUG_a2e1b652.jpg,1,0,0
353maize_valid_streak virus.JPG,1,1,1
560maize_valid_streak virus.JPG,1,1,1
leaf spot826_.jpg,1,3,1
1105maize_train_leaf spot.JPG,1,3,1
177maize_train_healthy.JPG,1,0,0
409maize_valid_leaf blight.JPG,1,2,1
1888maize_train_leaf spot.JPG,1,3,1
AUG_2ec1460b.jpg,1,0,0
streak virus784_.jpg,1,1,1
leaf spot713_.jpg,1,3,1
streak virus596_.jpg,1,1,1
leaf spot1212_.jpg,1,3,1
streak virus388_.jpg,1,1,1
AUG_98205990.jpg,1,0,0
leaf blight533_.jpg,1,2,1
AUG_4fc26a50.jpg,1,0,0
AUG_393b7d8e.jpg,1,0,0
streak virus838_.jpg,1,1,1
leaf spot1218_.jpg,1,3,1
240maize_train_healthy.JPG,1,0,0
196maize_train_streak virus.JPG,1,1,1
70maize_train_streak virus.JPG,1,1,1
streak virus99_.jpg,1,1,1
195maize_valid_leaf blight.JPG,1,2,1
745maize_train_streak virus.JPG,1,1,1
streak virus525_.jpg,1,1,1
leaf spot315_.jpg,1,3,1
streak virus415_.jpg,1,1,1
774maize_valid_leaf blight.JPG,1,2,1
581maize_train_streak virus.JPG,1,1,1
332maize_train_streak virus.JPG,1,1,1
1880maize_train_leaf spot.JPG,1,3,1
streak virus430_.jpg,1,1,1
10maize_valid_leaf spot.JPG,1,3,1
439maize_valid_leaf blight.JPG,1,2,1
leaf spot537_.jpg,1,3,1
leaf blight428_.jpg,1,2,1
2296maize_train_leaf blight.JPG,1,2,1
598maize_valid_streak virus.JPG,1,1,1
healthy78_.jpg,1,0,0
138maize_train_healthy.JPG,1,0,0
leaf spot455_.jpg,1,3,1
streak virus476_.jpg,1,1,1
440maize_valid_leaf blight.JPG,1,2,1
leaf blight672_.jpg,1,2,1
783maize_train_streak virus.JPG,1,1,1
2221maize_train_leaf blight.JPG,1,2,1
AUG_f9220366.jpg,1,0,0
streak virus349_.jpg,1,1,1
2280maize_train_leaf blight.JPG,1,2,1
leaf blight962_.jpg,1,2,1
275maize_valid_leaf spot.JPG,1,3,1
AUG_833ab6ed.jpg,1,0,0
323maize_train_streak virus.JPG,1,1,1
AUG_5023ea0b.jpg,1,0,0
586maize_train_streak virus.JPG,1,1,1
320maize_train_streak virus.JPG,1,1,1
440maize_valid_leaf spot.JPG,1,3,1
streak virus777_.jpg,1,1,1
2115maize_train_leaf blight.JPG,1,2,1
streak virus680_.jpg,1,1,1
674maize_valid_leaf blight.JPG,1,2,1
443maize_valid_leaf spot.JPG,1,3,1
AUG_b04f779a.jpg,1,0,0
369maize_valid_streak virus.JPG,1,1,1
leaf blight749_.jpg,1,2,1
189maize_train_leaf blight.JPG,1,2,1
723maize_valid_leaf spot.JPG,1,3,1
202maize_train_streak virus.JPG,1,1,1
487maize_train_streak virus.JPG,1,1,1
772maize_train_streak virus.JPG,1,1,1
leaf spot26_.jpg,1,3,1
AUG_59975dd5.jpg,1,0,0
AUG_8d7297c9.jpg,1,0,0
176maize_train_healthy.JPG,1,0,0
streak virus439_.jpg,1,1,1
AUG_ede5222e.jpg,1,0,0
AUG_a739311b.jpg,1,0,0
healthy90_.jpg,1,0,0
694maize_valid_leaf spot.JPG,1,3,1
leaf spot38_.jpg,1,3,1
793maize_valid_streak virus.JPG,1,1,1
AUG_92f48c90.jpg,1,0,0
221maize_train_streak virus.JPG,1,1,1
97maize_valid_leaf blight.JPG,1,2,1
leaf spot761_.jpg,1,3,1
leaf spot1235_.jpg,1,3,1
384maize_valid_leaf blight.JPG,1,2,1
leaf blight982_.jpg,1,2,1
healthy27_.jpg,1,0,0
leaf blight321_.jpg,1,2,1
978maize_valid_leaf blight.JPG,1,2,1
AUG_2b3cedaa.jpg,1,0,0
543maize_train_streak virus.JPG,1,1,1
leaf spot363_.jpg,1,3,1
streak virus697_.jpg,1,1,1
442maize_valid_leaf blight.JPG,1,2,1
AUG_4de247ca.jpg,1,0,0
streak virus952_.jpg,1,1,1
595maize_train_streak virus.JPG,1,1,1
leaf blight711_.jpg,1,2,1
AUG_851728fb.jpg,1,0,0
leaf blight595_.jpg,1,2,1
leaf spot491_.jpg,1,3,1
AUG_1494cd95.jpg,1,0,0
584maize_valid_streak virus.JPG,1,1,1
leaf spot617_.jpg,1,3,1
leaf spot207_.jpg,1,3,1
526maize_train_streak virus.JPG,1,1,1
179maize_train_leaf blight.JPG,1,2,1
AUG_dc12d266.jpg,1,0,0
streak virus366_.jpg,1,1,1
133maize_train_healthy.JPG,1,0,0
leaf spot1256_.jpg,1,3,1
283maize_valid_leaf blight.JPG,1,2,1
670maize_valid_streak virus.JPG,1,1,1
398maize_valid_streak virus.JPG,1,1,1
937maize_train_leaf blight.JPG,1,2,1
healthy99_.jpg,1,0,0
2042maize_train_leaf spot.JPG,1,3,1
streak virus451_.jpg,1,1,1
666maize_train_leaf blight.JPG,1,2,1
leaf spot457_.jpg,1,3,1
884maize_valid_leaf blight.JPG,1,2,1
streak virus675_.jpg,1,1,1
223maize_train_healthy.JPG,1,0,0
leaf spot144_.jpg,1,3,1
streak virus804_.jpg,1,1,1
streak virus665_.jpg,1,1,1
AUG_25d0b51c.jpg,1,0,0
82maize_train_streak virus.JPG,1,1,1
162maize_train_streak virus.JPG,1,1,1
79maize_train_healthy.JPG,1,0,0
AUG_611a45e2.jpg,1,0,0
streak virus640_.jpg,1,1,1
streak virus73_.jpg,1,1,1
1876maize_train_leaf spot.JPG,1,3,1
924maize_train_leaf blight.JPG,1,2,1
leaf spot1108_.jpg,1,3,1
streak virus30_.jpg,1,1,1
166maize_train_healthy.JPG,1,0,0
1035maize_train_leaf spot.JPG,1,3,1
streak virus666_.jpg,1,1,1
687maize_train_leaf blight.JPG,1,2,1
leaf blight974_.jpg,1,2,1
AUG_341ea719.jpg,1,0,0
leaf blight678_.jpg,1,2,1
streak virus27_.jpg,1,1,1
leaf spot359_.jpg,1,3,1
leaf blight391_.jpg,1,2,1
2036maize_train_leaf spot.JPG,1,3,1
AUG_192b0788.jpg,1,0,0
AUG_cb9cc8a6.jpg,1,0,0
leaf spot1159_.jpg,1,3,1
AUG_cfd7ffbf.jpg,1,0,0
74maize_train_healthy.JPG,1,0,0
582maize_train_streak virus.JPG,1,1,1
254maize_valid_streak virus.JPG,1,1,1
streak virus281_.jpg,1,1,1
leaf spot915_.jpg,1,3,1
leaf blight920_.jpg,1,2,1
leaf blight211_.jpg,1,2,1
leaf spot90_.jpg,1,3,1
2maize_valid_leaf spot.JPG,1,3,1
854maize_valid_leaf spot.JPG,1,3,1
492maize_valid_streak virus.JPG,1,1,1
leaf spot1041_.jpg,1,3,1
healthy42_.jpg,1,0,0
AUG_d7ebcaeb.jpg,1,0,0
leaf blight946_.jpg,1,2,1
AUG_187f5890.jpg,1,0,0
streak virus257_.jpg,1,1,1
healthy21_.jpg,1,0,0
634maize_valid_leaf spot.JPG,1,3,1
2175maize_train_leaf blight.JPG,1,2,1
AUG_0ec8982f.jpg,1,0,0
leaf blight484_.jpg,1,2,1
leaf spot1086_.jpg,1,3,1
2070maize_train_leaf blight.JPG,1,2,1
685maize_valid_streak virus.JPG,1,1,1
AUG_b66dee85.jpg,1,0,0
AUG_0ad27979.jpg,1,0,0
streak virus192_.jpg,1,1,1
131maize_valid_streak virus.JPG,1,1,1
leaf blight570_.jpg,1,2,1
1038maize_valid_leaf spot.JPG,1,3,1
leaf spot853_.jpg,1,3,1
leaf spot933_.jpg,1,3,1
streak virus154_.jpg,1,1,1
leaf spot428_.jpg,1,3,1
1324maize_train_leaf blight.JPG,1,2,1
healthy195_.jpg,1,0,0
healthy111_.jpg,1,0,0
1042maize_valid_leaf spot.JPG,1,3,1
274maize_valid_leaf spot.JPG,1,3,1
AUG_e1cebd03.jpg,1,0,0
863maize_valid_leaf blight.JPG,1,2,1
AUG_6b38426f.jpg,1,0,0
leaf blight530_.jpg,1,2,1
280maize_valid_leaf blight.JPG,1,2,1
healthy127_.jpg,1,0,0
leaf blight772_.jpg,1,2,1
262maize_train_streak virus.JPG,1,1,1
leaf spot1120_.jpg,1,3,1
leaf spot1211_.jpg,1,3,1
254maize_train_streak virus.JPG,1,1,1
997maize_valid_leaf blight.JPG,1,2,1
streak virus547_.jpg,1,1,1
498maize_valid_streak virus.JPG,1,1,1
AUG_cdefc9ed.jpg,1,0,0
leaf spot72_.jpg,1,3,1
AUG_46a929f9.jpg,1,0,0
leaf blight186_.jpg,1,2,1
streak virus354_.jpg,1,1,1
streak virus458_.jpg,1,1,1
AUG_67b08e14.jpg,1,0,0
leaf spot216_.jpg,1,3,1
leaf blight202_.jpg,1,2,1
streak virus2_.jpg,1,1,1
732maize_valid_leaf spot.JPG,1,3,1
streak virus183_.jpg,1,1,1
78maize_train_streak virus.JPG,1,1,1
leaf blight483_.jpg,1,2,1
277maize_valid_streak virus.JPG,1,1,1
leaf spot1134_.jpg,1,3,1
AUG_acc9043f.jpg,1,0,0
101maize_train_leaf blight.JPG,1,2,1
672maize_valid_leaf blight.JPG,1,2,1
healthy53_.jpg,1,0,0
leaf blight99_.jpg,1,2,1
leaf spot501_.jpg,1,3,1
streak virus857_.jpg,1,1,1
315maize_train_leaf blight.JPG,1,2,1
streak virus590_.jpg,1,1,1
streak virus641_.jpg,1,1,1
AUG_1ec45313.jpg,1,0,0
AUG_7f3cc055.jpg,1,0,0
298maize_train_streak virus.JPG,1,1,1
AUG_9f16b1dd.jpg,1,0,0
AUG_1a9c13b4.jpg,1,0,0
streak virus663_.jpg,1,1,1
1149maize_valid_leaf spot.JPG,1,3,1
leaf blight922_.jpg,1,2,1
leaf blight110_.jpg,1,2,1
leaf spot413_.jpg,1,3,1
502maize_train_streak virus.JPG,1,1,1
AUG_eefd8122.jpg,1,0,0
streak virus340_.jpg,1,1,1
AUG_2d812126.jpg,1,0,0
AUG_95dade8e.jpg,1,0,0
streak virus564_.jpg,1,1,1
healthy24_.jpg,1,0,0
AUG_036b316a.jpg,1,0,0
streak virus937_.jpg,1,1,1
65maize_train_leaf blight.JPG,1,2,1
220maize_valid_streak virus.JPG,1,1,1
leaf spot1248_.jpg,1,3,1
AUG_6e745a58.jpg,1,0,0
leaf spot475_.jpg,1,3,1
leaf spot35_.jpg,1,3,1
leaf blight978_.jpg,1,2,1
308maize_train_leaf blight.JPG,1,2,1
692maize_train_streak virus.JPG,1,1,1
2219maize_train_leaf blight.JPG,1,2,1
streak virus713_.jpg,1,1,1
leaf blight271_.jpg,1,2,1
leaf blight150_.jpg,1,2,1
663maize_valid_leaf spot.JPG,1,3,1
1110maize_train_leaf spot.JPG,1,3,1
streak virus180_.jpg,1,1,1
1030maize_valid_leaf spot.JPG,1,3,1
AUG_abc66aad.jpg,1,0,0
leaf blight432_.jpg,1,2,1
leaf spot844_.jpg,1,3,1
1038maize_train_leaf spot.JPG,1,3,1
294maize_valid_leaf blight.JPG,1,2,1
680maize_valid_streak virus.JPG,1,1,1
120maize_valid_healthy.JPG,1,0,0
leaf spot440_.jpg,1,3,1
AUG_9a06a547.jpg,1,0,0
streak virus625_.jpg,1,1,1
AUG_78b7dbb9.jpg,1,0,0
leaf spot680_.jpg,1,3,1
streak virus63_.jpg,1,1,1
448maize_valid_leaf spot.JPG,1,3,1
635maize_valid_leaf spot.JPG,1,3,1
268maize_valid_streak virus.JPG,1,1,1
leaf blight864_.jpg,1,2,1
806maize_valid_streak virus.JPG,1,1,1
AUG_23748a86.jpg,1,0,0
streak virus660_.jpg,1,1,1
streak virus272_.jpg,1,1,1
AUG_2c5d97a5.jpg,1,0,0
870maize_valid_streak virus.JPG,1,1,1
leaf spot1000_.jpg,1,3,1
AUG_038031d3.jpg,1,0,0
104maize_valid_leaf blight.JPG,1,2,1
leaf blight347_.jpg,1,2,1
streak virus22_.jpg,1,1,1
265maize_valid_streak virus.JPG,1,1,1
streak virus792_.jpg,1,1,1
47maize_valid_leaf spot.JPG,1,3,1
leaf blight283_.jpg,1,2,1
streak virus221_.jpg,1,1,1
974maize_valid_streak virus.JPG,1,1,1
AUG_4de3c1d2.jpg,1,0,0
leaf spot427_.jpg,1,3,1
668maize_valid_streak virus.JPG,1,1,1
65maize_valid_streak virus.JPG,1,1,1
leaf blight607_.jpg,1,2,1
streak virus416_.jpg,1,1,1
streak virus384_.jpg,1,1,1
76maize_valid_streak virus.JPG,1,1,1
246maize_train_healthy.JPG,1,0,0
streak virus638_.jpg,1,1,1
streak virus62_.jpg,1,1,1
leaf spot1216_.jpg,1,3,1
leaf spot639_.jpg,1,3,1
streak virus371_.jpg,1,1,1
leaf blight264_.jpg,1,2,1
2217maize_train_leaf blight.JPG,1,2,1
streak virus709_.jpg,1,1,1
streak virus323_.jpg,1,1,1
525maize_train_streak virus.JPG,1,1,1
670maize_train_leaf blight.JPG,1,2,1
leaf blight964_.jpg,1,2,1
AUG_f921e5f1.jpg,1,0,0
81maize_valid_streak virus.JPG,1,1,1
13maize_valid_leaf blight.JPG,1,2,1
streak virus328_.jpg,1,1,1
AUG_6e91531c.jpg,1,0,0
leaf blight163_.jpg,1,2,1
75maize_train_healthy.JPG,1,0,0
80maize_valid_streak virus.JPG,1,1,1
741maize_train_streak virus.JPG,1,1,1
streak virus478_.jpg,1,1,1
streak virus42_.jpg,1,1,1
leaf spot1156_.jpg,1,3,1
403maize_valid_streak virus.JPG,1,1,1
938maize_train_leaf blight.JPG,1,2,1
2maize_valid_leaf blight.JPG,1,2,1
leaf blight797_.jpg,1,2,1
streak virus447_.jpg,1,1,1
401maize_valid_leaf blight.JPG,1,2,1
AUG_7d4be323.jpg,1,0,0
streak virus635_.jpg,1,1,1
1905maize_train_leaf spot.JPG,1,3,1
135maize_train_healthy.JPG,1,0,0
796maize_valid_streak virus.JPG,1,1,1
leaf blight14_.jpg,1,2,1
19maize_valid_leaf blight.JPG,1,2,1
leaf spot235_.jpg,1,3,1
604maize_train_streak virus.JPG,1,1,1
857maize_valid_streak virus.JPG,1,1,1
207maize_valid_healthy.JPG,1,0,0
streak virus353_.jpg,1,1,1
leaf blight581_.jpg,1,2,1
streak virus884_.jpg,1,1,1
leaf blight523_.jpg,1,2,1
200maize_valid_streak virus.JPG,1,1,1
healthy169_.jpg,1,0,0
197maize_valid_leaf blight.JPG,1,2,1
285maize_train_streak virus.JPG,1,1,1
streak virus147_.jpg,1,1,1
554maize_train_streak virus.JPG,1,1,1
1100maize_train_leaf spot.JPG,1,3,1
streak virus786_.jpg,1,1,1
93maize_valid_leaf blight.JPG,1,2,1
223maize_train_streak virus.JPG,1,1,1
streak virus314_.jpg,1,1,1
leaf blight251_.jpg,1,2,1
leaf spot339_.jpg,1,3,1
949maize_train_leaf blight.JPG,1,2,1
leaf spot1170_.jpg,1,3,1
streak virus894_.jpg,1,1,1
967maize_valid_streak virus.JPG,1,1,1
leaf spot1245_.jpg,1,3,1
AUG_480883f7.jpg,1,0,0
98maize_valid_streak virus.JPG,1,1,1
streak virus729_.jpg,1,1,1
leaf blight442_.jpg,1,2,1
AUG_14cc0a78.jpg,1,0,0
688maize_valid_leaf blight.JPG,1,2,1
AUG_3584f241.jpg,1,0,0
healthy141_.jpg,1,0,0
AUG_c5d806ce.jpg,1,0,0
leaf spot74_.jpg,1,3,1
799maize_valid_streak virus.JPG,1,1,1
leaf spot556_.jpg,1,3,1
657maize_train_leaf blight.JPG,1,2,1
leaf spot515_.jpg,1,3,1
490maize_valid_streak virus.JPG,1,1,1
leaf spot121_.jpg,1,3,1
AUG_97a904b8.jpg,1,0,0
leaf spot569_.jpg,1,3,1
2287maize_train_leaf blight.JPG,1,2,1
156maize_train_healthy.JPG,1,0,0
healthy67_.jpg,1,0,0
streak virus898_.jpg,1,1,1
healthy202_.jpg,1,0,0
leaf spot1075_.jpg,1,3,1
leaf blight304_.jpg,1,2,1
AUG_1d4b662d.jpg,1,0,0
leaf spot700_.jpg,1,3,1
leaf spot30_.jpg,1,3,1
8maize_train_leaf blight.JPG,1,2,1
leaf spot1056_.jpg,1,3,1
leaf spot819_.jpg,1,3,1
663maize_valid_streak virus.JPG,1,1,1
AUG_0c7753cd.jpg,1,0,0
494maize_train_streak virus.JPG,1,1,1
600maize_valid_streak virus.JPG,1,1,1
AUG_57f2c617.jpg,1,0,0
703maize_valid_leaf spot.JPG,1,3,1
leaf blight813_.jpg,1,2,1
leaf spot182_.jpg,1,3,1
leaf blight534_.jpg,1,2,1
25maize_valid_streak virus.JPG,1,1,1
962maize_train_leaf blight.JPG,1,2,1
leaf spot478_.jpg,1,3,1
leaf blight598_.jpg,1,2,1
streak virus575_.jpg,1,1,1
1222maize_valid_leaf spot.JPG,1,3,1
leaf spot410_.jpg,1,3,1
AUG_138b3b26.jpg,1,0,0
731maize_valid_leaf spot.JPG,1,3,1
leaf blight419_.jpg,1,2,1
leaf spot847_.jpg,1,3,1
leaf spot1237_.jpg,1,3,1
216maize_train_healthy.JPG,1,0,0
leaf blight22_.jpg,1,2,1
leaf blight756_.jpg,1,2,1
382maize_valid_leaf blight.JPG,1,2,1
streak virus868_.jpg,1,1,1
496maize_train_streak virus.JPG,1,1,1
streak virus688_.jpg,1,1,1
leaf spot1111_.jpg,1,3,1
AUG_1266df49.jpg,1,0,0
AUG_8ab6fe4f.jpg,1,0,0
leaf spot417_.jpg,1,3,1
leaf blight25_.jpg,1,2,1
streak virus546_.jpg,1,1,1
379maize_valid_leaf spot.JPG,1,3,1
leaf spot284_.jpg,1,3,1
154maize_valid_streak virus.JPG,1,1,1
AUG_16125c25.jpg,1,0,0
AUG_80cefc0d.jpg,1,0,0
leaf blight424_.jpg,1,2,1
AUG_0d09b48f.jpg,1,0,0
healthy79_.jpg,1,0,0
AUG_95bea4b7.jpg,1,0,0
leaf spot910_.jpg,1,3,1
streak virus934_.jpg,1,1,1
361maize_valid_streak virus.JPG,1,1,1
leaf spot735_.jpg,1,3,1
544maize_train_streak virus.JPG,1,1,1
AUG_1aea1a3f.jpg,1,0,0
leaf blight856_.jpg,1,2,1
979maize_valid_leaf blight.JPG,1,2,1
leaf spot672_.jpg,1,3,1
leaf spot583_.jpg,1,3,1
leaf spot1161_.jpg,1,3,1
378maize_valid_streak virus.JPG,1,1,1
322maize_train_streak virus.JPG,1,1,1
leaf spot1130_.jpg,1,3,1
healthy164_.jpg,1,0,0
streak virus883_.jpg,1,1,1
streak virus129_.jpg,1,1,1
streak virus437_.jpg,1,1,1
leaf blight440_.jpg,1,2,1
leaf spot469_.jpg,1,3,1
streak virus20_.jpg,1,1,1
AUG_f49f66e2.jpg,1,0,0
AUG_e508c9f7.jpg,1,0,0
streak virus823_.jpg,1,1,1
102maize_train_leaf blight.JPG,1,2,1
streak virus468_.jpg,1,1,1
leaf spot1092_.jpg,1,3,1
232maize_train_healthy.JPG,1,0,0
AUG_21848486.jpg,1,0,0
leaf blight545_.jpg,1,2,1
AUG_5eedef00.jpg,1,0,0
834maize_valid_leaf blight.JPG,1,2,1
148maize_valid_leaf blight.JPG,1,2,1
160maize_train_healthy.JPG,1,0,0
streak virus390_.jpg,1,1,1
leaf blight200_.jpg,1,2,1
AUG_c3c796f7.jpg,1,0,0
streak virus614_.jpg,1,1,1
563maize_train_streak virus.JPG,1,1,1
685maize_train_leaf blight.JPG,1,2,1
AUG_9de589ae.jpg,1,0,0
streak virus908_.jpg,1,1,1
leaf spot231_.jpg,1,3,1
streak virus195_.jpg,1,1,1
leaf spot965_.jpg,1,3,1
AUG_0ebd3be6.jpg,1,0,0
leaf blight443_.jpg,1,2,1
leaf spot678_.jpg,1,3,1
AUG_61ada8a3.jpg,1,0,0
AUG_44c976fe.jpg,1,0,0
AUG_8e6183f1.jpg,1,0,0
AUG_1a6d9cf6.jpg,1,0,0
streak virus586_.jpg,1,1,1
healthy12_.jpg,1,0,0
1178maize_valid_leaf spot.JPG,1,3,1
streak virus524_.jpg,1,1,1
569maize_train_streak virus.JPG,1,1,1
leaf blight187_.jpg,1,2,1
healthy2_.jpg,1,0,0
AUG_14aaab9b.jpg,1,0,0
leaf spot318_.jpg,1,3,1
923maize_train_leaf blight.JPG,1,2,1
leaf spot572_.jpg,1,3,1
431maize_valid_leaf blight.JPG,1,2,1
leaf spot415_.jpg,1,3,1
streak virus123_.jpg,1,1,1
leaf blight406_.jpg,1,2,1
197maize_train_leaf blight.JPG,1,2,1
leaf blight976_.jpg,1,2,1
streak virus95_.jpg,1,1,1
streak virus736_.jpg,1,1,1
streak virus521_.jpg,1,1,1
169maize_train_healthy.JPG,1,0,0
leaf blight77_.jpg,1,2,1
leaf spot926_.jpg,1,3,1
AUG_e6640b9f.jpg,1,0,0
AUG_8ffcac16.jpg,1,0,0
leaf blight764_.jpg,1,2,1
leaf blight486_.jpg,1,2,1
1030maize_train_leaf spot.JPG,1,3,1
leaf spot196_.jpg,1,3,1
streak virus118_.jpg,1,1,1
healthy3_.jpg,1,0,0
leaf blight357_.jpg,1,2,1
64maize_train_leaf blight.JPG,1,2,1
1032maize_train_leaf spot.JPG,1,3,1
547maize_train_streak virus.JPG,1,1,1
leaf blight959_.jpg,1,2,1
AUG_c4e1fb58.jpg,1,0,0
healthy182_.jpg,1,0,0
475maize_train_streak virus.JPG,1,1,1
streak virus336_.jpg,1,1,1
2110maize_train_leaf blight.JPG,1,2,1
AUG_b93d91e3.jpg,1,0,0
leaf spot17_.jpg,1,3,1
668maize_train_leaf blight.JPG,1,2,1
1101maize_train_leaf spot.JPG,1,3,1
leaf spot591_.jpg,1,3,1
AUG_f391c9e4.jpg,1,0,0
AUG_8d719a93.jpg,1,0,0
447maize_valid_leaf spot.JPG,1,3,1
leaf blight900_.jpg,1,2,1
434maize_valid_leaf spot.JPG,1,3,1
1051maize_valid_leaf spot.JPG,1,3,1
230maize_valid_leaf spot.JPG,1,3,1
leaf spot1155_.jpg,1,3,1
AUG_ebb05121.jpg,1,0,0
leaf blight367_.jpg,1,2,1
leaf blight825_.jpg,1,2,1
leaf spot686_.jpg,1,3,1
387maize_valid_leaf blight.JPG,1,2,1
998maize_valid_leaf blight.JPG,1,2,1
leaf blight820_.jpg,1,2,1
AUG_ad694355.jpg,1,0,0
streak virus947_.jpg,1,1,1
streak virus407_.jpg,1,1,1
200maize_train_healthy.JPG,1,0,0
57maize_train_streak virus.JPG,1,1,1
640maize_valid_leaf spot.JPG,1,3,1
leaf blight105_.jpg,1,2,1
279maize_valid_leaf spot.JPG,1,3,1
873maize_valid_leaf blight.JPG,1,2,1
739maize_train_streak virus.JPG,1,1,1
151maize_valid_leaf blight.JPG,1,2,1
leaf spot185_.jpg,1,3,1
352maize_valid_streak virus.JPG,1,1,1
leaf blight368_.jpg,1,2,1
leaf blight217_.jpg,1,2,1
streak virus295_.jpg,1,1,1
leaf spot1030_.jpg,1,3,1
streak virus436_.jpg,1,1,1
streak virus929_.jpg,1,1,1
leaf spot1081_.jpg,1,3,1
2283maize_train_leaf blight.JPG,1,2,1
AUG_f39377f7.jpg,1,0,0
streak virus369_.jpg,1,1,1
AUG_12260e10.jpg,1,0,0
leaf blight740_.jpg,1,2,1
leaf spot280_.jpg,1,3,1
411maize_valid_leaf spot.JPG,1,3,1
leaf blight511_.jpg,1,2,1
683maize_valid_streak virus.JPG,1,1,1
AUG_921d3606.jpg,1,0,0
AUG_790b1135.jpg,1,0,0
AUG_4ad59f6d.jpg,1,0,0
AUG_1acafcbc.jpg,1,0,0
leaf spot206_.jpg,1,3,1
streak virus632_.jpg,1,1,1
leaf blight620_.jpg,1,2,1
125maize_train_healthy.JPG,1,0,0
leaf spot951_.jpg,1,3,1
streak virus540_.jpg,1,1,1
AUG_48ab6298.jpg,1,0,0
streak virus985_.jpg,1,1,1
leaf spot9_.jpg,1,3,1
leaf spot1221_.jpg,1,3,1
AUG_9428e407.jpg,1,0,0
20maize_train_healthy.JPG,1,0,0
leaf blight234_.jpg,1,2,1
leaf blight260_.jpg,1,2,1
leaf blight108_.jpg,1,2,1
AUG_7d0f7247.jpg,1,0,0
streak virus966_.jpg,1,1,1
streak virus490_.jpg,1,1,1
leaf spot555_.jpg,1,3,1
streak virus86_.jpg,1,1,1
AUG_918aa534.jpg,1,0,0
leaf blight464_.jpg,1,2,1
23maize_train_leaf blight.JPG,1,2,1
streak virus294_.jpg,1,1,1
leaf blight136_.jpg,1,2,1
leaf blight253_.jpg,1,2,1
777maize_valid_leaf blight.JPG,1,2,1
leaf blight125_.jpg,1,2,1
165maize_train_streak virus.JPG,1,1,1
205maize_train_streak virus.JPG,1,1,1
310maize_train_leaf blight.JPG,1,2,1
leaf spot1187_.jpg,1,3,1
leaf spot462_.jpg,1,3,1
leaf spot387_.jpg,1,3,1
641maize_valid_leaf spot.JPG,1,3,1
streak virus906_.jpg,1,1,1
leaf blight625_.jpg,1,2,1
leaf blight467_.jpg,1,2,1
leaf spot369_.jpg,1,3,1
AUG_b87771a7.jpg,1,0,0
leaf blight510_.jpg,1,2,1
AUG_92909066.jpg,1,0,0
streak virus142_.jpg,1,1,1
519maize_train_streak virus.JPG,1,1,1
AUG_4fa24861.jpg,1,0,0
123maize_train_healthy.JPG,1,0,0
streak virus276_.jpg,1,1,1
leaf blight120_.jpg,1,2,1
AUG_8c83b8b4.jpg,1,0,0
673maize_valid_streak virus.JPG,1,1,1
leaf blight649_.jpg,1,2,1
AUG_2e49b3e4.jpg,1,0,0
AUG_37805892.jpg,1,0,0
leaf spot519_.jpg,1,3,1
streak virus537_.jpg,1,1,1
leaf blight384_.jpg,1,2,1
849maize_valid_streak virus.JPG,1,1,1
leaf spot205_.jpg,1,3,1
leaf blight907_.jpg,1,2,1
leaf blight400_.jpg,1,2,1
666maize_valid_leaf spot.JPG,1,3,1
1225maize_valid_leaf spot.JPG,1,3,1
259maize_train_streak virus.JPG,1,1,1
756maize_train_streak virus.JPG,1,1,1
leaf spot851_.jpg,1,3,1
AUG_6ebc238d.jpg,1,0,0
1028maize_train_leaf spot.JPG,1,3,1
948maize_valid_leaf blight.JPG,1,2,1
streak virus969_.jpg,1,1,1
leaf spot732_.jpg,1,3,1
leaf spot812_.jpg,1,3,1
streak virus186_.jpg,1,1,1
leaf spot209_.jpg,1,3,1
912maize_valid_leaf blight.JPG,1,2,1
394maize_valid_streak virus.JPG,1,1,1
1099maize_train_leaf spot.JPG,1,3,1
AUG_d9295738.jpg,1,0,0
streak virus363_.jpg,1,1,1
416maize_valid_leaf blight.JPG,1,2,1
2302maize_train_leaf blight.JPG,1,2,1
streak virus528_.jpg,1,1,1
leaf spot265_.jpg,1,3,1
519maize_valid_leaf spot.JPG,1,3,1
798maize_valid_leaf blight.JPG,1,2,1
leaf spot342_.jpg,1,3,1
leaf spot60_.jpg,1,3,1
797maize_valid_streak virus.JPG,1,1,1
leaf blight850_.jpg,1,2,1
leaf blight476_.jpg,1,2,1
leaf blight729_.jpg,1,2,1
leaf blight579_.jpg,1,2,1
leaf spot84_.jpg,1,3,1
610maize_train_streak virus.JPG,1,1,1
streak virus504_.jpg,1,1,1
healthy181_.jpg,1,0,0
2104maize_train_leaf blight.JPG,1,2,1
700maize_valid_leaf spot.JPG,1,3,1
leaf blight629_.jpg,1,2,1
637maize_valid_leaf spot.JPG,1,3,1
181maize_train_streak virus.JPG,1,1,1
streak virus670_.jpg,1,1,1
streak virus224_.jpg,1,1,1
streak virus653_.jpg,1,1,1
567maize_train_streak virus.JPG,1,1,1
leaf blight162_.jpg,1,2,1
leaf spot274_.jpg,1,3,1
AUG_de2e1f95.jpg,1,0,0
2274maize_train_leaf blight.JPG,1,2,1
253maize_train_healthy.JPG,1,0,0
452maize_valid_leaf spot.JPG,1,3,1
970maize_valid_streak virus.JPG,1,1,1
AUG_363d30f8.jpg,1,0,0
healthy14_.jpg,1,0,0
leaf spot137_.jpg,1,3,1
streak virus847_.jpg,1,1,1
454maize_valid_leaf blight.JPG,1,2,1
leaf blight562_.jpg,1,2,1
50maize_train_healthy.JPG,1,0,0
streak virus316_.jpg,1,1,1
469maize_train_streak virus.JPG,1,1,1
675maize_valid_leaf blight.JPG,1,2,1
healthy100_.jpg,1,0,0
leaf blight940_.jpg,1,2,1
leaf spot118_.jpg,1,3,1
streak virus172_.jpg,1,1,1
AUG_61b6c82c.jpg,1,0,0
leaf spot1260_.jpg,1,3,1
1248maize_valid_leaf spot.JPG,1,3,1
402maize_valid_leaf spot.JPG,1,3,1
325maize_train_streak virus.JPG,1,1,1
AUG_df992813.jpg,1,0,0
leaf blight677_.jpg,1,2,1
AUG_5af47d19.jpg,1,0,0
leaf spot394_.jpg,1,3,1
124maize_train_healthy.JPG,1,0,0
222maize_train_healthy.JPG,1,0,0
leaf blight102_.jpg,1,2,1
streak virus973_.jpg,1,1,1
streak virus712_.jpg,1,1,1
leaf blight618_.jpg,1,2,1
281maize_valid_leaf blight.JPG,1,2,1
80maize_train_healthy.JPG,1,0,0
streak virus33_.jpg,1,1,1
109maize_train_healthy.JPG,1,0,0
AUG_34fc97d6.jpg,1,0,0
leaf spot388_.jpg,1,3,1
leaf spot1173_.jpg,1,3,1
leaf blight977_.jpg,1,2,1
streak virus308_.jpg,1,1,1
571maize_valid_streak virus.JPG,1,1,1
AUG_9b66d084.jpg,1,0,0
296maize_train_streak virus.JPG,1,1,1
streak virus450_.jpg,1,1,1
leaf spot797_.jpg,1,3,1
556maize_train_streak virus.JPG,1,1,1
864maize_valid_streak virus.JPG,1,1,1
leaf spot692_.jpg,1,3,1
251maize_valid_streak virus.JPG,1,1,1
AUG_bd277718.jpg,1,0,0
AUG_f23104b0.jpg,1,0,0
658maize_train_leaf blight.JPG,1,2,1
leaf spot242_.jpg,1,3,1
leaf spot728_.jpg,1,3,1
AUG_0f8ba5a3.jpg,1,0,0
2279maize_train_leaf blight.JPG,1,2,1
leaf blight773_.jpg,1,2,1
leaf spot743_.jpg,1,3,1
leaf blight141_.jpg,1,2,1
AUG_0fa4a894.jpg,1,0,0
716maize_valid_leaf spot.JPG,1,3,1
861maize_valid_streak virus.JPG,1,1,1
AUG_b1028e26.jpg,1,0,0
leaf spot1261_.jpg,1,3,1
leaf blight934_.jpg,1,2,1
AUG_a7c69ad1.jpg,1,0,0
streak virus307_.jpg,1,1,1
249maize_train_healthy.JPG,1,0,0
leaf spot338_.jpg,1,3,1
leaf spot920_.jpg,1,3,1
leaf spot377_.jpg,1,3,1
2083maize_train_leaf blight.JPG,1,2,1
leaf spot802_.jpg,1,3,1
leaf blight474_.jpg,1,2,1
AUG_b0b5fe79.jpg,1,0,0
1187maize_valid_leaf spot.JPG,1,3,1
832maize_valid_streak virus.JPG,1,1,1
AUG_eae42198.jpg,1,0,0
AUG_8045ed94.jpg,1,0,0
leaf spot479_.jpg,1,3,1
leaf spot1015_.jpg,1,3,1
267maize_train_streak virus.JPG,1,1,1
728maize_valid_leaf spot.JPG,1,3,1
2277maize_train_leaf blight.JPG,1,2,1
leaf blight13_.jpg,1,2,1
leaf blight648_.jpg,1,2,1
932maize_train_leaf blight.JPG,1,2,1
164maize_train_streak virus.JPG,1,1,1
738maize_train_streak virus.JPG,1,1,1
357maize_valid_streak virus.JPG,1,1,1
AUG_9f50ca2f.jpg,1,0,0
AUG_3b5fff01.jpg,1,0,0
leaf blight548_.jpg,1,2,1
1325maize_train_leaf blight.JPG,1,2,1
AUG_2216efbc.jpg,1,0,0
364maize_valid_streak virus.JPG,1,1,1
leaf spot81_.jpg,1,3,1
AUG_070e300f.jpg,1,0,0
553maize_train_streak virus.JPG,1,1,1
leaf spot1199_.jpg,1,3,1
streak virus633_.jpg,1,1,1
795maize_valid_streak virus.JPG,1,1,1
298maize_valid_leaf blight.JPG,1,2,1
leaf spot745_.jpg,1,3,1
healthy59_.jpg,1,0,0
streak virus903_.jpg,1,1,1
leaf spot558_.jpg,1,3,1
leaf spot630_.jpg,1,3,1
AUG_d99e5202.jpg,1,0,0
2176maize_train_leaf blight.JPG,1,2,1
AUG_5629dfe8.jpg,1,0,0
leaf spot1162_.jpg,1,3,1
398maize_valid_leaf spot.JPG,1,3,1
leaf spot856_.jpg,1,3,1
AUG_3a640f11.jpg,1,0,0
846maize_valid_leaf spot.JPG,1,3,1
201maize_train_healthy.JPG,1,0,0
826maize_valid_streak virus.JPG,1,1,1
AUG_5975f60c.jpg,1,0,0
leaf spot382_.jpg,1,3,1
leaf blight177_.jpg,1,2,1
streak virus924_.jpg,1,1,1
525maize_valid_leaf spot.JPG,1,3,1
2275maize_train_leaf blight.JPG,1,2,1
AUG_758cdb3f.jpg,1,0,0
leaf blight359_.jpg,1,2,1
streak virus839_.jpg,1,1,1
streak virus380_.jpg,1,1,1
streak virus50_.jpg,1,1,1
leaf spot1024_.jpg,1,3,1
leaf spot53_.jpg,1,3,1
leaf blight587_.jpg,1,2,1
leaf spot893_.jpg,1,3,1
leaf blight600_.jpg,1,2,1
42maize_valid_leaf blight.JPG,1,2,1
151maize_train_healthy.JPG,1,0,0
661maize_train_leaf blight.JPG,1,2,1
leaf spot814_.jpg,1,3,1
leaf spot828_.jpg,1,3,1
AUG_629e8abe.jpg,1,0,0
854maize_valid_streak virus.JPG,1,1,1
streak virus620_.jpg,1,1,1
leaf spot218_.jpg,1,3,1
leaf spot988_.jpg,1,3,1
streak virus673_.jpg,1,1,1
256maize_train_streak virus.JPG,1,1,1
86maize_valid_streak virus.JPG,1,1,1
streak virus699_.jpg,1,1,1
streak virus935_.jpg,1,1,1
AUG_9b69188d.jpg,1,0,0
leaf spot213_.jpg,1,3,1
leaf spot63_.jpg,1,3,1
leaf blight963_.jpg,1,2,1
leaf blight259_.jpg,1,2,1
AUG_21bba7da.jpg,1,0,0
AUG_f1d8525f.jpg,1,0,0
leaf spot1229_.jpg,1,3,1
1327maize_train_leaf blight.JPG,1,2,1
2091maize_train_leaf blight.JPG,1,2,1
leaf spot1047_.jpg,1,3,1
149maize_valid_leaf blight.JPG,1,2,1
742maize_train_streak virus.JPG,1,1,1
streak virus621_.jpg,1,1,1
2069maize_train_leaf blight.JPG,1,2,1
leaf blight971_.jpg,1,2,1
leaf blight12_.jpg,1,2,1
AUG_34433562.jpg,1,0,0
leaf spot872_.jpg,1,3,1
streak virus761_.jpg,1,1,1
130maize_train_healthy.JPG,1,0,0
979maize_valid_streak virus.JPG,1,1,1
leaf spot1220_.jpg,1,3,1
streak virus280_.jpg,1,1,1
leaf blight942_.jpg,1,2,1
AUG_a8652165.jpg,1,0,0
435maize_valid_leaf blight.JPG,1,2,1
571maize_train_streak virus.JPG,1,1,1
497maize_valid_streak virus.JPG,1,1,1
leaf blight21_.jpg,1,2,1
2111maize_train_leaf blight.JPG,1,2,1
2289maize_train_leaf blight.JPG,1,2,1
669maize_valid_streak virus.JPG,1,1,1
leaf blight691_.jpg,1,2,1
2182maize_train_leaf blight.JPG,1,2,1
776maize_train_streak virus.JPG,1,1,1
371maize_valid_streak virus.JPG,1,1,1
leaf spot456_.jpg,1,3,1
788maize_valid_streak virus.JPG,1,1,1
healthy34_.jpg,1,0,0
leaf spot240_.jpg,1,3,1
streak virus339_.jpg,1,1,1
347maize_valid_streak virus.JPG,1,1,1
streak virus418_.jpg,1,1,1
leaf blight208_.jpg,1,2,1
streak virus925_.jpg,1,1,1
leaf blight152_.jpg,1,2,1
977maize_valid_streak virus.JPG,1,1,1
AUG_a2a3964a.jpg,1,0,0
702maize_valid_streak virus.JPG,1,1,1
49maize_train_healthy.JPG,1,0,0
leaf blight986_.jpg,1,2,1
leaf spot1231_.jpg,1,3,1
2282maize_train_leaf blight.JPG,1,2,1
streak virus878_.jpg,1,1,1
722maize_valid_streak virus.JPG,1,1,1
leaf blight571_.jpg,1,2,1
6maize_valid_leaf blight.JPG,1,2,1
AUG_dcc109a6.jpg,1,0,0
healthy197_.jpg,1,0,0
688maize_valid_streak virus.JPG,1,1,1
821maize_valid_streak virus.JPG,1,1,1
leaf blight710_.jpg,1,2,1
streak virus738_.jpg,1,1,1
leaf spot699_.jpg,1,3,1
42maize_train_leaf blight.JPG,1,2,1
652maize_valid_leaf spot.JPG,1,3,1
461maize_valid_leaf blight.JPG,1,2,1
leaf blight760_.jpg,1,2,1
leaf blight541_.jpg,1,2,1
leaf spot88_.jpg,1,3,1
271maize_valid_streak virus.JPG,1,1,1
521maize_valid_leaf spot.JPG,1,3,1
174maize_train_leaf blight.JPG,1,2,1
leaf blight94_.jpg,1,2,1
streak virus487_.jpg,1,1,1
AUG_609ea7a6.jpg,1,0,0
streak virus734_.jpg,1,1,1
streak virus776_.jpg,1,1,1
leaf spot241_.jpg,1,3,1
streak virus383_.jpg,1,1,1
streak virus410_.jpg,1,1,1
leaf blight521_.jpg,1,2,1
streak virus566_.jpg,1,1,1
streak virus41_.jpg,1,1,1
2073maize_train_leaf blight.JPG,1,2,1
AUG_ef421d4e.jpg,1,0,0
AUG_14499270.jpg,1,0,0
leaf spot1046_.jpg,1,3,1
leaf spot886_.jpg,1,3,1
1177maize_valid_leaf spot.JPG,1,3,1
leaf spot485_.jpg,1,3,1
healthy85_.jpg,1,0,0
AUG_08383824.jpg,1,0,0
streak virus16_.jpg,1,1,1
170maize_train_healthy.JPG,1,0,0
AUG_e23b35bc.jpg,1,0,0
leaf spot668_.jpg,1,3,1
557maize_valid_streak virus.JPG,1,1,1
872maize_valid_leaf blight.JPG,1,2,1
streak virus80_.jpg,1,1,1
healthy17_.jpg,1,0,0
308maize_train_streak virus.JPG,1,1,1
healthy89_.jpg,1,0,0
leaf spot907_.jpg,1,3,1
24maize_valid_streak virus.JPG,1,1,1
leaf blight554_.jpg,1,2,1
leaf blight516_.jpg,1,2,1
747maize_train_streak virus.JPG,1,1,1
AUG_2f38f5a5.jpg,1,0,0
leaf spot139_.jpg,1,3,1
leaf spot838_.jpg,1,3,1
1104maize_train_leaf spot.JPG,1,3,1
streak virus507_.jpg,1,1,1
leaf blight561_.jpg,1,2,1
AUG_05bd4500.jpg,1,0,0
2223maize_train_leaf blight.JPG,1,2,1
leaf spot729_.jpg,1,3,1
491maize_train_streak virus.JPG,1,1,1
leaf spot862_.jpg,1,3,1
leaf blight680_.jpg,1,2,1
AUG_f74c3787.jpg,1,0,0
streak virus101_.jpg,1,1,1
380maize_valid_streak virus.JPG,1,1,1
AUG_099492d8.jpg,1,0,0
leaf blight767_.jpg,1,2,1
leaf spot983_.jpg,1,3,1
AUG_538318f1.jpg,1,0,0
leaf blight122_.jpg,1,2,1
AUG_b816a72d.jpg,1,0,0
60maize_train_healthy.JPG,1,0,0
AUG_4cdbdd18.jpg,1,0,0
leaf blight654_.jpg,1,2,1
AUG_f323fcdc.jpg,1,0,0
AUG_22a7c30f.jpg,1,0,0
2268maize_train_leaf blight.JPG,1,2,1
leaf blight917_.jpg,1,2,1
AUG_d4878fbd.jpg,1,0,0
700maize_valid_streak virus.JPG,1,1,1
733maize_valid_leaf spot.JPG,1,3,1
184maize_train_healthy.JPG,1,0,0
217maize_valid_leaf blight.JPG,1,2,1
leaf spot675_.jpg,1,3,1
188maize_train_healthy.JPG,1,0,0
182maize_train_streak virus.JPG,1,1,1
leaf blight426_.jpg,1,2,1
streak virus189_.jpg,1,1,1
leaf blight294_.jpg,1,2,1
healthy93_.jpg,1,0,0
803maize_valid_streak virus.JPG,1,1,1
1054maize_valid_leaf spot.JPG,1,3,1
682maize_valid_streak virus.JPG,1,1,1
9maize_valid_leaf blight.JPG,1,2,1
AUG_de1bf2a5.jpg,1,0,0
streak virus268_.jpg,1,1,1
leaf spot1174_.jpg,1,3,1
streak virus886_.jpg,1,1,1
281maize_valid_streak virus.JPG,1,1,1
413maize_valid_leaf spot.JPG,1,3,1
streak virus461_.jpg,1,1,1
leaf spot1202_.jpg,1,3,1
leaf spot1238_.jpg,1,3,1
streak virus994_.jpg,1,1,1
194maize_valid_leaf blight.JPG,1,2,1
573maize_train_streak virus.JPG,1,1,1
streak virus1002_.jpg,1,1,1
578maize_valid_streak virus.JPG,1,1,1
AUG_8c1ad557.jpg,1,0,0
healthy146_.jpg,1,0,0
178maize_train_healthy.JPG,1,0,0
streak virus723_.jpg,1,1,1
leaf blight926_.jpg,1,2,1
healthy126_.jpg,1,0,0
AUG_a091f22e.jpg,1,0,0
leaf blight708_.jpg,1,2,1
healthy35_.jpg,1,0,0
leaf blight36_.jpg,1,2,1
leaf spot472_.jpg,1,3,1
717maize_valid_streak virus.JPG,1,1,1
leaf spot259_.jpg,1,3,1
leaf spot358_.jpg,1,3,1
streak virus310_.jpg,1,1,1
leaf spot538_.jpg,1,3,1
672maize_valid_streak virus.JPG,1,1,1
59maize_train_streak virus.JPG,1,1,1
streak virus466_.jpg,1,1,1
605maize_valid_streak virus.JPG,1,1,1
streak virus577_.jpg,1,1,1
338maize_valid_streak virus.JPG,1,1,1
leaf blight860_.jpg,1,2,1
leaf spot292_.jpg,1,3,1
healthy30_.jpg,1,0,0
AUG_dd3f3226.jpg,1,0,0
2303maize_train_leaf blight.JPG,1,2,1
920maize_train_leaf blight.JPG,1,2,1
AUG_ae6ea341.jpg,1,0,0
1220maize_valid_leaf spot.JPG,1,3,1
83maize_train_healthy.JPG,1,0,0
712maize_valid_streak virus.JPG,1,1,1
leaf spot330_.jpg,1,3,1
507maize_train_streak virus.JPG,1,1,1
72maize_train_healthy.JPG,1,0,0
leaf blight423_.jpg,1,2,1
leaf spot855_.jpg,1,3,1
1922maize_train_leaf spot.JPG,1,3,1
leaf spot1102_.jpg,1,3,1
AUG_c9ecdc3b.jpg,1,0,0
1041maize_train_leaf spot.JPG,1,3,1
73maize_train_streak virus.JPG,1,1,1
32maize_valid_leaf blight.JPG,1,2,1
1256maize_valid_leaf spot.JPG,1,3,1
2293maize_train_leaf blight.JPG,1,2,1
leaf blight622_.jpg,1,2,1
leaf spot131_.jpg,1,3,1
14maize_valid_leaf spot.JPG,1,3,1
719maize_train_streak virus.JPG,1,1,1
AUG_8309cfa1.jpg,1,0,0
leaf blight887_.jpg,1,2,1
33maize_valid_leaf spot.JPG,1,3,1
172maize_train_healthy.JPG,1,0,0
767maize_train_streak virus.JPG,1,1,1
leaf blight615_.jpg,1,2,1
streak virus889_.jpg,1,1,1
510maize_train_streak virus.JPG,1,1,1
leaf spot1143_.jpg,1,3,1
35maize_train_healthy.JPG,1,0,0
leaf spot806_.jpg,1,3,1
leaf blight878_.jpg,1,2,1
leaf spot715_.jpg,1,3,1
AUG_ae4c71ec.jpg,1,0,0
leaf spot13_.jpg,1,3,1
AUG_cf48bfca.jpg,1,0,0
leaf spot224_.jpg,1,3,1
AUG_dd6c28ea.jpg,1,0,0
1001maize_valid_leaf blight.JPG,1,2,1
AUG_c78f1c2e.jpg,1,0,0
198maize_valid_healthy.JPG,1,0,0
healthy26_.jpg,1,0,0
streak virus438_.jpg,1,1,1
leaf blight16_.jpg,1,2,1
708maize_train_streak virus.JPG,1,1,1
192maize_train_healthy.JPG,1,0,0
593maize_valid_streak virus.JPG,1,1,1
681maize_valid_leaf blight.JPG,1,2,1
1039maize_train_leaf spot.JPG,1,3,1
leaf blight619_.jpg,1,2,1
leaf spot852_.jpg,1,3,1
leaf spot327_.jpg,1,3,1
streak virus78_.jpg,1,1,1
streak virus797_.jpg,1,1,1
AUG_ba7a52e1.jpg,1,0,0
AUG_f135d542.jpg,1,0,0
leaf blight643_.jpg,1,2,1
AUG_04f13f5a.jpg,1,0,0
leaf blight237_.jpg,1,2,1
leaf spot1090_.jpg,1,3,1
leaf blight241_.jpg,1,2,1
leaf spot948_.jpg,1,3,1
1250maize_valid_leaf spot.JPG,1,3,1
676maize_valid_streak virus.JPG,1,1,1
leaf blight896_.jpg,1,2,1
leaf blight857_.jpg,1,2,1
87maize_train_healthy.JPG,1,0,0
leaf blight872_.jpg,1,2,1
AUG_b1e7c944.jpg,1,0,0
410maize_valid_leaf blight.JPG,1,2,1
healthy147_.jpg,1,0,0
leaf spot816_.jpg,1,3,1
1227maize_valid_leaf spot.JPG,1,3,1
healthy8_.jpg,1,0,0
streak virus964_.jpg,1,1,1
streak virus880_.jpg,1,1,1
AUG_3647ab4b.jpg,1,0,0
AUG_0f63e7ad.jpg,1,0,0
leaf spot1263_.jpg,1,3,1
797maize_train_streak virus.JPG,1,1,1
AUG_6a1b99e4.jpg,1,0,0
leaf spot1088_.jpg,1,3,1
AUG_b87c41d5.jpg,1,0,0
leaf spot1223_.jpg,1,3,1
leaf blight364_.jpg,1,2,1
leaf spot720_.jpg,1,3,1
leaf spot986_.jpg,1,3,1
leaf spot652_.jpg,1,3,1
5maize_train_leaf blight.JPG,1,2,1
leaf blight447_.jpg,1,2,1
leaf blight775_.jpg,1,2,1
AUG_0778da38.jpg,1,0,0
AUG_2bd014f9.jpg,1,0,0
373maize_valid_streak virus.JPG,1,1,1
AUG_2c9f62c1.jpg,1,0,0
leaf spot584_.jpg,1,3,1
923maize_valid_leaf blight.JPG,1,2,1
leaf spot247_.jpg,1,3,1
744maize_train_streak virus.JPG,1,1,1
healthy113_.jpg,1,0,0
leaf spot611_.jpg,1,3,1
leaf spot1181_.jpg,1,3,1
139maize_valid_streak virus.JPG,1,1,1
leaf spot524_.jpg,1,3,1
leaf spot788_.jpg,1,3,1
leaf spot458_.jpg,1,3,1
streak virus988_.jpg,1,1,1
healthy114_.jpg,1,0,0
103maize_train_leaf blight.JPG,1,2,1
1900maize_train_leaf spot.JPG,1,3,1
AUG_f31c0f6a.jpg,1,0,0
652maize_train_leaf blight.JPG,1,2,1
401maize_valid_leaf spot.JPG,1,3,1
leaf spot506_.jpg,1,3,1
186maize_train_healthy.JPG,1,0,0
leaf blight337_.jpg,1,2,1
streak virus542_.jpg,1,1,1
leaf spot1065_.jpg,1,3,1
1926maize_train_leaf spot.JPG,1,3,1
healthy208_.jpg,1,0,0
streak virus722_.jpg,1,1,1
leaf spot61_.jpg,1,3,1
AUG_625a844c.jpg,1,0,0
789maize_valid_streak virus.JPG,1,1,1
leaf blight296_.jpg,1,2,1
AUG_798a10dc.jpg,1,0,0
453maize_valid_leaf spot.JPG,1,3,1
streak virus572_.jpg,1,1,1
leaf blight989_.jpg,1,2,1
982maize_valid_streak virus.JPG,1,1,1
AUG_fbed440c.jpg,1,0,0
leaf blight556_.jpg,1,2,1
AUG_981e9719.jpg,1,0,0
AUG_e44aef2d.jpg,1,0,0
leaf blight580_.jpg,1,2,1
leaf spot682_.jpg,1,3,1
171maize_train_leaf blight.JPG,1,2,1
leaf blight811_.jpg,1,2,1
1886maize_train_leaf spot.JPG,1,3,1
191maize_train_leaf blight.JPG,1,2,1
565maize_train_streak virus.JPG,1,1,1
68maize_train_healthy.JPG,1,0,0
AUG_aa0b70a8.jpg,1,0,0
leaf spot510_.jpg,1,3,1
leaf spot843_.jpg,1,3,1
120maize_train_healthy.JPG,1,0,0
leaf blight183_.jpg,1,2,1
leaf blight40_.jpg,1,2,1
50maize_valid_leaf spot.JPG,1,3,1
559maize_valid_streak virus.JPG,1,1,1
AUG_2b33b658.jpg,1,0,0
streak virus1004_.jpg,1,1,1
leaf spot336_.jpg,1,3,1
leaf blight289_.jpg,1,2,1
692maize_valid_leaf spot.JPG,1,3,1
692maize_valid_leaf blight.JPG,1,2,1
leaf spot895_.jpg,1,3,1
872maize_valid_streak virus.JPG,1,1,1
leaf spot647_.jpg,1,3,1
AUG_bbed5283.jpg,1,0,0
leaf spot536_.jpg,1,3,1
leaf blight475_.jpg,1,2,1
865maize_valid_streak virus.JPG,1,1,1
AUG_0bce51bf.jpg,1,0,0
AUG_0c966b6e.jpg,1,0,0
leaf blight952_.jpg,1,2,1
91maize_valid_leaf blight.JPG,1,2,1
streak virus578_.jpg,1,1,1
leaf blight822_.jpg,1,2,1
24maize_valid_leaf blight.JPG,1,2,1
leaf blight998_.jpg,1,2,1
AUG_004a0f99.jpg,1,0,0
AUG_55c87a86.jpg,1,0,0
948maize_train_leaf blight.JPG,1,2,1
701maize_valid_leaf blight.JPG,1,2,1
297maize_valid_leaf blight.JPG,1,2,1
leaf blight124_.jpg,1,2,1
573maize_valid_streak virus.JPG,1,1,1
925maize_train_leaf blight.JPG,1,2,1
159maize_valid_leaf blight.JPG,1,2,1
leaf spot596_.jpg,1,3,1
2174maize_train_leaf blight.JPG,1,2,1
streak virus305_.jpg,1,1,1
leaf blight706_.jpg,1,2,1
leaf blight154_.jpg,1,2,1
731maize_train_streak virus.JPG,1,1,1
709maize_valid_streak virus.JPG,1,1,1
leaf blight480_.jpg,1,2,1
leaf blight779_.jpg,1,2,1
AUG_2c69e224.jpg,1,0,0
leaf spot1197_.jpg,1,3,1
671maize_valid_streak virus.JPG,1,1,1
leaf spot1258_.jpg,1,3,1
69maize_train_streak virus.JPG,1,1,1
leaf blight462_.jpg,1,2,1
2301maize_train_leaf blight.JPG,1,2,1
798maize_valid_streak virus.JPG,1,1,1
AUG_5b6e3354.jpg,1,0,0
2222maize_train_leaf blight.JPG,1,2,1
292maize_valid_leaf blight.JPG,1,2,1
leaf spot385_.jpg,1,3,1
AUG_23f1402a.jpg,1,0,0
190maize_train_leaf blight.JPG,1,2,1
leaf blight456_.jpg,1,2,1
healthy129_.jpg,1,0,0
AUG_afc34539.jpg,1,0,0
AUG_d5a3dec0.jpg,1,0,0
AUG_6d4df8fa.jpg,1,0,0
leaf spot311_.jpg,1,3,1
AUG_681e81b9.jpg,1,0,0
607maize_valid_streak virus.JPG,1,1,1
1924maize_train_leaf spot.JPG,1,3,1
streak virus923_.jpg,1,1,1
953maize_train_leaf blight.JPG,1,2,1
leaf spot1114_.jpg,1,3,1
healthy77_.jpg,1,0,0
leaf spot1164_.jpg,1,3,1
AUG_8a5b4eb7.jpg,1,0,0
leaf blight921_.jpg,1,2,1
AUG_c6c952d2.jpg,1,0,0
streak virus140_.jpg,1,1,1
AUG_26d074df.jpg,1,0,0
healthy10_.jpg,1,0,0
AUG_2ba10ff0.jpg,1,0,0
leaf blight388_.jpg,1,2,1
healthy25_.jpg,1,0,0
1887maize_train_leaf spot.JPG,1,3,1
healthy148_.jpg,1,0,0
AUG_9124423d.jpg,1,0,0
2209maize_train_leaf blight.JPG,1,2,1
604maize_valid_streak virus.JPG,1,1,1
710maize_valid_streak virus.JPG,1,1,1
AUG_1d267691.jpg,1,0,0
2077maize_train_leaf blight.JPG,1,2,1
healthy58_.jpg,1,0,0
streak virus989_.jpg,1,1,1
streak virus84_.jpg,1,1,1
leaf spot549_.jpg,1,3,1
259maize_train_healthy.JPG,1,0,0
182maize_train_healthy.JPG,1,0,0
AUG_c3561c6d.jpg,1,0,0
streak virus144_.jpg,1,1,1
healthy80_.jpg,1,0,0
streak virus4_.jpg,1,1,1
103maize_valid_leaf blight.JPG,1,2,1
711maize_valid_leaf spot.JPG,1,3,1
297maize_train_streak virus.JPG,1,1,1
leaf spot696_.jpg,1,3,1
182maize_train_leaf blight.JPG,1,2,1
leaf blight895_.jpg,1,2,1
214maize_train_healthy.JPG,1,0,0
streak virus775_.jpg,1,1,1
streak virus406_.jpg,1,1,1
leaf spot801_.jpg,1,3,1
AUG_159b8e28.jpg,1,0,0
AUG_0b14fbb4.jpg,1,0,0
706maize_train_streak virus.JPG,1,1,1
AUG_ec3904c4.jpg,1,0,0
823maize_valid_streak virus.JPG,1,1,1
785maize_train_streak virus.JPG,1,1,1
streak virus816_.jpg,1,1,1
AUG_10370b9d.jpg,1,0,0
leaf blight243_.jpg,1,2,1
944maize_valid_leaf blight.JPG,1,2,1
860maize_valid_streak virus.JPG,1,1,1
174maize_valid_leaf blight.JPG,1,2,1
leaf blight316_.jpg,1,2,1
leaf spot110_.jpg,1,3,1
leaf spot904_.jpg,1,3,1
leaf blight542_.jpg,1,2,1
AUG_78aa4998.jpg,1,0,0
449maize_valid_leaf spot.JPG,1,3,1
AUG_05fe26f6.jpg,1,0,0
2306maize_train_leaf blight.JPG,1,2,1
AUG_994a3992.jpg,1,0,0
AUG_27ae2ef2.jpg,1,0,0
streak virus717_.jpg,1,1,1
leaf blight638_.jpg,1,2,1
leaf blight702_.jpg,1,2,1
leaf spot762_.jpg,1,3,1
220maize_train_healthy.JPG,1,0,0
193maize_train_leaf blight.JPG,1,2,1
healthy29_.jpg,1,0,0
410maize_valid_leaf spot.JPG,1,3,1
AUG_8167fd66.jpg,1,0,0
leaf spot1014_.jpg,1,3,1
leaf blight343_.jpg,1,2,1
AUG_f7fddc4d.jpg,1,0,0
streak virus760_.jpg,1,1,1
leaf blight1009_.jpg,1,2,1
1013maize_train_leaf spot.JPG,1,3,1
402maize_valid_leaf blight.JPG,1,2,1
729maize_train_streak virus.JPG,1,1,1
AUG_f0d511e3.jpg,1,0,0
457maize_valid_leaf spot.JPG,1,3,1
leaf blight645_.jpg,1,2,1
1026maize_valid_leaf spot.JPG,1,3,1
AUG_4ee0b4ab.jpg,1,0,0
411maize_valid_leaf blight.JPG,1,2,1
AUG_c1fb9fa2.jpg,1,0,0
209maize_valid_streak virus.JPG,1,1,1
leaf blight15_.jpg,1,2,1
leaf spot1123_.jpg,1,3,1
501maize_train_streak virus.JPG,1,1,1
697maize_valid_leaf spot.JPG,1,3,1
leaf blight925_.jpg,1,2,1
AUG_70de3078.jpg,1,0,0
leaf blight129_.jpg,1,2,1
leaf spot633_.jpg,1,3,1
338maize_valid_leaf spot.JPG,1,3,1
streak virus851_.jpg,1,1,1
leaf spot1072_.jpg,1,3,1
healthy74_.jpg,1,0,0
1878maize_train_leaf spot.JPG,1,3,1
45maize_train_healthy.JPG,1,0,0
426maize_valid_leaf blight.JPG,1,2,1
AUG_e33e8d17.jpg,1,0,0
streak virus544_.jpg,1,1,1
761maize_train_streak virus.JPG,1,1,1
106maize_valid_leaf blight.JPG,1,2,1
leaf spot203_.jpg,1,3,1
1146maize_valid_leaf spot.JPG,1,3,1
AUG_5760cee8.jpg,1,0,0
943maize_train_leaf blight.JPG,1,2,1
AUG_eddc8c27.jpg,1,0,0
leaf blight414_.jpg,1,2,1
820maize_valid_streak virus.JPG,1,1,1
AUG_f39c6007.jpg,1,0,0
203maize_train_streak virus.JPG,1,1,1
672maize_valid_leaf spot.JPG,1,3,1
0maize_valid_leaf blight.JPG,1,2,1
leaf blight457_.jpg,1,2,1
377maize_valid_leaf blight.JPG,1,2,1
AUG_3b01a9e0.jpg,1,0,0
720maize_valid_streak virus.JPG,1,1,1
1019maize_train_leaf spot.JPG,1,3,1
streak virus44_.jpg,1,1,1
leaf spot381_.jpg,1,3,1
streak virus844_.jpg,1,1,1
streak virus520_.jpg,1,1,1
856maize_valid_leaf blight.JPG,1,2,1
streak virus368_.jpg,1,1,1
798maize_train_streak virus.JPG,1,1,1
leaf blight228_.jpg,1,2,1
358maize_valid_leaf blight.JPG,1,2,1
363maize_valid_leaf blight.JPG,1,2,1
778maize_valid_leaf blight.JPG,1,2,1
streak virus317_.jpg,1,1,1
191maize_valid_leaf spot.JPG,1,3,1
AUG_0f6c1791.jpg,1,0,0
streak virus178_.jpg,1,1,1
675maize_train_leaf blight.JPG,1,2,1
healthy172_.jpg,1,0,0
852maize_valid_streak virus.JPG,1,1,1
leaf blight327_.jpg,1,2,1
leaf spot349_.jpg,1,3,1
leaf spot416_.jpg,1,3,1
AUG_ce1a0649.jpg,1,0,0
leaf blight222_.jpg,1,2,1
healthy69_.jpg,1,0,0
AUG_1c31f6aa.jpg,1,0,0
leaf blight356_.jpg,1,2,1
leaf spot1138_.jpg,1,3,1
leaf spot945_.jpg,1,3,1
leaf spot1190_.jpg,1,3,1
2204maize_train_leaf blight.JPG,1,2,1
leaf spot354_.jpg,1,3,1
leaf blight496_.jpg,1,2,1
832maize_valid_leaf blight.JPG,1,2,1
leaf spot1116_.jpg,1,3,1
leaf blight692_.jpg,1,2,1
400maize_valid_leaf blight.JPG,1,2,1
177maize_valid_leaf blight.JPG,1,2,1
73maize_train_healthy.JPG,1,0,0
691maize_valid_leaf blight.JPG,1,2,1
streak virus529_.jpg,1,1,1
streak virus866_.jpg,1,1,1
2092maize_train_leaf blight.JPG,1,2,1
streak virus394_.jpg,1,1,1
leaf spot89_.jpg,1,3,1
leaf spot503_.jpg,1,3,1
19maize_train_leaf blight.JPG,1,2,1
AUG_87332c99.jpg,1,0,0
AUG_5d74a582.jpg,1,0,0
leaf blight315_.jpg,1,2,1
leaf spot423_.jpg,1,3,1
712maize_valid_leaf spot.JPG,1,3,1
1063maize_valid_leaf spot.JPG,1,3,1
AUG_ab9c99de.jpg,1,0,0
leaf blight468_.jpg,1,2,1
196maize_train_leaf blight.JPG,1,2,1
94maize_valid_streak virus.JPG,1,1,1
leaf spot706_.jpg,1,3,1
healthy68_.jpg,1,0,0
709maize_train_streak virus.JPG,1,1,1
434maize_valid_leaf blight.JPG,1,2,1
streak virus170_.jpg,1,1,1
AUG_376c3c4b.jpg,1,0,0
AUG_3c200cd9.jpg,1,0,0
leaf blight87_.jpg,1,2,1
241maize_train_healthy.JPG,1,0,0
AUG_e47a2ba0.jpg,1,0,0
leaf blight559_.jpg,1,2,1
leaf blight169_.jpg,1,2,1
streak virus341_.jpg,1,1,1
streak virus150_.jpg,1,1,1
AUG_0e0421d0.jpg,1,0,0
790maize_valid_streak virus.JPG,1,1,1
leaf spot795_.jpg,1,3,1
AUG_4d6802d4.jpg,1,0,0
2086maize_train_leaf blight.JPG,1,2,1
248maize_train_healthy.JPG,1,0,0
1037maize_train_leaf spot.JPG,1,3,1
AUG_ec403e4f.jpg,1,0,0
AUG_7b1f00c7.jpg,1,0,0
leaf blight980_.jpg,1,2,1
streak virus710_.jpg,1,1,1
517maize_train_streak virus.JPG,1,1,1
leaf blight103_.jpg,1,2,1
leaf spot1031_.jpg,1,3,1
301maize_train_streak virus.JPG,1,1,1
leaf blight624_.jpg,1,2,1
leaf spot435_.jpg,1,3,1
313maize_train_leaf blight.JPG,1,2,1
leaf spot823_.jpg,1,3,1
streak virus809_.jpg,1,1,1
streak virus228_.jpg,1,1,1
AUG_97e91f04.jpg,1,0,0
leaf blight904_.jpg,1,2,1
173maize_valid_streak virus.JPG,1,1,1
645maize_valid_leaf spot.JPG,1,3,1
AUG_e5fdcd72.jpg,1,0,0
leaf spot917_.jpg,1,3,1
1933maize_train_leaf spot.JPG,1,3,1
leaf blight608_.jpg,1,2,1
leaf blight759_.jpg,1,2,1
leaf spot344_.jpg,1,3,1
streak virus716_.jpg,1,1,1
leaf spot1061_.jpg,1,3,1
leaf blight334_.jpg,1,2,1
leaf spot587_.jpg,1,3,1
162maize_train_healthy.JPG,1,0,0
2206maize_train_leaf blight.JPG,1,2,1
leaf spot133_.jpg,1,3,1
732maize_train_streak virus.JPG,1,1,1
AUG_2ecbd0f7.jpg,1,0,0
streak virus703_.jpg,1,1,1
streak virus646_.jpg,1,1,1
leaf spot571_.jpg,1,3,1
leaf spot529_.jpg,1,3,1
AUG_66e17c55.jpg,1,0,0
AUG_862335c3.jpg,1,0,0
leaf spot1105_.jpg,1,3,1
2095maize_train_leaf blight.JPG,1,2,1
146maize_train_healthy.JPG,1,0,0
leaf spot570_.jpg,1,3,1
leaf spot612_.jpg,1,3,1
3maize_valid_streak virus.JPG,1,1,1
leaf spot1082_.jpg,1,3,1
92maize_train_healthy.JPG,1,0,0
leaf spot1239_.jpg,1,3,1
leaf blight700_.jpg,1,2,1
leaf blight435_.jpg,1,2,1
285maize_valid_leaf blight.JPG,1,2,1
leaf blight314_.jpg,1,2,1
leaf blight179_.jpg,1,2,1
176maize_train_streak virus.JPG,1,1,1
482maize_valid_streak virus.JPG,1,1,1
1151maize_valid_leaf spot.JPG,1,3,1
AUG_25ad895b.jpg,1,0,0
688maize_train_streak virus.JPG,1,1,1
leaf blight796_.jpg,1,2,1
leaf blight492_.jpg,1,2,1
379maize_valid_streak virus.JPG,1,1,1
141maize_valid_leaf blight.JPG,1,2,1
leaf spot193_.jpg,1,3,1
2079maize_train_leaf blight.JPG,1,2,1
AUG_bfdaba8c.jpg,1,0,0
2071maize_train_leaf blight.JPG,1,2,1
503maize_train_streak virus.JPG,1,1,1
leaf spot1112_.jpg,1,3,1
leaf blight341_.jpg,1,2,1
327maize_train_streak virus.JPG,1,1,1
leaf spot1137_.jpg,1,3,1
AUG_05048827.jpg,1,0,0
streak virus796_.jpg,1,1,1
leaf blight153_.jpg,1,2,1
leaf spot190_.jpg,1,3,1
AUG_5ef80486.jpg,1,0,0
AUG_42300a3d.jpg,1,0,0
leaf blight248_.jpg,1,2,1
AUG_2dd0e9bc.jpg,1,0,0
healthy55_.jpg,1,0,0
657maize_valid_streak virus.JPG,1,1,1
leaf spot815_.jpg,1,3,1
1247maize_valid_leaf spot.JPG,1,3,1
leaf blight166_.jpg,1,2,1
AUG_172077ca.jpg,1,0,0
streak virus881_.jpg,1,1,1
leaf blight438_.jpg,1,2,1
2098maize_train_leaf blight.JPG,1,2,1
AUG_1519ead0.jpg,1,0,0
AUG_edb4c0d9.jpg,1,0,0
leaf blight601_.jpg,1,2,1
730maize_train_streak virus.JPG,1,1,1
201maize_valid_leaf blight.JPG,1,2,1
792maize_train_streak virus.JPG,1,1,1
21maize_train_healthy.JPG,1,0,0
456maize_valid_leaf blight.JPG,1,2,1
27maize_train_healthy.JPG,1,0,0
healthy167_.jpg,1,0,0
leaf blight126_.jpg,1,2,1
179maize_train_healthy.JPG,1,0,0
leaf blight363_.jpg,1,2,1
AUG_002394c9.jpg,1,0,0
280maize_valid_streak virus.JPG,1,1,1
203maize_valid_leaf blight.JPG,1,2,1
696maize_valid_leaf spot.JPG,1,3,1
leaf blight966_.jpg,1,2,1
AUG_49893581.jpg,1,0,0
leaf spot379_.jpg,1,3,1
leaf spot1195_.jpg,1,3,1
AUG_490f22fe.jpg,1,0,0
leaf spot429_.jpg,1,3,1
2037maize_train_leaf spot.JPG,1,3,1
leaf blight851_.jpg,1,2,1
streak virus571_.jpg,1,1,1
AUG_57c2f17c.jpg,1,0,0
AUG_9f231ea0.jpg,1,0,0
499maize_valid_streak virus.JPG,1,1,1
AUG_3759a00e.jpg,1,0,0
AUG_32cb9c59.jpg,1,0,0
streak virus372_.jpg,1,1,1
leaf blight725_.jpg,1,2,1
390maize_valid_leaf spot.JPG,1,3,1
streak virus359_.jpg,1,1,1
leaf blight685_.jpg,1,2,1
781maize_train_streak virus.JPG,1,1,1
